SampleNumber	Tile	NumberOfReadsRaw	NumberOfReadsPF
0	1101	120453	102232
1	1101	1818	1778
2	1101	2143	2090
3	1101	1725	1692
4	1101	1743	1703
5	1101	1349	1312
6	1101	48	45
7	1101	1810	1775
8	1101	1671	1622
9	1101	1570	1541
10	1101	2049	1984
11	1101	829	816
12	1101	1250	1211
13	1101	1451	1409
14	1101	12	10
15	1101	1762	1734
16	1101	15	11
17	1101	1605	1565
18	1101	12	10
19	1101	1663	1639
20	1101	18	15
21	1101	13	12
22	1101	7	7
23	1101	1517	1490
24	1101	15	14
25	1101	1481	1448
26	1101	1077	1041
27	1101	1470	1440
28	1101	1557	1508
29	1101	1342	1296
30	1101	1401	1367
31	1101	10	10
32	1101	2035	1985
33	1101	947	924
34	1101	1546	1486
35	1101	1727	1689
36	1101	851	827
37	1101	1472	1435
38	1101	1643	1604
39	1101	1787	1739
40	1101	16	13
41	1101	1379	1344
42	1101	18	16
43	1101	1123	1104
44	1101	1395	1353
45	1101	1257	1221
46	1101	1662	1609
47	1101	1718	1675
48	1101	1265	1229
49	1101	1404	1360
50	1101	767	737
51	1101	1363	1320
52	1101	1188	1149
53	1101	1365	1321
54	1101	1714	1664
55	1101	1631	1589
56	1101	1298	1235
57	1101	1334	1294
58	1101	1704	1660
59	1101	1809	1772
60	1101	819	800
61	1101	1440	1403
62	1101	1782	1737
63	1101	1635	1595
64	1101	14	11
65	1101	2842	2754
66	1101	1573	1529
67	1101	1824	1793
68	1101	1519	1477
69	1101	7	4
70	1101	1501	1473
71	1101	1404	1365
72	1101	1340	1290
73	1101	910	883
74	1101	1357	1327
75	1101	1568	1534
76	1101	1701	1657
77	1101	12	12
78	1101	2	1
79	1101	12	10
80	1101	5	3
81	1101	1408	1375
82	1101	5	4
83	1101	7	6
84	1101	1499	1468
85	1101	1593	1562
86	1101	1109	1081
87	1101	2	1
88	1101	2	1
89	1101	2	1
90	1101	12	12
91	1101	2	2
92	1101	5	5
93	1101	34	29
94	1101	1937	1901
95	1101	2303	2237
96	1101	2054	1956
97	1101	2845	2789
98	1101	568	547
99	1101	975	950
100	1101	2314	2268
101	1101	2926	2852
102	1101	2770	2661
103	1101	3376	3302
104	1101	3070	2980
105	1101	655	647
106	1101	3614	3531
107	1101	3097	3041
108	1101	2889	2848
109	1101	2805	2743
110	1101	251	247
111	1101	3111	3034
112	1101	3383	3320
113	1101	2759	2713
114	1101	3071	3008
115	1101	247	233
116	1101	3047	3007
117	1101	3173	3106
118	1101	2530	2468
119	1101	1660	1614
120	1101	45	45
121	1101	43	42
122	1101	1401	1384
123	1101	648	634
124	1101	869	855
125	1101	1376	1353
126	1101	2717	2655
127	1101	191	188
128	1101	3378	3300
129	1101	3501	3429
130	1101	2797	2746
131	1101	2852	2803
132	1101	2188	2136
133	1101	2540	2488
134	1101	1723	1675
135	1101	581	562
136	1101	3401	3345
137	1101	3310	3259
138	1101	512	506
139	1101	2634	2578
140	1101	3614	3553
141	1101	3587	3533
142	1101	2529	2486
143	1101	2789	2733
144	1101	3720	3641
145	1101	6	6
146	1101	782	763
147	1101	3029	2954
148	1101	2563	2511
149	1101	2932	2867
150	1101	1902	1862
151	1101	230	226
152	1101	2942	2873
153	1101	4009	3932
154	1101	4495	4391
155	1101	3632	3581
156	1101	126	118
157	1101	2351	2312
158	1101	2066	2024
159	1101	2973	2908
160	1101	2670	2618
161	1101	362	357
162	1101	2766	2726
163	1101	3537	3486
164	1101	2848	2788
165	1101	3278	3177
166	1101	533	523
167	1101	2892	2811
168	1101	3828	3732
169	1101	3491	3411
170	1101	3382	3310
171	1101	277	274
172	1101	3140	3092
173	1101	2716	2666
174	1101	2210	2157
175	1101	2744	2673
176	1101	3335	3277
177	1101	3088	3020
178	1101	2717	2652
179	1101	4809	4667
180	1101	4503	4433
181	1101	3999	3902
182	1101	63	53
183	1101	2526	2462
184	1101	2209	2166
185	1101	2910	2839
186	1101	252	246
187	1101	4007	3931
188	1101	14	12
189	1101	2388	2306
190	1101	2116	2057
191	1101	1856	1798
192	1101	64	64
193	1101	10	9
194	1101	106	103
195	1101	30	30
196	1101	12	11
197	1101	670	652
198	1101	1573	1545
199	1101	8	8
200	1101	4	4
201	1101	55	53
202	1101	9	9
203	1101	61	59
204	1101	1458	1427
205	1101	1893	1852
206	1101	1873	1827
207	1101	1555	1518
208	1101	1330	1305
209	1101	8	8
210	1101	1929	1890
211	1101	1005	983
212	1101	1895	1860
213	1101	2320	2258
214	1101	2050	2004
0	1102	116402	98903
1	1102	1830	1775
2	1102	2143	2083
3	1102	1730	1683
4	1102	1742	1690
5	1102	1425	1389
6	1102	40	37
7	1102	1806	1752
8	1102	1706	1654
9	1102	1576	1536
10	1102	2086	2028
11	1102	832	817
12	1102	1279	1237
13	1102	1462	1424
14	1102	12	9
15	1102	1697	1642
16	1102	10	4
17	1102	1545	1502
18	1102	14	13
19	1102	1696	1646
20	1102	12	12
21	1102	10	10
22	1102	10	9
23	1102	1554	1516
24	1102	9	5
25	1102	1475	1434
26	1102	1125	1097
27	1102	1470	1431
28	1102	1571	1531
29	1102	1363	1326
30	1102	1429	1386
31	1102	16	15
32	1102	2055	1982
33	1102	990	956
34	1102	1405	1363
35	1102	1751	1703
36	1102	929	899
37	1102	1478	1434
38	1102	1543	1503
39	1102	1742	1694
40	1102	19	15
41	1102	1399	1350
42	1102	14	11
43	1102	1168	1147
44	1102	1389	1336
45	1102	1273	1245
46	1102	1682	1642
47	1102	1775	1719
48	1102	1260	1215
49	1102	1423	1379
50	1102	659	637
51	1102	1371	1333
52	1102	1167	1130
53	1102	1396	1349
54	1102	1678	1623
55	1102	1698	1659
56	1102	1261	1216
57	1102	1313	1275
58	1102	1777	1721
59	1102	1763	1731
60	1102	818	794
61	1102	1510	1476
62	1102	1764	1710
63	1102	1682	1625
64	1102	8	8
65	1102	2778	2689
66	1102	1632	1599
67	1102	1752	1709
68	1102	1465	1422
69	1102	12	12
70	1102	1460	1425
71	1102	1321	1297
72	1102	1443	1389
73	1102	906	884
74	1102	1358	1317
75	1102	1620	1572
76	1102	1730	1684
77	1102	12	11
78	1102	1	1
79	1102	7	7
80	1102	14	9
81	1102	1323	1287
82	1102	8	8
83	1102	10	10
84	1102	1421	1372
85	1102	1697	1643
86	1102	1133	1102
88	1102	2	2
89	1102	8	8
90	1102	5	5
91	1102	1	1
92	1102	13	10
93	1102	23	14
94	1102	1979	1932
95	1102	2197	2137
96	1102	1983	1880
97	1102	2860	2790
98	1102	507	489
99	1102	925	904
100	1102	2327	2276
101	1102	2934	2843
102	1102	2886	2768
103	1102	3340	3270
104	1102	3094	3001
105	1102	613	598
106	1102	3634	3528
107	1102	3216	3147
108	1102	2916	2860
109	1102	2806	2736
110	1102	268	265
111	1102	3183	3115
112	1102	3458	3367
113	1102	2851	2789
114	1102	3072	3002
115	1102	275	258
116	1102	3129	3045
117	1102	3167	3108
118	1102	2640	2575
119	1102	1658	1614
120	1102	39	38
121	1102	44	42
122	1102	1401	1373
123	1102	613	590
124	1102	863	852
125	1102	1340	1314
126	1102	2581	2528
127	1102	222	215
128	1102	3385	3310
129	1102	3452	3378
130	1102	2736	2666
131	1102	2817	2742
132	1102	2236	2190
133	1102	2514	2457
134	1102	1667	1609
135	1102	579	568
136	1102	3283	3209
137	1102	3296	3230
138	1102	474	466
139	1102	2616	2561
140	1102	3408	3338
141	1102	3614	3536
142	1102	2561	2508
143	1102	2876	2799
144	1102	3558	3476
145	1102	8	8
146	1102	812	790
147	1102	2984	2917
148	1102	2679	2611
149	1102	2824	2768
150	1102	1940	1883
151	1102	303	299
152	1102	2866	2798
153	1102	3846	3749
154	1102	4413	4323
155	1102	3482	3405
156	1102	137	134
157	1102	2191	2139
158	1102	2045	1990
159	1102	2820	2771
160	1102	2490	2439
161	1102	348	335
162	1102	2664	2608
163	1102	3628	3534
164	1102	2917	2854
165	1102	3240	3149
166	1102	508	491
167	1102	2877	2778
168	1102	3900	3817
169	1102	3511	3437
170	1102	3506	3418
171	1102	286	281
172	1102	3210	3143
173	1102	2606	2543
174	1102	2304	2242
175	1102	2708	2627
176	1102	3336	3232
177	1102	3256	3187
178	1102	2704	2628
179	1102	4722	4596
180	1102	4567	4460
181	1102	3997	3917
182	1102	65	52
183	1102	2491	2407
184	1102	2058	2005
185	1102	3027	2958
186	1102	246	237
187	1102	3831	3733
188	1102	17	14
189	1102	2270	2213
190	1102	2257	2182
191	1102	1870	1809
192	1102	67	65
193	1102	13	12
194	1102	97	96
195	1102	24	23
196	1102	6	6
197	1102	622	608
198	1102	1495	1450
199	1102	9	9
200	1102	2	2
201	1102	56	55
202	1102	10	8
203	1102	75	73
204	1102	1477	1443
205	1102	1932	1896
206	1102	1945	1890
207	1102	1637	1598
208	1102	1289	1245
209	1102	7	7
210	1102	1839	1795
211	1102	1002	979
212	1102	1843	1802
213	1102	2307	2253
214	1102	2025	1971
0	1103	119012	98542
1	1103	1858	1807
2	1103	2104	2042
3	1103	1855	1803
4	1103	1800	1741
5	1103	1416	1370
6	1103	35	33
7	1103	1867	1830
8	1103	1674	1620
9	1103	1701	1652
10	1103	2183	2130
11	1103	898	876
12	1103	1411	1371
13	1103	1494	1448
14	1103	10	9
15	1103	1710	1666
16	1103	6	5
17	1103	1610	1577
18	1103	10	9
19	1103	1719	1684
20	1103	16	15
21	1103	14	11
22	1103	16	14
23	1103	1606	1572
24	1103	10	9
25	1103	1537	1498
26	1103	1127	1092
27	1103	1451	1410
28	1103	1569	1523
29	1103	1318	1285
30	1103	1391	1352
31	1103	12	10
32	1103	1992	1934
33	1103	937	905
34	1103	1539	1495
35	1103	1723	1676
36	1103	936	911
37	1103	1478	1442
38	1103	1573	1535
39	1103	1897	1841
40	1103	16	12
41	1103	1341	1309
42	1103	12	12
43	1103	1096	1075
44	1103	1461	1412
45	1103	1245	1223
46	1103	1707	1660
47	1103	1761	1713
48	1103	1293	1263
49	1103	1421	1367
50	1103	682	657
51	1103	1425	1395
52	1103	1147	1118
53	1103	1338	1295
54	1103	1695	1657
55	1103	1732	1698
56	1103	1249	1206
57	1103	1354	1328
58	1103	1767	1724
59	1103	1874	1832
60	1103	755	736
61	1103	1556	1520
62	1103	1864	1810
63	1103	1626	1585
64	1103	16	9
65	1103	2837	2745
66	1103	1706	1643
67	1103	1689	1662
68	1103	1506	1461
69	1103	8	7
70	1103	1461	1437
71	1103	1478	1437
72	1103	1407	1378
73	1103	891	860
74	1103	1418	1383
75	1103	1536	1489
76	1103	1787	1748
77	1103	4	3
78	1103	1	1
79	1103	11	9
80	1103	12	8
81	1103	1358	1314
82	1103	8	7
83	1103	13	11
84	1103	1482	1443
85	1103	1648	1603
86	1103	1165	1136
88	1103	2	2
89	1103	1	1
90	1103	13	10
92	1103	16	12
93	1103	24	16
94	1103	1930	1895
95	1103	2199	2144
96	1103	2081	1972
97	1103	2868	2810
98	1103	498	477
99	1103	939	914
100	1103	2344	2300
101	1103	2971	2888
102	1103	2908	2806
103	1103	3381	3287
104	1103	3174	3094
105	1103	647	636
106	1103	3623	3543
107	1103	3319	3263
108	1103	2925	2880
109	1103	2770	2704
110	1103	278	273
111	1103	3127	3038
112	1103	3568	3502
113	1103	2806	2755
114	1103	3258	3191
115	1103	273	250
116	1103	3029	2971
117	1103	3136	3079
118	1103	2650	2602
119	1103	1660	1606
120	1103	39	39
121	1103	56	54
122	1103	1392	1363
123	1103	651	637
124	1103	938	925
125	1103	1387	1358
126	1103	2641	2587
127	1103	198	197
128	1103	3502	3412
129	1103	3553	3493
130	1103	2741	2688
131	1103	2680	2628
132	1103	2200	2155
133	1103	2486	2431
134	1103	1690	1640
135	1103	606	591
136	1103	3341	3279
137	1103	3373	3306
138	1103	489	482
139	1103	2653	2589
140	1103	3630	3568
141	1103	3706	3636
142	1103	2612	2557
143	1103	2826	2742
144	1103	3650	3575
145	1103	18	17
146	1103	808	788
147	1103	3109	3038
148	1103	2690	2660
149	1103	2789	2742
150	1103	1937	1902
151	1103	269	263
152	1103	2957	2912
153	1103	3976	3896
154	1103	4629	4543
155	1103	3570	3521
156	1103	120	118
157	1103	2274	2243
158	1103	2047	2009
159	1103	2920	2859
160	1103	2586	2534
161	1103	315	307
162	1103	2847	2800
163	1103	3524	3466
164	1103	2857	2801
165	1103	3169	3063
166	1103	491	479
167	1103	2929	2847
168	1103	3927	3832
169	1103	3504	3435
170	1103	3476	3406
171	1103	273	269
172	1103	3145	3088
173	1103	2623	2573
174	1103	2324	2271
175	1103	2668	2573
176	1103	3337	3268
177	1103	3307	3237
178	1103	2659	2601
179	1103	4765	4624
180	1103	4668	4580
181	1103	3973	3883
182	1103	76	51
183	1103	2481	2419
184	1103	2199	2133
185	1103	3018	2958
186	1103	251	247
187	1103	4107	4006
188	1103	15	14
189	1103	2317	2259
190	1103	2128	2056
191	1103	1738	1686
192	1103	60	57
193	1103	9	9
194	1103	67	67
195	1103	18	17
196	1103	12	11
197	1103	622	608
198	1103	1510	1472
199	1103	7	7
200	1103	7	7
201	1103	56	56
202	1103	10	10
203	1103	48	47
204	1103	1390	1352
205	1103	1902	1846
206	1103	1974	1935
207	1103	1686	1654
208	1103	1303	1274
209	1103	6	6
210	1103	1716	1683
211	1103	1066	1047
212	1103	1912	1867
213	1103	2340	2279
214	1103	2131	2043
0	1104	119662	101214
1	1104	1863	1803
2	1104	2132	2074
3	1104	1743	1704
4	1104	1777	1732
5	1104	1391	1356
6	1104	32	32
7	1104	1852	1805
8	1104	1664	1618
9	1104	1702	1658
10	1104	2081	2019
11	1104	929	905
12	1104	1320	1291
13	1104	1462	1414
14	1104	10	10
15	1104	1672	1641
16	1104	10	8
17	1104	1511	1483
18	1104	15	14
19	1104	1698	1669
20	1104	15	13
21	1104	18	18
22	1104	11	8
23	1104	1471	1430
24	1104	13	11
25	1104	1554	1506
26	1104	1078	1044
27	1104	1442	1394
28	1104	1520	1486
29	1104	1237	1204
30	1104	1326	1306
31	1104	14	13
32	1104	2005	1932
33	1104	978	948
34	1104	1544	1509
35	1104	1703	1665
36	1104	943	921
37	1104	1464	1436
38	1104	1481	1446
39	1104	1836	1784
40	1104	29	24
41	1104	1414	1370
42	1104	16	12
43	1104	1122	1095
44	1104	1362	1324
45	1104	1213	1187
46	1104	1671	1629
47	1104	1775	1729
48	1104	1166	1127
49	1104	1365	1326
50	1104	726	710
51	1104	1387	1350
52	1104	1169	1143
53	1104	1320	1277
54	1104	1662	1618
55	1104	1616	1579
56	1104	1292	1244
57	1104	1258	1215
58	1104	1689	1654
59	1104	1746	1712
60	1104	777	762
61	1104	1449	1410
62	1104	1833	1791
63	1104	1604	1569
64	1104	14	10
65	1104	2662	2587
66	1104	1725	1676
67	1104	1694	1655
68	1104	1535	1480
69	1104	21	20
70	1104	1422	1382
71	1104	1448	1411
72	1104	1388	1355
73	1104	911	886
74	1104	1445	1407
75	1104	1599	1565
76	1104	1797	1758
77	1104	12	10
78	1104	3	3
79	1104	7	7
80	1104	9	8
81	1104	1248	1224
82	1104	6	4
83	1104	8	8
84	1104	1416	1376
85	1104	1607	1575
86	1104	1100	1072
87	1104	1	1
88	1104	1	1
89	1104	6	5
90	1104	13	11
92	1104	10	7
93	1104	33	23
94	1104	1978	1936
95	1104	2213	2150
96	1104	2204	2089
97	1104	2699	2654
98	1104	533	511
99	1104	961	942
100	1104	2376	2330
101	1104	2858	2786
102	1104	2773	2671
103	1104	3242	3193
104	1104	3280	3199
105	1104	619	602
106	1104	3710	3605
107	1104	3143	3071
108	1104	2875	2824
109	1104	2796	2735
110	1104	269	262
111	1104	3085	3034
112	1104	3536	3476
113	1104	2801	2745
114	1104	3141	3085
115	1104	241	216
116	1104	3127	3076
117	1104	3108	3050
118	1104	2567	2509
119	1104	1655	1612
120	1104	61	59
121	1104	50	50
122	1104	1421	1396
123	1104	642	627
124	1104	854	834
125	1104	1446	1416
126	1104	2663	2606
127	1104	170	168
128	1104	3434	3364
129	1104	3639	3572
130	1104	2737	2671
131	1104	2670	2625
132	1104	2258	2220
133	1104	2513	2460
134	1104	1692	1639
135	1104	627	613
136	1104	3220	3152
137	1104	3403	3347
138	1104	489	475
139	1104	2659	2609
140	1104	3501	3439
141	1104	3647	3583
142	1104	2579	2527
143	1104	2900	2849
144	1104	3600	3543
145	1104	11	11
146	1104	827	807
147	1104	2992	2938
148	1104	2602	2560
149	1104	2838	2788
150	1104	1936	1890
151	1104	224	221
152	1104	2884	2827
153	1104	3896	3822
154	1104	4369	4268
155	1104	3435	3363
156	1104	137	136
157	1104	2265	2230
158	1104	2114	2077
159	1104	2867	2809
160	1104	2559	2510
161	1104	328	324
162	1104	2849	2808
163	1104	3654	3579
164	1104	2927	2873
165	1104	3276	3174
166	1104	494	485
167	1104	2975	2894
168	1104	3906	3830
169	1104	3382	3318
170	1104	3429	3360
171	1104	284	281
172	1104	3244	3191
173	1104	2668	2610
174	1104	2267	2214
175	1104	2660	2594
176	1104	3338	3260
177	1104	3138	3072
178	1104	2813	2747
179	1104	4740	4609
180	1104	4527	4442
181	1104	4085	4000
182	1104	73	52
183	1104	2360	2286
184	1104	2175	2134
185	1104	2995	2932
186	1104	265	258
187	1104	3814	3721
188	1104	20	18
189	1104	2297	2244
190	1104	2210	2161
191	1104	1930	1874
192	1104	76	76
193	1104	7	7
194	1104	111	107
195	1104	24	24
196	1104	11	11
197	1104	681	662
198	1104	1540	1501
199	1104	14	14
200	1104	4	4
201	1104	69	67
202	1104	17	17
203	1104	46	46
204	1104	1413	1373
205	1104	1952	1914
206	1104	1902	1859
207	1104	1634	1586
208	1104	1252	1221
209	1104	8	7
210	1104	1743	1716
211	1104	1067	1047
212	1104	1690	1656
213	1104	2300	2226
214	1104	2092	2028
0	1105	121325	100865
1	1105	1823	1769
2	1105	2183	2119
3	1105	1891	1831
4	1105	1856	1786
5	1105	1522	1456
6	1105	32	30
7	1105	1850	1792
8	1105	1624	1557
9	1105	1622	1571
10	1105	2168	2111
11	1105	914	882
12	1105	1340	1310
13	1105	1601	1555
14	1105	7	6
15	1105	1712	1668
16	1105	23	19
17	1105	1599	1561
18	1105	14	14
19	1105	1656	1616
20	1105	14	11
21	1105	19	19
22	1105	11	11
23	1105	1625	1578
24	1105	11	10
25	1105	1452	1410
26	1105	1038	1001
27	1105	1519	1463
28	1105	1599	1563
29	1105	1313	1256
30	1105	1303	1270
31	1105	16	16
32	1105	1978	1909
33	1105	997	967
34	1105	1611	1556
35	1105	1740	1682
36	1105	976	942
37	1105	1453	1402
38	1105	1545	1495
39	1105	1882	1823
40	1105	15	12
41	1105	1344	1313
42	1105	13	11
43	1105	1125	1094
44	1105	1428	1369
45	1105	1246	1217
46	1105	1664	1596
47	1105	1752	1687
48	1105	1189	1153
49	1105	1419	1357
50	1105	725	701
51	1105	1473	1428
52	1105	1189	1155
53	1105	1274	1209
54	1105	1798	1743
55	1105	1624	1573
56	1105	1297	1242
57	1105	1348	1302
58	1105	1723	1662
59	1105	1825	1781
60	1105	808	790
61	1105	1460	1404
62	1105	1880	1809
63	1105	1635	1568
64	1105	16	13
65	1105	2771	2663
66	1105	1773	1729
67	1105	1717	1679
68	1105	1523	1474
69	1105	6	5
70	1105	1536	1490
71	1105	1461	1425
72	1105	1444	1391
73	1105	951	927
74	1105	1396	1351
75	1105	1684	1629
76	1105	1789	1733
77	1105	3	2
78	1105	3	3
79	1105	7	7
80	1105	8	7
81	1105	1340	1291
82	1105	8	4
83	1105	9	8
84	1105	1374	1329
85	1105	1711	1668
86	1105	1161	1127
87	1105	2	2
89	1105	2	2
90	1105	13	10
91	1105	2	2
92	1105	6	6
93	1105	27	18
94	1105	2030	1982
95	1105	2322	2252
96	1105	2157	2023
97	1105	2884	2794
98	1105	533	511
99	1105	910	883
100	1105	2357	2289
101	1105	2902	2809
102	1105	2987	2859
103	1105	3424	3328
104	1105	3113	3005
105	1105	630	607
106	1105	3619	3510
107	1105	3194	3099
108	1105	2786	2732
109	1105	2746	2673
110	1105	291	285
111	1105	3230	3142
112	1105	3587	3483
113	1105	2821	2752
114	1105	3197	3093
115	1105	245	228
116	1105	3120	3043
117	1105	3135	3049
118	1105	2611	2537
119	1105	1657	1620
120	1105	67	67
121	1105	48	48
122	1105	1478	1444
123	1105	647	630
124	1105	872	857
125	1105	1432	1401
126	1105	2666	2586
127	1105	174	171
128	1105	3486	3394
129	1105	3596	3504
130	1105	2811	2741
131	1105	2923	2835
132	1105	2276	2208
133	1105	2497	2436
134	1105	1684	1629
135	1105	592	579
136	1105	3370	3274
137	1105	3399	3327
138	1105	525	515
139	1105	2610	2530
140	1105	3714	3633
141	1105	3770	3679
142	1105	2572	2496
143	1105	3021	2950
144	1105	3633	3535
145	1105	12	12
146	1105	794	769
147	1105	3139	3069
148	1105	2486	2415
149	1105	2915	2842
150	1105	1933	1875
151	1105	261	257
152	1105	2943	2859
153	1105	4036	3947
154	1105	4528	4422
155	1105	3693	3598
156	1105	142	136
157	1105	2295	2248
158	1105	2087	2028
159	1105	2920	2814
160	1105	2580	2505
161	1105	345	334
162	1105	2766	2677
163	1105	3658	3568
164	1105	2851	2776
165	1105	3363	3249
166	1105	485	463
167	1105	2954	2864
168	1105	3881	3781
169	1105	3611	3519
170	1105	3486	3402
171	1105	270	260
172	1105	3259	3202
173	1105	2740	2669
174	1105	2336	2276
175	1105	2764	2688
176	1105	3447	3354
177	1105	3374	3302
178	1105	2737	2666
179	1105	4696	4536
180	1105	4686	4566
181	1105	4143	4023
182	1105	84	60
183	1105	2545	2458
184	1105	2099	2044
185	1105	3033	2962
186	1105	313	300
187	1105	4112	4018
188	1105	18	16
189	1105	2282	2176
190	1105	2168	2099
191	1105	1866	1795
192	1105	45	43
193	1105	6	6
194	1105	93	92
195	1105	25	25
196	1105	11	10
197	1105	638	613
198	1105	1593	1552
199	1105	12	12
200	1105	3	3
201	1105	60	56
202	1105	15	13
203	1105	54	53
204	1105	1426	1391
205	1105	1940	1891
206	1105	1954	1898
207	1105	1720	1667
208	1105	1297	1260
209	1105	8	8
210	1105	1961	1907
211	1105	1065	1030
212	1105	1853	1801
213	1105	2283	2214
214	1105	2083	2009
0	1106	121840	103069
1	1106	1925	1879
2	1106	2154	2104
3	1106	1794	1754
4	1106	1894	1849
5	1106	1455	1413
6	1106	47	42
7	1106	1869	1832
8	1106	1717	1680
9	1106	1611	1568
10	1106	2255	2203
11	1106	952	936
12	1106	1402	1377
13	1106	1484	1456
14	1106	7	6
15	1106	1746	1710
16	1106	15	11
17	1106	1587	1548
18	1106	13	13
19	1106	1676	1651
20	1106	18	16
21	1106	25	23
22	1106	10	10
23	1106	1515	1478
24	1106	11	11
25	1106	1475	1440
26	1106	1085	1054
27	1106	1476	1450
28	1106	1622	1588
29	1106	1174	1147
30	1106	1365	1333
31	1106	12	9
32	1106	2017	1968
33	1106	1044	1020
34	1106	1615	1567
35	1106	1733	1698
36	1106	953	929
37	1106	1576	1535
38	1106	1554	1505
39	1106	1815	1775
40	1106	17	15
41	1106	1362	1330
42	1106	10	9
43	1106	1162	1143
44	1106	1384	1336
45	1106	1305	1271
46	1106	1716	1662
47	1106	1781	1746
48	1106	1154	1119
49	1106	1363	1320
50	1106	737	721
51	1106	1386	1348
52	1106	1191	1155
53	1106	1336	1290
54	1106	1705	1672
55	1106	1657	1627
56	1106	1310	1259
57	1106	1321	1290
58	1106	1789	1741
59	1106	1821	1780
60	1106	846	833
61	1106	1506	1461
62	1106	1866	1817
63	1106	1609	1572
64	1106	13	13
65	1106	2775	2689
66	1106	1632	1591
67	1106	1823	1790
68	1106	1557	1513
69	1106	11	11
70	1106	1491	1462
71	1106	1368	1344
72	1106	1427	1384
73	1106	984	961
74	1106	1404	1367
75	1106	1631	1598
76	1106	1830	1792
77	1106	7	6
78	1106	1	1
79	1106	10	8
80	1106	8	8
81	1106	1290	1261
82	1106	5	4
83	1106	12	11
84	1106	1423	1389
85	1106	1676	1642
86	1106	1143	1107
87	1106	1	1
88	1106	1	0
89	1106	8	8
90	1106	6	5
91	1106	1	1
92	1106	4	4
93	1106	28	21
94	1106	2020	1981
95	1106	2274	2209
96	1106	2113	2023
97	1106	2986	2920
98	1106	572	543
99	1106	965	947
100	1106	2434	2370
101	1106	2970	2888
102	1106	2853	2731
103	1106	3358	3283
104	1106	3046	2962
105	1106	628	615
106	1106	3666	3572
107	1106	3305	3246
108	1106	2896	2844
109	1106	2869	2826
110	1106	274	271
111	1106	3186	3109
112	1106	3610	3546
113	1106	2810	2758
114	1106	3205	3149
115	1106	237	219
116	1106	3258	3190
117	1106	3226	3150
118	1106	2656	2595
119	1106	1702	1673
120	1106	58	57
121	1106	46	45
122	1106	1485	1459
123	1106	631	623
124	1106	993	976
125	1106	1455	1431
126	1106	2588	2530
127	1106	211	203
128	1106	3370	3318
129	1106	3544	3474
130	1106	2866	2808
131	1106	2742	2698
132	1106	2375	2330
133	1106	2550	2503
134	1106	1795	1753
135	1106	586	581
136	1106	3460	3400
137	1106	3464	3396
138	1106	500	493
139	1106	2754	2703
140	1106	3626	3561
141	1106	3702	3645
142	1106	2619	2549
143	1106	2895	2848
144	1106	3720	3635
145	1106	11	10
146	1106	880	861
147	1106	3031	2983
148	1106	2563	2529
149	1106	2813	2762
150	1106	1907	1874
151	1106	235	230
152	1106	2846	2792
153	1106	3952	3891
154	1106	4470	4387
155	1106	3572	3503
156	1106	140	137
157	1106	2300	2258
158	1106	2030	1996
159	1106	2949	2901
160	1106	2749	2682
161	1106	316	313
162	1106	2813	2756
163	1106	3688	3635
164	1106	2932	2876
165	1106	3254	3144
166	1106	554	541
167	1106	3002	2922
168	1106	3911	3819
169	1106	3587	3514
170	1106	3414	3346
171	1106	266	261
172	1106	3352	3293
173	1106	2667	2622
174	1106	2309	2263
175	1106	2717	2647
176	1106	3326	3269
177	1106	3338	3277
178	1106	2760	2695
179	1106	4727	4617
180	1106	4550	4474
181	1106	4060	3944
182	1106	70	56
183	1106	2470	2414
184	1106	2086	2056
185	1106	2985	2926
186	1106	252	245
187	1106	4013	3948
188	1106	10	9
189	1106	2330	2265
190	1106	2218	2157
191	1106	1928	1867
192	1106	68	65
193	1106	13	12
194	1106	86	84
195	1106	26	23
196	1106	6	6
197	1106	644	629
198	1106	1518	1489
199	1106	10	9
200	1106	4	4
201	1106	73	70
202	1106	13	13
203	1106	60	59
204	1106	1304	1273
205	1106	1921	1885
206	1106	1957	1918
207	1106	1663	1630
208	1106	1357	1321
209	1106	8	8
210	1106	1837	1798
211	1106	1079	1056
212	1106	1910	1867
213	1106	2248	2195
214	1106	2204	2156
0	1107	120838	102962
1	1107	1923	1880
2	1107	2049	1999
3	1107	1881	1846
4	1107	1818	1786
5	1107	1428	1393
6	1107	41	40
7	1107	1948	1913
8	1107	1703	1660
9	1107	1667	1640
10	1107	2160	2111
11	1107	849	835
12	1107	1349	1328
13	1107	1483	1449
14	1107	13	12
15	1107	1702	1671
16	1107	8	6
17	1107	1571	1535
18	1107	10	9
19	1107	1681	1661
20	1107	24	22
21	1107	23	23
22	1107	10	8
23	1107	1611	1574
24	1107	17	14
25	1107	1501	1463
26	1107	1098	1077
27	1107	1438	1405
28	1107	1579	1537
29	1107	1138	1099
30	1107	1351	1324
31	1107	18	16
32	1107	2057	1998
33	1107	992	958
34	1107	1516	1476
35	1107	1677	1644
36	1107	1017	986
37	1107	1487	1463
38	1107	1523	1485
39	1107	1811	1771
40	1107	24	21
41	1107	1379	1345
42	1107	8	5
43	1107	1201	1176
44	1107	1380	1343
45	1107	1168	1138
46	1107	1689	1650
47	1107	1738	1692
48	1107	1228	1194
49	1107	1470	1432
50	1107	683	665
51	1107	1367	1344
52	1107	1161	1132
53	1107	1300	1261
54	1107	1706	1677
55	1107	1620	1589
56	1107	1183	1148
57	1107	1312	1274
58	1107	1703	1670
59	1107	1770	1732
60	1107	829	809
61	1107	1433	1371
62	1107	1768	1722
63	1107	1633	1593
64	1107	11	8
65	1107	2788	2703
66	1107	1699	1663
67	1107	1723	1683
68	1107	1527	1491
69	1107	6	5
70	1107	1479	1447
71	1107	1373	1344
72	1107	1458	1412
73	1107	992	978
74	1107	1355	1324
75	1107	1518	1481
76	1107	1760	1727
77	1107	10	10
78	1107	2	2
79	1107	11	11
80	1107	12	9
81	1107	1378	1335
82	1107	6	6
83	1107	8	8
84	1107	1476	1444
85	1107	1675	1645
86	1107	1100	1083
87	1107	3	2
88	1107	1	1
89	1107	7	5
90	1107	11	10
92	1107	9	9
93	1107	26	21
94	1107	1889	1857
95	1107	2204	2144
96	1107	2046	1951
97	1107	2792	2743
98	1107	537	503
99	1107	977	968
100	1107	2446	2395
101	1107	2993	2912
102	1107	2817	2717
103	1107	3371	3313
104	1107	3115	3047
105	1107	676	669
106	1107	3699	3617
107	1107	3248	3205
108	1107	2882	2841
109	1107	2877	2825
110	1107	302	296
111	1107	3037	2987
112	1107	3540	3465
113	1107	2669	2611
114	1107	3158	3123
115	1107	237	222
116	1107	3174	3112
117	1107	3142	3096
118	1107	2515	2453
119	1107	1660	1631
120	1107	46	46
121	1107	51	51
122	1107	1449	1422
123	1107	667	659
124	1107	828	819
125	1107	1366	1340
126	1107	2742	2702
127	1107	188	184
128	1107	3446	3387
129	1107	3444	3391
130	1107	2683	2638
131	1107	2733	2692
132	1107	2210	2170
133	1107	2600	2561
134	1107	1812	1761
135	1107	588	576
136	1107	3439	3371
137	1107	3426	3388
138	1107	513	506
139	1107	2727	2695
140	1107	3477	3438
141	1107	3646	3592
142	1107	2542	2499
143	1107	3003	2958
144	1107	3739	3682
145	1107	15	14
146	1107	844	833
147	1107	3141	3100
148	1107	2750	2689
149	1107	2908	2857
150	1107	1895	1849
151	1107	257	253
152	1107	2877	2836
153	1107	4054	3982
154	1107	4428	4367
155	1107	3537	3488
156	1107	137	135
157	1107	2235	2202
158	1107	2013	1968
159	1107	2882	2832
160	1107	2664	2619
161	1107	343	338
162	1107	2864	2815
163	1107	3641	3574
164	1107	2844	2815
165	1107	3282	3171
166	1107	463	460
167	1107	2983	2905
168	1107	3649	3586
169	1107	3642	3585
170	1107	3570	3515
171	1107	296	294
172	1107	3075	3026
173	1107	2526	2484
174	1107	2435	2388
175	1107	2685	2614
176	1107	3400	3340
177	1107	3110	3054
178	1107	2789	2738
179	1107	4746	4626
180	1107	4745	4683
181	1107	4025	3931
182	1107	67	50
183	1107	2466	2406
184	1107	2081	2032
185	1107	2956	2916
186	1107	290	281
187	1107	3898	3824
188	1107	17	17
189	1107	2415	2367
190	1107	2066	2019
191	1107	1810	1756
192	1107	78	76
193	1107	10	10
194	1107	99	98
195	1107	23	23
196	1107	14	11
197	1107	619	599
198	1107	1526	1497
199	1107	11	9
200	1107	3	3
201	1107	71	71
202	1107	14	13
203	1107	53	52
204	1107	1448	1426
205	1107	1974	1914
206	1107	1934	1880
207	1107	1659	1620
208	1107	1320	1298
209	1107	6	6
210	1107	1740	1706
211	1107	1036	1018
212	1107	1852	1815
213	1107	2292	2242
214	1107	2062	2018
0	1108	122705	102109
1	1108	1895	1837
2	1108	2150	2073
3	1108	1806	1767
4	1108	1795	1738
5	1108	1461	1405
6	1108	29	27
7	1108	1962	1906
8	1108	1640	1581
9	1108	1641	1594
10	1108	2188	2112
11	1108	908	882
12	1108	1265	1213
13	1108	1429	1392
14	1108	12	9
15	1108	1747	1682
16	1108	14	10
17	1108	1525	1484
18	1108	11	11
19	1108	1670	1629
20	1108	18	16
21	1108	18	16
22	1108	12	12
23	1108	1557	1510
24	1108	11	8
25	1108	1503	1462
26	1108	1118	1071
27	1108	1492	1447
28	1108	1547	1495
29	1108	1107	1046
30	1108	1368	1320
31	1108	11	10
32	1108	1963	1887
33	1108	968	940
34	1108	1641	1585
35	1108	1809	1753
36	1108	880	852
37	1108	1560	1517
38	1108	1519	1473
39	1108	1795	1740
40	1108	25	18
41	1108	1441	1391
42	1108	9	8
43	1108	1168	1140
44	1108	1336	1286
45	1108	1248	1210
46	1108	1711	1657
47	1108	1771	1724
48	1108	1224	1182
49	1108	1474	1431
50	1108	692	672
51	1108	1432	1390
52	1108	1233	1187
53	1108	1304	1241
54	1108	1749	1679
55	1108	1760	1715
56	1108	1272	1213
57	1108	1324	1279
58	1108	1817	1756
59	1108	1761	1714
60	1108	856	828
61	1108	1445	1376
62	1108	1836	1774
63	1108	1623	1561
64	1108	18	13
65	1108	2753	2652
66	1108	1704	1649
67	1108	1808	1759
68	1108	1534	1480
69	1108	12	10
70	1108	1485	1433
71	1108	1427	1396
72	1108	1444	1391
73	1108	899	877
74	1108	1437	1391
75	1108	1638	1570
76	1108	1764	1693
77	1108	7	5
78	1108	2	2
79	1108	6	6
80	1108	9	5
81	1108	1400	1342
82	1108	7	5
83	1108	10	10
84	1108	1515	1453
85	1108	1571	1528
86	1108	1177	1143
88	1108	1	0
89	1108	7	6
90	1108	6	6
92	1108	8	8
93	1108	24	19
94	1108	1945	1891
95	1108	2233	2140
96	1108	2103	1974
97	1108	2761	2684
98	1108	584	554
99	1108	924	892
100	1108	2362	2279
101	1108	2870	2797
102	1108	2686	2572
103	1108	3347	3255
104	1108	3055	2956
105	1108	648	626
106	1108	3744	3599
107	1108	3289	3183
108	1108	2858	2781
109	1108	2841	2755
110	1108	277	269
111	1108	3089	3002
112	1108	3617	3521
113	1108	2702	2625
114	1108	3235	3151
115	1108	247	231
116	1108	3128	3068
117	1108	3116	3037
118	1108	2592	2524
119	1108	1656	1615
120	1108	39	38
121	1108	53	53
122	1108	1470	1425
123	1108	665	651
124	1108	925	902
125	1108	1384	1360
126	1108	2602	2542
127	1108	183	177
128	1108	3508	3420
129	1108	3550	3457
130	1108	2681	2606
131	1108	2799	2749
132	1108	2188	2142
133	1108	2526	2469
134	1108	1684	1616
135	1108	619	607
136	1108	3386	3309
137	1108	3457	3361
138	1108	551	542
139	1108	2639	2580
140	1108	3529	3444
141	1108	3705	3592
142	1108	2545	2477
143	1108	3027	2924
144	1108	3751	3647
145	1108	8	8
146	1108	823	797
147	1108	3011	2938
148	1108	2626	2544
149	1108	2793	2722
150	1108	1908	1856
151	1108	244	238
152	1108	2952	2888
153	1108	3990	3895
154	1108	4538	4429
155	1108	3563	3480
156	1108	146	142
157	1108	2326	2274
158	1108	2164	2115
159	1108	2894	2809
160	1108	2534	2456
161	1108	343	328
162	1108	2746	2673
163	1108	3624	3533
164	1108	2942	2860
165	1108	3325	3193
166	1108	500	487
167	1108	2954	2861
168	1108	3967	3849
169	1108	3610	3534
170	1108	3635	3542
171	1108	260	255
172	1108	3183	3124
173	1108	2637	2570
174	1108	2329	2277
175	1108	2732	2650
176	1108	3421	3341
177	1108	3230	3144
178	1108	2821	2757
179	1108	4813	4672
180	1108	4645	4518
181	1108	3977	3849
182	1108	59	44
183	1108	2624	2542
184	1108	2108	2038
185	1108	2976	2908
186	1108	239	232
187	1108	4040	3953
188	1108	13	11
189	1108	2353	2279
190	1108	2301	2207
191	1108	1848	1779
192	1108	66	64
193	1108	10	10
194	1108	79	75
195	1108	22	21
196	1108	16	16
197	1108	669	657
198	1108	1591	1550
199	1108	12	11
200	1108	4	4
201	1108	68	67
202	1108	15	14
203	1108	50	49
204	1108	1434	1391
205	1108	1977	1918
206	1108	1916	1857
207	1108	1717	1668
208	1108	1351	1327
209	1108	5	5
210	1108	1841	1798
211	1108	1061	1031
212	1108	1843	1799
213	1108	2290	2226
214	1108	2083	2024
0	1109	121686	99777
1	1109	1932	1868
2	1109	2259	2177
3	1109	1807	1748
4	1109	1913	1840
5	1109	1358	1300
6	1109	50	47
7	1109	1903	1841
8	1109	1685	1633
9	1109	1661	1604
10	1109	2158	2093
11	1109	927	895
12	1109	1382	1332
13	1109	1554	1494
14	1109	20	14
15	1109	1691	1646
16	1109	9	6
17	1109	1575	1525
18	1109	7	6
19	1109	1718	1674
20	1109	19	17
21	1109	27	26
22	1109	15	13
23	1109	1606	1561
24	1109	16	11
25	1109	1544	1487
26	1109	1060	1022
27	1109	1366	1314
28	1109	1611	1565
29	1109	1059	997
30	1109	1317	1272
31	1109	18	16
32	1109	2069	1975
33	1109	1023	988
34	1109	1616	1563
35	1109	1752	1698
36	1109	952	915
37	1109	1508	1445
38	1109	1562	1514
39	1109	1753	1691
40	1109	29	26
41	1109	1421	1359
42	1109	10	10
43	1109	1158	1127
44	1109	1369	1310
45	1109	1250	1214
46	1109	1615	1559
47	1109	1850	1792
48	1109	1225	1177
49	1109	1372	1308
50	1109	751	717
51	1109	1439	1398
52	1109	1230	1176
53	1109	1345	1292
54	1109	1644	1583
55	1109	1670	1611
56	1109	1251	1181
57	1109	1289	1243
58	1109	1846	1795
59	1109	1810	1760
60	1109	847	814
61	1109	1482	1419
62	1109	1767	1704
63	1109	1613	1546
64	1109	17	10
65	1109	2856	2753
66	1109	1748	1677
67	1109	1715	1657
68	1109	1673	1612
69	1109	13	9
70	1109	1488	1434
71	1109	1444	1399
72	1109	1345	1287
73	1109	996	971
74	1109	1439	1398
75	1109	1548	1498
76	1109	1795	1726
77	1109	4	4
78	1109	6	6
79	1109	14	13
80	1109	7	4
81	1109	1384	1340
82	1109	9	9
83	1109	12	12
84	1109	1393	1340
85	1109	1746	1691
86	1109	1132	1086
88	1109	2	2
89	1109	14	10
90	1109	4	4
91	1109	1	1
92	1109	10	9
93	1109	40	34
94	1109	1943	1879
95	1109	2213	2149
96	1109	2243	2120
97	1109	2822	2742
98	1109	538	512
99	1109	940	921
100	1109	2448	2370
101	1109	2931	2836
102	1109	2878	2758
103	1109	3482	3405
104	1109	3125	3026
105	1109	641	630
106	1109	3674	3552
107	1109	3230	3147
108	1109	2994	2910
109	1109	2910	2819
110	1109	281	272
111	1109	3188	3116
112	1109	3679	3576
113	1109	2592	2509
114	1109	3308	3227
115	1109	284	250
116	1109	3305	3200
117	1109	3128	3040
118	1109	2656	2553
119	1109	1679	1640
120	1109	58	58
121	1109	39	37
122	1109	1376	1341
123	1109	683	661
124	1109	866	848
125	1109	1369	1336
126	1109	2639	2557
127	1109	170	162
128	1109	3595	3493
129	1109	3532	3434
130	1109	2710	2646
131	1109	2885	2803
132	1109	2305	2239
133	1109	2576	2514
134	1109	1696	1656
135	1109	637	618
136	1109	3426	3338
137	1109	3476	3368
138	1109	566	553
139	1109	2653	2601
140	1109	3641	3553
141	1109	3683	3573
142	1109	2567	2479
143	1109	2882	2793
144	1109	3750	3641
145	1109	16	16
146	1109	774	758
147	1109	3107	3019
148	1109	2481	2400
149	1109	2878	2809
150	1109	1970	1915
151	1109	253	252
152	1109	2925	2827
153	1109	4054	3942
154	1109	4722	4606
155	1109	3569	3493
156	1109	156	150
157	1109	2331	2263
158	1109	2046	1991
159	1109	2949	2868
160	1109	2650	2566
161	1109	363	355
162	1109	2799	2714
163	1109	3584	3487
164	1109	2901	2812
165	1109	3292	3153
166	1109	508	492
167	1109	3031	2921
168	1109	3905	3800
169	1109	3663	3572
170	1109	3556	3442
171	1109	281	272
172	1109	3364	3280
173	1109	2679	2616
174	1109	2333	2263
175	1109	2859	2756
176	1109	3502	3398
177	1109	3277	3197
178	1109	2827	2745
179	1109	4884	4725
180	1109	4616	4484
181	1109	4170	4029
182	1109	73	56
183	1109	2523	2418
184	1109	2222	2146
185	1109	3070	2994
186	1109	285	278
187	1109	4027	3913
188	1109	24	19
189	1109	2311	2221
190	1109	2261	2171
191	1109	1809	1751
192	1109	69	66
193	1109	11	11
194	1109	74	71
195	1109	29	29
196	1109	13	13
197	1109	650	630
198	1109	1566	1520
199	1109	6	6
200	1109	8	7
201	1109	55	53
202	1109	17	16
203	1109	51	51
204	1109	1444	1389
205	1109	1979	1905
206	1109	1923	1870
207	1109	1708	1660
208	1109	1329	1296
209	1109	9	9
210	1109	1809	1748
211	1109	1023	991
212	1109	1843	1794
213	1109	2309	2246
214	1109	2060	1984
0	1110	123719	102226
1	1110	1938	1881
2	1110	2201	2131
3	1110	1824	1767
4	1110	1849	1804
5	1110	1357	1309
6	1110	32	32
7	1110	1909	1860
8	1110	1673	1626
9	1110	1706	1653
10	1110	2217	2147
11	1110	797	773
12	1110	1301	1256
13	1110	1432	1388
14	1110	15	12
15	1110	1734	1669
16	1110	9	5
17	1110	1560	1510
18	1110	10	7
19	1110	1747	1689
20	1110	9	8
21	1110	27	25
22	1110	14	13
23	1110	1649	1611
24	1110	16	12
25	1110	1550	1507
26	1110	1167	1131
27	1110	1393	1347
28	1110	1603	1543
29	1110	913	860
30	1110	1393	1343
31	1110	7	6
32	1110	2168	2093
33	1110	1079	1038
34	1110	1538	1484
35	1110	1742	1673
36	1110	936	901
37	1110	1471	1427
38	1110	1444	1389
39	1110	1877	1817
40	1110	28	20
41	1110	1371	1322
42	1110	6	5
43	1110	1124	1088
44	1110	1357	1297
45	1110	1210	1173
46	1110	1706	1640
47	1110	1829	1773
48	1110	1218	1184
49	1110	1373	1317
50	1110	689	660
51	1110	1397	1359
52	1110	1225	1195
53	1110	1243	1183
54	1110	1650	1593
55	1110	1701	1647
56	1110	1241	1200
57	1110	1327	1289
58	1110	1710	1648
59	1110	1751	1702
60	1110	824	795
61	1110	1473	1421
62	1110	1821	1758
63	1110	1651	1592
64	1110	18	13
65	1110	2732	2631
66	1110	1747	1704
67	1110	1796	1750
68	1110	1579	1516
69	1110	12	11
70	1110	1399	1357
71	1110	1479	1436
72	1110	1353	1301
73	1110	961	919
74	1110	1417	1367
75	1110	1546	1484
76	1110	1745	1692
77	1110	7	6
78	1110	2	2
79	1110	10	9
80	1110	14	14
81	1110	1334	1285
82	1110	9	7
83	1110	7	6
84	1110	1462	1416
85	1110	1637	1609
86	1110	1137	1090
89	1110	11	9
90	1110	7	6
91	1110	2	2
92	1110	4	3
93	1110	20	13
94	1110	1929	1869
95	1110	2167	2112
96	1110	2101	1964
97	1110	2741	2683
98	1110	509	483
99	1110	992	974
100	1110	2435	2358
101	1110	2742	2664
102	1110	2861	2727
103	1110	3333	3234
104	1110	3155	3050
105	1110	623	605
106	1110	3653	3534
107	1110	3080	2999
108	1110	2854	2777
109	1110	2817	2743
110	1110	294	287
111	1110	3073	2991
112	1110	3604	3513
113	1110	2599	2530
114	1110	3218	3125
115	1110	232	214
116	1110	3148	3060
117	1110	3074	2993
118	1110	2575	2495
119	1110	1626	1590
120	1110	27	25
121	1110	51	51
122	1110	1432	1402
123	1110	648	627
124	1110	970	941
125	1110	1426	1394
126	1110	2667	2582
127	1110	213	203
128	1110	3557	3452
129	1110	3327	3223
130	1110	2803	2731
131	1110	2710	2636
132	1110	2196	2134
133	1110	2590	2531
134	1110	1793	1732
135	1110	553	539
136	1110	3318	3249
137	1110	3331	3252
138	1110	508	497
139	1110	2759	2701
140	1110	3766	3665
141	1110	3740	3645
142	1110	2591	2508
143	1110	2922	2849
144	1110	3869	3769
145	1110	12	10
146	1110	890	861
147	1110	3083	3023
148	1110	2678	2586
149	1110	2930	2853
150	1110	1998	1932
151	1110	228	223
152	1110	2882	2811
153	1110	3803	3705
154	1110	4586	4481
155	1110	3670	3581
156	1110	133	129
157	1110	2271	2230
158	1110	2013	1960
159	1110	2912	2833
160	1110	2635	2570
161	1110	301	293
162	1110	2841	2761
163	1110	3626	3541
164	1110	3050	2978
165	1110	3225	3100
166	1110	517	507
167	1110	2952	2860
168	1110	3811	3714
169	1110	3564	3478
170	1110	3606	3499
171	1110	292	285
172	1110	3142	3061
173	1110	2597	2535
174	1110	2251	2182
175	1110	2720	2650
176	1110	3427	3337
177	1110	3222	3127
178	1110	2857	2773
179	1110	4824	4683
180	1110	4639	4523
181	1110	4011	3900
182	1110	85	59
183	1110	2519	2450
184	1110	2177	2118
185	1110	2891	2804
186	1110	273	263
187	1110	3939	3820
188	1110	13	11
189	1110	2391	2314
190	1110	2174	2114
191	1110	1850	1779
192	1110	71	69
193	1110	7	7
194	1110	79	78
195	1110	28	24
196	1110	10	10
197	1110	675	656
198	1110	1649	1603
199	1110	11	11
200	1110	6	5
201	1110	47	47
202	1110	13	13
203	1110	59	58
204	1110	1484	1424
205	1110	1994	1937
206	1110	1955	1900
207	1110	1730	1676
208	1110	1318	1278
209	1110	6	6
210	1110	1827	1755
211	1110	1091	1052
212	1110	1860	1805
213	1110	2294	2226
214	1110	2135	2064
0	1111	126480	103179
1	1111	2017	1926
2	1111	2215	2131
3	1111	1885	1812
4	1111	1910	1847
5	1111	1474	1411
6	1111	47	43
7	1111	1912	1848
8	1111	1686	1604
9	1111	1785	1708
10	1111	2136	2063
11	1111	952	917
12	1111	1399	1334
13	1111	1530	1465
14	1111	9	8
15	1111	1789	1736
16	1111	7	4
17	1111	1584	1511
18	1111	14	14
19	1111	1667	1618
20	1111	10	9
21	1111	27	26
22	1111	14	13
23	1111	1652	1584
24	1111	18	11
25	1111	1527	1481
26	1111	1044	1000
27	1111	1479	1419
28	1111	1656	1597
29	1111	902	846
30	1111	1359	1320
31	1111	15	13
32	1111	2064	1980
33	1111	987	949
34	1111	1623	1565
35	1111	1806	1750
36	1111	924	890
37	1111	1543	1476
38	1111	1481	1421
39	1111	1809	1741
40	1111	21	18
41	1111	1430	1389
42	1111	16	12
43	1111	1193	1144
44	1111	1431	1390
45	1111	1210	1171
46	1111	1620	1548
47	1111	1812	1750
48	1111	1210	1147
49	1111	1475	1411
50	1111	773	738
51	1111	1452	1406
52	1111	1164	1118
53	1111	1280	1209
54	1111	1696	1634
55	1111	1784	1728
56	1111	1208	1158
57	1111	1392	1338
58	1111	1769	1708
59	1111	1868	1811
60	1111	797	761
61	1111	1466	1401
62	1111	1888	1810
63	1111	1758	1683
64	1111	23	19
65	1111	2861	2708
66	1111	1702	1626
67	1111	1886	1829
68	1111	1628	1546
69	1111	9	6
70	1111	1468	1408
71	1111	1503	1451
72	1111	1414	1325
73	1111	994	957
74	1111	1386	1332
75	1111	1632	1567
76	1111	1804	1737
77	1111	13	12
78	1111	1	1
79	1111	5	5
80	1111	13	12
81	1111	1506	1470
82	1111	9	6
83	1111	9	7
84	1111	1456	1395
85	1111	1721	1665
86	1111	1094	1040
87	1111	2	2
88	1111	2	1
89	1111	12	12
90	1111	11	10
92	1111	3	3
93	1111	30	22
94	1111	1982	1923
95	1111	2358	2249
96	1111	2224	2104
97	1111	2860	2772
98	1111	540	503
99	1111	1023	984
100	1111	2560	2464
101	1111	2901	2791
102	1111	2949	2790
103	1111	3442	3322
104	1111	3246	3124
105	1111	641	622
106	1111	3692	3560
107	1111	3283	3176
108	1111	3004	2919
109	1111	2810	2739
110	1111	275	255
111	1111	3247	3130
112	1111	3701	3586
113	1111	2554	2458
114	1111	3267	3172
115	1111	231	209
116	1111	3294	3186
117	1111	3122	3010
118	1111	2679	2584
119	1111	1680	1610
120	1111	52	51
121	1111	31	31
122	1111	1387	1343
123	1111	688	666
124	1111	939	907
125	1111	1452	1414
126	1111	2690	2609
127	1111	230	219
128	1111	3685	3565
129	1111	3551	3429
130	1111	2823	2740
131	1111	2910	2807
132	1111	2328	2252
133	1111	2702	2599
134	1111	1786	1703
135	1111	604	592
136	1111	3483	3381
137	1111	3434	3324
138	1111	530	515
139	1111	2925	2826
140	1111	3696	3580
141	1111	3791	3665
142	1111	2648	2567
143	1111	2955	2849
144	1111	3749	3616
145	1111	17	16
146	1111	841	817
147	1111	3121	3035
148	1111	2682	2600
149	1111	3044	2914
150	1111	1970	1907
151	1111	268	263
152	1111	3018	2914
153	1111	4159	4018
154	1111	4640	4484
155	1111	3673	3553
156	1111	160	154
157	1111	2363	2296
158	1111	2102	2037
159	1111	2881	2791
160	1111	2727	2626
161	1111	363	351
162	1111	2872	2801
163	1111	3794	3702
164	1111	3129	3041
165	1111	3457	3300
166	1111	529	507
167	1111	3146	3019
168	1111	4020	3874
169	1111	3587	3476
170	1111	3612	3509
171	1111	280	271
172	1111	3287	3205
173	1111	2671	2589
174	1111	2344	2273
175	1111	2932	2826
176	1111	3445	3307
177	1111	3446	3333
178	1111	2901	2805
179	1111	4943	4749
180	1111	4649	4506
181	1111	4005	3861
182	1111	64	46
183	1111	2519	2411
184	1111	2213	2133
185	1111	3181	3068
186	1111	257	245
187	1111	4126	4004
188	1111	10	9
189	1111	2413	2304
190	1111	2254	2170
191	1111	1894	1788
192	1111	66	63
193	1111	11	10
194	1111	98	96
195	1111	31	31
196	1111	17	16
197	1111	630	598
198	1111	1620	1556
199	1111	10	10
200	1111	8	8
201	1111	72	68
202	1111	10	10
203	1111	52	49
204	1111	1514	1466
205	1111	2012	1946
206	1111	1998	1918
207	1111	1657	1598
208	1111	1363	1329
209	1111	3	2
210	1111	1889	1837
211	1111	1043	1007
212	1111	1882	1817
213	1111	2351	2246
214	1111	2179	2096
0	1112	133913	110744
1	1112	1986	1915
2	1112	2217	2152
3	1112	1914	1853
4	1112	1916	1850
5	1112	1451	1385
6	1112	45	43
7	1112	1922	1854
8	1112	1704	1630
9	1112	1748	1677
10	1112	2261	2168
11	1112	889	856
12	1112	1390	1347
13	1112	1540	1477
14	1112	12	12
15	1112	1754	1704
16	1112	13	12
17	1112	1515	1465
18	1112	19	15
19	1112	1797	1745
20	1112	12	12
21	1112	23	22
22	1112	10	8
23	1112	1722	1647
24	1112	7	4
25	1112	1630	1577
26	1112	1118	1072
27	1112	1354	1301
28	1112	1636	1582
29	1112	717	669
30	1112	1511	1457
31	1112	15	14
32	1112	2139	2038
33	1112	1061	1023
34	1112	1558	1498
35	1112	1733	1678
36	1112	949	922
37	1112	1541	1479
38	1112	1577	1512
39	1112	1842	1767
40	1112	17	16
41	1112	1396	1351
42	1112	15	9
43	1112	1134	1101
44	1112	1397	1339
45	1112	1340	1291
46	1112	1695	1628
47	1112	1851	1787
48	1112	1310	1262
49	1112	1555	1480
50	1112	753	721
51	1112	1503	1457
52	1112	1226	1191
53	1112	1361	1300
54	1112	1770	1714
55	1112	1648	1584
56	1112	1325	1264
57	1112	1388	1341
58	1112	1797	1734
59	1112	1975	1917
60	1112	949	904
61	1112	1497	1433
62	1112	1859	1777
63	1112	1720	1652
64	1112	10	6
65	1112	2784	2666
66	1112	1740	1671
67	1112	1722	1671
68	1112	1609	1551
69	1112	10	9
70	1112	1542	1475
71	1112	1536	1478
72	1112	1406	1343
73	1112	954	921
74	1112	1408	1354
75	1112	1549	1488
76	1112	1893	1822
77	1112	9	7
78	1112	3	3
79	1112	7	5
80	1112	8	5
81	1112	1420	1372
82	1112	7	6
83	1112	18	16
84	1112	1475	1418
85	1112	1862	1794
86	1112	1160	1124
87	1112	1	1
88	1112	1	1
89	1112	5	3
90	1112	5	5
91	1112	5	4
92	1112	9	7
93	1112	26	15
94	1112	2061	1994
95	1112	2318	2229
96	1112	2189	2061
97	1112	2956	2870
98	1112	619	583
99	1112	1006	973
100	1112	2492	2419
101	1112	2894	2787
102	1112	2968	2837
103	1112	3615	3495
104	1112	3266	3153
105	1112	632	618
106	1112	3758	3602
107	1112	3353	3262
108	1112	3006	2928
109	1112	2967	2870
110	1112	285	276
111	1112	3213	3107
112	1112	3665	3534
113	1112	2654	2558
114	1112	3297	3206
115	1112	263	238
116	1112	3337	3249
117	1112	3106	3013
118	1112	2709	2641
119	1112	1718	1662
120	1112	41	41
121	1112	46	44
122	1112	1489	1448
123	1112	708	690
124	1112	880	858
125	1112	1445	1405
126	1112	2761	2676
127	1112	226	219
128	1112	3661	3546
129	1112	3587	3464
130	1112	2757	2681
131	1112	2759	2667
132	1112	2393	2328
133	1112	2671	2593
134	1112	1815	1732
135	1112	620	597
136	1112	3527	3421
137	1112	3397	3308
138	1112	576	550
139	1112	2819	2732
140	1112	3794	3693
141	1112	3919	3815
142	1112	2707	2625
143	1112	3048	2951
144	1112	3901	3782
145	1112	13	13
146	1112	899	876
147	1112	3085	2991
148	1112	2561	2478
149	1112	3063	2970
150	1112	2019	1957
151	1112	272	267
152	1112	3048	2955
153	1112	4060	3958
154	1112	4712	4568
155	1112	3750	3647
156	1112	136	133
157	1112	2358	2285
158	1112	2150	2087
159	1112	3011	2913
160	1112	2770	2693
161	1112	356	351
162	1112	2942	2867
163	1112	3699	3605
164	1112	2945	2880
165	1112	3421	3289
166	1112	522	496
167	1112	3120	2977
168	1112	4119	4008
169	1112	3735	3621
170	1112	3681	3567
171	1112	325	313
172	1112	3388	3306
173	1112	2603	2533
174	1112	2351	2272
175	1112	2851	2732
176	1112	3496	3382
177	1112	3394	3313
178	1112	2849	2768
179	1112	5082	4902
180	1112	4884	4750
181	1112	4233	4108
182	1112	74	57
183	1112	2601	2497
184	1112	2223	2172
185	1112	3217	3119
186	1112	268	258
187	1112	4056	3932
188	1112	20	19
189	1112	2439	2335
190	1112	2300	2219
191	1112	1906	1814
192	1112	56	54
193	1112	7	6
194	1112	93	90
195	1112	30	29
196	1112	12	12
197	1112	664	636
198	1112	1686	1630
199	1112	9	8
200	1112	10	10
201	1112	53	51
202	1112	12	11
203	1112	53	51
204	1112	1418	1371
205	1112	2032	1960
206	1112	2134	2064
207	1112	1787	1709
208	1112	1374	1333
209	1112	10	8
210	1112	1892	1844
211	1112	1017	983
212	1112	1850	1798
213	1112	2272	2190
214	1112	2166	2093
0	1113	124221	103108
1	1113	2008	1943
2	1113	2128	2060
3	1113	1833	1785
4	1113	1795	1741
5	1113	1476	1432
6	1113	44	44
7	1113	1873	1827
8	1113	1716	1663
9	1113	1825	1756
10	1113	2256	2177
11	1113	898	871
12	1113	1355	1328
13	1113	1605	1562
14	1113	14	11
15	1113	1813	1759
16	1113	10	6
17	1113	1537	1494
18	1113	26	22
19	1113	1740	1680
20	1113	12	12
21	1113	30	26
22	1113	15	12
23	1113	1609	1567
24	1113	14	11
25	1113	1510	1452
26	1113	1152	1126
27	1113	1262	1222
28	1113	1633	1572
29	1113	597	553
30	1113	1324	1284
31	1113	16	12
32	1113	2107	2031
33	1113	1039	1009
34	1113	1604	1561
35	1113	1797	1739
36	1113	947	928
37	1113	1600	1545
38	1113	1614	1554
39	1113	1733	1681
40	1113	13	12
41	1113	1432	1394
42	1113	11	10
43	1113	1187	1161
44	1113	1457	1401
45	1113	1313	1266
46	1113	1673	1617
47	1113	1789	1739
48	1113	1277	1230
49	1113	1485	1432
50	1113	695	671
51	1113	1455	1411
52	1113	1255	1218
53	1113	1284	1241
54	1113	1678	1628
55	1113	1769	1709
56	1113	1292	1240
57	1113	1323	1285
58	1113	1693	1626
59	1113	1912	1868
60	1113	815	786
61	1113	1520	1463
62	1113	1828	1775
63	1113	1658	1604
64	1113	16	12
65	1113	2877	2779
66	1113	1784	1718
67	1113	1864	1799
68	1113	1603	1553
69	1113	12	10
70	1113	1443	1402
71	1113	1542	1502
72	1113	1418	1374
73	1113	926	893
74	1113	1371	1318
75	1113	1696	1651
76	1113	1849	1794
77	1113	11	10
78	1113	1	1
79	1113	8	7
80	1113	5	4
81	1113	1428	1384
82	1113	4	4
83	1113	4	4
84	1113	1443	1391
85	1113	1704	1659
86	1113	1159	1123
87	1113	1	1
88	1113	1	1
89	1113	10	10
90	1113	2	2
91	1113	2	2
92	1113	7	6
93	1113	32	21
94	1113	1956	1918
95	1113	2471	2386
96	1113	2229	2114
97	1113	2872	2799
98	1113	560	531
99	1113	1006	978
100	1113	2411	2340
101	1113	2943	2866
102	1113	2850	2738
103	1113	3554	3468
104	1113	3265	3183
105	1113	646	632
106	1113	3703	3591
107	1113	3323	3253
108	1113	3106	3031
109	1113	2930	2841
110	1113	274	270
111	1113	3091	3003
112	1113	3622	3524
113	1113	2346	2267
114	1113	3284	3200
115	1113	240	212
116	1113	3297	3204
117	1113	3104	3023
118	1113	2690	2597
119	1113	1737	1676
120	1113	43	41
121	1113	48	45
122	1113	1467	1433
123	1113	704	695
124	1113	967	949
125	1113	1446	1412
126	1113	2646	2585
127	1113	215	204
128	1113	3498	3400
129	1113	3350	3243
130	1113	2799	2728
131	1113	2781	2714
132	1113	2187	2132
133	1113	2568	2506
134	1113	1849	1777
135	1113	614	590
136	1113	3486	3394
137	1113	3472	3392
138	1113	554	550
139	1113	2742	2680
140	1113	3792	3700
141	1113	3829	3742
142	1113	2633	2560
143	1113	2984	2902
144	1113	3869	3765
145	1113	14	14
146	1113	843	829
147	1113	3144	3078
148	1113	2772	2714
149	1113	2973	2899
150	1113	1982	1917
151	1113	262	254
152	1113	2977	2909
153	1113	4030	3928
154	1113	4707	4603
155	1113	3886	3784
156	1113	138	137
157	1113	2454	2402
158	1113	2193	2137
159	1113	2932	2860
160	1113	2668	2593
161	1113	347	338
162	1113	2924	2850
163	1113	3657	3562
164	1113	3009	2945
165	1113	3330	3196
166	1113	503	487
167	1113	2974	2867
168	1113	4124	4014
169	1113	3665	3579
170	1113	3780	3689
171	1113	283	279
172	1113	3283	3222
173	1113	2702	2637
174	1113	2368	2316
175	1113	2698	2613
176	1113	3559	3468
177	1113	3400	3305
178	1113	2902	2821
179	1113	4916	4777
180	1113	4841	4750
181	1113	4249	4126
182	1113	53	43
183	1113	2712	2613
184	1113	2214	2141
185	1113	3105	3037
186	1113	279	271
187	1113	4105	4000
188	1113	17	17
189	1113	2377	2288
190	1113	2277	2190
191	1113	1859	1788
192	1113	58	54
193	1113	10	8
194	1113	82	78
195	1113	35	34
196	1113	10	10
197	1113	648	624
198	1113	1608	1554
199	1113	10	8
200	1113	4	4
201	1113	55	55
202	1113	9	9
203	1113	45	44
204	1113	1454	1420
205	1113	2061	2000
206	1113	2092	2041
207	1113	1755	1695
208	1113	1334	1297
209	1113	9	8
210	1113	1802	1754
211	1113	1077	1053
212	1113	1930	1888
213	1113	2318	2249
214	1113	2158	2072
0	1114	124785	102707
1	1114	1920	1859
2	1114	2115	2034
3	1114	1848	1783
4	1114	1835	1782
5	1114	1406	1345
6	1114	46	45
7	1114	1939	1875
8	1114	1702	1622
9	1114	1663	1615
10	1114	2313	2234
11	1114	906	886
12	1114	1421	1363
13	1114	1498	1459
14	1114	9	9
15	1114	1728	1665
16	1114	15	11
17	1114	1635	1589
18	1114	9	9
19	1114	1698	1656
20	1114	13	13
21	1114	17	16
22	1114	12	12
23	1114	1674	1622
24	1114	11	10
25	1114	1563	1513
26	1114	1110	1063
27	1114	1381	1316
28	1114	1606	1550
29	1114	448	394
30	1114	1383	1329
31	1114	12	10
32	1114	2076	1988
33	1114	1085	1050
34	1114	1544	1477
35	1114	1765	1692
36	1114	985	955
37	1114	1613	1558
38	1114	1574	1507
39	1114	1675	1600
40	1114	25	21
41	1114	1448	1397
42	1114	11	11
43	1114	1201	1158
44	1114	1465	1409
45	1114	1288	1242
46	1114	1596	1526
47	1114	1868	1812
48	1114	1246	1191
49	1114	1490	1428
50	1114	777	749
51	1114	1404	1353
52	1114	1204	1160
53	1114	1376	1312
54	1114	1658	1575
55	1114	1701	1637
56	1114	1258	1204
57	1114	1367	1319
58	1114	1773	1712
59	1114	1955	1902
60	1114	827	798
61	1114	1510	1447
62	1114	1846	1764
63	1114	1748	1672
64	1114	12	8
65	1114	2724	2603
66	1114	1709	1641
67	1114	1862	1808
68	1114	1547	1497
69	1114	11	9
70	1114	1525	1461
71	1114	1478	1440
72	1114	1444	1388
73	1114	908	865
74	1114	1336	1285
75	1114	1645	1589
76	1114	1808	1743
77	1114	5	5
79	1114	9	7
80	1114	12	11
81	1114	1405	1360
82	1114	10	9
83	1114	4	4
84	1114	1421	1379
85	1114	1647	1602
86	1114	1032	985
87	1114	2	2
88	1114	2	2
89	1114	8	8
90	1114	7	7
92	1114	7	6
93	1114	25	16
94	1114	1885	1822
95	1114	2342	2277
96	1114	2220	2113
97	1114	2912	2840
98	1114	590	559
99	1114	971	941
100	1114	2401	2325
101	1114	2999	2914
102	1114	2831	2696
103	1114	3354	3244
104	1114	3194	3081
105	1114	636	621
106	1114	3858	3720
107	1114	3217	3122
108	1114	2957	2883
109	1114	2822	2750
110	1114	283	274
111	1114	3065	2973
112	1114	3745	3633
113	1114	2196	2100
114	1114	3351	3276
115	1114	241	218
116	1114	3107	3036
117	1114	2955	2862
118	1114	2654	2583
119	1114	1639	1585
120	1114	46	45
121	1114	52	51
122	1114	1389	1360
123	1114	593	579
124	1114	920	900
125	1114	1468	1426
126	1114	2539	2463
127	1114	195	189
128	1114	3612	3525
129	1114	3177	3048
130	1114	2763	2680
131	1114	2762	2695
132	1114	2364	2300
133	1114	2685	2604
134	1114	1836	1755
135	1114	633	616
136	1114	3417	3322
137	1114	3501	3409
138	1114	585	575
139	1114	2898	2824
140	1114	3778	3682
141	1114	3795	3699
142	1114	2528	2451
143	1114	2817	2733
144	1114	3779	3677
145	1114	12	11
146	1114	888	863
147	1114	3179	3080
148	1114	2702	2634
149	1114	2981	2871
150	1114	1951	1893
151	1114	265	257
152	1114	3085	2984
153	1114	4217	4091
154	1114	4744	4622
155	1114	3652	3559
156	1114	144	140
157	1114	2347	2296
158	1114	2065	2005
159	1114	2875	2785
160	1114	2651	2595
161	1114	362	352
162	1114	2827	2749
163	1114	3698	3598
164	1114	2975	2894
165	1114	3398	3250
166	1114	491	478
167	1114	3082	2968
168	1114	3962	3851
169	1114	3636	3558
170	1114	3717	3600
171	1114	267	255
172	1114	3298	3207
173	1114	2581	2525
174	1114	2422	2355
175	1114	2730	2605
176	1114	3461	3352
177	1114	3302	3218
178	1114	2832	2758
179	1114	4895	4735
180	1114	4776	4653
181	1114	4153	4028
182	1114	60	48
183	1114	2554	2446
184	1114	2136	2085
185	1114	3067	2998
186	1114	282	268
187	1114	3997	3893
188	1114	17	15
189	1114	2386	2297
190	1114	2170	2085
191	1114	1865	1791
192	1114	72	71
193	1114	6	6
194	1114	101	97
195	1114	32	31
196	1114	13	12
197	1114	643	615
198	1114	1625	1565
199	1114	10	10
200	1114	4	4
201	1114	62	57
202	1114	16	15
203	1114	64	63
204	1114	1452	1403
205	1114	2027	1965
206	1114	2084	2032
207	1114	1697	1655
208	1114	1347	1321
209	1114	6	5
210	1114	1847	1792
211	1114	1109	1072
212	1114	1918	1867
213	1114	2390	2318
214	1114	2216	2131
0	1115	128016	106744
1	1115	1977	1907
2	1115	2094	2002
3	1115	1829	1774
4	1115	1874	1811
5	1115	1446	1390
6	1115	41	38
7	1115	1869	1813
8	1115	1701	1633
9	1115	1656	1612
10	1115	2255	2172
11	1115	927	908
12	1115	1345	1299
13	1115	1580	1525
14	1115	5	5
15	1115	1781	1725
16	1115	7	6
17	1115	1627	1576
18	1115	12	9
19	1115	1737	1680
20	1115	20	19
21	1115	22	20
22	1115	13	10
23	1115	1632	1584
24	1115	10	8
25	1115	1586	1541
26	1115	1076	1038
27	1115	1228	1174
28	1115	1741	1668
29	1115	316	288
30	1115	1289	1236
31	1115	19	19
32	1115	2074	1986
33	1115	1003	972
34	1115	1481	1429
35	1115	1785	1722
36	1115	1020	989
37	1115	1669	1620
38	1115	1563	1500
39	1115	1717	1664
40	1115	27	22
41	1115	1461	1410
42	1115	10	9
43	1115	1260	1215
44	1115	1497	1430
45	1115	1282	1235
46	1115	1548	1464
47	1115	1870	1805
48	1115	1167	1123
49	1115	1542	1481
50	1115	757	730
51	1115	1426	1376
52	1115	1311	1263
53	1115	1262	1205
54	1115	1644	1569
55	1115	1778	1722
56	1115	1350	1292
57	1115	1326	1275
58	1115	1813	1761
59	1115	1900	1846
60	1115	881	856
61	1115	1595	1517
62	1115	1845	1756
63	1115	1795	1739
64	1115	10	8
65	1115	2800	2686
66	1115	1693	1647
67	1115	1817	1769
68	1115	1628	1550
69	1115	12	11
70	1115	1469	1419
71	1115	1477	1443
72	1115	1414	1358
73	1115	983	949
74	1115	1302	1245
75	1115	1614	1547
76	1115	1932	1881
77	1115	5	5
78	1115	1	1
79	1115	7	7
80	1115	6	5
81	1115	1437	1392
82	1115	5	5
83	1115	4	4
84	1115	1526	1472
85	1115	1694	1652
86	1115	1048	989
87	1115	2	2
88	1115	1	1
89	1115	3	3
90	1115	11	10
92	1115	9	8
93	1115	24	19
94	1115	2078	2012
95	1115	2259	2168
96	1115	2217	2110
97	1115	2938	2839
98	1115	592	575
99	1115	1034	1005
100	1115	2417	2330
101	1115	2933	2837
102	1115	2817	2695
103	1115	3420	3330
104	1115	3272	3168
105	1115	618	603
106	1115	3867	3726
107	1115	3459	3379
108	1115	3017	2953
109	1115	2931	2853
110	1115	285	278
111	1115	3039	2958
112	1115	3725	3616
113	1115	2028	1930
114	1115	3395	3309
115	1115	273	255
116	1115	3361	3282
117	1115	2953	2864
118	1115	2554	2476
119	1115	1739	1687
120	1115	37	36
121	1115	42	41
122	1115	1601	1544
123	1115	703	683
124	1115	945	927
125	1115	1419	1383
126	1115	2762	2693
127	1115	184	179
128	1115	3651	3526
129	1115	3164	3061
130	1115	2890	2794
131	1115	2748	2674
132	1115	2335	2277
133	1115	2543	2470
134	1115	1817	1763
135	1115	576	559
136	1115	3463	3367
137	1115	3465	3380
138	1115	512	504
139	1115	2787	2691
140	1115	3817	3707
141	1115	3770	3677
142	1115	2701	2623
143	1115	2844	2742
144	1115	3877	3790
145	1115	13	13
146	1115	853	825
147	1115	3167	3083
148	1115	2758	2702
149	1115	3076	2995
150	1115	1949	1885
151	1115	255	248
152	1115	3061	2980
153	1115	4052	3939
154	1115	4879	4745
155	1115	3822	3718
156	1115	147	140
157	1115	2367	2303
158	1115	2053	1996
159	1115	2833	2745
160	1115	2683	2608
161	1115	325	315
162	1115	2971	2884
163	1115	3798	3701
164	1115	3026	2948
165	1115	3332	3209
166	1115	522	510
167	1115	3067	2955
168	1115	4079	3982
169	1115	3626	3517
170	1115	3791	3677
171	1115	286	277
172	1115	3383	3296
173	1115	2632	2569
174	1115	2476	2400
175	1115	2742	2635
176	1115	3674	3577
177	1115	3265	3188
178	1115	2982	2896
179	1115	4980	4829
180	1115	4910	4767
181	1115	4186	4054
182	1115	65	49
183	1115	2545	2436
184	1115	2199	2132
185	1115	3139	3034
186	1115	289	279
187	1115	4048	3937
188	1115	23	20
189	1115	2491	2395
190	1115	2166	2064
191	1115	1803	1743
192	1115	75	74
193	1115	7	7
194	1115	98	94
195	1115	36	35
196	1115	5	5
197	1115	709	685
198	1115	1625	1577
199	1115	9	9
200	1115	4	4
201	1115	58	56
202	1115	15	14
203	1115	55	51
204	1115	1444	1391
205	1115	2104	2041
206	1115	2153	2091
207	1115	1719	1667
208	1115	1295	1267
209	1115	11	11
210	1115	1955	1905
211	1115	1053	1023
212	1115	1832	1776
213	1115	2355	2268
214	1115	2151	2070
0	1116	129079	108832
1	1116	2000	1948
2	1116	2233	2159
3	1116	1959	1907
4	1116	1878	1814
5	1116	1388	1358
6	1116	31	31
7	1116	1912	1853
8	1116	1664	1611
9	1116	1926	1878
10	1116	2174	2107
11	1116	918	897
12	1116	1419	1378
13	1116	1533	1494
14	1116	12	9
15	1116	1827	1782
16	1116	9	6
17	1116	1685	1634
18	1116	14	11
19	1116	1708	1679
20	1116	10	9
21	1116	33	29
22	1116	11	10
23	1116	1696	1649
24	1116	18	12
25	1116	1608	1553
26	1116	1153	1105
27	1116	1140	1084
28	1116	1640	1595
29	1116	254	223
30	1116	1391	1343
31	1116	14	13
32	1116	2049	1970
33	1116	1080	1053
34	1116	1500	1462
35	1116	1757	1706
36	1116	1014	987
37	1116	1582	1536
38	1116	1613	1574
39	1116	1641	1576
40	1116	22	18
41	1116	1403	1372
42	1116	18	13
43	1116	1220	1194
44	1116	1445	1398
45	1116	1242	1214
46	1116	1485	1418
47	1116	1828	1777
48	1116	1250	1210
49	1116	1490	1440
50	1116	722	696
51	1116	1452	1414
52	1116	1195	1155
53	1116	1379	1324
54	1116	1592	1536
55	1116	1800	1743
56	1116	1275	1230
57	1116	1321	1279
58	1116	1892	1836
59	1116	1898	1847
60	1116	875	843
61	1116	1568	1508
62	1116	1864	1782
63	1116	1730	1682
64	1116	7	5
65	1116	2709	2617
66	1116	1652	1602
67	1116	1869	1824
68	1116	1677	1609
69	1116	16	13
70	1116	1435	1396
71	1116	1525	1476
72	1116	1461	1404
73	1116	942	910
74	1116	1264	1225
75	1116	1740	1673
76	1116	1903	1851
77	1116	16	14
78	1116	3	3
79	1116	6	6
80	1116	5	5
81	1116	1460	1416
82	1116	8	7
83	1116	14	13
84	1116	1487	1436
85	1116	1685	1642
86	1116	1073	1034
87	1116	4	4
88	1116	2	2
89	1116	5	2
90	1116	11	7
91	1116	3	3
92	1116	7	6
93	1116	31	25
94	1116	1985	1944
95	1116	2246	2162
96	1116	2247	2151
97	1116	2802	2730
98	1116	522	506
99	1116	1028	1000
100	1116	2451	2373
101	1116	2922	2815
102	1116	2869	2756
103	1116	3536	3448
104	1116	3271	3182
105	1116	628	612
106	1116	3762	3652
107	1116	3291	3210
108	1116	2975	2914
109	1116	2830	2761
110	1116	310	303
111	1116	2974	2891
112	1116	3683	3607
113	1116	1729	1651
114	1116	3495	3415
115	1116	276	253
116	1116	3295	3222
117	1116	2787	2706
118	1116	2784	2702
119	1116	1698	1647
120	1116	58	57
121	1116	51	49
122	1116	1490	1466
123	1116	655	632
124	1116	885	872
125	1116	1423	1391
126	1116	2689	2609
127	1116	186	183
128	1116	3721	3629
129	1116	3007	2893
130	1116	2981	2908
131	1116	2853	2795
132	1116	2301	2255
133	1116	2586	2519
134	1116	1841	1793
135	1116	565	559
136	1116	3528	3450
137	1116	3382	3300
138	1116	518	507
139	1116	2731	2672
140	1116	3749	3660
141	1116	3826	3726
142	1116	2637	2556
143	1116	2999	2911
144	1116	3802	3697
145	1116	15	14
146	1116	836	814
147	1116	3193	3109
148	1116	2696	2624
149	1116	3014	2940
150	1116	2048	1995
151	1116	267	260
152	1116	3039	2976
153	1116	4050	3953
154	1116	4885	4768
155	1116	3822	3744
156	1116	141	138
157	1116	2296	2247
158	1116	2069	2016
159	1116	2789	2722
160	1116	2561	2495
161	1116	381	377
162	1116	2997	2925
163	1116	3717	3620
164	1116	2961	2887
165	1116	3350	3226
166	1116	517	504
167	1116	3013	2895
168	1116	4301	4174
169	1116	3653	3561
170	1116	3816	3720
171	1116	308	305
172	1116	3403	3334
173	1116	2732	2661
174	1116	2373	2302
175	1116	2820	2739
176	1116	3456	3371
177	1116	3225	3155
178	1116	2958	2888
179	1116	4948	4794
180	1116	4777	4673
181	1116	4222	4111
182	1116	72	61
183	1116	2654	2572
184	1116	2146	2085
185	1116	3052	2978
186	1116	252	246
187	1116	4143	4048
188	1116	13	12
189	1116	2364	2279
190	1116	2288	2189
191	1116	1887	1817
192	1116	66	66
193	1116	6	6
194	1116	102	94
195	1116	25	24
196	1116	7	7
197	1116	705	690
198	1116	1601	1549
199	1116	11	9
200	1116	3	1
201	1116	78	73
202	1116	8	8
203	1116	68	67
204	1116	1544	1502
205	1116	2149	2090
206	1116	2043	1983
207	1116	1735	1674
208	1116	1439	1390
209	1116	8	7
210	1116	1940	1896
211	1116	1018	984
212	1116	1852	1818
213	1116	2320	2245
214	1116	2139	2080
0	1117	129352	107956
1	1117	2053	1968
2	1117	2200	2108
3	1117	1913	1850
4	1117	1848	1791
5	1117	1434	1379
6	1117	31	21
7	1117	1922	1855
8	1117	1673	1600
9	1117	1818	1745
10	1117	2280	2199
11	1117	996	962
12	1117	1401	1348
13	1117	1542	1485
14	1117	4	3
15	1117	1799	1744
16	1117	11	7
17	1117	1693	1639
18	1117	17	15
19	1117	1807	1759
20	1117	9	9
21	1117	30	27
22	1117	12	10
23	1117	1653	1600
24	1117	8	6
25	1117	1793	1728
26	1117	1142	1096
27	1117	1101	1040
28	1117	1709	1657
29	1117	196	167
30	1117	1347	1283
31	1117	15	14
32	1117	2048	1973
33	1117	1141	1105
34	1117	1531	1475
35	1117	1798	1730
36	1117	982	950
37	1117	1673	1612
38	1117	1624	1556
39	1117	1691	1624
40	1117	24	19
41	1117	1499	1448
42	1117	9	8
43	1117	1283	1244
44	1117	1513	1439
45	1117	1335	1304
46	1117	1487	1397
47	1117	1866	1797
48	1117	1292	1237
49	1117	1506	1446
50	1117	764	735
51	1117	1508	1464
52	1117	1269	1230
53	1117	1261	1188
54	1117	1597	1521
55	1117	1863	1797
56	1117	1366	1310
57	1117	1334	1281
58	1117	1825	1760
59	1117	2098	2048
60	1117	885	847
61	1117	1609	1545
62	1117	1803	1726
63	1117	1827	1777
64	1117	18	13
65	1117	2698	2585
66	1117	1799	1728
67	1117	1873	1807
68	1117	1595	1534
69	1117	12	12
70	1117	1382	1305
71	1117	1533	1485
72	1117	1462	1400
73	1117	946	926
74	1117	1251	1174
75	1117	1634	1584
76	1117	1860	1781
77	1117	13	13
78	1117	1	0
79	1117	12	7
80	1117	4	3
81	1117	1480	1423
82	1117	7	6
83	1117	15	14
84	1117	1525	1450
85	1117	1746	1669
86	1117	1139	1082
87	1117	3	3
88	1117	1	1
89	1117	7	5
90	1117	10	8
91	1117	1	1
92	1117	10	10
93	1117	26	22
94	1117	2128	2049
95	1117	2288	2186
96	1117	2192	2099
97	1117	3031	2944
98	1117	642	619
99	1117	991	958
100	1117	2405	2325
101	1117	2999	2892
102	1117	2997	2883
103	1117	3471	3371
104	1117	3290	3177
105	1117	641	622
106	1117	3876	3735
107	1117	3347	3279
108	1117	3009	2928
109	1117	2925	2843
110	1117	310	302
111	1117	3001	2873
112	1117	3833	3715
113	1117	1545	1433
114	1117	3498	3399
115	1117	249	225
116	1117	3284	3180
117	1117	2764	2654
118	1117	2794	2699
119	1117	1821	1755
120	1117	50	49
121	1117	57	57
122	1117	1637	1593
123	1117	678	658
124	1117	940	912
125	1117	1461	1417
126	1117	2701	2614
127	1117	202	194
128	1117	3776	3662
129	1117	2897	2743
130	1117	3031	2935
131	1117	2946	2868
132	1117	2322	2266
133	1117	2535	2463
134	1117	1826	1772
135	1117	604	581
136	1117	3625	3520
137	1117	3430	3351
138	1117	535	518
139	1117	2811	2724
140	1117	3964	3857
141	1117	4037	3940
142	1117	2639	2537
143	1117	2880	2764
144	1117	3990	3874
145	1117	9	8
146	1117	898	878
147	1117	3172	3075
148	1117	2833	2747
149	1117	3055	2963
150	1117	2110	2038
151	1117	254	248
152	1117	3078	2993
153	1117	4104	4000
154	1117	5046	4926
155	1117	3874	3762
156	1117	135	127
157	1117	2406	2349
158	1117	2180	2092
159	1117	2998	2891
160	1117	2599	2528
161	1117	364	357
162	1117	2968	2887
163	1117	3796	3662
164	1117	3083	2997
165	1117	3380	3199
166	1117	551	530
167	1117	2985	2862
168	1117	4266	4146
169	1117	3691	3593
170	1117	3953	3841
171	1117	298	280
172	1117	3521	3413
173	1117	2675	2604
174	1117	2522	2457
175	1117	2657	2534
176	1117	3506	3388
177	1117	3261	3164
178	1117	2973	2908
179	1117	5219	5041
180	1117	4882	4751
181	1117	4188	4050
182	1117	58	50
183	1117	2723	2622
184	1117	2157	2079
185	1117	3255	3155
186	1117	289	278
187	1117	4165	4049
188	1117	10	9
189	1117	2438	2322
190	1117	2243	2133
191	1117	1820	1735
192	1117	68	66
193	1117	8	7
194	1117	96	94
195	1117	27	25
196	1117	9	9
197	1117	684	658
198	1117	1657	1597
199	1117	8	7
200	1117	6	5
201	1117	71	70
202	1117	14	14
203	1117	66	62
204	1117	1490	1438
205	1117	2138	2073
206	1117	2066	1997
207	1117	1842	1792
208	1117	1388	1346
209	1117	5	5
210	1117	1935	1873
211	1117	994	949
212	1117	2070	2015
213	1117	2349	2246
214	1117	2031	1951
0	1118	130906	106726
1	1118	2086	1990
2	1118	2188	2107
3	1118	1994	1924
4	1118	1863	1805
5	1118	1398	1343
6	1118	42	39
7	1118	2034	1960
8	1118	1644	1579
9	1118	1854	1792
10	1118	2329	2235
11	1118	970	940
12	1118	1455	1398
13	1118	1580	1533
14	1118	9	5
15	1118	1854	1782
16	1118	13	12
17	1118	1717	1663
18	1118	8	8
19	1118	1808	1766
20	1118	20	20
21	1118	26	23
22	1118	17	16
23	1118	1732	1683
24	1118	20	14
25	1118	1759	1690
26	1118	1123	1082
27	1118	1036	965
28	1118	1676	1621
29	1118	157	136
30	1118	1367	1303
31	1118	15	13
32	1118	2066	1981
33	1118	1152	1108
34	1118	1526	1472
35	1118	1837	1777
36	1118	1047	1006
37	1118	1672	1612
38	1118	1575	1489
39	1118	1627	1553
40	1118	21	18
41	1118	1466	1410
42	1118	17	16
43	1118	1268	1231
44	1118	1453	1387
45	1118	1267	1231
46	1118	1395	1300
47	1118	1939	1849
48	1118	1220	1163
49	1118	1627	1562
50	1118	721	699
51	1118	1494	1451
52	1118	1171	1130
53	1118	1289	1230
54	1118	1636	1543
55	1118	1804	1750
56	1118	1262	1208
57	1118	1393	1328
58	1118	1878	1818
59	1118	2111	2043
60	1118	873	841
61	1118	1638	1569
62	1118	1816	1717
63	1118	1859	1785
64	1118	10	9
65	1118	2724	2604
66	1118	1812	1739
67	1118	1950	1883
68	1118	1623	1558
69	1118	16	15
70	1118	1478	1411
71	1118	1460	1416
72	1118	1474	1399
73	1118	894	849
74	1118	1151	1100
75	1118	1729	1660
76	1118	1889	1816
77	1118	8	8
78	1118	1	1
79	1118	3	3
80	1118	4	4
81	1118	1591	1530
82	1118	5	4
83	1118	13	11
84	1118	1501	1451
85	1118	1774	1711
86	1118	1023	969
87	1118	3	2
88	1118	1	1
89	1118	2	2
90	1118	9	8
92	1118	6	6
93	1118	26	20
94	1118	2070	1995
95	1118	2290	2187
96	1118	2288	2183
97	1118	2926	2836
98	1118	614	595
99	1118	1041	991
100	1118	2390	2284
101	1118	2932	2818
102	1118	3001	2872
103	1118	3538	3421
104	1118	3462	3356
105	1118	642	624
106	1118	4028	3888
107	1118	3539	3447
108	1118	3102	3013
109	1118	2955	2872
110	1118	294	286
111	1118	2944	2815
112	1118	3802	3671
113	1118	1389	1266
114	1118	3417	3325
115	1118	273	254
116	1118	3240	3147
117	1118	2751	2635
118	1118	2743	2651
119	1118	1695	1642
120	1118	51	50
121	1118	62	62
122	1118	1579	1536
123	1118	664	646
124	1118	1030	1002
125	1118	1482	1435
126	1118	2653	2558
127	1118	212	197
128	1118	3773	3645
129	1118	2756	2620
130	1118	3065	2969
131	1118	2857	2775
132	1118	2328	2257
133	1118	2600	2511
134	1118	1967	1888
135	1118	665	642
136	1118	3623	3519
137	1118	3533	3427
138	1118	532	509
139	1118	2958	2849
140	1118	3795	3682
141	1118	3899	3795
142	1118	2624	2526
143	1118	2830	2691
144	1118	4053	3933
145	1118	14	13
146	1118	892	869
147	1118	3314	3203
148	1118	2920	2835
149	1118	3195	3091
150	1118	2117	2031
151	1118	285	276
152	1118	3293	3182
153	1118	4301	4175
154	1118	5123	4991
155	1118	3806	3701
156	1118	143	138
157	1118	2448	2381
158	1118	2162	2092
159	1118	2898	2787
160	1118	2662	2556
161	1118	352	345
162	1118	3094	3012
163	1118	3741	3615
164	1118	3043	2958
165	1118	3454	3302
166	1118	535	518
167	1118	2992	2858
168	1118	4191	4059
169	1118	3730	3614
170	1118	3940	3838
171	1118	267	254
172	1118	3448	3350
173	1118	2707	2620
174	1118	2448	2357
175	1118	2755	2642
176	1118	3548	3444
177	1118	3412	3314
178	1118	3024	2932
179	1118	5018	4864
180	1118	4881	4722
181	1118	4223	4083
182	1118	67	50
183	1118	2689	2568
184	1118	2078	2000
185	1118	3038	2946
186	1118	322	313
187	1118	4103	3976
188	1118	20	18
189	1118	2472	2378
190	1118	2136	2038
191	1118	1828	1731
192	1118	87	86
193	1118	28	27
194	1118	86	82
195	1118	25	23
196	1118	13	13
197	1118	648	622
198	1118	1653	1580
199	1118	6	5
200	1118	2	1
201	1118	65	63
202	1118	14	14
203	1118	63	61
204	1118	1494	1442
205	1118	2275	2208
206	1118	2120	2064
207	1118	1825	1763
208	1118	1418	1384
209	1118	15	12
210	1118	1973	1918
211	1118	1076	1034
212	1118	1995	1942
213	1118	2455	2388
214	1118	2169	2078
0	1119	128244	106314
1	1119	2038	1979
2	1119	2093	2018
3	1119	1914	1863
4	1119	1903	1841
5	1119	1344	1284
6	1119	36	34
7	1119	1964	1893
8	1119	1582	1509
9	1119	1824	1773
10	1119	2358	2287
11	1119	957	932
12	1119	1402	1354
13	1119	1601	1556
14	1119	6	5
15	1119	1901	1843
16	1119	5	3
17	1119	1743	1701
18	1119	11	10
19	1119	1765	1729
20	1119	11	11
21	1119	19	18
22	1119	15	14
23	1119	1681	1634
24	1119	9	8
25	1119	1681	1622
26	1119	1106	1064
27	1119	924	862
28	1119	1669	1610
29	1119	153	129
30	1119	1245	1179
31	1119	19	15
32	1119	1981	1903
33	1119	1062	1026
34	1119	1496	1446
35	1119	1760	1700
36	1119	1051	1018
37	1119	1590	1551
38	1119	1533	1467
39	1119	1553	1487
40	1119	16	14
41	1119	1361	1337
42	1119	14	14
43	1119	1223	1190
44	1119	1394	1341
45	1119	1272	1241
46	1119	1441	1354
47	1119	1793	1742
48	1119	1219	1176
49	1119	1550	1508
50	1119	757	733
51	1119	1481	1443
52	1119	1173	1132
53	1119	1340	1272
54	1119	1588	1517
55	1119	1792	1738
56	1119	1279	1227
57	1119	1349	1278
58	1119	1783	1718
59	1119	2171	2106
60	1119	872	834
61	1119	1684	1627
62	1119	1719	1618
63	1119	1761	1711
64	1119	7	4
65	1119	2533	2416
66	1119	1797	1726
67	1119	1820	1764
68	1119	1605	1539
69	1119	11	11
70	1119	1415	1357
71	1119	1521	1463
72	1119	1445	1375
73	1119	998	959
74	1119	1155	1095
75	1119	1841	1779
76	1119	1697	1633
77	1119	9	8
78	1119	2	2
79	1119	9	9
80	1119	7	4
81	1119	1528	1481
82	1119	7	6
83	1119	9	7
84	1119	1448	1386
85	1119	1714	1669
86	1119	1049	1001
87	1119	2	2
88	1119	1	1
89	1119	12	9
90	1119	13	11
91	1119	3	3
92	1119	7	5
93	1119	17	15
94	1119	2108	2031
95	1119	2292	2204
96	1119	2141	2059
97	1119	2806	2736
98	1119	624	596
99	1119	990	961
100	1119	2504	2415
101	1119	2900	2807
102	1119	3020	2904
103	1119	3468	3371
104	1119	3331	3240
105	1119	612	594
106	1119	3851	3741
107	1119	3355	3268
108	1119	3117	3040
109	1119	2909	2830
110	1119	261	253
111	1119	2750	2652
112	1119	3695	3589
113	1119	1163	1059
114	1119	3447	3353
115	1119	257	236
116	1119	3264	3186
117	1119	2687	2600
118	1119	2741	2662
119	1119	1667	1624
120	1119	50	50
121	1119	43	43
122	1119	1609	1576
123	1119	684	671
124	1119	959	945
125	1119	1456	1408
126	1119	2637	2564
127	1119	174	167
128	1119	3721	3620
129	1119	2630	2499
130	1119	3005	2927
131	1119	2819	2739
132	1119	2357	2296
133	1119	2585	2520
134	1119	1853	1797
135	1119	599	579
136	1119	3571	3469
137	1119	3259	3182
138	1119	541	525
139	1119	2851	2773
140	1119	3863	3754
141	1119	3877	3766
142	1119	2651	2565
143	1119	2779	2666
144	1119	4040	3919
145	1119	14	14
146	1119	902	888
147	1119	3103	3040
148	1119	2860	2762
149	1119	3026	2944
150	1119	2139	2082
151	1119	231	226
152	1119	3176	3114
153	1119	4040	3946
154	1119	5025	4922
155	1119	3888	3797
156	1119	137	134
157	1119	2419	2360
158	1119	2037	1980
159	1119	2729	2634
160	1119	2601	2519
161	1119	313	310
162	1119	2936	2853
163	1119	3578	3486
164	1119	3051	2980
165	1119	3324	3188
166	1119	495	477
167	1119	2786	2672
168	1119	4157	4052
169	1119	3570	3477
170	1119	3884	3798
171	1119	324	315
172	1119	3336	3237
173	1119	2658	2597
174	1119	2410	2352
175	1119	2612	2523
176	1119	3518	3412
177	1119	3216	3144
178	1119	2945	2877
179	1119	4971	4819
180	1119	4849	4724
181	1119	4096	3975
182	1119	67	58
183	1119	2544	2448
184	1119	2079	2019
185	1119	2968	2871
186	1119	267	254
187	1119	4199	4098
188	1119	14	13
189	1119	2372	2299
190	1119	2117	2010
191	1119	1721	1631
192	1119	62	60
193	1119	11	11
194	1119	78	75
195	1119	23	21
196	1119	14	14
197	1119	720	687
198	1119	1532	1487
199	1119	7	6
200	1119	4	4
201	1119	65	65
202	1119	16	14
203	1119	62	61
204	1119	1535	1481
205	1119	2145	2090
206	1119	2129	2076
207	1119	1824	1782
208	1119	1390	1367
209	1119	15	13
210	1119	1884	1832
211	1119	1073	1028
212	1119	2058	2002
213	1119	2366	2283
214	1119	2042	1973
0	2101	149183	120485
1	2101	2093	2012
2	2101	2456	2351
3	2101	1960	1877
4	2101	2070	1989
5	2101	1596	1526
6	2101	40	37
7	2101	2121	2008
8	2101	1802	1731
9	2101	1808	1742
10	2101	2434	2323
11	2101	929	901
12	2101	1475	1423
13	2101	1739	1657
14	2101	4	4
15	2101	1942	1842
16	2101	5	2
17	2101	1867	1804
18	2101	7	6
19	2101	1823	1752
20	2101	5	5
21	2101	7	6
22	2101	7	5
23	2101	1760	1671
24	2101	11	7
25	2101	1801	1739
26	2101	1199	1157
27	2101	1676	1608
28	2101	1839	1778
29	2101	1498	1422
30	2101	1518	1465
31	2101	5	5
32	2101	2241	2145
33	2101	1191	1139
34	2101	1758	1694
35	2101	1944	1874
36	2101	1047	998
37	2101	1677	1607
38	2101	1785	1705
39	2101	1983	1892
40	2101	12	9
41	2101	1614	1542
42	2101	3	3
43	2101	1204	1151
44	2101	1643	1578
45	2101	1397	1330
46	2101	1911	1829
47	2101	2005	1946
48	2101	1347	1299
49	2101	1644	1568
50	2101	811	776
51	2101	1540	1476
52	2101	1433	1376
53	2101	1445	1367
54	2101	2042	1956
55	2101	1905	1817
56	2101	1409	1344
57	2101	1535	1471
58	2101	2094	2041
59	2101	2016	1930
60	2101	933	900
61	2101	1679	1593
62	2101	2136	2077
63	2101	1899	1830
64	2101	12	4
65	2101	3075	2941
66	2101	1809	1735
67	2101	2089	2005
68	2101	1742	1681
69	2101	3	3
70	2101	1554	1502
71	2101	1686	1618
72	2101	1603	1524
73	2101	992	960
74	2101	1552	1496
75	2101	1774	1705
76	2101	2002	1939
77	2101	4	4
78	2101	3	3
79	2101	5	4
80	2101	3	1
81	2101	1533	1473
82	2101	6	4
83	2101	3	3
84	2101	1662	1586
85	2101	2022	1946
86	2101	1297	1245
87	2101	2	2
90	2101	2	2
92	2101	2	2
93	2101	22	11
94	2101	2232	2151
95	2101	2499	2401
96	2101	2398	2247
97	2101	3133	3045
98	2101	589	550
99	2101	1091	1060
100	2101	2592	2499
101	2101	3238	3110
102	2101	3184	3004
103	2101	3646	3522
104	2101	3577	3444
105	2101	699	674
106	2101	4160	4000
107	2101	3673	3546
108	2101	3184	3087
109	2101	3097	2989
110	2101	325	311
111	2101	3532	3406
112	2101	4192	4054
113	2101	3139	3007
114	2101	3603	3488
115	2101	291	268
116	2101	3652	3535
117	2101	3497	3359
118	2101	3004	2880
119	2101	1926	1864
120	2101	49	48
121	2101	47	45
122	2101	1707	1644
123	2101	790	771
124	2101	944	918
125	2101	1590	1548
126	2101	2898	2828
127	2101	188	182
128	2101	3989	3856
129	2101	3891	3758
130	2101	2982	2887
131	2101	3123	3014
132	2101	2471	2392
133	2101	2807	2714
134	2101	1986	1900
135	2101	646	624
136	2101	3934	3841
137	2101	3893	3777
138	2101	632	606
139	2101	3010	2896
140	2101	4083	3963
141	2101	4150	3999
142	2101	3037	2940
143	2101	3210	3091
144	2101	4250	4130
145	2101	10	10
146	2101	900	873
147	2101	3425	3314
148	2101	2878	2780
149	2101	3344	3238
150	2101	2248	2169
151	2101	258	248
152	2101	3316	3212
153	2101	4383	4238
154	2101	5058	4901
155	2101	4144	4025
156	2101	115	109
157	2101	2540	2454
158	2101	2274	2211
159	2101	3216	3095
160	2101	3072	2967
161	2101	407	401
162	2101	3078	2960
163	2101	4119	3990
164	2101	3157	3046
165	2101	3634	3458
166	2101	571	552
167	2101	3380	3252
168	2101	4500	4373
169	2101	4059	3948
170	2101	3921	3786
171	2101	333	324
172	2101	3656	3555
173	2101	2935	2846
174	2101	2720	2613
175	2101	3163	3040
176	2101	3966	3826
177	2101	3518	3407
178	2101	3135	3034
179	2101	5498	5242
180	2101	5172	4982
181	2101	4557	4376
182	2101	78	54
183	2101	2837	2731
184	2101	2465	2390
185	2101	3334	3221
186	2101	355	337
187	2101	4545	4401
188	2101	10	10
189	2101	2641	2497
190	2101	2437	2320
191	2101	1988	1905
192	2101	83	80
193	2101	7	6
194	2101	115	108
195	2101	35	33
196	2101	10	9
197	2101	779	736
198	2101	1723	1654
199	2101	7	6
200	2101	2	2
201	2101	72	64
202	2101	8	7
203	2101	45	45
204	2101	1659	1584
205	2101	2122	2040
206	2101	2135	2048
207	2101	1879	1817
208	2101	1432	1367
209	2101	4	4
210	2101	2176	2088
211	2101	1151	1094
212	2101	2014	1937
213	2101	2667	2542
214	2101	2351	2251
0	2102	151350	121574
1	2102	2286	2201
2	2102	2477	2381
3	2102	2117	2040
4	2102	2144	2054
5	2102	1560	1501
6	2102	48	47
7	2102	2117	2045
8	2102	1882	1811
9	2102	1915	1844
10	2102	2382	2293
11	2102	997	965
12	2102	1535	1496
13	2102	1727	1665
14	2102	2	2
15	2102	2045	1980
16	2102	3	3
17	2102	1781	1717
18	2102	7	7
19	2102	1885	1829
20	2102	4	3
21	2102	13	12
22	2102	6	5
23	2102	1754	1679
24	2102	6	4
25	2102	1733	1657
26	2102	1266	1229
27	2102	1622	1564
28	2102	1840	1776
29	2102	1497	1445
30	2102	1606	1554
31	2102	7	7
32	2102	2291	2210
33	2102	1095	1061
34	2102	1647	1599
35	2102	2048	1991
36	2102	1076	1042
37	2102	1826	1760
38	2102	1650	1580
39	2102	2114	2046
40	2102	13	11
41	2102	1595	1545
42	2102	15	13
43	2102	1261	1227
44	2102	1534	1464
45	2102	1373	1343
46	2102	1877	1801
47	2102	2038	1973
48	2102	1335	1287
49	2102	1562	1511
50	2102	809	784
51	2102	1657	1593
52	2102	1378	1343
53	2102	1544	1468
54	2102	1967	1883
55	2102	1884	1809
56	2102	1482	1420
57	2102	1496	1437
58	2102	1945	1870
59	2102	2070	2006
60	2102	955	918
61	2102	1682	1616
62	2102	2166	2086
63	2102	1779	1698
64	2102	8	5
65	2102	3064	2960
66	2102	1847	1781
67	2102	1947	1872
68	2102	1806	1750
69	2102	4	4
70	2102	1688	1637
71	2102	1680	1620
72	2102	1568	1490
73	2102	1097	1056
74	2102	1572	1528
75	2102	1817	1747
76	2102	2048	1977
77	2102	2	2
78	2102	7	6
79	2102	2	2
80	2102	4	3
81	2102	1602	1541
82	2102	4	4
83	2102	3	3
84	2102	1617	1556
85	2102	1884	1823
86	2102	1315	1263
87	2102	2	2
88	2102	2	2
89	2102	2	2
90	2102	2	2
92	2102	2	2
93	2102	20	14
94	2102	2323	2261
95	2102	2581	2478
96	2102	2357	2215
97	2102	3254	3139
98	2102	653	618
99	2102	1176	1141
100	2102	2730	2651
101	2102	3309	3211
102	2102	3345	3220
103	2102	3799	3677
104	2102	3712	3585
105	2102	668	647
106	2102	4032	3879
107	2102	3601	3508
108	2102	3238	3150
109	2102	3183	3096
110	2102	325	318
111	2102	3683	3569
112	2102	4170	4037
113	2102	3415	3293
114	2102	3723	3625
115	2102	302	288
116	2102	3434	3342
117	2102	3533	3425
118	2102	2864	2759
119	2102	1924	1870
120	2102	49	48
121	2102	50	49
122	2102	1640	1602
123	2102	688	665
124	2102	1013	991
125	2102	1513	1473
126	2102	2931	2860
127	2102	232	227
128	2102	4092	3961
129	2102	3974	3860
130	2102	3114	3020
131	2102	3078	2980
132	2102	2635	2580
133	2102	2842	2762
134	2102	1940	1862
135	2102	729	710
136	2102	3950	3850
137	2102	3719	3618
138	2102	584	568
139	2102	3089	3003
140	2102	4019	3922
141	2102	4129	4014
142	2102	3002	2897
143	2102	3279	3203
144	2102	4269	4154
145	2102	9	8
146	2102	926	903
147	2102	3566	3488
148	2102	3055	2976
149	2102	3122	3021
150	2102	2214	2144
151	2102	300	290
152	2102	3407	3319
153	2102	4532	4406
154	2102	5197	5052
155	2102	4044	3913
156	2102	154	147
157	2102	2641	2572
158	2102	2426	2359
159	2102	3037	2935
160	2102	3057	2967
161	2102	324	316
162	2102	3093	3024
163	2102	4157	4033
164	2102	3255	3171
165	2102	3619	3461
166	2102	570	558
167	2102	3404	3276
168	2102	4609	4494
169	2102	4029	3925
170	2102	3903	3800
171	2102	349	334
172	2102	3718	3626
173	2102	2938	2855
174	2102	2689	2599
175	2102	3012	2910
176	2102	3936	3828
177	2102	3561	3465
178	2102	3031	2948
179	2102	5455	5266
180	2102	5466	5317
181	2102	4684	4532
182	2102	70	52
183	2102	2857	2744
184	2102	2430	2363
185	2102	3415	3319
186	2102	295	284
187	2102	4521	4416
188	2102	17	17
189	2102	2638	2543
190	2102	2546	2459
191	2102	2101	2008
192	2102	71	71
193	2102	8	7
194	2102	109	104
195	2102	36	35
196	2102	13	12
197	2102	754	720
198	2102	1702	1637
199	2102	8	8
200	2102	2	2
201	2102	75	70
202	2102	10	10
203	2102	67	65
204	2102	1433	1373
205	2102	2232	2143
206	2102	2126	2065
207	2102	1937	1868
208	2102	1521	1473
209	2102	7	7
210	2102	2165	2103
211	2102	1156	1107
212	2102	2015	1957
213	2102	2711	2623
214	2102	2413	2317
0	2103	149336	119923
1	2103	2190	2110
2	2103	2331	2231
3	2103	2044	1957
4	2103	2060	1999
5	2103	1562	1484
6	2103	55	53
7	2103	1980	1900
8	2103	1898	1815
9	2103	1904	1826
10	2103	2317	2231
11	2103	935	894
12	2103	1431	1382
13	2103	1790	1717
14	2103	6	5
15	2103	2051	1969
16	2103	7	5
17	2103	1787	1726
18	2103	10	7
19	2103	1845	1772
20	2103	8	8
21	2103	11	11
22	2103	3	3
23	2103	1694	1634
24	2103	5	4
25	2103	1687	1617
26	2103	1345	1289
27	2103	1690	1635
28	2103	1821	1760
29	2103	1492	1428
30	2103	1493	1452
31	2103	4	4
32	2103	2311	2195
33	2103	1147	1114
34	2103	1672	1611
35	2103	1809	1728
36	2103	1035	1003
37	2103	1666	1595
38	2103	1777	1698
39	2103	1954	1904
40	2103	30	25
41	2103	1511	1450
42	2103	6	6
43	2103	1206	1164
44	2103	1598	1528
45	2103	1434	1384
46	2103	1920	1837
47	2103	1942	1863
48	2103	1218	1176
49	2103	1676	1622
50	2103	781	757
51	2103	1468	1393
52	2103	1399	1354
53	2103	1536	1461
54	2103	1979	1902
55	2103	1759	1700
56	2103	1329	1267
57	2103	1533	1476
58	2103	2005	1932
59	2103	1955	1898
60	2103	911	875
61	2103	1704	1632
62	2103	1990	1901
63	2103	1822	1744
64	2103	7	4
65	2103	3011	2879
66	2103	1811	1744
67	2103	1994	1921
68	2103	1737	1670
69	2103	5	5
70	2103	1739	1654
71	2103	1626	1575
72	2103	1558	1496
73	2103	1019	986
74	2103	1620	1553
75	2103	1720	1659
76	2103	1982	1912
77	2103	7	7
79	2103	3	1
80	2103	3	0
81	2103	1526	1475
83	2103	5	5
84	2103	1642	1568
85	2103	1920	1847
86	2103	1314	1262
88	2103	3	3
92	2103	1	1
93	2103	24	16
94	2103	2190	2126
95	2103	2546	2450
96	2103	2322	2176
97	2103	3215	3113
98	2103	588	557
99	2103	1166	1132
100	2103	2719	2644
101	2103	3271	3141
102	2103	3192	3075
103	2103	3686	3560
104	2103	3604	3481
105	2103	701	676
106	2103	4078	3907
107	2103	3758	3637
108	2103	3315	3207
109	2103	2945	2844
110	2103	309	300
111	2103	3559	3438
112	2103	4206	4065
113	2103	3280	3172
114	2103	3735	3617
115	2103	287	257
116	2103	3675	3532
117	2103	3483	3348
118	2103	2885	2796
119	2103	1875	1797
120	2103	60	59
121	2103	67	65
122	2103	1505	1458
123	2103	742	726
124	2103	948	911
125	2103	1582	1540
126	2103	2961	2867
127	2103	245	235
128	2103	3968	3867
129	2103	4010	3913
130	2103	3058	2984
131	2103	3270	3157
132	2103	2569	2501
133	2103	2686	2623
134	2103	1952	1865
135	2103	660	646
136	2103	3774	3664
137	2103	3688	3574
138	2103	586	570
139	2103	2996	2908
140	2103	4145	4027
141	2103	3989	3876
142	2103	2882	2798
143	2103	3230	3129
144	2103	4276	4157
145	2103	12	12
146	2103	1023	991
147	2103	3404	3308
148	2103	2980	2903
149	2103	3232	3150
150	2103	2238	2171
151	2103	249	244
152	2103	3420	3328
153	2103	4684	4520
154	2103	5181	5021
155	2103	4193	4072
156	2103	164	161
157	2103	2661	2585
158	2103	2382	2297
159	2103	3180	3102
160	2103	2971	2884
161	2103	377	363
162	2103	3022	2951
163	2103	4245	4125
164	2103	3219	3135
165	2103	3665	3526
166	2103	560	546
167	2103	3422	3301
168	2103	4584	4452
169	2103	3944	3822
170	2103	4013	3899
171	2103	289	282
172	2103	3604	3490
173	2103	2920	2840
174	2103	2543	2453
175	2103	3024	2926
176	2103	3913	3802
177	2103	3665	3563
178	2103	3171	3074
179	2103	5517	5293
180	2103	5259	5107
181	2103	4649	4500
182	2103	97	70
183	2103	2836	2736
184	2103	2450	2380
185	2103	3352	3267
186	2103	327	318
187	2103	4500	4360
188	2103	22	19
189	2103	2620	2513
190	2103	2486	2391
191	2103	2189	2091
192	2103	60	59
193	2103	15	14
194	2103	96	96
195	2103	27	27
196	2103	8	8
197	2103	713	682
198	2103	1799	1731
199	2103	12	9
200	2103	8	7
201	2103	47	45
202	2103	14	14
203	2103	66	64
204	2103	1543	1472
205	2103	2355	2263
206	2103	2157	2091
207	2103	1893	1822
208	2103	1448	1410
209	2103	2	2
210	2103	2017	1949
211	2103	1169	1121
212	2103	2054	1972
213	2103	2631	2544
214	2103	2337	2243
0	2104	149616	120347
1	2104	2195	2129
2	2104	2297	2219
3	2104	1925	1844
4	2104	2118	2055
5	2104	1628	1576
6	2104	49	46
7	2104	2058	1999
8	2104	1851	1777
9	2104	1864	1798
10	2104	2272	2194
11	2104	953	919
12	2104	1491	1443
13	2104	1728	1668
14	2104	8	7
15	2104	1966	1913
16	2104	5	2
17	2104	1766	1715
18	2104	11	9
19	2104	1878	1822
20	2104	7	7
21	2104	14	13
22	2104	5	5
23	2104	1705	1646
24	2104	11	7
25	2104	1677	1633
26	2104	1328	1291
27	2104	1695	1647
28	2104	1841	1787
29	2104	1510	1445
30	2104	1552	1496
31	2104	5	5
32	2104	2382	2284
33	2104	1200	1167
34	2104	1777	1728
35	2104	1952	1894
36	2104	984	955
37	2104	1668	1616
38	2104	1754	1681
39	2104	1860	1792
40	2104	15	14
41	2104	1449	1407
42	2104	6	5
43	2104	1249	1216
44	2104	1645	1585
45	2104	1387	1356
46	2104	1873	1819
47	2104	2031	1972
48	2104	1295	1235
49	2104	1599	1551
50	2104	833	805
51	2104	1614	1566
52	2104	1369	1321
53	2104	1457	1373
54	2104	1891	1837
55	2104	1808	1744
56	2104	1353	1307
57	2104	1526	1473
58	2104	2040	1967
59	2104	1987	1925
60	2104	902	871
61	2104	1748	1678
62	2104	2030	1959
63	2104	1887	1825
64	2104	8	6
65	2104	3100	2978
66	2104	1924	1859
67	2104	2028	1964
68	2104	1823	1760
69	2104	5	4
70	2104	1629	1571
71	2104	1582	1540
72	2104	1498	1424
73	2104	1083	1051
74	2104	1502	1462
75	2104	1810	1739
76	2104	2043	1979
77	2104	4	4
78	2104	1	1
79	2104	6	5
80	2104	3	1
81	2104	1504	1456
82	2104	2	2
83	2104	9	9
84	2104	1609	1556
85	2104	1867	1805
86	2104	1273	1223
88	2104	2	2
89	2104	4	4
90	2104	2	2
92	2104	6	3
93	2104	17	11
94	2104	2154	2098
95	2104	2404	2329
96	2104	2388	2252
97	2104	3195	3106
98	2104	647	613
99	2104	1169	1140
100	2104	2702	2622
101	2104	3281	3173
102	2104	3234	3111
103	2104	3650	3556
104	2104	3562	3456
105	2104	752	738
106	2104	4175	4030
107	2104	3742	3645
108	2104	3280	3201
109	2104	3116	3025
110	2104	320	312
111	2104	3636	3533
112	2104	4178	4078
113	2104	3202	3116
114	2104	3644	3561
115	2104	293	267
116	2104	3564	3496
117	2104	3500	3399
118	2104	3046	2969
119	2104	1831	1772
120	2104	45	44
121	2104	58	55
122	2104	1602	1551
123	2104	693	671
124	2104	1031	1006
125	2104	1482	1448
126	2104	2998	2917
127	2104	196	186
128	2104	3951	3846
129	2104	4013	3911
130	2104	3033	2938
131	2104	3089	2999
132	2104	2548	2491
133	2104	2857	2785
134	2104	1933	1859
135	2104	628	609
136	2104	3790	3694
137	2104	3828	3716
138	2104	559	549
139	2104	3014	2937
140	2104	4138	4040
141	2104	4097	3989
142	2104	2793	2717
143	2104	3189	3097
144	2104	4305	4203
145	2104	9	9
146	2104	935	911
147	2104	3555	3469
148	2104	2875	2796
149	2104	3217	3120
150	2104	2353	2277
151	2104	302	295
152	2104	3300	3195
153	2104	4580	4450
154	2104	5125	5018
155	2104	4173	4061
156	2104	130	123
157	2104	2584	2517
158	2104	2300	2252
159	2104	3294	3203
160	2104	2948	2863
161	2104	324	319
162	2104	3082	3002
163	2104	4263	4150
164	2104	3378	3309
165	2104	3581	3428
166	2104	577	557
167	2104	3273	3162
168	2104	4576	4457
169	2104	4136	4024
170	2104	3918	3837
171	2104	288	281
172	2104	3722	3646
173	2104	2904	2827
174	2104	2643	2573
175	2104	3100	2993
176	2104	3795	3694
177	2104	3690	3586
178	2104	3136	3053
179	2104	5447	5235
180	2104	5173	5043
181	2104	4506	4349
182	2104	79	54
183	2104	2984	2876
184	2104	2465	2409
185	2104	3346	3253
186	2104	318	305
187	2104	4635	4519
188	2104	19	16
189	2104	2619	2521
190	2104	2413	2296
191	2104	2072	2010
192	2104	64	64
193	2104	7	7
194	2104	102	96
195	2104	29	28
196	2104	9	9
197	2104	739	712
198	2104	1731	1675
199	2104	8	8
200	2104	10	10
201	2104	63	62
202	2104	18	16
203	2104	59	57
204	2104	1447	1397
205	2104	2272	2207
206	2104	2233	2152
207	2104	1817	1760
208	2104	1440	1394
209	2104	8	8
210	2104	2193	2118
211	2104	1153	1126
212	2104	2062	2000
213	2104	2603	2525
214	2104	2387	2301
0	2105	152123	121526
1	2105	2153	2076
2	2105	2421	2326
3	2105	2046	1971
4	2105	2012	1939
5	2105	1594	1512
6	2105	43	41
7	2105	2029	1952
8	2105	1769	1699
9	2105	1926	1859
10	2105	2502	2410
11	2105	908	870
12	2105	1536	1481
13	2105	1672	1607
14	2105	4	4
15	2105	1919	1826
16	2105	7	4
17	2105	1711	1659
18	2105	10	9
19	2105	1878	1820
20	2105	3	3
21	2105	8	8
22	2105	6	6
23	2105	1778	1713
24	2105	6	2
25	2105	1660	1597
26	2105	1205	1156
27	2105	1652	1602
28	2105	1706	1659
29	2105	1398	1329
30	2105	1530	1477
31	2105	6	6
32	2105	2283	2194
33	2105	1048	1008
34	2105	1795	1716
35	2105	1941	1884
36	2105	1023	985
37	2105	1745	1682
38	2105	1667	1608
39	2105	1940	1874
40	2105	19	14
41	2105	1571	1517
42	2105	17	14
43	2105	1168	1125
44	2105	1546	1469
45	2105	1423	1373
46	2105	1871	1790
47	2105	2023	1944
48	2105	1284	1230
49	2105	1733	1661
50	2105	784	763
51	2105	1540	1471
52	2105	1197	1136
53	2105	1439	1376
54	2105	1774	1706
55	2105	1873	1805
56	2105	1377	1308
57	2105	1531	1454
58	2105	2101	2017
59	2105	1966	1888
60	2105	853	812
61	2105	1725	1671
62	2105	2066	1968
63	2105	1741	1672
64	2105	5	3
65	2105	3042	2894
66	2105	1846	1778
67	2105	1801	1739
68	2105	1788	1707
69	2105	4	4
70	2105	1693	1632
71	2105	1594	1546
72	2105	1619	1545
73	2105	1019	986
74	2105	1653	1595
75	2105	1739	1682
76	2105	2030	1964
77	2105	3	3
78	2105	2	2
79	2105	3	3
80	2105	3	2
81	2105	1521	1490
82	2105	4	4
83	2105	3	2
84	2105	1662	1591
85	2105	1914	1844
86	2105	1259	1210
87	2105	4	4
88	2105	1	0
91	2105	1	1
92	2105	2	2
93	2105	16	10
94	2105	2203	2142
95	2105	2581	2483
96	2105	2428	2290
97	2105	3153	3039
98	2105	598	560
99	2105	1124	1100
100	2105	2632	2562
101	2105	3115	2994
102	2105	3235	3059
103	2105	3775	3644
104	2105	3586	3461
105	2105	683	667
106	2105	4206	4048
107	2105	3619	3511
108	2105	3344	3259
109	2105	3094	3011
110	2105	286	278
111	2105	3616	3479
112	2105	4114	3995
113	2105	3091	2983
114	2105	3701	3587
115	2105	280	258
116	2105	3437	3344
117	2105	3542	3422
118	2105	2819	2724
119	2105	1884	1821
120	2105	40	37
121	2105	57	56
122	2105	1538	1503
123	2105	726	708
124	2105	1036	1004
125	2105	1602	1560
126	2105	2894	2797
127	2105	233	226
128	2105	4037	3919
129	2105	3953	3832
130	2105	2968	2865
131	2105	3182	3080
132	2105	2505	2435
133	2105	2759	2671
134	2105	1889	1819
135	2105	696	675
136	2105	3879	3779
137	2105	3731	3619
138	2105	566	555
139	2105	3089	2996
140	2105	4031	3895
141	2105	4118	4005
142	2105	2904	2821
143	2105	3296	3216
144	2105	4326	4210
145	2105	15	15
146	2105	912	887
147	2105	3466	3367
148	2105	3003	2907
149	2105	3233	3138
150	2105	2129	2047
151	2105	288	280
152	2105	3368	3289
153	2105	4602	4440
154	2105	5150	5000
155	2105	4048	3928
156	2105	164	164
157	2105	2434	2361
158	2105	2346	2274
159	2105	3013	2916
160	2105	2968	2861
161	2105	401	390
162	2105	3134	3033
163	2105	4081	3945
164	2105	3252	3164
165	2105	3635	3489
166	2105	538	529
167	2105	3246	3115
168	2105	4483	4349
169	2105	3949	3830
170	2105	4055	3937
171	2105	337	322
172	2105	3477	3379
173	2105	2980	2891
174	2105	2683	2596
175	2105	2975	2862
176	2105	3875	3773
177	2105	3757	3654
178	2105	2982	2877
179	2105	5472	5244
180	2105	5344	5193
181	2105	4472	4308
182	2105	58	42
183	2105	2786	2667
184	2105	2530	2447
185	2105	3457	3363
186	2105	297	288
187	2105	4500	4342
188	2105	11	9
189	2105	2603	2506
190	2105	2483	2367
191	2105	2101	2012
192	2105	84	81
193	2105	15	15
194	2105	101	97
195	2105	29	29
196	2105	15	14
197	2105	744	716
198	2105	1744	1685
199	2105	5	4
200	2105	6	6
201	2105	73	71
202	2105	22	21
203	2105	65	64
204	2105	1478	1422
205	2105	2145	2075
206	2105	2200	2119
207	2105	1859	1806
208	2105	1407	1350
209	2105	11	11
210	2105	2066	1989
211	2105	1182	1150
212	2105	1989	1924
213	2105	2571	2464
214	2105	2418	2306
0	2106	152735	123114
1	2106	2084	1990
2	2106	2448	2363
3	2106	1974	1899
4	2106	2069	2005
5	2106	1660	1597
6	2106	39	36
7	2106	2137	2060
8	2106	1760	1695
9	2106	1896	1808
10	2106	2394	2306
11	2106	985	949
12	2106	1564	1513
13	2106	1759	1699
14	2106	2	2
15	2106	1869	1804
16	2106	8	5
17	2106	1716	1663
18	2106	16	14
19	2106	1892	1839
20	2106	3	3
21	2106	15	12
22	2106	4	4
23	2106	1756	1689
24	2106	5	2
25	2106	1725	1655
26	2106	1276	1240
27	2106	1566	1519
28	2106	1780	1732
29	2106	1367	1282
30	2106	1565	1495
31	2106	6	5
32	2106	2218	2116
33	2106	1099	1056
34	2106	1806	1739
35	2106	1900	1840
36	2106	1062	1034
37	2106	1688	1609
38	2106	1682	1616
39	2106	2047	1970
40	2106	19	16
41	2106	1490	1427
42	2106	10	9
43	2106	1234	1189
44	2106	1635	1550
45	2106	1408	1352
46	2106	2025	1964
47	2106	1899	1837
48	2106	1288	1241
49	2106	1589	1537
50	2106	779	751
51	2106	1573	1520
52	2106	1317	1272
53	2106	1494	1422
54	2106	1829	1765
55	2106	1812	1763
56	2106	1407	1349
57	2106	1542	1482
58	2106	1928	1873
59	2106	1978	1918
60	2106	935	904
61	2106	1793	1724
62	2106	2073	1992
63	2106	1820	1743
64	2106	6	2
65	2106	3133	3017
66	2106	2030	1968
67	2106	1890	1835
68	2106	1758	1697
69	2106	12	10
70	2106	1589	1537
71	2106	1618	1561
72	2106	1551	1487
73	2106	1033	994
74	2106	1557	1497
75	2106	1849	1789
76	2106	2078	2008
77	2106	1	0
78	2106	3	2
80	2106	5	5
81	2106	1577	1539
82	2106	6	6
83	2106	8	7
84	2106	1632	1576
85	2106	1926	1866
86	2106	1237	1192
87	2106	2	2
88	2106	2	2
90	2106	2	1
92	2106	1	1
93	2106	31	20
94	2106	2287	2215
95	2106	2413	2327
96	2106	2410	2279
97	2106	3199	3094
98	2106	638	613
99	2106	1117	1078
100	2106	2726	2645
101	2106	3272	3154
102	2106	3110	2977
103	2106	3784	3669
104	2106	3605	3499
105	2106	728	706
106	2106	4087	3940
107	2106	3649	3523
108	2106	3242	3130
109	2106	3150	3071
110	2106	312	302
111	2106	3605	3499
112	2106	4068	3958
113	2106	3158	3048
114	2106	3833	3750
115	2106	288	265
116	2106	3521	3426
117	2106	3410	3303
118	2106	2946	2824
119	2106	1825	1762
120	2106	56	56
121	2106	72	69
122	2106	1557	1512
123	2106	795	766
124	2106	1010	987
125	2106	1558	1521
126	2106	2945	2870
127	2106	240	235
128	2106	4142	4023
129	2106	3887	3785
130	2106	3122	3050
131	2106	3217	3107
132	2106	2533	2463
133	2106	2943	2852
134	2106	1894	1823
135	2106	687	668
136	2106	3886	3780
137	2106	3770	3661
138	2106	567	551
139	2106	3157	3073
140	2106	4065	3945
141	2106	3964	3866
142	2106	3002	2911
143	2106	3259	3153
144	2106	4204	4078
145	2106	17	17
146	2106	866	847
147	2106	3572	3462
148	2106	2925	2850
149	2106	3297	3211
150	2106	2271	2193
151	2106	289	282
152	2106	3330	3249
153	2106	4475	4328
154	2106	5264	5121
155	2106	4260	4119
156	2106	156	152
157	2106	2581	2498
158	2106	2199	2142
159	2106	3259	3165
160	2106	3072	2989
161	2106	391	380
162	2106	3066	2983
163	2106	4180	4049
164	2106	3119	3050
165	2106	3744	3593
166	2106	602	582
167	2106	3369	3222
168	2106	4584	4450
169	2106	4179	4047
170	2106	3978	3881
171	2106	298	293
172	2106	3651	3565
173	2106	2988	2902
174	2106	2630	2553
175	2106	3147	3025
176	2106	3870	3760
177	2106	3756	3645
178	2106	3043	2964
179	2106	5492	5290
180	2106	5215	5070
181	2106	4341	4211
182	2106	80	62
183	2106	2757	2659
184	2106	2538	2469
185	2106	3366	3265
186	2106	334	323
187	2106	4615	4488
188	2106	27	26
189	2106	2608	2501
190	2106	2430	2330
191	2106	2088	2017
192	2106	71	67
193	2106	11	11
194	2106	107	105
195	2106	62	61
196	2106	16	16
197	2106	753	714
198	2106	1717	1649
199	2106	12	12
200	2106	3	3
201	2106	65	63
202	2106	16	15
203	2106	44	44
204	2106	1616	1562
205	2106	2262	2178
206	2106	2244	2162
207	2106	1992	1920
208	2106	1578	1517
209	2106	8	8
210	2106	2077	2002
211	2106	1258	1204
212	2106	2129	2071
213	2106	2546	2435
214	2106	2502	2417
0	2107	157581	126421
1	2107	2159	2089
2	2107	2448	2351
3	2107	2013	1943
4	2107	2134	2043
5	2107	1599	1528
6	2107	64	64
7	2107	2049	1978
8	2107	1876	1795
9	2107	1791	1727
10	2107	2465	2344
11	2107	1002	971
12	2107	1609	1550
13	2107	1681	1614
14	2107	2	2
15	2107	1983	1907
16	2107	7	3
17	2107	1877	1820
18	2107	10	9
19	2107	1866	1794
20	2107	5	4
21	2107	11	11
22	2107	6	6
23	2107	1852	1778
24	2107	6	4
25	2107	1750	1677
26	2107	1274	1236
27	2107	1620	1557
28	2107	1768	1707
29	2107	1296	1232
30	2107	1567	1505
31	2107	4	4
32	2107	2259	2149
33	2107	1169	1119
34	2107	1787	1732
35	2107	1972	1910
36	2107	1028	996
37	2107	1728	1649
38	2107	1714	1657
39	2107	1946	1867
40	2107	18	15
41	2107	1620	1566
42	2107	6	6
43	2107	1261	1218
44	2107	1623	1554
45	2107	1516	1455
46	2107	1909	1823
47	2107	2044	1980
48	2107	1392	1337
49	2107	1678	1620
50	2107	775	741
51	2107	1619	1559
52	2107	1383	1335
53	2107	1556	1487
54	2107	1848	1763
55	2107	1910	1839
56	2107	1279	1218
57	2107	1543	1467
58	2107	2121	2033
59	2107	2108	2030
60	2107	866	833
61	2107	1772	1697
62	2107	2280	2187
63	2107	1958	1875
64	2107	5	1
65	2107	3070	2951
66	2107	2002	1925
67	2107	1920	1855
68	2107	1789	1734
69	2107	11	11
70	2107	1677	1626
71	2107	1582	1511
72	2107	1625	1543
73	2107	1091	1049
74	2107	1623	1571
75	2107	1815	1735
76	2107	1984	1917
77	2107	4	3
78	2107	3	3
79	2107	4	4
80	2107	7	5
81	2107	1531	1478
82	2107	4	3
83	2107	9	8
84	2107	1685	1633
85	2107	2013	1929
86	2107	1366	1325
87	2107	1	1
89	2107	1	1
90	2107	1	1
92	2107	2	2
93	2107	27	16
94	2107	2293	2229
95	2107	2521	2429
96	2107	2479	2345
97	2107	3233	3109
98	2107	583	555
99	2107	1142	1109
100	2107	2652	2578
101	2107	3300	3174
102	2107	3377	3215
103	2107	3903	3784
104	2107	3643	3510
105	2107	735	715
106	2107	4133	3972
107	2107	3694	3580
108	2107	3313	3208
109	2107	3331	3222
110	2107	320	316
111	2107	3621	3511
112	2107	4257	4127
113	2107	3161	3048
114	2107	3753	3657
115	2107	295	279
116	2107	3541	3429
117	2107	3565	3455
118	2107	3030	2928
119	2107	1898	1850
120	2107	52	50
121	2107	51	50
122	2107	1605	1563
123	2107	812	781
124	2107	1066	1043
125	2107	1552	1498
126	2107	3087	2989
127	2107	224	219
128	2107	4216	4107
129	2107	4009	3896
130	2107	3221	3127
131	2107	3304	3199
132	2107	2469	2401
133	2107	2859	2741
134	2107	1952	1874
135	2107	649	634
136	2107	3884	3790
137	2107	3805	3698
138	2107	526	508
139	2107	3121	3020
140	2107	4138	4013
141	2107	4120	4018
142	2107	3056	2959
143	2107	3290	3200
144	2107	4283	4154
145	2107	10	10
146	2107	940	902
147	2107	3532	3439
148	2107	2961	2885
149	2107	3244	3143
150	2107	2227	2160
151	2107	316	302
152	2107	3395	3311
153	2107	4789	4637
154	2107	5209	5020
155	2107	4153	3991
156	2107	157	153
157	2107	2605	2532
158	2107	2381	2298
159	2107	3233	3140
160	2107	3049	2965
161	2107	373	362
162	2107	3274	3181
163	2107	4281	4146
164	2107	3360	3271
165	2107	3679	3515
166	2107	585	561
167	2107	3483	3336
168	2107	4614	4464
169	2107	4155	4050
170	2107	4164	4054
171	2107	325	318
172	2107	3805	3698
173	2107	3004	2920
174	2107	2765	2669
175	2107	3175	3061
176	2107	4034	3916
177	2107	3695	3562
178	2107	3156	3056
179	2107	5477	5252
180	2107	5267	5092
181	2107	4649	4474
182	2107	65	57
183	2107	3040	2911
184	2107	2554	2495
185	2107	3375	3276
186	2107	283	273
187	2107	4675	4552
188	2107	23	19
189	2107	2739	2622
190	2107	2493	2373
191	2107	2144	2055
192	2107	94	91
193	2107	20	20
194	2107	98	93
195	2107	27	26
196	2107	15	14
197	2107	740	715
198	2107	1788	1722
199	2107	18	18
200	2107	2	2
201	2107	65	61
202	2107	17	15
203	2107	60	58
204	2107	1559	1514
205	2107	2159	2052
206	2107	2164	2090
207	2107	1882	1810
208	2107	1388	1349
209	2107	11	10
210	2107	2172	2085
211	2107	1241	1202
212	2107	2155	2082
213	2107	2628	2532
214	2107	2474	2383
0	2108	152426	121903
1	2108	2249	2155
2	2108	2470	2392
3	2108	2007	1929
4	2108	2070	1995
5	2108	1558	1505
6	2108	44	43
7	2108	2112	2039
8	2108	1901	1826
9	2108	1924	1854
10	2108	2405	2295
11	2108	1010	976
12	2108	1449	1411
13	2108	1812	1734
14	2108	6	5
15	2108	1910	1850
16	2108	6	5
17	2108	1695	1638
18	2108	4	3
19	2108	1853	1785
20	2108	5	4
21	2108	10	9
22	2108	12	8
23	2108	1781	1725
24	2108	7	4
25	2108	1755	1698
26	2108	1259	1207
27	2108	1658	1584
28	2108	1868	1793
29	2108	1421	1336
30	2108	1497	1447
31	2108	3	3
32	2108	2296	2208
33	2108	1108	1082
34	2108	1728	1665
35	2108	1876	1818
36	2108	1101	1050
37	2108	1789	1716
38	2108	1741	1671
39	2108	2023	1957
40	2108	21	17
41	2108	1556	1504
42	2108	11	8
43	2108	1221	1181
44	2108	1549	1488
45	2108	1377	1319
46	2108	1800	1743
47	2108	1961	1881
48	2108	1297	1254
49	2108	1643	1579
50	2108	828	796
51	2108	1631	1571
52	2108	1517	1461
53	2108	1550	1477
54	2108	1932	1841
55	2108	1943	1876
56	2108	1435	1355
57	2108	1494	1442
58	2108	2168	2097
59	2108	1979	1915
60	2108	881	842
61	2108	1740	1667
62	2108	2112	2021
63	2108	1758	1669
64	2108	8	6
65	2108	3141	3003
66	2108	1854	1782
67	2108	2020	1965
68	2108	1809	1756
69	2108	6	6
70	2108	1781	1727
71	2108	1573	1534
72	2108	1628	1562
73	2108	1095	1065
74	2108	1573	1514
75	2108	1786	1711
76	2108	2142	2082
77	2108	3	3
79	2108	4	2
80	2108	2	0
81	2108	1540	1477
82	2108	4	4
83	2108	3	3
84	2108	1744	1684
85	2108	2000	1929
86	2108	1354	1298
87	2108	1	1
89	2108	2	2
90	2108	5	5
92	2108	3	3
93	2108	23	14
94	2108	2128	2055
95	2108	2470	2383
96	2108	2400	2250
97	2108	3255	3139
98	2108	631	604
99	2108	1121	1090
100	2108	2660	2573
101	2108	3200	3096
102	2108	3145	3040
103	2108	3761	3627
104	2108	3693	3576
105	2108	760	740
106	2108	4073	3930
107	2108	3728	3635
108	2108	3272	3189
109	2108	3179	3072
110	2108	295	283
111	2108	3583	3473
112	2108	4152	4031
113	2108	3075	2952
114	2108	3732	3623
115	2108	264	249
116	2108	3634	3523
117	2108	3518	3398
118	2108	3101	2990
119	2108	2027	1953
120	2108	61	60
121	2108	43	43
122	2108	1621	1577
123	2108	757	731
124	2108	1043	1018
125	2108	1532	1479
126	2108	2844	2769
127	2108	246	243
128	2108	4108	4000
129	2108	4018	3901
130	2108	3115	3026
131	2108	3347	3236
132	2108	2559	2498
133	2108	2817	2742
134	2108	2035	1969
135	2108	692	672
136	2108	4001	3894
137	2108	3770	3654
138	2108	585	572
139	2108	3094	3009
140	2108	3836	3729
141	2108	4301	4171
142	2108	3045	2958
143	2108	3308	3208
144	2108	4431	4299
145	2108	6	6
146	2108	929	905
147	2108	3448	3342
148	2108	3114	3022
149	2108	3283	3176
150	2108	2226	2168
151	2108	270	256
152	2108	3308	3223
153	2108	4489	4365
154	2108	5253	5105
155	2108	4219	4102
156	2108	135	131
157	2108	2552	2487
158	2108	2318	2250
159	2108	3269	3168
160	2108	3098	3001
161	2108	369	360
162	2108	3190	3105
163	2108	4196	4072
164	2108	3398	3307
165	2108	3724	3552
166	2108	560	546
167	2108	3443	3335
168	2108	4583	4456
169	2108	4267	4163
170	2108	4077	3945
171	2108	316	310
172	2108	3542	3450
173	2108	3057	2980
174	2108	2590	2511
175	2108	2930	2845
176	2108	4013	3893
177	2108	3735	3620
178	2108	3146	3068
179	2108	5382	5151
180	2108	5303	5168
181	2108	4682	4538
182	2108	76	63
183	2108	2930	2824
184	2108	2427	2343
185	2108	3466	3379
186	2108	315	305
187	2108	4763	4627
188	2108	12	9
189	2108	2741	2625
190	2108	2509	2413
191	2108	2136	2050
192	2108	90	86
193	2108	18	17
194	2108	126	120
195	2108	33	30
196	2108	13	13
197	2108	784	760
198	2108	1702	1641
199	2108	13	12
200	2108	6	6
201	2108	68	64
202	2108	20	20
203	2108	58	58
204	2108	1521	1466
205	2108	2187	2106
206	2108	2137	2049
207	2108	1897	1835
208	2108	1485	1435
209	2108	9	9
210	2108	2120	2043
211	2108	1181	1130
212	2108	1999	1933
213	2108	2670	2579
214	2108	2479	2406
0	2109	154566	123571
1	2109	2214	2123
2	2109	2447	2359
3	2109	2106	2011
4	2109	2212	2132
5	2109	1576	1503
6	2109	33	31
7	2109	2270	2181
8	2109	1802	1721
9	2109	1935	1865
10	2109	2488	2377
11	2109	1101	1064
12	2109	1561	1493
13	2109	1780	1699
14	2109	10	10
15	2109	1968	1881
16	2109	6	5
17	2109	1781	1722
18	2109	4	3
19	2109	1858	1787
20	2109	5	5
21	2109	12	11
22	2109	3	3
23	2109	1870	1800
24	2109	6	4
25	2109	1779	1701
26	2109	1210	1150
27	2109	1637	1564
28	2109	1870	1785
29	2109	1223	1133
30	2109	1486	1424
31	2109	8	7
32	2109	2251	2138
33	2109	1130	1094
34	2109	1850	1775
35	2109	1976	1899
36	2109	1087	1050
37	2109	1792	1718
38	2109	1762	1685
39	2109	2027	1951
40	2109	13	11
41	2109	1559	1516
42	2109	4	4
43	2109	1249	1204
44	2109	1524	1437
45	2109	1433	1375
46	2109	1883	1805
47	2109	2083	2002
48	2109	1301	1238
49	2109	1680	1616
50	2109	850	810
51	2109	1583	1520
52	2109	1336	1285
53	2109	1611	1547
54	2109	1844	1762
55	2109	1910	1823
56	2109	1388	1336
57	2109	1463	1408
58	2109	2085	2006
59	2109	2035	1948
60	2109	919	879
61	2109	1754	1677
62	2109	2120	2033
63	2109	1845	1771
64	2109	4	2
65	2109	3265	3112
66	2109	1941	1847
67	2109	1978	1902
68	2109	1684	1602
69	2109	5	5
70	2109	1721	1648
71	2109	1718	1657
72	2109	1574	1490
73	2109	1080	1046
74	2109	1712	1643
75	2109	1791	1705
76	2109	2146	2074
77	2109	3	3
78	2109	1	0
80	2109	3	2
81	2109	1536	1477
82	2109	2	2
83	2109	9	8
84	2109	1779	1716
85	2109	1962	1874
86	2109	1253	1199
87	2109	4	4
88	2109	2	2
89	2109	2	2
93	2109	29	21
94	2109	2323	2239
95	2109	2606	2517
96	2109	2483	2334
97	2109	3288	3160
98	2109	633	601
99	2109	1074	1035
100	2109	2763	2650
101	2109	3353	3200
102	2109	3193	3034
103	2109	3787	3637
104	2109	3643	3499
105	2109	694	662
106	2109	4278	4121
107	2109	3751	3641
108	2109	3314	3218
109	2109	3147	3022
110	2109	321	314
111	2109	3613	3488
112	2109	4300	4147
113	2109	3033	2894
114	2109	3714	3580
115	2109	300	279
116	2109	3722	3596
117	2109	3594	3459
118	2109	2917	2814
119	2109	1936	1865
120	2109	49	49
121	2109	45	42
122	2109	1712	1654
123	2109	803	779
124	2109	1081	1045
125	2109	1642	1586
126	2109	2887	2788
127	2109	219	212
128	2109	4289	4163
129	2109	3921	3796
130	2109	3250	3143
131	2109	3163	3047
132	2109	2630	2553
133	2109	2953	2850
134	2109	1954	1857
135	2109	662	642
136	2109	3868	3750
137	2109	3829	3701
138	2109	569	546
139	2109	3216	3097
140	2109	4135	4018
141	2109	4236	4099
142	2109	2922	2832
143	2109	3340	3229
144	2109	4357	4221
145	2109	14	14
146	2109	1027	1005
147	2109	3641	3530
148	2109	3132	3032
149	2109	3372	3249
150	2109	2311	2221
151	2109	274	266
152	2109	3402	3307
153	2109	4626	4480
154	2109	5157	4981
155	2109	4413	4244
156	2109	151	142
157	2109	2583	2501
158	2109	2399	2325
159	2109	3305	3200
160	2109	3229	3116
161	2109	383	371
162	2109	3209	3101
163	2109	4223	4069
164	2109	3436	3325
165	2109	3760	3601
166	2109	648	620
167	2109	3520	3353
168	2109	4739	4602
169	2109	4169	4013
170	2109	4070	3942
171	2109	318	311
172	2109	3780	3677
173	2109	2984	2881
174	2109	2781	2683
175	2109	3094	2976
176	2109	4105	3959
177	2109	3594	3458
178	2109	3259	3131
179	2109	5578	5346
180	2109	5418	5240
181	2109	4700	4503
182	2109	77	62
183	2109	2885	2769
184	2109	2441	2354
185	2109	3537	3426
186	2109	321	313
187	2109	4725	4542
188	2109	20	16
189	2109	2808	2690
190	2109	2480	2378
191	2109	2117	2026
192	2109	88	82
193	2109	6	6
194	2109	91	88
195	2109	28	28
196	2109	11	9
197	2109	728	689
198	2109	1832	1752
199	2109	16	14
200	2109	7	5
201	2109	66	65
202	2109	15	14
203	2109	74	69
204	2109	1561	1497
205	2109	2279	2155
206	2109	2302	2224
207	2109	1904	1835
208	2109	1569	1503
209	2109	7	6
210	2109	2030	1943
211	2109	1152	1112
212	2109	1961	1888
213	2109	2676	2549
214	2109	2394	2298
0	2110	151005	120288
1	2110	2200	2122
2	2110	2415	2309
3	2110	2031	1959
4	2110	2163	2079
5	2110	1584	1517
6	2110	48	44
7	2110	2136	2052
8	2110	1842	1767
9	2110	1889	1824
10	2110	2501	2420
11	2110	982	947
12	2110	1545	1494
13	2110	1713	1652
14	2110	4	3
15	2110	1830	1751
16	2110	3	1
17	2110	1819	1760
18	2110	6	6
19	2110	1885	1817
20	2110	4	4
21	2110	18	17
22	2110	10	10
23	2110	1857	1783
24	2110	3	3
25	2110	1789	1720
26	2110	1216	1161
27	2110	1535	1473
28	2110	1894	1822
29	2110	1185	1098
30	2110	1565	1504
31	2110	4	4
32	2110	2346	2260
33	2110	1135	1092
34	2110	1699	1629
35	2110	1992	1896
36	2110	1109	1063
37	2110	1770	1701
38	2110	1765	1688
39	2110	2073	1994
40	2110	26	24
41	2110	1527	1478
42	2110	4	3
43	2110	1288	1239
44	2110	1605	1521
45	2110	1466	1418
46	2110	1881	1799
47	2110	1964	1892
48	2110	1315	1263
49	2110	1648	1580
50	2110	780	754
51	2110	1641	1573
52	2110	1360	1314
53	2110	1472	1401
54	2110	1908	1831
55	2110	1904	1828
56	2110	1505	1442
57	2110	1475	1406
58	2110	1971	1909
59	2110	2137	2075
60	2110	858	822
61	2110	1781	1691
62	2110	2163	2075
63	2110	1812	1722
64	2110	4	4
65	2110	3067	2932
66	2110	1923	1853
67	2110	1964	1885
68	2110	1803	1723
69	2110	9	7
70	2110	1615	1562
71	2110	1605	1545
72	2110	1546	1466
73	2110	1153	1105
74	2110	1520	1470
75	2110	1879	1809
76	2110	2157	2080
77	2110	1	1
79	2110	7	6
80	2110	3	2
81	2110	1620	1558
82	2110	1	0
83	2110	5	4
84	2110	1681	1608
85	2110	1911	1837
86	2110	1221	1165
87	2110	1	1
88	2110	1	1
89	2110	1	1
90	2110	4	4
92	2110	1	0
93	2110	31	20
94	2110	2211	2132
95	2110	2618	2506
96	2110	2455	2335
97	2110	3285	3183
98	2110	618	583
99	2110	1180	1139
100	2110	2785	2689
101	2110	3246	3116
102	2110	3160	3025
103	2110	3847	3726
104	2110	3624	3502
105	2110	700	676
106	2110	4064	3924
107	2110	3682	3569
108	2110	3268	3180
109	2110	3143	3055
110	2110	306	301
111	2110	3579	3467
112	2110	4110	3992
113	2110	3000	2886
114	2110	3638	3548
115	2110	250	226
116	2110	3631	3505
117	2110	3506	3385
118	2110	2907	2810
119	2110	1878	1813
120	2110	61	61
121	2110	48	48
122	2110	1593	1547
123	2110	747	726
124	2110	1064	1032
125	2110	1442	1395
126	2110	2965	2880
127	2110	237	231
128	2110	4118	3983
129	2110	4022	3875
130	2110	3112	3026
131	2110	3144	3033
132	2110	2643	2567
133	2110	2773	2680
134	2110	1953	1851
135	2110	649	631
136	2110	4050	3920
137	2110	3855	3739
138	2110	607	589
139	2110	3226	3126
140	2110	4157	4038
141	2110	4167	4059
142	2110	3040	2925
143	2110	3415	3320
144	2110	4261	4116
145	2110	11	11
146	2110	934	908
147	2110	3563	3479
148	2110	2886	2800
149	2110	3192	3098
150	2110	2196	2123
151	2110	276	267
152	2110	3464	3359
153	2110	4574	4424
154	2110	5272	5120
155	2110	4149	3993
156	2110	161	154
157	2110	2609	2526
158	2110	2402	2323
159	2110	3289	3186
160	2110	3165	3051
161	2110	422	409
162	2110	3263	3157
163	2110	4093	3963
164	2110	3381	3293
165	2110	3624	3468
166	2110	552	533
167	2110	3487	3340
168	2110	4603	4472
169	2110	4063	3948
170	2110	4154	4003
171	2110	344	331
172	2110	3643	3539
173	2110	2936	2843
174	2110	2573	2494
175	2110	2966	2839
176	2110	4077	3943
177	2110	3657	3529
178	2110	3239	3132
179	2110	5608	5398
180	2110	5322	5163
181	2110	4610	4451
182	2110	71	53
183	2110	2923	2822
184	2110	2469	2384
185	2110	3447	3318
186	2110	332	327
187	2110	4629	4470
188	2110	14	14
189	2110	2668	2563
190	2110	2504	2397
191	2110	2066	1969
192	2110	67	64
193	2110	14	12
194	2110	106	104
195	2110	35	33
196	2110	14	11
197	2110	773	740
198	2110	1722	1651
199	2110	11	10
200	2110	7	7
201	2110	70	68
202	2110	18	18
203	2110	76	72
204	2110	1644	1572
205	2110	2281	2196
206	2110	2192	2123
207	2110	1900	1832
208	2110	1485	1428
209	2110	17	16
210	2110	2067	1998
211	2110	1216	1169
212	2110	2035	1954
213	2110	2681	2588
214	2110	2397	2298
0	2111	151926	122529
1	2111	2148	2057
2	2111	2427	2326
3	2111	2019	1950
4	2111	2186	2103
5	2111	1617	1556
6	2111	46	45
7	2111	2134	2050
8	2111	1871	1806
9	2111	1943	1871
10	2111	2465	2380
11	2111	1005	970
12	2111	1484	1432
13	2111	1741	1665
14	2111	5	5
15	2111	1905	1837
16	2111	5	2
17	2111	1754	1691
18	2111	9	8
19	2111	1946	1860
20	2111	8	8
21	2111	17	14
22	2111	7	6
23	2111	1797	1736
24	2111	4	2
25	2111	1782	1721
26	2111	1260	1210
27	2111	1516	1452
28	2111	1889	1815
29	2111	1105	1029
30	2111	1546	1501
31	2111	6	6
32	2111	2366	2259
33	2111	1069	1023
34	2111	1785	1712
35	2111	1966	1891
36	2111	1111	1057
37	2111	1855	1785
38	2111	1780	1706
39	2111	2034	1950
40	2111	23	18
41	2111	1481	1426
42	2111	2	2
43	2111	1241	1198
44	2111	1592	1525
45	2111	1439	1381
46	2111	1878	1800
47	2111	2001	1929
48	2111	1379	1324
49	2111	1701	1646
50	2111	839	800
51	2111	1562	1505
52	2111	1350	1313
53	2111	1512	1428
54	2111	1795	1742
55	2111	1942	1861
56	2111	1375	1299
57	2111	1512	1454
58	2111	2088	2020
59	2111	2168	2119
60	2111	886	847
61	2111	1800	1732
62	2111	2072	2007
63	2111	1870	1803
64	2111	5	2
65	2111	3092	2956
66	2111	1822	1749
67	2111	1937	1872
68	2111	1771	1698
69	2111	4	4
70	2111	1662	1604
71	2111	1641	1579
72	2111	1467	1404
73	2111	1023	996
74	2111	1547	1496
75	2111	1809	1748
76	2111	1971	1890
77	2111	3	3
78	2111	3	3
79	2111	3	2
80	2111	2	2
81	2111	1583	1522
82	2111	5	4
83	2111	7	7
84	2111	1772	1710
85	2111	1913	1849
86	2111	1246	1188
89	2111	1	1
90	2111	2	2
91	2111	2	2
92	2111	3	3
93	2111	23	21
94	2111	2202	2133
95	2111	2478	2384
96	2111	2510	2375
97	2111	3251	3139
98	2111	660	633
99	2111	1184	1155
100	2111	2764	2684
101	2111	3224	3102
102	2111	3371	3243
103	2111	3653	3526
104	2111	3728	3624
105	2111	706	691
106	2111	4174	4012
107	2111	3613	3515
108	2111	3191	3112
109	2111	3222	3125
110	2111	302	295
111	2111	3566	3459
112	2111	4157	4013
113	2111	2867	2762
114	2111	3705	3592
115	2111	280	270
116	2111	3674	3548
117	2111	3364	3238
118	2111	2989	2884
119	2111	1941	1876
120	2111	49	48
121	2111	40	40
122	2111	1669	1607
123	2111	715	681
124	2111	1034	1004
125	2111	1560	1522
126	2111	2955	2857
127	2111	233	226
128	2111	4009	3883
129	2111	3946	3829
130	2111	3190	3097
131	2111	3119	3010
132	2111	2494	2423
133	2111	2860	2771
134	2111	1989	1905
135	2111	626	608
136	2111	3968	3864
137	2111	3918	3820
138	2111	608	596
139	2111	3043	2944
140	2111	4305	4181
141	2111	4072	3948
142	2111	2964	2895
143	2111	3431	3342
144	2111	4550	4436
145	2111	17	16
146	2111	940	918
147	2111	3472	3371
148	2111	3078	2991
149	2111	3384	3297
150	2111	2206	2140
151	2111	303	289
152	2111	3465	3341
153	2111	4604	4490
154	2111	5152	5004
155	2111	4231	4130
156	2111	126	124
157	2111	2537	2460
158	2111	2331	2274
159	2111	3164	3072
160	2111	3020	2921
161	2111	358	341
162	2111	3194	3098
163	2111	4177	4048
164	2111	3341	3252
165	2111	3710	3565
166	2111	595	584
167	2111	3443	3310
168	2111	4624	4492
169	2111	4038	3932
170	2111	4167	4059
171	2111	303	292
172	2111	3630	3530
173	2111	2963	2890
174	2111	2647	2574
175	2111	3221	3113
176	2111	4037	3926
177	2111	3763	3652
178	2111	3234	3141
179	2111	5697	5471
180	2111	5230	5056
181	2111	4528	4380
182	2111	51	42
183	2111	2836	2724
184	2111	2592	2515
185	2111	3375	3268
186	2111	287	280
187	2111	4537	4421
188	2111	17	15
189	2111	2642	2535
190	2111	2563	2472
191	2111	2239	2146
192	2111	87	86
193	2111	16	16
194	2111	95	91
195	2111	36	36
196	2111	15	15
197	2111	712	680
198	2111	1800	1722
199	2111	8	8
200	2111	6	6
201	2111	51	48
202	2111	19	18
203	2111	68	68
204	2111	1523	1457
205	2111	2243	2171
206	2111	2190	2097
207	2111	1898	1818
208	2111	1494	1433
209	2111	12	12
210	2111	2024	1940
211	2111	1266	1226
212	2111	2161	2084
213	2111	2506	2419
214	2111	2378	2278
0	2112	159677	127432
1	2112	2266	2178
2	2112	2463	2344
3	2112	2017	1926
4	2112	2151	2054
5	2112	1687	1614
6	2112	61	58
7	2112	2047	1951
8	2112	1944	1852
9	2112	2042	1939
10	2112	2513	2412
11	2112	1060	1013
12	2112	1512	1454
13	2112	1785	1703
14	2112	8	7
15	2112	1997	1888
16	2112	6	5
17	2112	1926	1861
18	2112	13	11
19	2112	1950	1864
20	2112	5	5
21	2112	8	8
22	2112	6	6
23	2112	1781	1721
24	2112	5	1
25	2112	1745	1659
26	2112	1283	1216
27	2112	1524	1443
28	2112	1900	1826
29	2112	998	921
30	2112	1603	1530
31	2112	5	5
32	2112	2355	2241
33	2112	1108	1051
34	2112	1769	1691
35	2112	2090	2022
36	2112	1107	1068
37	2112	1823	1753
38	2112	1892	1789
39	2112	1984	1898
40	2112	7	6
41	2112	1600	1523
42	2112	10	10
43	2112	1262	1203
44	2112	1668	1597
45	2112	1474	1407
46	2112	1916	1811
47	2112	2129	2049
48	2112	1387	1322
49	2112	1729	1654
50	2112	821	792
51	2112	1621	1542
52	2112	1333	1280
53	2112	1510	1441
54	2112	1842	1756
55	2112	1966	1869
56	2112	1470	1410
57	2112	1510	1429
58	2112	2195	2099
59	2112	2090	2011
60	2112	942	899
61	2112	1815	1722
62	2112	2080	1973
63	2112	1949	1844
64	2112	6	3
65	2112	3153	3004
66	2112	1872	1774
67	2112	1982	1888
68	2112	1713	1649
69	2112	1	1
70	2112	1748	1675
71	2112	1628	1560
72	2112	1655	1577
73	2112	1086	1038
74	2112	1619	1552
75	2112	1894	1801
76	2112	2120	2038
77	2112	1	1
78	2112	2	2
79	2112	2	2
80	2112	2	1
81	2112	1616	1556
82	2112	4	2
83	2112	4	4
84	2112	1740	1653
85	2112	1995	1905
86	2112	1191	1128
87	2112	1	1
89	2112	1	1
90	2112	6	6
92	2112	1	1
93	2112	29	21
94	2112	2270	2197
95	2112	2652	2516
96	2112	2597	2449
97	2112	3356	3219
98	2112	664	616
99	2112	1190	1154
100	2112	2628	2518
101	2112	3414	3261
102	2112	3279	3126
103	2112	3881	3726
104	2112	3949	3811
105	2112	760	733
106	2112	4425	4240
107	2112	3867	3735
108	2112	3218	3114
109	2112	3120	3003
110	2112	304	293
111	2112	3698	3560
112	2112	4205	4042
113	2112	2819	2677
114	2112	3800	3687
115	2112	312	291
116	2112	3707	3556
117	2112	3568	3419
118	2112	2967	2853
119	2112	1964	1876
120	2112	51	50
121	2112	51	50
122	2112	1708	1650
123	2112	761	738
124	2112	1112	1074
125	2112	1577	1519
126	2112	2931	2823
127	2112	209	197
128	2112	4265	4128
129	2112	3756	3636
130	2112	3254	3150
131	2112	3341	3200
132	2112	2689	2601
133	2112	2904	2808
134	2112	1962	1863
135	2112	639	619
136	2112	4132	3964
137	2112	3938	3787
138	2112	613	587
139	2112	3220	3077
140	2112	4115	3989
141	2112	4211	4079
142	2112	3071	2966
143	2112	3374	3238
144	2112	4420	4285
145	2112	14	12
146	2112	954	922
147	2112	3580	3456
148	2112	3103	3011
149	2112	3346	3210
150	2112	2280	2204
151	2112	309	300
152	2112	3491	3379
153	2112	4604	4455
154	2112	5507	5324
155	2112	4449	4295
156	2112	162	154
157	2112	2626	2526
158	2112	2317	2231
159	2112	3384	3256
160	2112	3140	3023
161	2112	415	400
162	2112	3426	3297
163	2112	4321	4151
164	2112	3454	3357
165	2112	3732	3540
166	2112	633	601
167	2112	3532	3363
168	2112	4634	4468
169	2112	4093	3942
170	2112	4467	4340
171	2112	356	342
172	2112	3702	3584
173	2112	2962	2863
174	2112	2684	2577
175	2112	3266	3117
176	2112	4092	3946
177	2112	3669	3501
178	2112	3288	3162
179	2112	5803	5517
180	2112	5503	5296
181	2112	4789	4580
182	2112	93	76
183	2112	3008	2864
184	2112	2651	2538
185	2112	3453	3316
186	2112	327	309
187	2112	4812	4663
188	2112	12	11
189	2112	2747	2615
190	2112	2490	2359
191	2112	2244	2131
192	2112	78	74
193	2112	18	17
194	2112	106	105
195	2112	31	29
196	2112	9	9
197	2112	779	745
198	2112	1805	1723
199	2112	11	10
200	2112	3	2
201	2112	72	72
202	2112	15	15
203	2112	67	64
204	2112	1609	1542
205	2112	2367	2248
206	2112	2324	2226
207	2112	1935	1860
208	2112	1531	1474
209	2112	11	11
210	2112	2174	2093
211	2112	1200	1162
212	2112	2093	1996
213	2112	2747	2627
214	2112	2524	2404
0	2113	155898	125706
1	2113	2250	2158
2	2113	2389	2287
3	2113	1947	1895
4	2113	2074	2003
5	2113	1640	1572
6	2113	37	37
7	2113	2212	2132
8	2113	1789	1721
9	2113	2014	1932
10	2113	2450	2355
11	2113	1033	1012
12	2113	1596	1538
13	2113	1722	1651
14	2113	2	2
15	2113	1962	1900
16	2113	11	7
17	2113	1765	1710
18	2113	10	8
19	2113	1864	1817
20	2113	4	4
21	2113	21	20
22	2113	11	11
23	2113	1910	1842
24	2113	8	8
25	2113	1735	1661
26	2113	1281	1235
27	2113	1448	1368
28	2113	1781	1716
29	2113	800	740
30	2113	1549	1499
31	2113	2	2
32	2113	2260	2174
33	2113	1185	1144
34	2113	1791	1730
35	2113	1974	1904
36	2113	1087	1046
37	2113	1773	1722
38	2113	1782	1718
39	2113	1951	1888
40	2113	15	14
41	2113	1505	1449
42	2113	5	5
43	2113	1304	1256
44	2113	1622	1568
45	2113	1442	1384
46	2113	1849	1773
47	2113	2053	1987
48	2113	1259	1197
49	2113	1741	1670
50	2113	842	806
51	2113	1609	1535
52	2113	1425	1372
53	2113	1407	1336
54	2113	1795	1715
55	2113	1892	1805
56	2113	1331	1269
57	2113	1540	1482
58	2113	2054	1966
59	2113	2074	2006
60	2113	925	882
61	2113	1814	1716
62	2113	1987	1904
63	2113	1847	1763
64	2113	5	4
65	2113	3183	3056
66	2113	1954	1883
67	2113	1875	1798
68	2113	1749	1694
69	2113	3	2
70	2113	1623	1559
71	2113	1674	1620
72	2113	1599	1534
73	2113	1074	1046
74	2113	1582	1522
75	2113	1877	1792
76	2113	2082	2009
77	2113	3	3
78	2113	2	2
79	2113	2	1
80	2113	4	4
81	2113	1578	1519
82	2113	3	3
83	2113	7	5
84	2113	1721	1657
85	2113	1915	1836
86	2113	1243	1188
87	2113	3	3
88	2113	1	0
89	2113	1	1
90	2113	1	1
93	2113	21	17
94	2113	2250	2181
95	2113	2585	2471
96	2113	2433	2296
97	2113	3228	3118
98	2113	696	653
99	2113	1140	1111
100	2113	2673	2579
101	2113	3317	3178
102	2113	3341	3213
103	2113	3867	3757
104	2113	3756	3630
105	2113	709	688
106	2113	4298	4131
107	2113	3695	3590
108	2113	3277	3174
109	2113	3123	3034
110	2113	331	321
111	2113	3585	3454
112	2113	4170	4053
113	2113	2688	2561
114	2113	3833	3712
115	2113	312	293
116	2113	3655	3562
117	2113	3319	3193
118	2113	2971	2869
119	2113	1928	1861
120	2113	48	48
121	2113	57	55
122	2113	1679	1634
123	2113	799	766
124	2113	1026	1000
125	2113	1569	1522
126	2113	2962	2873
127	2113	203	198
128	2113	4083	3970
129	2113	3823	3685
130	2113	3265	3148
131	2113	3287	3199
132	2113	2420	2357
133	2113	2884	2796
134	2113	2148	2064
135	2113	684	664
136	2113	4038	3906
137	2113	3985	3855
138	2113	596	576
139	2113	3047	2950
140	2113	4200	4099
141	2113	4163	4049
142	2113	2950	2858
143	2113	3275	3178
144	2113	4475	4355
145	2113	9	9
146	2113	994	958
147	2113	3659	3553
148	2113	3078	2991
149	2113	3270	3170
150	2113	2216	2151
151	2113	273	267
152	2113	3682	3567
153	2113	4451	4323
154	2113	5419	5269
155	2113	4280	4163
156	2113	179	174
157	2113	2573	2494
158	2113	2335	2254
159	2113	3254	3122
160	2113	3124	3045
161	2113	398	386
162	2113	3170	3088
163	2113	4248	4113
164	2113	3381	3303
165	2113	3706	3520
166	2113	602	580
167	2113	3458	3318
168	2113	4563	4440
169	2113	4083	3970
170	2113	4179	4075
171	2113	284	283
172	2113	3763	3673
173	2113	2890	2817
174	2113	2621	2528
175	2113	3024	2912
176	2113	3906	3785
177	2113	3646	3542
178	2113	3202	3099
179	2113	5626	5413
180	2113	5359	5214
181	2113	4827	4653
182	2113	70	50
183	2113	2843	2734
184	2113	2573	2476
185	2113	3416	3300
186	2113	308	296
187	2113	4508	4401
188	2113	23	22
189	2113	2624	2515
190	2113	2605	2502
191	2113	2107	2019
192	2113	69	65
193	2113	13	11
194	2113	117	113
195	2113	32	32
196	2113	7	7
197	2113	749	722
198	2113	1754	1686
199	2113	12	12
200	2113	6	6
201	2113	75	71
202	2113	12	12
203	2113	63	63
204	2113	1647	1574
205	2113	2243	2158
206	2113	2258	2163
207	2113	1906	1850
208	2113	1477	1413
209	2113	11	10
210	2113	2049	2002
211	2113	1228	1187
212	2113	2056	1991
213	2113	2628	2526
214	2113	2428	2329
0	2114	156959	125012
1	2114	2242	2149
2	2114	2392	2281
3	2114	2133	2049
4	2114	2057	1969
5	2114	1515	1435
6	2114	48	46
7	2114	1977	1888
8	2114	1808	1715
9	2114	1990	1909
10	2114	2369	2282
11	2114	1061	1020
12	2114	1657	1590
13	2114	1843	1771
14	2114	4	3
15	2114	1954	1860
16	2114	11	6
17	2114	1855	1790
18	2114	17	12
19	2114	1893	1814
20	2114	3	3
21	2114	12	12
22	2114	9	8
23	2114	1860	1802
24	2114	3	3
25	2114	1861	1790
26	2114	1244	1194
27	2114	1426	1364
28	2114	1918	1835
29	2114	663	598
30	2114	1553	1498
31	2114	7	7
32	2114	2298	2190
33	2114	1171	1121
34	2114	1751	1686
35	2114	1939	1858
36	2114	1084	1039
37	2114	1808	1741
38	2114	1569	1517
39	2114	1931	1857
40	2114	13	9
41	2114	1559	1511
42	2114	7	7
43	2114	1313	1272
44	2114	1585	1515
45	2114	1493	1448
46	2114	1753	1683
47	2114	2034	1948
48	2114	1262	1224
49	2114	1644	1585
50	2114	810	782
51	2114	1554	1480
52	2114	1373	1311
53	2114	1535	1445
54	2114	1852	1785
55	2114	1887	1813
56	2114	1379	1313
57	2114	1547	1488
58	2114	1957	1880
59	2114	2088	2012
60	2114	956	919
61	2114	1691	1616
62	2114	2115	2024
63	2114	1958	1887
64	2114	10	6
65	2114	3014	2893
66	2114	2001	1915
67	2114	2126	2034
68	2114	1805	1735
70	2114	1678	1622
71	2114	1623	1561
72	2114	1618	1543
73	2114	1010	952
74	2114	1541	1474
75	2114	1872	1791
76	2114	2056	1992
77	2114	2	2
78	2114	3	3
79	2114	2	2
80	2114	2	2
81	2114	1688	1630
82	2114	2	2
83	2114	1	1
84	2114	1705	1629
85	2114	2047	1967
86	2114	1239	1179
87	2114	2	2
88	2114	3	1
90	2114	2	2
92	2114	1	0
93	2114	31	24
94	2114	2352	2280
95	2114	2654	2531
96	2114	2559	2432
97	2114	3271	3166
98	2114	614	594
99	2114	1153	1117
100	2114	2944	2837
101	2114	3217	3091
102	2114	3140	2992
103	2114	4005	3858
104	2114	3756	3625
105	2114	723	700
106	2114	4354	4199
107	2114	3764	3632
108	2114	3258	3149
109	2114	3162	3062
110	2114	334	316
111	2114	3487	3364
112	2114	4297	4169
113	2114	2497	2352
114	2114	3731	3619
115	2114	254	238
116	2114	3612	3482
117	2114	3420	3296
118	2114	2995	2884
119	2114	1962	1899
120	2114	60	58
121	2114	62	62
122	2114	1723	1672
123	2114	773	741
124	2114	1088	1056
125	2114	1640	1586
126	2114	3011	2884
127	2114	201	196
128	2114	4214	4081
129	2114	3685	3537
130	2114	3309	3200
131	2114	3322	3209
132	2114	2536	2462
133	2114	2774	2682
134	2114	1993	1919
135	2114	716	702
136	2114	4040	3903
137	2114	3710	3594
138	2114	585	569
139	2114	3079	2977
140	2114	4011	3921
141	2114	4199	4054
142	2114	3031	2899
143	2114	3350	3209
144	2114	4709	4548
145	2114	10	9
146	2114	926	894
147	2114	3593	3460
148	2114	3004	2909
149	2114	3383	3270
150	2114	2256	2181
151	2114	280	272
152	2114	3469	3350
153	2114	4533	4395
154	2114	5386	5236
155	2114	4193	4064
156	2114	202	196
157	2114	2670	2581
158	2114	2331	2246
159	2114	3381	3276
160	2114	3113	3009
161	2114	403	389
162	2114	3210	3124
163	2114	4253	4096
164	2114	3321	3221
165	2114	3645	3469
166	2114	551	537
167	2114	3490	3324
168	2114	4552	4416
169	2114	4019	3876
170	2114	4215	4107
171	2114	340	325
172	2114	3817	3711
173	2114	2900	2798
174	2114	2715	2623
175	2114	3064	2925
176	2114	4218	4056
177	2114	3583	3460
178	2114	3120	2996
179	2114	5645	5407
180	2114	5501	5347
181	2114	4620	4437
182	2114	63	55
183	2114	2894	2770
184	2114	2532	2442
185	2114	3430	3328
186	2114	311	304
187	2114	4789	4641
188	2114	13	13
189	2114	2653	2531
190	2114	2468	2367
191	2114	2178	2076
192	2114	75	71
193	2114	12	11
194	2114	113	104
195	2114	45	45
196	2114	17	16
197	2114	767	730
198	2114	1801	1732
199	2114	11	10
200	2114	9	9
201	2114	71	70
202	2114	15	14
203	2114	71	70
204	2114	1560	1499
205	2114	2309	2235
206	2114	2268	2176
207	2114	1866	1786
208	2114	1511	1464
209	2114	12	10
210	2114	2113	2037
211	2114	1151	1101
212	2114	2077	2010
213	2114	2600	2480
214	2114	2473	2377
0	2115	163841	129485
1	2115	2185	2081
2	2115	2479	2356
3	2115	2111	2025
4	2115	2209	2111
5	2115	1500	1411
6	2115	44	44
7	2115	2131	2024
8	2115	1865	1771
9	2115	2019	1914
10	2115	2601	2468
11	2115	1076	1024
12	2115	1657	1585
13	2115	1812	1733
14	2115	5	4
15	2115	1932	1854
16	2115	8	5
17	2115	1855	1793
18	2115	8	7
19	2115	1915	1832
20	2115	1	1
21	2115	13	12
22	2115	7	7
23	2115	1889	1790
24	2115	5	4
25	2115	1913	1833
26	2115	1350	1292
27	2115	1418	1350
28	2115	1938	1861
29	2115	506	455
30	2115	1552	1470
31	2115	6	5
32	2115	2348	2245
33	2115	1144	1109
34	2115	1856	1782
35	2115	2040	1945
36	2115	1170	1130
37	2115	1817	1726
38	2115	1698	1608
39	2115	1898	1795
40	2115	18	16
41	2115	1663	1585
42	2115	7	7
43	2115	1243	1175
44	2115	1595	1521
45	2115	1412	1353
46	2115	1812	1710
47	2115	2043	1943
48	2115	1267	1200
49	2115	1807	1702
50	2115	859	820
51	2115	1686	1591
52	2115	1457	1392
53	2115	1471	1389
54	2115	1849	1749
55	2115	2020	1919
56	2115	1393	1321
57	2115	1480	1405
58	2115	1999	1916
59	2115	2305	2203
60	2115	958	902
61	2115	1787	1694
62	2115	2142	2037
63	2115	1925	1831
64	2115	7	4
65	2115	3193	3029
66	2115	1902	1811
67	2115	2054	1968
68	2115	1792	1718
69	2115	3	2
70	2115	1643	1562
71	2115	1655	1594
72	2115	1611	1529
73	2115	1035	992
74	2115	1599	1502
75	2115	1864	1768
76	2115	2154	2067
77	2115	6	4
78	2115	4	3
79	2115	2	2
80	2115	4	2
81	2115	1759	1690
82	2115	3	3
83	2115	6	6
84	2115	1763	1690
85	2115	2031	1943
86	2115	1283	1223
87	2115	2	2
88	2115	2	0
90	2115	1	1
93	2115	17	11
94	2115	2273	2191
95	2115	2708	2590
96	2115	2589	2453
97	2115	3262	3143
98	2115	673	637
99	2115	1207	1157
100	2115	2856	2735
101	2115	3256	3133
102	2115	3247	3073
103	2115	4000	3831
104	2115	3726	3577
105	2115	739	722
106	2115	4499	4278
107	2115	3652	3523
108	2115	3415	3303
109	2115	3222	3086
110	2115	302	291
111	2115	3415	3250
112	2115	4446	4250
113	2115	2350	2184
114	2115	3851	3718
115	2115	272	255
116	2115	3845	3697
117	2115	3223	3079
118	2115	3006	2885
119	2115	1960	1882
120	2115	54	54
121	2115	61	58
122	2115	1704	1650
123	2115	814	788
124	2115	1040	1018
125	2115	1662	1595
126	2115	2966	2846
127	2115	205	198
128	2115	4441	4264
129	2115	3545	3356
130	2115	3337	3206
131	2115	3270	3140
132	2115	2625	2531
133	2115	2945	2821
134	2115	1940	1832
135	2115	674	643
136	2115	4065	3889
137	2115	3849	3717
138	2115	625	594
139	2115	3262	3141
140	2115	4280	4126
141	2115	4241	4060
142	2115	3077	2917
143	2115	3386	3221
144	2115	4694	4525
145	2115	11	11
146	2115	1004	970
147	2115	3719	3574
148	2115	3149	3044
149	2115	3331	3213
150	2115	2358	2274
151	2115	324	309
152	2115	3656	3526
153	2115	4516	4345
154	2115	5564	5375
155	2115	4353	4211
156	2115	148	143
157	2115	2613	2513
158	2115	2365	2280
159	2115	3321	3202
160	2115	3146	3025
161	2115	367	357
162	2115	3337	3194
163	2115	4427	4259
164	2115	3540	3421
165	2115	3805	3600
166	2115	554	529
167	2115	3651	3465
168	2115	4802	4624
169	2115	4084	3971
170	2115	4462	4303
171	2115	312	299
172	2115	3690	3586
173	2115	3025	2916
174	2115	2950	2838
175	2115	3142	2983
176	2115	4044	3878
177	2115	3870	3734
178	2115	3347	3206
179	2115	5850	5594
180	2115	5528	5327
181	2115	4741	4525
182	2115	73	52
183	2115	2985	2833
184	2115	2478	2375
185	2115	3422	3282
186	2115	344	328
187	2115	4620	4417
188	2115	20	17
189	2115	2735	2631
190	2115	2419	2291
191	2115	2142	2024
192	2115	65	60
193	2115	15	15
194	2115	104	100
195	2115	38	36
196	2115	15	13
197	2115	829	795
198	2115	1838	1740
199	2115	6	5
200	2115	6	6
201	2115	62	60
202	2115	19	19
203	2115	73	70
204	2115	1605	1527
205	2115	2305	2209
206	2115	2272	2175
207	2115	2103	2011
208	2115	1468	1406
209	2115	7	7
210	2115	2130	2036
211	2115	1144	1102
212	2115	2158	2074
213	2115	2680	2557
214	2115	2457	2325
0	2116	158579	125500
1	2116	2141	2050
2	2116	2564	2459
3	2116	2077	1993
4	2116	2221	2160
5	2116	1600	1515
6	2116	38	34
7	2116	2166	2066
8	2116	1864	1776
9	2116	2056	1978
10	2116	2566	2469
11	2116	1153	1108
12	2116	1600	1537
13	2116	1837	1757
14	2116	5	3
15	2116	2063	1980
16	2116	6	2
17	2116	1885	1817
18	2116	17	13
19	2116	1876	1795
20	2116	3	2
21	2116	14	12
22	2116	4	4
23	2116	1948	1875
24	2116	1	1
25	2116	1867	1800
26	2116	1213	1155
27	2116	1245	1169
28	2116	1850	1760
29	2116	404	354
30	2116	1499	1437
31	2116	4	4
32	2116	2291	2199
33	2116	1167	1113
34	2116	1720	1653
35	2116	1980	1885
36	2116	1156	1099
37	2116	1818	1745
38	2116	1756	1679
39	2116	1830	1746
40	2116	21	13
41	2116	1519	1466
42	2116	9	8
43	2116	1255	1199
44	2116	1603	1520
45	2116	1524	1466
46	2116	1706	1603
47	2116	2028	1944
48	2116	1317	1262
49	2116	1703	1643
50	2116	876	832
51	2116	1588	1533
52	2116	1351	1292
53	2116	1494	1424
54	2116	1785	1706
55	2116	2016	1937
56	2116	1335	1281
57	2116	1494	1430
58	2116	2071	1992
59	2116	2304	2226
60	2116	984	940
61	2116	1814	1733
62	2116	2113	1983
63	2116	1911	1829
64	2116	4	1
65	2116	3152	3010
66	2116	1907	1820
67	2116	2103	2014
68	2116	1760	1696
69	2116	5	5
70	2116	1670	1583
71	2116	1596	1527
72	2116	1489	1436
73	2116	1106	1067
74	2116	1479	1410
75	2116	1900	1814
76	2116	2136	2054
77	2116	4	4
78	2116	3	3
79	2116	4	3
80	2116	4	2
81	2116	1652	1583
82	2116	1	1
83	2116	10	8
84	2116	1748	1675
85	2116	2007	1946
86	2116	1249	1196
87	2116	1	1
88	2116	1	1
92	2116	1	1
93	2116	19	15
94	2116	2168	2092
95	2116	2520	2403
96	2116	2442	2286
97	2116	3055	2949
98	2116	620	597
99	2116	1218	1183
100	2116	2875	2748
101	2116	3215	3087
102	2116	3180	3008
103	2116	3919	3773
104	2116	3712	3555
105	2116	687	673
106	2116	4405	4213
107	2116	3962	3831
108	2116	3329	3222
109	2116	3296	3191
110	2116	317	302
111	2116	3384	3250
112	2116	4370	4234
113	2116	2162	2027
114	2116	3904	3787
115	2116	301	278
116	2116	3905	3763
117	2116	3247	3088
118	2116	3222	3079
119	2116	1938	1873
120	2116	44	42
121	2116	55	53
122	2116	1704	1660
123	2116	798	776
124	2116	1099	1069
125	2116	1563	1513
126	2116	3125	3034
127	2116	219	204
128	2116	4254	4139
129	2116	3409	3240
130	2116	3356	3233
131	2116	3273	3146
132	2116	2619	2535
133	2116	2898	2778
134	2116	2058	1974
135	2116	693	674
136	2116	4066	3938
137	2116	3902	3770
138	2116	581	569
139	2116	3253	3136
140	2116	4177	4051
141	2116	4216	4095
142	2116	3040	2931
143	2116	3293	3160
144	2116	4575	4429
145	2116	20	20
146	2116	1054	1015
147	2116	3587	3461
148	2116	3104	2991
149	2116	3427	3319
150	2116	2244	2166
151	2116	277	268
152	2116	3471	3364
153	2116	4640	4499
154	2116	5679	5514
155	2116	4509	4364
156	2116	135	133
157	2116	2797	2699
158	2116	2441	2357
159	2116	3164	3059
160	2116	3123	3019
161	2116	400	385
162	2116	3210	3098
163	2116	4109	3962
164	2116	3370	3257
165	2116	3634	3463
166	2116	578	556
167	2116	3412	3277
168	2116	4701	4540
169	2116	3965	3862
170	2116	4288	4135
171	2116	371	357
172	2116	3724	3606
173	2116	2924	2828
174	2116	2714	2602
175	2116	3073	2942
176	2116	4043	3905
177	2116	3697	3573
178	2116	3415	3306
179	2116	5765	5536
180	2116	5456	5275
181	2116	4680	4509
182	2116	70	54
183	2116	2952	2813
184	2116	2468	2371
185	2116	3372	3250
186	2116	297	290
187	2116	4716	4560
188	2116	8	8
189	2116	2743	2622
190	2116	2536	2387
191	2116	2197	2078
192	2116	77	74
193	2116	11	11
194	2116	126	119
195	2116	34	31
196	2116	18	17
197	2116	737	703
198	2116	1824	1757
199	2116	9	9
200	2116	5	4
201	2116	58	57
202	2116	14	13
203	2116	67	62
204	2116	1612	1534
205	2116	2372	2294
206	2116	2308	2208
207	2116	1932	1864
208	2116	1519	1466
209	2116	12	12
210	2116	2223	2158
211	2116	1118	1062
212	2116	2010	1925
213	2116	2604	2490
214	2116	2392	2282
0	2117	162260	128044
1	2117	2322	2216
2	2117	2553	2423
3	2117	2220	2103
4	2117	2222	2106
5	2117	1554	1451
6	2117	47	46
7	2117	2093	1982
8	2117	1757	1656
9	2117	1952	1870
10	2117	2632	2503
11	2117	1086	1038
12	2117	1617	1553
13	2117	1795	1729
14	2117	8	7
15	2117	2015	1936
16	2117	11	7
17	2117	1933	1873
18	2117	6	6
19	2117	1891	1820
20	2117	4	4
21	2117	11	10
22	2117	6	6
23	2117	1943	1865
24	2117	4	2
25	2117	1846	1771
26	2117	1301	1245
27	2117	1226	1159
28	2117	1886	1817
29	2117	378	334
30	2117	1502	1422
31	2117	5	5
32	2117	2256	2132
33	2117	1194	1150
34	2117	1786	1703
35	2117	1894	1815
36	2117	1091	1055
37	2117	1879	1803
38	2117	1718	1623
39	2117	1857	1763
40	2117	19	17
41	2117	1624	1555
42	2117	6	5
43	2117	1271	1202
44	2117	1596	1525
45	2117	1436	1361
46	2117	1705	1592
47	2117	2032	1925
48	2117	1314	1259
49	2117	1731	1663
50	2117	880	838
51	2117	1738	1652
52	2117	1450	1375
53	2117	1526	1417
54	2117	1805	1707
55	2117	1973	1861
56	2117	1402	1327
57	2117	1492	1430
58	2117	2065	1979
59	2117	2270	2179
60	2117	944	893
61	2117	1822	1724
62	2117	2051	1949
63	2117	1884	1793
64	2117	4	2
65	2117	3116	2961
66	2117	1959	1868
67	2117	2026	1935
68	2117	1834	1742
69	2117	6	6
70	2117	1618	1527
71	2117	1572	1497
72	2117	1559	1463
73	2117	1059	1016
74	2117	1409	1329
75	2117	1913	1824
76	2117	2087	1983
77	2117	3	3
78	2117	3	3
79	2117	5	5
80	2117	4	1
81	2117	1632	1555
82	2117	5	4
83	2117	6	5
84	2117	1747	1674
85	2117	1962	1873
86	2117	1172	1107
87	2117	1	1
88	2117	3	3
89	2117	2	2
90	2117	3	3
91	2117	1	0
92	2117	2	1
93	2117	26	15
94	2117	2276	2177
95	2117	2722	2584
96	2117	2472	2334
97	2117	3178	3048
98	2117	644	620
99	2117	1176	1132
100	2117	2782	2651
101	2117	3241	3076
102	2117	3087	2946
103	2117	3972	3803
104	2117	3999	3834
105	2117	671	643
106	2117	4525	4345
107	2117	3802	3656
108	2117	3423	3319
109	2117	3163	3020
110	2117	316	303
111	2117	3430	3254
112	2117	4323	4164
113	2117	1915	1792
114	2117	3883	3742
115	2117	307	279
116	2117	3592	3440
117	2117	3138	2964
118	2117	3012	2881
119	2117	1981	1908
120	2117	48	45
121	2117	51	51
122	2117	1805	1732
123	2117	776	747
124	2117	1080	1046
125	2117	1672	1619
126	2117	2995	2880
127	2117	241	229
128	2117	4265	4125
129	2117	3222	3050
130	2117	3462	3344
131	2117	3342	3229
132	2117	2649	2563
133	2117	2822	2709
134	2117	2091	1982
135	2117	706	675
136	2117	4129	3992
137	2117	3854	3707
138	2117	630	608
139	2117	3432	3307
140	2117	4396	4209
141	2117	4087	3915
142	2117	2982	2877
143	2117	3284	3125
144	2117	4597	4436
145	2117	13	13
146	2117	994	972
147	2117	3760	3613
148	2117	3127	3008
149	2117	3411	3259
150	2117	2439	2340
151	2117	335	323
152	2117	3623	3501
153	2117	4583	4415
154	2117	5691	5492
155	2117	4434	4281
156	2117	195	190
157	2117	2647	2534
158	2117	2440	2337
159	2117	3288	3121
160	2117	3074	2972
161	2117	350	340
162	2117	3395	3267
163	2117	4245	4045
164	2117	3365	3261
165	2117	3755	3553
166	2117	598	573
167	2117	3377	3178
168	2117	4741	4558
169	2117	4006	3880
170	2117	4286	4137
171	2117	337	324
172	2117	3845	3705
173	2117	2981	2883
174	2117	2756	2665
175	2117	3059	2901
176	2117	3956	3792
177	2117	3608	3443
178	2117	3568	3435
179	2117	5757	5494
180	2117	5563	5365
181	2117	4735	4544
182	2117	87	65
183	2117	3024	2865
184	2117	2521	2428
185	2117	3386	3238
186	2117	279	264
187	2117	4700	4546
188	2117	15	14
189	2117	2835	2705
190	2117	2488	2358
191	2117	2152	2017
192	2117	90	87
193	2117	16	16
194	2117	102	99
195	2117	29	26
196	2117	19	18
197	2117	759	727
198	2117	1839	1753
199	2117	13	12
200	2117	7	7
201	2117	77	74
202	2117	17	16
203	2117	61	58
204	2117	1598	1526
205	2117	2350	2259
206	2117	2322	2219
207	2117	2089	2023
208	2117	1416	1343
209	2117	10	9
210	2117	2084	2001
211	2117	1156	1092
212	2117	2127	2051
213	2117	2735	2586
214	2117	2443	2289
0	2118	158278	125277
1	2118	2255	2159
2	2118	2348	2250
3	2118	2153	2078
4	2118	2037	1946
5	2118	1642	1573
6	2118	44	40
7	2118	2166	2056
8	2118	1726	1629
9	2118	2092	1998
10	2118	2572	2466
11	2118	1075	1041
12	2118	1588	1525
13	2118	1830	1750
14	2118	5	5
15	2118	2070	1979
16	2118	6	0
17	2118	1861	1793
18	2118	9	8
19	2118	1984	1904
20	2118	2	2
21	2118	17	16
22	2118	5	5
23	2118	1942	1862
24	2118	3	2
25	2118	1881	1810
26	2118	1222	1170
27	2118	1155	1062
28	2118	1863	1786
29	2118	299	254
30	2118	1440	1356
31	2118	3	3
32	2118	2133	2024
33	2118	1235	1177
34	2118	1674	1585
35	2118	2017	1917
36	2118	1212	1168
37	2118	1792	1700
38	2118	1751	1654
39	2118	1673	1586
40	2118	11	10
41	2118	1582	1514
42	2118	4	3
43	2118	1299	1233
44	2118	1481	1396
45	2118	1464	1395
46	2118	1627	1516
47	2118	2070	1994
48	2118	1307	1261
49	2118	1688	1605
50	2118	813	769
51	2118	1671	1585
52	2118	1365	1297
53	2118	1423	1337
54	2118	1685	1579
55	2118	1906	1811
56	2118	1353	1294
57	2118	1525	1441
58	2118	2006	1915
59	2118	2184	2097
60	2118	942	894
61	2118	1799	1721
62	2118	1970	1865
63	2118	1906	1826
64	2118	3	3
65	2118	3003	2854
66	2118	1762	1689
67	2118	1986	1909
68	2118	1758	1676
69	2118	3	3
70	2118	1526	1463
71	2118	1677	1614
72	2118	1441	1357
73	2118	1040	992
74	2118	1279	1200
75	2118	1857	1778
76	2118	2070	1968
77	2118	4	3
78	2118	4	4
79	2118	2	2
80	2118	1	0
81	2118	1741	1666
82	2118	4	3
83	2118	6	6
84	2118	1636	1557
85	2118	1958	1886
86	2118	1124	1052
87	2118	2	2
88	2118	3	2
89	2118	2	2
92	2118	3	3
93	2118	15	13
94	2118	2276	2181
95	2118	2604	2473
96	2118	2452	2343
97	2118	3072	2936
98	2118	662	628
99	2118	1190	1145
100	2118	2705	2570
101	2118	3177	3033
102	2118	3158	3027
103	2118	3917	3753
104	2118	3902	3756
105	2118	708	684
106	2118	4367	4198
107	2118	3743	3608
108	2118	3307	3188
109	2118	3136	3017
110	2118	293	283
111	2118	3295	3113
112	2118	4201	4034
113	2118	1751	1623
114	2118	4023	3907
115	2118	266	237
116	2118	3559	3422
117	2118	2839	2692
118	2118	3023	2885
119	2118	1927	1859
120	2118	58	57
121	2118	43	43
122	2118	1732	1670
123	2118	729	707
124	2118	1080	1052
125	2118	1578	1513
126	2118	2874	2771
127	2118	192	176
128	2118	4248	4118
129	2118	3097	2920
130	2118	3346	3233
131	2118	3142	3016
132	2118	2624	2534
133	2118	2720	2643
134	2118	2090	2001
135	2118	686	661
136	2118	3969	3824
137	2118	3796	3656
138	2118	607	592
139	2118	3296	3180
140	2118	4210	4090
141	2118	4100	3970
142	2118	2856	2722
143	2118	3142	3002
144	2118	4521	4363
145	2118	12	10
146	2118	1033	1003
147	2118	3636	3506
148	2118	3082	2973
149	2118	3425	3294
150	2118	2265	2180
151	2118	262	252
152	2118	3713	3591
153	2118	4349	4210
154	2118	5509	5332
155	2118	4345	4198
156	2118	160	154
157	2118	2584	2488
158	2118	2392	2297
159	2118	3127	2998
160	2118	3038	2908
161	2118	357	347
162	2118	3376	3255
163	2118	4046	3889
164	2118	3349	3258
165	2118	3606	3441
166	2118	572	552
167	2118	3395	3207
168	2118	4803	4640
169	2118	3938	3792
170	2118	4529	4383
171	2118	361	352
172	2118	3822	3681
173	2118	2788	2672
174	2118	2833	2732
175	2118	3001	2846
176	2118	4141	3983
177	2118	3508	3379
178	2118	3306	3198
179	2118	5595	5348
180	2118	5465	5274
181	2118	4436	4260
182	2118	65	52
183	2118	2836	2702
184	2118	2384	2267
185	2118	3276	3176
186	2118	300	289
187	2118	4594	4438
188	2118	16	16
189	2118	2640	2526
190	2118	2436	2306
191	2118	2046	1956
192	2118	104	97
193	2118	9	9
194	2118	117	113
195	2118	29	26
196	2118	11	11
197	2118	769	744
198	2118	1901	1815
199	2118	13	13
200	2118	8	8
201	2118	68	63
202	2118	15	13
203	2118	69	68
204	2118	1624	1568
205	2118	2350	2248
206	2118	2366	2272
207	2118	2031	1952
208	2118	1499	1437
209	2118	5	5
210	2118	2214	2134
211	2118	1165	1116
212	2118	2166	2078
213	2118	2723	2613
214	2118	2504	2362
0	2119	157473	123657
1	2119	2204	2088
2	2119	2447	2292
3	2119	2151	2045
4	2119	2010	1898
5	2119	1520	1441
6	2119	31	29
7	2119	2134	2013
8	2119	1833	1705
9	2119	2060	1972
10	2119	2607	2445
11	2119	1075	1027
12	2119	1541	1462
13	2119	1755	1651
14	2119	3	3
15	2119	2076	1955
16	2119	8	3
17	2119	1863	1785
18	2119	5	5
19	2119	1932	1833
20	2119	6	6
21	2119	13	13
22	2119	8	7
23	2119	1816	1722
24	2119	11	3
25	2119	1822	1752
26	2119	1309	1237
27	2119	1102	1022
28	2119	1884	1783
29	2119	325	275
30	2119	1460	1371
31	2119	5	5
32	2119	2116	1994
33	2119	1237	1180
34	2119	1694	1603
35	2119	1929	1821
36	2119	1173	1108
37	2119	1762	1670
38	2119	1692	1583
39	2119	1817	1689
40	2119	21	16
41	2119	1566	1506
42	2119	10	9
43	2119	1251	1183
44	2119	1461	1365
45	2119	1330	1265
46	2119	1531	1426
47	2119	2155	2034
48	2119	1327	1243
49	2119	1701	1620
50	2119	782	733
51	2119	1695	1589
52	2119	1331	1266
53	2119	1425	1322
54	2119	1650	1544
55	2119	1880	1783
56	2119	1376	1301
57	2119	1387	1303
58	2119	1931	1829
59	2119	2373	2278
60	2119	989	947
61	2119	1785	1681
62	2119	1934	1807
63	2119	1988	1890
64	2119	7	1
65	2119	2807	2624
66	2119	1884	1757
67	2119	2062	1965
68	2119	1701	1614
69	2119	8	7
70	2119	1456	1375
71	2119	1630	1551
72	2119	1499	1410
73	2119	1088	1020
74	2119	1300	1214
75	2119	1974	1864
76	2119	2150	2039
77	2119	3	3
78	2119	1	1
79	2119	2	2
80	2119	6	3
81	2119	1709	1624
82	2119	3	3
83	2119	7	7
84	2119	1639	1551
85	2119	1991	1898
86	2119	1181	1102
87	2119	5	3
88	2119	1	1
90	2119	1	0
93	2119	20	10
94	2119	2261	2168
95	2119	2489	2352
96	2119	2634	2456
97	2119	2967	2839
98	2119	623	590
99	2119	1141	1095
100	2119	2675	2534
101	2119	3158	2981
102	2119	3209	3039
103	2119	3706	3519
104	2119	3764	3590
105	2119	688	659
106	2119	4375	4157
107	2119	3737	3588
108	2119	3320	3185
109	2119	3004	2866
110	2119	336	323
111	2119	3234	3046
112	2119	4361	4176
113	2119	1594	1460
114	2119	3824	3661
115	2119	319	291
116	2119	3629	3446
117	2119	2829	2647
118	2119	3042	2867
119	2119	1853	1773
120	2119	58	56
121	2119	57	56
122	2119	1707	1640
123	2119	754	720
124	2119	1034	991
125	2119	1528	1456
126	2119	2891	2731
127	2119	212	202
128	2119	4181	3995
129	2119	2863	2668
130	2119	3509	3366
131	2119	3216	3067
132	2119	2541	2410
133	2119	2789	2660
134	2119	2033	1930
135	2119	753	722
136	2119	4152	3982
137	2119	3754	3580
138	2119	679	642
139	2119	3292	3179
140	2119	4175	4020
141	2119	4122	3962
142	2119	2802	2657
143	2119	3160	2995
144	2119	4548	4356
145	2119	9	9
146	2119	1059	1012
147	2119	3514	3375
148	2119	3159	3028
149	2119	3358	3214
150	2119	2401	2284
151	2119	323	305
152	2119	3630	3486
153	2119	4570	4400
154	2119	5662	5466
155	2119	4585	4416
156	2119	146	139
157	2119	2556	2452
158	2119	2355	2259
159	2119	3156	3017
160	2119	2806	2672
161	2119	347	332
162	2119	3355	3233
163	2119	4307	4113
164	2119	3376	3236
165	2119	3545	3318
166	2119	646	625
167	2119	3263	3083
168	2119	4494	4280
169	2119	3858	3696
170	2119	4374	4228
171	2119	387	370
172	2119	3682	3502
173	2119	2832	2692
174	2119	2636	2487
175	2119	2903	2747
176	2119	4033	3827
177	2119	3618	3463
178	2119	3342	3186
179	2119	5810	5532
180	2119	5455	5205
181	2119	4487	4256
182	2119	73	54
183	2119	2881	2723
184	2119	2458	2309
185	2119	3333	3175
186	2119	320	307
187	2119	4763	4569
188	2119	20	19
189	2119	2605	2451
190	2119	2295	2132
191	2119	2207	2065
192	2119	83	79
193	2119	10	10
194	2119	88	85
195	2119	36	34
196	2119	12	11
197	2119	764	717
198	2119	1821	1715
199	2119	14	13
200	2119	10	10
201	2119	87	77
202	2119	12	12
203	2119	50	49
204	2119	1602	1507
205	2119	2364	2262
206	2119	2416	2307
207	2119	2041	1962
208	2119	1434	1349
209	2119	11	9
210	2119	2182	2079
211	2119	1099	1026
212	2119	2063	1970
213	2119	2798	2628
214	2119	2378	2225
