SampleNumber	Tile	NumberOfReadsRaw	NumberOfReadsPF
0	1101	146724	100385
1	1101	2455	2254
2	1101	2696	2494
3	1101	2442	2236
4	1101	2675	2465
5	1101	1636	1507
6	1101	19	17
7	1101	2490	2278
8	1101	2264	2086
9	1101	2364	2179
10	1101	2706	2482
11	1101	1889	1726
12	1101	2297	2087
13	1101	1755	1609
14	1101	2249	2071
15	1101	1417	1315
16	1101	2264	2066
17	1101	4	3
18	1101	3	3
19	1101	1	1
20	1101	1229	1124
21	1101	1693	1558
22	1101	1903	1724
23	1101	2225	2050
24	1101	1816	1635
25	1101	1499	1376
26	1101	2259	2079
27	1101	2252	2052
28	1101	2681	2429
29	1101	2162	1944
30	1101	10	10
31	1101	1700	1559
32	1101	2377	2155
33	1101	14	13
34	1101	2380	2186
35	1101	2522	2308
36	1101	2800	2563
37	1101	43	42
38	1101	2547	2336
39	1101	1881	1734
40	1101	2067	1870
41	1101	2242	2049
42	1101	2358	2152
43	1101	2107	1940
44	1101	2464	2264
45	1101	48	43
46	1101	2311	2106
47	1101	5	4
48	1101	2085	1913
49	1101	2332	2114
50	1101	1673	1527
51	1101	10	8
52	1101	2320	2132
53	1101	1820	1671
54	1101	1837	1697
55	1101	60	53
56	1101	2304	2087
57	1101	2131	1972
58	1101	2075	1910
59	1101	1779	1633
60	1101	2091	1916
61	1101	4389	3972
62	1101	2160	2013
63	1101	42	41
64	1101	942	854
65	1101	2074	1914
66	1101	2406	2206
67	1101	6	5
68	1101	2579	2351
69	1101	20	16
70	1101	2422	2200
71	1101	1467	1322
72	1101	1260	1135
73	1101	1317	1202
74	1101	1825	1668
75	1101	1028	927
76	1101	1888	1720
77	1101	2147	1939
78	1101	2318	2145
79	1101	1948	1761
80	1101	1714	1526
81	1101	1012	929
82	1101	14	12
83	1101	2011	1848
84	1101	1583	1425
85	1101	418	354
86	1101	1854	1720
87	1101	695	620
88	1101	1772	1585
89	1101	2099	1926
90	1101	2128	1951
91	1101	1724	1562
93	1101	1691	1544
94	1101	724	659
95	1101	1978	1817
96	1101	1980	1786
97	1101	1141	1052
98	1101	1515	1394
99	1101	1438	1323
100	1101	10	6
101	1101	1246	1125
102	1101	651	592
103	1101	9	8
104	1101	1621	1490
105	1101	2047	1878
106	1101	1032	953
107	1101	1811	1675
108	1101	1568	1457
109	1101	1727	1584
110	1101	2668	2464
111	1101	1596	1478
112	1101	1812	1650
113	1101	1421	1304
114	1101	1766	1626
115	1101	1862	1706
116	1101	2045	1851
117	1101	2165	1977
118	1101	61	58
119	1101	2040	1872
120	1101	1934	1765
121	1101	1733	1596
122	1101	2357	2170
123	1101	782	730
124	1101	1398	1266
125	1101	1910	1760
126	1101	1424	1304
127	1101	1771	1615
128	1101	1198	1069
129	1101	1738	1598
130	1101	1836	1679
131	1101	1844	1705
132	1101	4	4
133	1101	1802	1671
134	1101	1704	1563
135	1101	1800	1650
136	1101	1902	1724
137	1101	1	1
138	1101	1670	1529
139	1101	1235	1118
140	1101	2025	1842
141	1101	1977	1795
142	1101	184	158
143	1101	2273	2092
144	1101	5	3
145	1101	1987	1837
146	1101	1229	1124
147	1101	44	43
148	1101	1941	1792
149	1101	1984	1838
150	1101	1969	1799
151	1101	1797	1646
152	1101	274	225
153	1101	2315	2122
154	1101	14	13
156	1101	1818	1680
157	1101	1320	1217
158	1101	37	31
159	1101	1697	1531
160	1101	1370	1259
161	1101	2045	1849
162	1101	1693	1551
163	1101	22	21
164	1101	1694	1565
165	1101	1438	1306
166	1101	2050	1903
167	1101	2005	1832
168	1101	4	4
169	1101	2496	2298
170	1101	2978	2734
171	1101	2032	1897
172	1101	1572	1427
173	1101	7	5
174	1101	2135	1941
175	1101	1848	1691
176	1101	1879	1724
177	1101	1896	1736
178	1101	2206	2029
179	1101	1481	1378
180	1101	1543	1413
181	1101	1588	1427
182	1101	2279	2071
183	1101	2193	2011
184	1101	2039	1882
185	1101	1911	1772
186	1101	1736	1590
187	1101	416	378
188	1101	19	16
189	1101	45	34
190	1101	2389	2169
191	1101	1851	1704
192	1101	1218	1118
193	1101	1758	1618
194	1101	2320	2119
195	1101	1967	1817
196	1101	2178	1961
197	1101	2402	2211
198	1101	10	8
199	1101	3351	3079
200	1101	2858	2597
201	1101	664	605
202	1101	1766	1619
203	1101	1931	1774
204	1101	13	11
205	1101	8	6
206	1101	11	9
207	1101	4	3
208	1101	12	12
209	1101	5	4
210	1101	11	10
211	1101	3	3
212	1101	9	5
213	1101	54	50
214	1101	8	5
215	1101	3	3
216	1101	1944	1788
0	1102	137854	97311
1	1102	2208	2078
2	1102	2635	2468
3	1102	2277	2138
4	1102	2471	2313
5	1102	1590	1484
6	1102	21	16
7	1102	2244	2110
8	1102	2208	2076
9	1102	2023	1914
10	1102	2594	2439
11	1102	1788	1705
12	1102	2292	2152
13	1102	1730	1613
14	1102	2115	1974
15	1102	1272	1207
16	1102	2247	2077
17	1102	3	2
19	1102	7	5
20	1102	1202	1123
21	1102	1706	1584
22	1102	1749	1651
23	1102	2035	1920
24	1102	1715	1598
25	1102	1396	1315
26	1102	2238	2104
27	1102	2190	2054
28	1102	2544	2392
29	1102	2029	1884
30	1102	14	12
31	1102	1745	1646
32	1102	2231	2089
33	1102	14	14
34	1102	2238	2099
35	1102	2456	2314
36	1102	2684	2544
37	1102	26	25
38	1102	2314	2189
39	1102	1765	1666
40	1102	1945	1822
41	1102	2158	2028
42	1102	2214	2083
43	1102	2085	1953
44	1102	2351	2197
45	1102	48	45
46	1102	2200	2046
47	1102	5	5
48	1102	1969	1859
49	1102	2163	2006
50	1102	1462	1367
51	1102	9	8
52	1102	2143	2020
53	1102	1778	1669
54	1102	1802	1685
55	1102	72	66
56	1102	2276	2124
57	1102	1943	1824
58	1102	1987	1863
59	1102	1642	1543
60	1102	1899	1783
61	1102	4204	3906
62	1102	2049	1905
63	1102	29	28
64	1102	867	806
65	1102	2059	1946
66	1102	2209	2059
67	1102	5	3
68	1102	2542	2364
69	1102	10	10
70	1102	2269	2121
71	1102	1328	1257
72	1102	1125	1053
73	1102	1202	1141
74	1102	1780	1657
75	1102	987	907
76	1102	1816	1698
77	1102	2159	1990
78	1102	2254	2107
79	1102	1842	1724
80	1102	1603	1487
81	1102	958	921
82	1102	23	21
83	1102	1967	1848
84	1102	1533	1430
85	1102	419	382
86	1102	1628	1510
87	1102	669	621
88	1102	1538	1430
89	1102	1918	1797
90	1102	1817	1732
91	1102	1665	1583
92	1102	2	2
93	1102	1507	1405
94	1102	748	691
95	1102	1890	1794
96	1102	1901	1786
97	1102	1069	1012
98	1102	1309	1216
99	1102	1412	1330
100	1102	8	8
101	1102	1151	1087
102	1102	687	652
103	1102	15	15
104	1102	1599	1502
105	1102	1790	1690
106	1102	941	884
107	1102	1611	1529
108	1102	1490	1399
109	1102	1622	1536
110	1102	2427	2274
111	1102	1454	1381
112	1102	1813	1696
113	1102	1311	1240
114	1102	1614	1507
115	1102	1692	1606
116	1102	1865	1761
117	1102	2081	1953
118	1102	41	39
119	1102	1883	1752
120	1102	1835	1723
121	1102	1613	1512
122	1102	2055	1929
123	1102	753	711
124	1102	1321	1234
125	1102	1802	1695
126	1102	1399	1297
127	1102	1677	1585
128	1102	1154	1086
129	1102	1648	1554
130	1102	1809	1687
131	1102	1789	1679
132	1102	5	4
133	1102	1736	1640
134	1102	1650	1578
135	1102	1742	1651
136	1102	1725	1636
137	1102	4	3
138	1102	1491	1391
139	1102	1153	1098
140	1102	1942	1837
141	1102	1951	1829
142	1102	177	155
143	1102	2052	1947
144	1102	1	1
145	1102	1959	1845
146	1102	1177	1097
147	1102	47	47
148	1102	1754	1643
149	1102	1888	1766
150	1102	1907	1788
151	1102	1680	1570
152	1102	213	194
153	1102	2100	1962
154	1102	29	27
155	1102	1	0
156	1102	1654	1549
157	1102	1213	1143
158	1102	25	25
159	1102	1540	1451
160	1102	1442	1340
161	1102	1698	1583
162	1102	1590	1496
163	1102	9	6
164	1102	1628	1538
165	1102	1326	1237
166	1102	1864	1755
167	1102	2043	1929
168	1102	1	0
169	1102	2396	2258
170	1102	2798	2633
171	1102	1932	1837
172	1102	1371	1284
173	1102	6	5
174	1102	1880	1748
175	1102	1785	1661
176	1102	1798	1693
177	1102	1749	1638
178	1102	2062	1932
179	1102	1440	1346
180	1102	1481	1403
181	1102	1430	1333
182	1102	2198	2066
183	1102	2134	2020
184	1102	1834	1728
185	1102	1733	1634
186	1102	1683	1579
187	1102	409	387
188	1102	27	24
189	1102	26	22
190	1102	2301	2152
191	1102	1848	1747
192	1102	1130	1074
193	1102	1638	1536
194	1102	2165	2017
195	1102	1758	1671
196	1102	2011	1872
197	1102	2265	2145
198	1102	8	7
199	1102	3276	3077
200	1102	2773	2592
201	1102	685	636
202	1102	1479	1397
203	1102	1914	1804
204	1102	13	10
205	1102	5	4
206	1102	8	7
207	1102	2	2
208	1102	8	8
209	1102	10	10
210	1102	4	3
211	1102	7	6
212	1102	8	8
213	1102	57	54
214	1102	8	7
215	1102	2	2
216	1102	1929	1799
0	1103	138906	94990
1	1103	2311	2128
2	1103	2529	2309
3	1103	2217	2061
4	1103	2551	2353
5	1103	1499	1385
6	1103	11	8
7	1103	2301	2122
8	1103	2136	1951
9	1103	2092	1924
10	1103	2463	2235
11	1103	1784	1637
12	1103	2230	2045
13	1103	1658	1547
14	1103	2024	1878
15	1103	1236	1133
16	1103	2203	2045
17	1103	9	6
18	1103	5	4
19	1103	7	6
20	1103	1181	1101
21	1103	1547	1416
22	1103	1749	1616
23	1103	1981	1829
24	1103	1734	1599
25	1103	1365	1251
26	1103	2233	2059
27	1103	2196	2021
28	1103	2510	2295
29	1103	1901	1697
30	1103	17	13
31	1103	1700	1555
32	1103	2071	1888
33	1103	18	17
34	1103	2225	2034
35	1103	2334	2162
36	1103	2658	2432
37	1103	27	24
38	1103	2324	2148
39	1103	1864	1709
40	1103	1820	1623
41	1103	2006	1850
42	1103	2224	2043
43	1103	2028	1865
44	1103	2407	2223
45	1103	60	52
46	1103	2198	2025
47	1103	1	0
48	1103	1912	1746
49	1103	2170	1995
50	1103	1596	1473
51	1103	4	3
52	1103	2138	1983
53	1103	1743	1609
54	1103	1752	1613
55	1103	89	83
56	1103	2158	1976
57	1103	2107	1943
58	1103	1953	1805
59	1103	1687	1554
60	1103	1978	1801
61	1103	4148	3820
62	1103	2020	1868
63	1103	50	49
64	1103	880	790
65	1103	2017	1862
66	1103	2255	2075
67	1103	7	5
68	1103	2587	2374
69	1103	18	14
70	1103	2246	2073
71	1103	1486	1370
72	1103	1116	1013
73	1103	1241	1132
74	1103	1647	1489
75	1103	1032	953
76	1103	1750	1609
77	1103	2099	1916
78	1103	2222	2041
79	1103	1836	1699
80	1103	1666	1518
81	1103	942	869
82	1103	13	9
83	1103	2024	1872
84	1103	1589	1455
85	1103	453	412
86	1103	1644	1509
87	1103	698	640
88	1103	1663	1514
89	1103	1846	1687
90	1103	1888	1734
91	1103	1661	1518
92	1103	4	4
93	1103	1556	1439
94	1103	710	640
95	1103	1879	1748
96	1103	1910	1755
97	1103	1038	954
98	1103	1358	1245
99	1103	1243	1129
100	1103	8	7
101	1103	1118	1010
102	1103	711	653
103	1103	15	14
104	1103	1560	1432
105	1103	1878	1750
106	1103	1006	910
107	1103	1792	1650
108	1103	1448	1346
109	1103	1640	1524
110	1103	2480	2246
111	1103	1521	1397
112	1103	1856	1723
113	1103	1299	1199
114	1103	1595	1472
115	1103	1641	1502
116	1103	1817	1660
117	1103	2065	1917
118	1103	53	48
119	1103	1801	1660
120	1103	1842	1700
121	1103	1733	1605
122	1103	2129	1917
123	1103	736	684
124	1103	1237	1149
125	1103	1795	1648
126	1103	1423	1321
127	1103	1690	1555
128	1103	1155	1054
129	1103	1647	1528
130	1103	1798	1667
131	1103	1719	1578
133	1103	1659	1532
134	1103	1669	1534
135	1103	1778	1625
136	1103	1730	1597
137	1103	1	0
138	1103	1451	1343
139	1103	1278	1179
140	1103	1957	1811
141	1103	1927	1756
142	1103	191	153
143	1103	2043	1902
144	1103	3	3
145	1103	1995	1851
146	1103	1136	1037
147	1103	53	51
148	1103	1864	1704
149	1103	1780	1635
150	1103	1725	1586
151	1103	1653	1526
152	1103	238	199
153	1103	2138	1972
154	1103	28	25
155	1103	3	3
156	1103	1761	1621
157	1103	1282	1181
158	1103	31	27
159	1103	1629	1491
160	1103	1421	1297
161	1103	1875	1703
162	1103	1727	1582
163	1103	14	13
164	1103	1591	1458
165	1103	1354	1244
166	1103	1990	1840
167	1103	2033	1884
168	1103	2	2
169	1103	2322	2164
170	1103	2843	2613
171	1103	1918	1764
172	1103	1359	1254
173	1103	3	3
174	1103	2000	1839
175	1103	1742	1606
176	1103	1741	1598
177	1103	1694	1558
178	1103	2094	1931
179	1103	1400	1288
180	1103	1497	1388
181	1103	1522	1382
182	1103	2143	1974
183	1103	2089	1941
184	1103	1916	1751
185	1103	1756	1624
186	1103	1704	1585
187	1103	418	384
188	1103	10	9
189	1103	27	22
190	1103	2240	2035
191	1103	1923	1772
192	1103	1104	1023
193	1103	1591	1456
194	1103	2128	1954
195	1103	1736	1587
196	1103	1951	1782
197	1103	2286	2112
198	1103	19	16
199	1103	3145	2924
200	1103	2901	2683
201	1103	606	557
202	1103	1538	1410
203	1103	1854	1713
204	1103	13	7
205	1103	9	9
206	1103	19	14
207	1103	7	7
208	1103	10	9
209	1103	13	10
210	1103	6	6
211	1103	6	5
212	1103	6	4
213	1103	69	62
214	1103	10	9
215	1103	2	1
216	1103	1780	1643
0	1104	137823	91915
1	1104	2220	1979
2	1104	2628	2391
3	1104	2327	2068
4	1104	2427	2168
5	1104	1570	1410
6	1104	20	14
7	1104	2211	2026
8	1104	2238	1997
9	1104	2086	1861
10	1104	2449	2215
11	1104	1720	1550
12	1104	2239	2004
13	1104	1684	1523
14	1104	2006	1834
15	1104	1262	1142
16	1104	2190	1974
17	1104	2	1
18	1104	5	5
19	1104	7	5
20	1104	1139	1038
21	1104	1610	1455
22	1104	1700	1528
23	1104	2035	1848
24	1104	1776	1594
25	1104	1415	1253
26	1104	2303	2052
27	1104	2107	1865
28	1104	2446	2192
29	1104	1891	1616
30	1104	18	17
31	1104	1603	1463
32	1104	2236	1981
33	1104	20	18
34	1104	2238	2044
35	1104	2397	2158
36	1104	2648	2399
37	1104	19	16
38	1104	2280	2063
39	1104	1857	1688
40	1104	1949	1759
41	1104	2042	1840
42	1104	2369	2122
43	1104	1946	1767
44	1104	2353	2123
45	1104	58	49
46	1104	2223	1991
47	1104	2	1
48	1104	1963	1770
49	1104	2142	1948
50	1104	1563	1387
51	1104	3	3
52	1104	2106	1896
53	1104	1797	1615
54	1104	1669	1513
55	1104	74	63
56	1104	2196	1978
57	1104	1940	1751
58	1104	2055	1855
59	1104	1682	1510
60	1104	1928	1719
61	1104	4102	3635
62	1104	2042	1856
63	1104	29	27
64	1104	922	808
65	1104	2006	1790
66	1104	2317	2093
67	1104	5	5
68	1104	2598	2318
69	1104	21	17
70	1104	2200	1981
71	1104	1391	1247
72	1104	1056	942
73	1104	1237	1107
74	1104	1681	1501
75	1104	949	847
76	1104	1801	1607
77	1104	2052	1869
78	1104	2303	2080
79	1104	1938	1773
80	1104	1572	1390
81	1104	893	801
82	1104	19	17
83	1104	1960	1770
84	1104	1539	1371
85	1104	436	384
86	1104	1770	1572
87	1104	714	638
88	1104	1489	1321
89	1104	1939	1749
90	1104	1900	1716
91	1104	1614	1433
92	1104	1	1
93	1104	1587	1427
94	1104	697	632
95	1104	1901	1702
96	1104	1904	1742
97	1104	970	866
98	1104	1405	1272
99	1104	1289	1167
100	1104	10	8
101	1104	1158	1048
102	1104	674	605
103	1104	11	9
104	1104	1522	1381
105	1104	1901	1730
106	1104	929	812
107	1104	1771	1601
108	1104	1401	1260
109	1104	1490	1330
110	1104	2428	2189
111	1104	1534	1372
112	1104	1747	1562
113	1104	1343	1220
114	1104	1595	1441
115	1104	1630	1472
116	1104	1765	1597
117	1104	2079	1872
118	1104	53	48
119	1104	1858	1659
120	1104	1874	1678
121	1104	1744	1586
122	1104	2249	2037
123	1104	696	621
124	1104	1267	1145
125	1104	1771	1622
126	1104	1418	1279
127	1104	1636	1484
128	1104	1137	1004
129	1104	1556	1374
130	1104	1695	1537
131	1104	1719	1548
132	1104	6	6
133	1104	1634	1483
134	1104	1650	1507
135	1104	1730	1556
136	1104	1686	1512
137	1104	2	1
138	1104	1519	1352
139	1104	1228	1078
140	1104	1814	1632
141	1104	1933	1740
142	1104	182	154
143	1104	2089	1882
144	1104	4	3
145	1104	1898	1728
146	1104	1077	963
147	1104	40	31
148	1104	1683	1514
149	1104	1906	1736
150	1104	1805	1651
151	1104	1547	1410
152	1104	293	261
153	1104	2208	1977
154	1104	30	27
156	1104	1751	1588
157	1104	1263	1158
158	1104	22	20
159	1104	1619	1451
160	1104	1413	1260
161	1104	1807	1604
162	1104	1611	1436
163	1104	21	18
164	1104	1457	1311
165	1104	1398	1256
166	1104	2038	1831
167	1104	1868	1689
168	1104	1	1
169	1104	2513	2246
170	1104	2723	2473
171	1104	1948	1764
172	1104	1348	1203
173	1104	3	2
174	1104	1841	1653
175	1104	1676	1503
176	1104	1857	1675
177	1104	1580	1425
178	1104	1965	1758
179	1104	1391	1246
180	1104	1604	1456
181	1104	1538	1362
182	1104	2154	1926
183	1104	2067	1866
184	1104	1872	1708
185	1104	1908	1699
186	1104	1717	1547
187	1104	408	375
188	1104	20	16
189	1104	31	28
190	1104	2274	2002
191	1104	1885	1687
192	1104	1054	952
193	1104	1620	1452
194	1104	2041	1843
195	1104	1734	1549
196	1104	2002	1810
197	1104	2202	2001
198	1104	20	15
199	1104	3218	2897
200	1104	2807	2523
201	1104	613	551
202	1104	1623	1462
203	1104	1820	1658
204	1104	13	8
205	1104	7	6
206	1104	11	9
207	1104	3	2
208	1104	10	9
209	1104	8	7
210	1104	7	6
211	1104	9	5
212	1104	10	8
213	1104	60	52
214	1104	16	15
215	1104	3	2
216	1104	1870	1700
0	1105	138050	92715
1	1105	2193	1971
2	1105	2639	2404
3	1105	2237	2015
4	1105	2519	2277
5	1105	1478	1311
6	1105	13	11
7	1105	2251	2038
8	1105	2186	1960
9	1105	1976	1784
10	1105	2579	2341
11	1105	1761	1560
12	1105	2223	1996
13	1105	1607	1452
14	1105	2121	1894
15	1105	1268	1139
16	1105	2214	1979
17	1105	6	5
18	1105	10	9
19	1105	5	4
20	1105	1144	1032
21	1105	1680	1496
22	1105	1761	1577
23	1105	1864	1703
24	1105	1731	1541
25	1105	1407	1241
26	1105	2233	2001
27	1105	2144	1937
28	1105	2554	2307
29	1105	1803	1536
30	1105	14	12
31	1105	1693	1515
32	1105	2233	2011
33	1105	12	11
34	1105	2273	2051
35	1105	2291	2084
36	1105	2715	2467
37	1105	16	13
38	1105	2314	2081
39	1105	1789	1632
40	1105	1991	1780
41	1105	2137	1901
42	1105	2339	2101
43	1105	2053	1838
44	1105	2375	2139
45	1105	44	39
46	1105	2125	1912
47	1105	9	8
48	1105	1931	1749
49	1105	1984	1803
50	1105	1551	1408
51	1105	7	7
52	1105	2081	1884
53	1105	1799	1629
54	1105	1754	1587
55	1105	71	55
56	1105	2027	1801
57	1105	1922	1704
58	1105	2033	1841
59	1105	1714	1514
60	1105	1958	1755
61	1105	4069	3629
62	1105	2071	1859
63	1105	41	39
64	1105	925	831
65	1105	1899	1734
66	1105	2190	1967
67	1105	7	5
68	1105	2638	2373
69	1105	19	18
70	1105	2180	1956
71	1105	1336	1223
72	1105	1183	1067
73	1105	1284	1137
74	1105	1772	1574
75	1105	982	885
76	1105	1787	1593
77	1105	2088	1893
78	1105	2220	1979
79	1105	1771	1610
80	1105	1527	1344
81	1105	970	874
82	1105	10	10
83	1105	1988	1786
84	1105	1546	1384
85	1105	407	358
86	1105	1707	1533
87	1105	671	607
88	1105	1541	1369
89	1105	1862	1666
90	1105	1900	1720
91	1105	1617	1472
92	1105	1	1
93	1105	1497	1325
94	1105	684	627
95	1105	1987	1790
96	1105	1910	1727
97	1105	1074	960
98	1105	1399	1237
99	1105	1188	1049
100	1105	7	5
101	1105	1144	1013
102	1105	702	632
103	1105	15	13
104	1105	1608	1475
105	1105	1876	1693
106	1105	992	898
107	1105	1716	1535
108	1105	1567	1411
109	1105	1583	1421
110	1105	2470	2220
111	1105	1502	1347
112	1105	1784	1588
113	1105	1296	1162
114	1105	1519	1368
115	1105	1685	1531
116	1105	1812	1618
117	1105	1963	1764
118	1105	54	49
119	1105	1830	1631
120	1105	1800	1597
121	1105	1653	1492
122	1105	2145	1933
123	1105	660	603
124	1105	1330	1206
125	1105	1764	1580
126	1105	1468	1299
127	1105	1676	1508
128	1105	1100	983
129	1105	1635	1488
130	1105	1731	1549
131	1105	1703	1546
132	1105	12	11
133	1105	1715	1529
134	1105	1527	1369
135	1105	1745	1574
136	1105	1792	1616
137	1105	5	5
138	1105	1461	1318
139	1105	1200	1079
140	1105	1992	1801
141	1105	1843	1662
142	1105	190	157
143	1105	1959	1756
144	1105	3	2
145	1105	1907	1715
146	1105	1055	952
147	1105	53	46
148	1105	1784	1618
149	1105	1874	1676
150	1105	1792	1609
151	1105	1717	1551
152	1105	254	215
153	1105	2189	1942
154	1105	28	25
155	1105	5	5
156	1105	1685	1521
157	1105	1283	1165
158	1105	17	15
159	1105	1636	1470
160	1105	1397	1228
161	1105	1816	1635
162	1105	1557	1398
163	1105	15	14
164	1105	1494	1359
165	1105	1345	1203
166	1105	2023	1828
167	1105	1942	1740
168	1105	1	1
169	1105	2309	2068
170	1105	2747	2481
171	1105	1999	1822
172	1105	1405	1277
173	1105	4	4
174	1105	1981	1755
175	1105	1745	1569
176	1105	1824	1640
177	1105	1656	1487
178	1105	2097	1891
179	1105	1353	1223
180	1105	1485	1358
181	1105	1524	1369
182	1105	2118	1897
183	1105	2076	1857
184	1105	1944	1750
185	1105	1868	1692
186	1105	1595	1421
187	1105	449	399
188	1105	24	20
189	1105	29	22
190	1105	2391	2143
191	1105	1912	1694
192	1105	1081	982
193	1105	1601	1432
194	1105	2169	1912
195	1105	1745	1561
196	1105	2038	1802
197	1105	2330	2124
198	1105	18	14
199	1105	3212	2915
200	1105	2797	2496
201	1105	643	594
202	1105	1474	1332
203	1105	1966	1765
204	1105	8	7
205	1105	8	8
206	1105	9	7
207	1105	2	2
208	1105	5	3
209	1105	7	6
210	1105	6	5
211	1105	6	6
212	1105	5	3
213	1105	40	34
214	1105	11	9
215	1105	3	3
216	1105	1834	1643
0	1106	139336	98203
1	1106	2243	2098
2	1106	2720	2559
3	1106	2215	2075
4	1106	2446	2299
5	1106	1563	1466
6	1106	10	9
7	1106	2351	2207
8	1106	2202	2058
9	1106	2166	2009
10	1106	2548	2390
11	1106	1792	1680
12	1106	2245	2121
13	1106	1698	1580
14	1106	2094	1960
15	1106	1276	1205
16	1106	2299	2130
17	1106	4	3
18	1106	6	6
19	1106	3	2
20	1106	1234	1154
21	1106	1665	1543
22	1106	1675	1566
23	1106	2110	1994
24	1106	1744	1620
25	1106	1403	1300
26	1106	2210	2049
27	1106	2117	1962
28	1106	2447	2266
29	1106	1756	1573
30	1106	16	13
31	1106	1732	1635
32	1106	2318	2144
33	1106	21	20
34	1106	2339	2198
35	1106	2403	2258
36	1106	2666	2481
37	1106	31	30
38	1106	2421	2266
39	1106	1786	1653
40	1106	1886	1755
41	1106	2062	1923
42	1106	2194	2066
43	1106	1975	1870
44	1106	2444	2287
45	1106	63	63
46	1106	2117	1983
47	1106	6	4
48	1106	2072	1928
49	1106	2147	1990
50	1106	1564	1464
51	1106	7	7
52	1106	2080	1952
53	1106	1797	1701
54	1106	1788	1666
55	1106	85	81
56	1106	2238	2090
57	1106	1978	1847
58	1106	1980	1851
59	1106	1608	1515
60	1106	2003	1886
61	1106	4089	3820
62	1106	2082	1951
63	1106	54	51
64	1106	908	836
65	1106	1984	1873
66	1106	2316	2180
67	1106	3	3
68	1106	2504	2337
69	1106	11	9
70	1106	2271	2120
71	1106	1297	1225
72	1106	1163	1086
73	1106	1203	1118
74	1106	1697	1579
75	1106	987	916
76	1106	1696	1591
77	1106	2058	1927
78	1106	2226	2075
79	1106	1872	1779
80	1106	1582	1463
81	1106	949	878
82	1106	19	17
83	1106	1914	1800
84	1106	1504	1384
85	1106	433	395
86	1106	1754	1639
87	1106	647	603
88	1106	1603	1498
89	1106	1801	1683
90	1106	1864	1761
91	1106	1581	1490
92	1106	3	2
93	1106	1538	1436
94	1106	777	723
95	1106	1834	1714
96	1106	1926	1804
97	1106	1031	967
98	1106	1384	1277
99	1106	1276	1208
100	1106	8	8
101	1106	1108	1039
102	1106	671	628
103	1106	16	16
104	1106	1587	1481
105	1106	2005	1875
106	1106	981	904
107	1106	1763	1669
108	1106	1400	1319
109	1106	1656	1553
110	1106	2400	2232
111	1106	1441	1362
112	1106	1762	1639
113	1106	1369	1277
114	1106	1626	1533
115	1106	1749	1641
116	1106	1773	1667
117	1106	2026	1911
118	1106	50	50
119	1106	1840	1741
120	1106	1759	1647
121	1106	1588	1497
122	1106	2076	1925
123	1106	730	692
124	1106	1321	1230
125	1106	1690	1586
126	1106	1345	1264
127	1106	1764	1649
128	1106	1163	1099
129	1106	1751	1638
130	1106	1766	1651
131	1106	1718	1624
132	1106	1	1
133	1106	1810	1696
134	1106	1679	1592
135	1106	1587	1479
136	1106	1845	1740
137	1106	4	4
138	1106	1544	1441
139	1106	1218	1134
140	1106	1940	1828
141	1106	1900	1789
142	1106	205	178
143	1106	2113	1993
144	1106	2	2
145	1106	1958	1835
146	1106	1104	1031
147	1106	55	54
148	1106	1830	1729
149	1106	1873	1755
150	1106	1809	1723
151	1106	1648	1545
152	1106	242	220
153	1106	2134	2002
154	1106	21	19
155	1106	2	1
156	1106	1672	1566
157	1106	1280	1197
158	1106	36	35
159	1106	1558	1468
160	1106	1384	1288
161	1106	1927	1814
162	1106	1673	1567
163	1106	18	18
164	1106	1695	1590
165	1106	1383	1305
166	1106	1962	1848
167	1106	1911	1795
168	1106	7	7
169	1106	2305	2170
170	1106	2865	2697
171	1106	1936	1826
172	1106	1405	1322
173	1106	4	3
174	1106	1998	1887
175	1106	1726	1606
176	1106	1801	1675
177	1106	1671	1563
178	1106	2096	1958
179	1106	1383	1297
180	1106	1623	1522
181	1106	1518	1420
182	1106	2152	2014
183	1106	2113	1966
184	1106	1902	1772
185	1106	1791	1693
186	1106	1565	1454
187	1106	408	388
188	1106	27	25
189	1106	31	28
190	1106	2378	2229
191	1106	1814	1695
192	1106	1126	1052
193	1106	1579	1490
194	1106	2141	1988
195	1106	1707	1588
196	1106	2156	2017
197	1106	2216	2092
198	1106	19	18
199	1106	3228	3044
200	1106	2793	2600
201	1106	622	588
202	1106	1537	1449
203	1106	1938	1803
204	1106	14	9
205	1106	7	6
206	1106	14	9
207	1106	1	1
208	1106	13	13
209	1106	12	12
210	1106	5	4
211	1106	5	4
212	1106	10	7
213	1106	64	59
214	1106	18	17
215	1106	2	1
216	1106	1767	1662
0	1107	148436	106306
1	1107	2329	2157
2	1107	2553	2392
3	1107	2182	2049
4	1107	2537	2378
5	1107	1439	1369
6	1107	7	6
7	1107	2268	2128
8	1107	2208	2041
9	1107	2032	1896
10	1107	2510	2365
11	1107	1716	1626
12	1107	2242	2107
13	1107	1578	1488
14	1107	1874	1759
15	1107	1213	1128
16	1107	2072	1924
17	1107	5	5
18	1107	2	2
19	1107	4	2
20	1107	1052	985
21	1107	1590	1514
22	1107	1617	1520
23	1107	2000	1886
24	1107	1711	1617
25	1107	1368	1276
26	1107	2289	2154
27	1107	1842	1720
28	1107	2464	2323
29	1107	1689	1525
30	1107	18	16
31	1107	1646	1549
32	1107	2119	1965
33	1107	15	14
34	1107	2271	2156
35	1107	2242	2116
36	1107	2478	2323
37	1107	27	24
38	1107	2171	2055
39	1107	1841	1710
40	1107	1966	1834
41	1107	2081	1943
42	1107	2113	1985
43	1107	1976	1854
44	1107	2278	2133
45	1107	45	42
46	1107	2023	1899
47	1107	2	2
48	1107	1852	1739
49	1107	2231	2080
50	1107	1497	1403
51	1107	7	7
52	1107	2097	1979
53	1107	1597	1503
54	1107	1784	1680
55	1107	66	62
56	1107	2020	1902
57	1107	2037	1893
58	1107	1917	1778
59	1107	1599	1528
60	1107	1951	1827
61	1107	3908	3683
62	1107	2007	1885
63	1107	47	45
64	1107	899	833
65	1107	2012	1884
66	1107	2254	2119
67	1107	2	2
68	1107	2479	2317
69	1107	18	18
70	1107	2190	2043
71	1107	1290	1231
72	1107	1072	999
73	1107	1267	1190
74	1107	1641	1548
75	1107	944	883
76	1107	1678	1561
77	1107	1859	1772
78	1107	2217	2071
79	1107	1907	1790
80	1107	1512	1410
81	1107	928	884
82	1107	11	10
83	1107	1811	1708
84	1107	1432	1351
85	1107	351	327
86	1107	1672	1569
87	1107	664	624
88	1107	1526	1430
89	1107	1928	1821
90	1107	1833	1741
91	1107	1588	1487
92	1107	4	4
93	1107	1502	1421
94	1107	733	693
95	1107	1764	1650
96	1107	1822	1703
97	1107	981	910
98	1107	1293	1200
99	1107	1282	1205
100	1107	5	5
101	1107	1062	1003
102	1107	688	647
103	1107	17	17
104	1107	1569	1484
105	1107	1902	1793
106	1107	978	913
107	1107	1552	1473
108	1107	1488	1405
109	1107	1554	1454
110	1107	2595	2452
111	1107	1419	1338
112	1107	1764	1640
113	1107	1393	1316
114	1107	1490	1409
115	1107	1666	1586
116	1107	1845	1745
117	1107	1907	1788
118	1107	46	45
119	1107	1734	1631
120	1107	1851	1729
121	1107	1682	1574
122	1107	1981	1852
123	1107	711	685
124	1107	1311	1223
125	1107	1681	1564
126	1107	1366	1289
127	1107	1659	1560
128	1107	1113	1039
129	1107	1554	1474
130	1107	1566	1479
131	1107	1555	1474
132	1107	9	9
133	1107	1628	1530
134	1107	1630	1527
135	1107	1767	1669
136	1107	1841	1735
137	1107	3	2
138	1107	1408	1314
139	1107	1195	1120
140	1107	1948	1835
141	1107	1808	1700
142	1107	192	172
143	1107	2068	1941
144	1107	3	3
145	1107	1942	1846
146	1107	1063	996
147	1107	42	42
148	1107	1813	1701
149	1107	1662	1570
150	1107	1835	1716
151	1107	1521	1429
152	1107	245	219
153	1107	2127	1997
154	1107	21	19
155	1107	1	1
156	1107	1651	1557
157	1107	1104	1041
158	1107	30	25
159	1107	1514	1424
160	1107	1483	1391
161	1107	1916	1804
162	1107	1643	1543
163	1107	10	10
164	1107	1621	1526
165	1107	1261	1190
166	1107	1951	1810
167	1107	1802	1689
168	1107	2	2
169	1107	2340	2201
170	1107	2610	2467
171	1107	1834	1733
172	1107	1392	1303
173	1107	3	3
174	1107	2023	1894
175	1107	1692	1582
176	1107	1921	1797
177	1107	1708	1594
178	1107	1938	1816
179	1107	1358	1305
180	1107	1585	1490
181	1107	1393	1314
182	1107	2119	1980
183	1107	2047	1950
184	1107	1926	1784
185	1107	1731	1631
186	1107	1571	1450
187	1107	387	370
188	1107	34	28
189	1107	38	36
190	1107	2320	2187
191	1107	1678	1566
192	1107	1062	996
193	1107	1623	1508
194	1107	2103	1980
195	1107	1769	1670
196	1107	1989	1850
197	1107	2267	2133
198	1107	16	14
199	1107	3039	2866
200	1107	2767	2586
201	1107	552	517
202	1107	1616	1516
203	1107	1852	1722
204	1107	18	12
205	1107	12	12
206	1107	13	13
207	1107	1	1
208	1107	10	8
209	1107	8	8
210	1107	6	6
211	1107	4	4
212	1107	14	8
213	1107	90	84
214	1107	16	16
215	1107	2	2
216	1107	1820	1730
0	1108	143974	97914
1	1108	2451	2247
2	1108	2703	2432
3	1108	2375	2179
4	1108	2565	2333
5	1108	1583	1457
6	1108	15	14
7	1108	2432	2190
8	1108	2419	2162
9	1108	2085	1883
10	1108	2630	2386
11	1108	1835	1674
12	1108	2375	2137
13	1108	1633	1464
14	1108	2081	1875
15	1108	1304	1182
16	1108	2256	2027
17	1108	4	4
18	1108	2	2
19	1108	7	7
20	1108	1177	1073
21	1108	1723	1554
22	1108	1883	1699
23	1108	2183	1965
24	1108	1766	1587
25	1108	1480	1332
26	1108	2345	2113
27	1108	1997	1758
28	1108	2556	2322
29	1108	1606	1321
30	1108	11	10
31	1108	1798	1619
32	1108	2236	2015
33	1108	18	14
34	1108	2428	2191
35	1108	2354	2160
36	1108	2848	2605
37	1108	31	25
38	1108	2477	2245
39	1108	1800	1636
40	1108	2038	1822
41	1108	2093	1902
42	1108	2324	2106
43	1108	2150	1940
44	1108	2451	2212
45	1108	48	44
46	1108	2308	2066
47	1108	6	5
48	1108	2102	1916
49	1108	2302	2086
50	1108	1629	1474
51	1108	6	6
52	1108	2232	2055
53	1108	1802	1620
54	1108	1788	1591
55	1108	79	71
56	1108	2168	1928
57	1108	2050	1851
58	1108	2100	1872
59	1108	1733	1573
60	1108	2095	1884
61	1108	4274	3854
62	1108	2034	1857
63	1108	46	43
64	1108	902	794
65	1108	2117	1920
66	1108	2379	2141
67	1108	7	5
68	1108	2679	2450
69	1108	27	22
70	1108	2358	2146
71	1108	1357	1218
72	1108	1145	1010
73	1108	1338	1222
74	1108	1673	1506
75	1108	1047	945
76	1108	1837	1659
77	1108	2109	1883
78	1108	2357	2135
79	1108	1923	1737
80	1108	1659	1452
81	1108	1021	930
82	1108	8	7
83	1108	2069	1865
84	1108	1618	1459
85	1108	455	397
86	1108	1868	1661
87	1108	730	666
88	1108	1626	1463
89	1108	1895	1722
90	1108	2044	1848
91	1108	1614	1450
92	1108	2	2
93	1108	1634	1469
94	1108	720	646
95	1108	1944	1763
96	1108	1904	1692
97	1108	1045	959
98	1108	1475	1319
99	1108	1315	1196
100	1108	14	13
101	1108	1170	1067
102	1108	726	640
103	1108	21	19
104	1108	1540	1395
105	1108	1971	1807
106	1108	983	879
107	1108	1828	1668
108	1108	1560	1406
109	1108	1685	1529
110	1108	2601	2370
111	1108	1596	1449
112	1108	1834	1615
113	1108	1367	1263
114	1108	1578	1443
115	1108	1760	1600
116	1108	1876	1713
117	1108	2168	1994
118	1108	60	53
119	1108	2034	1840
120	1108	1921	1724
121	1108	1812	1661
122	1108	2124	1923
123	1108	748	666
124	1108	1332	1194
125	1108	1797	1631
126	1108	1413	1278
127	1108	1728	1585
128	1108	1090	962
129	1108	1626	1493
130	1108	1769	1591
131	1108	1678	1531
132	1108	8	8
133	1108	1763	1607
134	1108	1758	1581
135	1108	1753	1577
136	1108	1858	1676
137	1108	3	1
138	1108	1522	1382
139	1108	1293	1173
140	1108	2025	1827
141	1108	1930	1732
142	1108	185	158
143	1108	2216	2008
144	1108	2	2
145	1108	2095	1881
146	1108	1104	992
147	1108	57	53
148	1108	1979	1776
149	1108	1921	1752
150	1108	1876	1723
151	1108	1757	1631
152	1108	238	201
153	1108	2284	2056
154	1108	25	23
155	1108	2	2
156	1108	1756	1619
157	1108	1234	1104
158	1108	27	24
159	1108	1680	1499
160	1108	1447	1277
161	1108	1891	1696
162	1108	1675	1495
163	1108	11	11
164	1108	1619	1460
165	1108	1387	1257
166	1108	2020	1840
167	1108	2072	1864
169	1108	2420	2222
170	1108	2767	2496
171	1108	2089	1909
172	1108	1555	1415
173	1108	9	8
174	1108	2009	1830
175	1108	1764	1568
176	1108	1940	1745
177	1108	1808	1632
178	1108	2129	1924
179	1108	1489	1355
180	1108	1588	1432
181	1108	1661	1488
182	1108	2211	2017
183	1108	2248	2038
184	1108	1954	1761
185	1108	1842	1669
186	1108	1780	1608
187	1108	469	437
188	1108	24	20
189	1108	51	36
190	1108	2502	2227
191	1108	1916	1751
192	1108	1192	1065
193	1108	1669	1495
194	1108	2314	2107
195	1108	1815	1652
196	1108	2191	1954
197	1108	2316	2105
198	1108	12	8
199	1108	3406	3071
200	1108	2975	2679
201	1108	599	538
202	1108	1604	1444
203	1108	1897	1724
204	1108	15	10
205	1108	15	11
206	1108	10	7
207	1108	4	3
208	1108	10	10
209	1108	6	5
210	1108	7	7
211	1108	7	6
212	1108	6	4
213	1108	51	46
214	1108	15	14
215	1108	1	1
216	1108	1959	1785
0	1109	145849	99871
1	1109	2201	2005
2	1109	2696	2484
3	1109	2432	2226
4	1109	2641	2408
5	1109	1553	1388
6	1109	21	18
7	1109	2478	2270
8	1109	2307	2105
9	1109	2168	1978
10	1109	2684	2447
11	1109	1915	1755
12	1109	2344	2131
13	1109	1769	1624
14	1109	2120	1946
15	1109	1301	1176
16	1109	2308	2089
17	1109	3	3
18	1109	2	2
19	1109	3	2
20	1109	1193	1092
21	1109	1685	1525
22	1109	1735	1584
23	1109	2090	1898
24	1109	1707	1567
25	1109	1407	1295
26	1109	2263	2060
27	1109	2162	1960
28	1109	2553	2305
29	1109	1548	1301
30	1109	13	13
31	1109	1825	1661
32	1109	2346	2096
33	1109	23	18
34	1109	2408	2194
35	1109	2450	2220
36	1109	2813	2572
37	1109	37	34
38	1109	2505	2282
39	1109	1877	1706
40	1109	2015	1782
41	1109	2107	1910
42	1109	2307	2086
43	1109	2120	1957
44	1109	2562	2334
45	1109	44	37
46	1109	2249	2056
47	1109	2	1
48	1109	2092	1878
49	1109	2351	2137
50	1109	1637	1492
51	1109	7	7
52	1109	2190	2002
53	1109	1842	1680
54	1109	1831	1698
55	1109	76	68
56	1109	2232	2018
57	1109	1940	1765
58	1109	2153	1976
59	1109	1811	1654
60	1109	2127	1948
61	1109	4244	3881
62	1109	2134	1953
63	1109	41	36
64	1109	895	812
65	1109	2064	1881
66	1109	2377	2177
67	1109	4	3
68	1109	2578	2365
69	1109	22	18
70	1109	2148	1980
71	1109	1407	1304
72	1109	1213	1100
73	1109	1299	1189
74	1109	1812	1645
75	1109	1031	919
76	1109	1954	1773
77	1109	2182	1988
78	1109	2230	2029
79	1109	1929	1777
80	1109	1602	1431
81	1109	1004	937
82	1109	17	14
83	1109	2121	1922
84	1109	1573	1423
85	1109	448	408
86	1109	1798	1629
87	1109	742	672
88	1109	1571	1415
89	1109	1947	1771
90	1109	1999	1825
91	1109	1681	1521
92	1109	4	2
93	1109	1643	1508
94	1109	805	737
95	1109	1973	1791
96	1109	1895	1729
97	1109	1112	1026
98	1109	1393	1256
99	1109	1322	1209
100	1109	4	2
101	1109	1181	1093
102	1109	682	625
103	1109	14	11
104	1109	1536	1399
105	1109	1889	1729
106	1109	1097	997
107	1109	1774	1637
108	1109	1576	1449
109	1109	1713	1548
110	1109	2422	2209
111	1109	1522	1391
112	1109	1685	1513
113	1109	1378	1273
114	1109	1584	1430
115	1109	1830	1668
116	1109	1734	1590
117	1109	2087	1914
118	1109	56	51
119	1109	1951	1783
120	1109	1853	1697
121	1109	1863	1717
122	1109	2134	1961
123	1109	804	746
124	1109	1314	1202
125	1109	1833	1666
126	1109	1401	1280
127	1109	1710	1558
128	1109	1223	1087
129	1109	1696	1558
130	1109	1806	1641
131	1109	1734	1576
132	1109	5	3
133	1109	1715	1588
134	1109	1741	1589
135	1109	1842	1708
136	1109	1879	1713
137	1109	6	5
138	1109	1514	1380
139	1109	1361	1242
140	1109	1917	1751
141	1109	1972	1797
142	1109	171	147
143	1109	2158	1959
144	1109	5	5
145	1109	2143	1960
146	1109	1225	1108
147	1109	35	30
148	1109	1849	1685
149	1109	1837	1679
150	1109	1817	1669
151	1109	1668	1524
152	1109	226	195
153	1109	2244	2072
154	1109	16	15
156	1109	1813	1629
157	1109	1399	1277
158	1109	24	22
159	1109	1616	1467
160	1109	1469	1333
161	1109	1854	1695
162	1109	1668	1524
163	1109	22	22
164	1109	1679	1538
165	1109	1360	1237
166	1109	2081	1911
167	1109	2033	1853
168	1109	1	1
169	1109	2548	2332
170	1109	2852	2597
171	1109	1976	1832
172	1109	1515	1381
173	1109	2	1
174	1109	2096	1907
175	1109	1756	1607
176	1109	1859	1705
177	1109	1858	1703
178	1109	2208	1980
179	1109	1493	1370
180	1109	1571	1428
181	1109	1556	1437
182	1109	2316	2108
183	1109	2300	2120
184	1109	1962	1809
185	1109	1851	1690
186	1109	1774	1619
187	1109	441	401
188	1109	35	31
189	1109	28	23
190	1109	2438	2210
191	1109	1982	1832
192	1109	1122	1027
193	1109	1791	1644
194	1109	2202	1997
195	1109	1784	1623
196	1109	2059	1851
197	1109	2260	2076
198	1109	16	15
199	1109	3329	3043
200	1109	2960	2673
201	1109	648	598
202	1109	1621	1476
203	1109	1992	1789
204	1109	13	9
205	1109	14	13
206	1109	15	14
207	1109	7	5
208	1109	19	18
209	1109	5	5
210	1109	8	7
211	1109	13	13
212	1109	7	2
213	1109	72	68
214	1109	3	3
215	1109	8	8
216	1109	1868	1700
0	1110	141438	98764
1	1110	2475	2302
2	1110	2559	2376
3	1110	2324	2152
4	1110	2531	2370
5	1110	1535	1422
6	1110	7	4
7	1110	2365	2224
8	1110	2282	2096
9	1110	2168	1999
10	1110	2549	2356
11	1110	1820	1678
12	1110	2382	2212
13	1110	1797	1622
14	1110	2127	1964
15	1110	1284	1200
16	1110	2193	1999
17	1110	4	2
18	1110	1	1
19	1110	5	3
20	1110	1120	1036
21	1110	1539	1436
22	1110	1826	1693
23	1110	2238	2094
24	1110	1674	1533
25	1110	1459	1346
26	1110	2226	2062
27	1110	2052	1866
28	1110	2567	2352
29	1110	1393	1185
30	1110	16	14
31	1110	1842	1705
32	1110	2287	2070
33	1110	16	14
34	1110	2355	2186
35	1110	2501	2336
36	1110	2761	2579
37	1110	28	25
38	1110	2406	2229
39	1110	1912	1755
40	1110	1982	1835
41	1110	2093	1935
42	1110	2236	2084
43	1110	2182	2020
44	1110	2465	2272
45	1110	37	33
46	1110	2168	1994
47	1110	2	1
48	1110	2045	1891
49	1110	2329	2168
50	1110	1579	1443
51	1110	6	6
52	1110	2277	2108
53	1110	1864	1725
54	1110	1812	1657
55	1110	63	61
56	1110	2124	1940
57	1110	2009	1860
58	1110	2102	1941
59	1110	1785	1653
60	1110	2053	1906
61	1110	4173	3842
62	1110	2042	1880
63	1110	51	46
64	1110	905	823
65	1110	2073	1918
66	1110	2384	2200
67	1110	3	2
68	1110	2474	2274
69	1110	31	25
70	1110	2314	2127
71	1110	1342	1224
72	1110	1124	1026
73	1110	1247	1157
74	1110	1701	1566
75	1110	935	874
76	1110	1831	1689
77	1110	1942	1778
78	1110	2316	2127
79	1110	1863	1729
80	1110	1532	1375
81	1110	968	880
82	1110	12	11
83	1110	2010	1864
84	1110	1607	1473
85	1110	413	375
86	1110	1768	1639
87	1110	723	666
88	1110	1656	1506
89	1110	1872	1715
90	1110	1880	1731
91	1110	1568	1446
92	1110	2	1
93	1110	1591	1451
94	1110	783	720
95	1110	1983	1850
96	1110	1960	1775
97	1110	1019	958
98	1110	1388	1270
99	1110	1334	1245
100	1110	9	8
101	1110	1028	938
102	1110	668	613
103	1110	12	11
104	1110	1565	1437
105	1110	1942	1805
106	1110	997	914
107	1110	1753	1643
108	1110	1516	1402
109	1110	1661	1515
110	1110	2532	2356
111	1110	1539	1421
112	1110	1724	1537
113	1110	1340	1240
114	1110	1611	1488
115	1110	1669	1567
116	1110	1837	1693
117	1110	2086	1925
118	1110	74	69
119	1110	1897	1756
120	1110	1859	1728
121	1110	1641	1540
122	1110	2170	1990
123	1110	809	766
124	1110	1284	1200
125	1110	1779	1646
126	1110	1373	1273
127	1110	1656	1530
128	1110	1133	1041
129	1110	1600	1485
130	1110	1824	1678
131	1110	1773	1667
132	1110	8	8
133	1110	1758	1650
134	1110	1730	1587
135	1110	1828	1681
136	1110	1835	1696
137	1110	3	3
138	1110	1488	1376
139	1110	1248	1159
140	1110	2070	1915
141	1110	1981	1839
142	1110	189	164
143	1110	2113	1925
144	1110	7	6
145	1110	1932	1780
146	1110	1093	1014
147	1110	46	41
148	1110	1884	1740
149	1110	1984	1835
150	1110	1859	1734
151	1110	1738	1584
152	1110	250	216
153	1110	2256	2110
154	1110	23	17
155	1110	2	2
156	1110	1843	1701
157	1110	1264	1153
158	1110	24	23
159	1110	1616	1486
160	1110	1396	1281
161	1110	1851	1709
162	1110	1677	1560
163	1110	18	12
164	1110	1642	1529
165	1110	1360	1262
166	1110	2022	1880
167	1110	1878	1737
168	1110	3	2
169	1110	2328	2157
170	1110	2833	2617
171	1110	1926	1786
172	1110	1335	1236
173	1110	2	1
174	1110	1989	1854
175	1110	1758	1603
176	1110	1896	1752
177	1110	1791	1661
178	1110	2137	1963
179	1110	1425	1321
180	1110	1559	1451
181	1110	1573	1444
182	1110	2171	2019
183	1110	2172	1993
184	1110	2119	1971
185	1110	1891	1755
186	1110	1802	1676
187	1110	424	389
188	1110	36	34
189	1110	25	23
190	1110	2521	2316
191	1110	1917	1773
192	1110	1073	982
193	1110	1671	1537
194	1110	2164	2007
195	1110	1793	1657
196	1110	2074	1908
197	1110	2344	2168
198	1110	18	16
199	1110	3337	3097
200	1110	2878	2666
201	1110	585	534
202	1110	1575	1447
203	1110	1924	1782
204	1110	15	13
205	1110	12	9
206	1110	9	8
207	1110	6	5
208	1110	15	14
209	1110	4	3
210	1110	6	5
211	1110	9	6
212	1110	11	7
213	1110	52	45
214	1110	15	13
215	1110	5	3
216	1110	1929	1787
0	1111	139435	102965
1	1111	2355	2206
2	1111	2626	2470
3	1111	2337	2218
4	1111	2583	2415
5	1111	1601	1516
6	1111	12	10
7	1111	2272	2127
8	1111	2191	2051
9	1111	2087	1945
10	1111	2476	2337
11	1111	1744	1652
12	1111	2150	2033
13	1111	1717	1619
14	1111	2022	1914
15	1111	1238	1157
16	1111	2279	2122
17	1111	1	1
18	1111	3	3
19	1111	8	7
20	1111	1100	1038
21	1111	1567	1479
22	1111	1734	1631
23	1111	2170	2038
24	1111	1726	1591
25	1111	1326	1243
26	1111	2175	2055
27	1111	2024	1896
28	1111	2504	2365
29	1111	1419	1242
30	1111	10	8
31	1111	1747	1655
32	1111	2146	2001
33	1111	22	19
34	1111	2320	2191
35	1111	2300	2162
36	1111	2501	2366
37	1111	43	38
38	1111	2318	2175
39	1111	1871	1766
40	1111	1888	1777
41	1111	2116	2003
42	1111	2245	2115
43	1111	2090	1951
44	1111	2469	2339
45	1111	38	35
46	1111	2183	2055
47	1111	2	2
48	1111	1973	1838
49	1111	2159	2019
50	1111	1552	1474
51	1111	13	12
52	1111	2197	2084
53	1111	1850	1740
54	1111	1778	1687
55	1111	74	71
56	1111	2160	2003
57	1111	2014	1902
58	1111	1955	1830
59	1111	1805	1705
60	1111	1983	1853
61	1111	4155	3917
62	1111	2005	1886
63	1111	42	40
64	1111	865	807
65	1111	2016	1909
66	1111	2290	2184
67	1111	5	4
68	1111	2564	2415
69	1111	22	21
70	1111	2229	2107
71	1111	1309	1244
72	1111	1102	1027
73	1111	1271	1207
74	1111	1766	1656
75	1111	976	928
76	1111	1756	1638
77	1111	2058	1942
78	1111	2224	2100
79	1111	1791	1692
80	1111	1388	1298
81	1111	1015	968
82	1111	16	14
83	1111	1914	1801
84	1111	1517	1404
85	1111	433	407
86	1111	1678	1589
87	1111	618	573
88	1111	1594	1487
89	1111	2010	1891
90	1111	1948	1826
91	1111	1576	1494
92	1111	5	5
93	1111	1485	1395
94	1111	691	651
95	1111	1975	1857
96	1111	1938	1840
97	1111	1047	989
98	1111	1351	1279
99	1111	1334	1257
100	1111	7	7
101	1111	1096	1035
102	1111	706	659
103	1111	6	6
104	1111	1526	1446
105	1111	1955	1847
106	1111	969	906
107	1111	1688	1596
108	1111	1447	1369
109	1111	1587	1503
110	1111	2461	2295
111	1111	1526	1438
112	1111	1651	1546
113	1111	1297	1226
114	1111	1483	1393
115	1111	1648	1562
116	1111	1651	1555
117	1111	2066	1941
118	1111	60	55
119	1111	1877	1759
120	1111	1834	1720
121	1111	1632	1540
122	1111	2145	2023
123	1111	737	713
124	1111	1272	1192
125	1111	1798	1712
126	1111	1383	1287
127	1111	1711	1623
128	1111	1119	1047
129	1111	1627	1539
130	1111	1736	1644
131	1111	1736	1635
132	1111	2	0
133	1111	1735	1646
134	1111	1653	1544
135	1111	1716	1629
136	1111	1773	1691
138	1111	1493	1409
139	1111	1214	1139
140	1111	1968	1863
141	1111	1939	1840
142	1111	184	170
143	1111	2043	1912
144	1111	4	3
145	1111	1945	1844
146	1111	1008	937
147	1111	41	38
148	1111	1821	1717
149	1111	1884	1756
150	1111	1878	1747
151	1111	1727	1642
152	1111	227	216
153	1111	2249	2142
154	1111	20	18
155	1111	7	5
156	1111	1701	1599
157	1111	1337	1251
158	1111	28	24
159	1111	1643	1546
160	1111	1431	1357
161	1111	1932	1821
162	1111	1604	1503
163	1111	19	19
164	1111	1563	1467
165	1111	1318	1229
166	1111	1973	1852
167	1111	1907	1791
168	1111	3	3
169	1111	2263	2152
170	1111	2886	2726
171	1111	1932	1814
172	1111	1366	1283
173	1111	7	6
174	1111	2023	1909
175	1111	1700	1598
176	1111	1780	1677
177	1111	1729	1647
178	1111	2064	1927
179	1111	1517	1445
180	1111	1563	1480
181	1111	1581	1478
182	1111	2161	2020
183	1111	2031	1916
184	1111	1973	1852
185	1111	1788	1669
186	1111	1678	1589
187	1111	475	445
188	1111	31	29
189	1111	31	23
190	1111	2366	2233
191	1111	1874	1771
192	1111	1153	1074
193	1111	1645	1542
194	1111	2223	2108
195	1111	1724	1639
196	1111	2064	1900
197	1111	2191	2057
198	1111	17	16
199	1111	3202	3052
200	1111	2790	2611
201	1111	639	606
202	1111	1534	1458
203	1111	1840	1713
204	1111	16	9
205	1111	9	6
206	1111	12	10
207	1111	3	3
208	1111	8	7
209	1111	7	6
210	1111	3	3
211	1111	8	7
212	1111	5	2
213	1111	51	46
214	1111	9	8
215	1111	6	6
216	1111	1883	1780
0	1112	137764	101852
1	1112	2151	2045
2	1112	2613	2469
3	1112	2233	2110
4	1112	2536	2401
5	1112	1504	1433
6	1112	8	8
7	1112	2240	2105
8	1112	2269	2134
9	1112	2135	2004
10	1112	2545	2412
11	1112	1751	1667
12	1112	2299	2176
13	1112	1658	1566
14	1112	2024	1925
15	1112	1282	1224
16	1112	2312	2172
17	1112	4	4
18	1112	6	6
19	1112	1	0
20	1112	1146	1073
21	1112	1650	1562
22	1112	1716	1623
23	1112	2041	1922
24	1112	1734	1637
25	1112	1405	1319
26	1112	2221	2096
27	1112	1947	1813
28	1112	2560	2425
29	1112	1118	998
30	1112	13	12
31	1112	1768	1669
32	1112	2108	1968
33	1112	25	23
34	1112	2300	2177
35	1112	2523	2409
36	1112	2759	2615
37	1112	33	30
38	1112	2344	2236
39	1112	1831	1716
40	1112	1899	1794
41	1112	2106	1969
42	1112	2133	2012
43	1112	2097	2000
44	1112	2428	2290
45	1112	41	39
46	1112	1997	1890
47	1112	6	6
48	1112	2049	1918
49	1112	2229	2100
50	1112	1545	1448
51	1112	10	9
52	1112	2196	2080
53	1112	1873	1778
54	1112	1638	1555
55	1112	65	62
56	1112	2096	1961
57	1112	1912	1803
58	1112	1995	1893
59	1112	1773	1681
60	1112	1963	1843
61	1112	4496	4253
62	1112	2060	1944
63	1112	35	32
64	1112	905	836
65	1112	2015	1909
66	1112	2239	2131
67	1112	10	9
68	1112	2606	2454
69	1112	31	28
70	1112	2212	2089
71	1112	1365	1286
72	1112	1136	1067
73	1112	1194	1127
74	1112	1544	1455
75	1112	985	933
76	1112	1807	1687
77	1112	2215	2083
78	1112	2203	2070
79	1112	1816	1723
80	1112	1409	1310
81	1112	963	892
82	1112	22	22
83	1112	2025	1905
84	1112	1482	1395
85	1112	426	392
86	1112	1637	1532
87	1112	688	653
88	1112	1566	1467
89	1112	1953	1842
90	1112	1882	1763
91	1112	1678	1579
93	1112	1557	1479
94	1112	729	687
95	1112	1997	1883
96	1112	1825	1732
97	1112	1012	951
98	1112	1449	1370
99	1112	1354	1278
100	1112	9	8
101	1112	1115	1058
102	1112	670	629
103	1112	8	5
104	1112	1542	1436
105	1112	1863	1770
106	1112	1003	949
107	1112	1670	1594
108	1112	1456	1387
109	1112	1635	1534
110	1112	2385	2274
111	1112	1520	1431
112	1112	1553	1450
113	1112	1309	1251
114	1112	1608	1518
115	1112	1720	1640
116	1112	1819	1718
117	1112	2021	1924
118	1112	60	58
119	1112	1881	1794
120	1112	1884	1798
121	1112	1670	1577
122	1112	2095	1979
123	1112	785	755
124	1112	1239	1184
125	1112	1725	1624
126	1112	1384	1317
127	1112	1681	1596
128	1112	1111	1045
129	1112	1628	1548
130	1112	1674	1597
131	1112	1773	1685
132	1112	3	3
133	1112	1647	1568
134	1112	1615	1524
135	1112	1822	1716
136	1112	1818	1736
138	1112	1563	1487
139	1112	1210	1151
140	1112	1952	1847
141	1112	1850	1751
142	1112	174	157
143	1112	2079	1976
144	1112	2	1
145	1112	1982	1874
146	1112	1132	1056
147	1112	38	34
148	1112	1878	1780
149	1112	1817	1720
150	1112	1694	1608
151	1112	1684	1606
152	1112	234	224
153	1112	2169	2072
154	1112	24	21
156	1112	1681	1596
157	1112	1342	1255
158	1112	35	32
159	1112	1609	1507
160	1112	1402	1317
161	1112	1888	1793
162	1112	1521	1446
163	1112	11	11
164	1112	1528	1437
165	1112	1382	1301
166	1112	1919	1820
167	1112	2081	1967
168	1112	3	2
169	1112	2429	2319
170	1112	2831	2696
171	1112	1947	1844
172	1112	1356	1281
173	1112	4	4
174	1112	1977	1868
175	1112	1794	1689
176	1112	1843	1738
177	1112	1700	1624
178	1112	2009	1892
179	1112	1432	1362
180	1112	1555	1469
181	1112	1476	1392
182	1112	2230	2098
183	1112	2279	2158
184	1112	1939	1812
185	1112	1804	1723
186	1112	1740	1628
187	1112	428	407
188	1112	25	23
189	1112	29	22
190	1112	2438	2304
191	1112	1892	1807
192	1112	1102	1016
193	1112	1678	1598
194	1112	2163	2047
195	1112	1670	1579
196	1112	2107	1980
197	1112	2242	2117
198	1112	18	18
199	1112	3259	3090
200	1112	2771	2610
201	1112	631	600
202	1112	1578	1490
203	1112	1846	1752
204	1112	11	5
205	1112	8	7
206	1112	7	7
207	1112	6	6
208	1112	5	4
209	1112	11	10
210	1112	4	4
211	1112	5	5
212	1112	1	1
213	1112	46	43
214	1112	7	4
215	1112	5	5
216	1112	1918	1817
0	1113	140235	102222
1	1113	2149	2021
2	1113	2666	2500
3	1113	2217	2091
4	1113	2570	2396
5	1113	1506	1415
6	1113	17	15
7	1113	2331	2191
8	1113	2238	2092
9	1113	2004	1886
10	1113	2690	2542
11	1113	1857	1757
12	1113	2262	2128
13	1113	1784	1694
14	1113	2073	1962
15	1113	1321	1255
16	1113	2297	2170
17	1113	8	7
18	1113	5	5
19	1113	5	3
20	1113	1153	1081
21	1113	1643	1534
22	1113	1634	1541
23	1113	2179	2042
24	1113	1694	1588
25	1113	1371	1273
26	1113	2246	2099
27	1113	1897	1726
28	1113	2714	2515
29	1113	931	768
30	1113	10	9
31	1113	1653	1555
32	1113	2204	2056
33	1113	16	14
34	1113	2261	2135
35	1113	2271	2138
36	1113	2702	2554
37	1113	24	23
38	1113	2391	2254
39	1113	1825	1710
40	1113	1855	1725
41	1113	2066	1949
42	1113	2141	2016
43	1113	2083	1955
44	1113	2357	2213
45	1113	66	61
46	1113	2042	1917
47	1113	4	4
48	1113	1958	1833
49	1113	2188	2042
50	1113	1597	1494
51	1113	7	7
52	1113	2272	2152
53	1113	1793	1692
54	1113	1764	1646
55	1113	72	66
56	1113	2105	1948
57	1113	1977	1857
58	1113	2049	1936
59	1113	1790	1697
60	1113	2108	1979
61	1113	4160	3925
62	1113	2095	1967
63	1113	52	47
64	1113	919	853
65	1113	1889	1766
66	1113	2235	2109
67	1113	8	7
68	1113	2596	2451
69	1113	18	15
70	1113	2192	2043
71	1113	1285	1213
72	1113	1146	1079
73	1113	1267	1199
74	1113	1700	1582
75	1113	1017	952
76	1113	1751	1646
77	1113	2174	2043
78	1113	2152	2015
79	1113	1868	1741
80	1113	1328	1196
81	1113	1001	961
82	1113	14	13
83	1113	1926	1814
84	1113	1483	1386
85	1113	391	357
86	1113	1759	1629
87	1113	631	593
88	1113	1488	1375
89	1113	1879	1767
90	1113	1875	1767
91	1113	1853	1751
92	1113	2	2
93	1113	1564	1474
94	1113	718	668
95	1113	1845	1730
96	1113	1843	1734
97	1113	1003	947
98	1113	1449	1363
99	1113	1284	1211
100	1113	9	9
101	1113	1115	1052
102	1113	694	646
103	1113	15	14
104	1113	1561	1477
105	1113	1972	1880
106	1113	1046	993
107	1113	1645	1564
108	1113	1447	1365
109	1113	1644	1553
110	1113	2388	2234
111	1113	1442	1348
112	1113	1484	1349
113	1113	1351	1285
114	1113	1637	1542
115	1113	1761	1648
116	1113	1672	1552
117	1113	2071	1959
118	1113	55	54
119	1113	2013	1882
120	1113	1814	1715
121	1113	1620	1514
122	1113	2214	2093
123	1113	774	730
124	1113	1324	1262
125	1113	1764	1670
126	1113	1397	1326
127	1113	1640	1549
128	1113	1072	993
129	1113	1618	1527
130	1113	1824	1701
131	1113	1790	1679
132	1113	2	2
133	1113	1812	1717
134	1113	1637	1548
135	1113	1800	1709
136	1113	1728	1621
137	1113	2	2
138	1113	1536	1447
139	1113	1300	1231
140	1113	1974	1868
141	1113	1862	1755
142	1113	187	163
143	1113	2234	2100
144	1113	4	1
145	1113	1978	1859
146	1113	1060	1000
147	1113	45	39
148	1113	1849	1752
149	1113	1885	1768
150	1113	1812	1711
151	1113	1703	1596
152	1113	240	221
153	1113	2225	2108
154	1113	10	10
156	1113	1707	1631
157	1113	1301	1223
158	1113	25	23
159	1113	1558	1450
160	1113	1462	1387
161	1113	1878	1784
162	1113	1643	1538
163	1113	22	22
164	1113	1622	1530
165	1113	1323	1239
166	1113	1931	1826
167	1113	1921	1801
168	1113	3	3
169	1113	2430	2298
170	1113	2907	2743
171	1113	1974	1890
172	1113	1426	1333
173	1113	8	7
174	1113	2055	1934
175	1113	1674	1588
176	1113	1824	1706
177	1113	1768	1645
178	1113	2078	1961
179	1113	1388	1315
180	1113	1545	1458
181	1113	1431	1354
182	1113	2224	2085
183	1113	2224	2089
184	1113	1921	1815
185	1113	1832	1743
186	1113	1689	1609
187	1113	417	396
188	1113	33	28
189	1113	30	24
190	1113	2373	2223
191	1113	1731	1644
192	1113	1118	1067
193	1113	1582	1501
194	1113	2106	1957
195	1113	1803	1711
196	1113	2043	1909
197	1113	2212	2091
198	1113	15	12
199	1113	3263	3067
200	1113	2964	2801
201	1113	639	601
202	1113	1577	1476
203	1113	1732	1620
204	1113	13	7
205	1113	12	11
206	1113	14	13
207	1113	7	6
208	1113	7	6
209	1113	6	5
210	1113	7	6
211	1113	6	6
212	1113	11	8
213	1113	45	44
214	1113	16	14
215	1113	3	3
216	1113	1952	1846
0	1114	143961	106322
1	1114	2298	2169
2	1114	2610	2485
3	1114	2255	2132
4	1114	2568	2409
5	1114	1532	1446
6	1114	8	8
7	1114	2269	2156
8	1114	2293	2156
9	1114	2077	1984
10	1114	2509	2387
11	1114	1804	1721
12	1114	2307	2157
13	1114	1699	1604
14	1114	2009	1890
15	1114	1277	1215
16	1114	2230	2078
17	1114	9	9
18	1114	1	1
19	1114	4	4
20	1114	1161	1086
21	1114	1732	1625
22	1114	1766	1677
23	1114	1997	1902
24	1114	1647	1543
25	1114	1485	1399
26	1114	2328	2208
27	1114	1850	1703
28	1114	2550	2415
29	1114	677	567
30	1114	17	15
31	1114	1778	1704
32	1114	2165	2023
33	1114	22	22
34	1114	2170	2053
35	1114	2495	2348
36	1114	2799	2651
37	1114	27	25
38	1114	2331	2198
39	1114	1666	1552
40	1114	1865	1730
41	1114	2041	1919
42	1114	2260	2136
43	1114	2126	2009
44	1114	2389	2258
45	1114	43	39
46	1114	2109	1976
47	1114	8	4
48	1114	1995	1862
49	1114	2149	2039
50	1114	1539	1464
51	1114	5	4
52	1114	2169	2067
53	1114	1734	1636
54	1114	1686	1567
55	1114	67	64
56	1114	2082	1936
57	1114	1971	1857
58	1114	2079	1971
59	1114	1770	1663
60	1114	2037	1926
61	1114	4061	3845
62	1114	2016	1894
63	1114	30	27
64	1114	947	870
65	1114	1964	1848
66	1114	2278	2171
67	1114	6	6
68	1114	2651	2515
69	1114	20	18
70	1114	2238	2109
71	1114	1361	1286
72	1114	1164	1074
73	1114	1291	1222
74	1114	1596	1511
75	1114	1089	1034
76	1114	1814	1707
77	1114	2040	1934
78	1114	2115	1986
79	1114	1901	1790
80	1114	1288	1178
81	1114	976	920
82	1114	15	15
83	1114	1964	1862
84	1114	1528	1443
85	1114	426	404
86	1114	1735	1623
87	1114	661	616
88	1114	1612	1515
89	1114	1877	1772
90	1114	1861	1772
91	1114	1659	1575
92	1114	2	1
93	1114	1704	1616
94	1114	751	701
95	1114	2017	1903
96	1114	1813	1714
97	1114	968	935
98	1114	1350	1288
99	1114	1251	1179
100	1114	8	7
101	1114	1045	1002
102	1114	629	592
103	1114	12	12
104	1114	1619	1523
105	1114	2040	1941
106	1114	1069	1006
107	1114	1693	1597
108	1114	1570	1485
109	1114	1656	1568
110	1114	2430	2276
111	1114	1542	1458
112	1114	1379	1254
113	1114	1329	1252
114	1114	1595	1504
115	1114	1711	1641
116	1114	1769	1669
117	1114	2001	1882
118	1114	43	42
119	1114	2010	1899
120	1114	1908	1806
121	1114	1794	1698
122	1114	2155	2040
123	1114	760	725
124	1114	1353	1275
125	1114	1774	1689
126	1114	1419	1340
127	1114	1775	1660
128	1114	1096	1016
129	1114	1665	1563
130	1114	1644	1575
131	1114	1763	1669
132	1114	5	5
133	1114	1819	1724
134	1114	1704	1606
135	1114	1756	1648
136	1114	1765	1668
137	1114	2	2
138	1114	1682	1597
139	1114	1269	1199
140	1114	2028	1919
141	1114	1961	1846
142	1114	175	154
143	1114	1958	1861
144	1114	1	1
145	1114	1948	1850
146	1114	1066	1009
147	1114	36	33
148	1114	1864	1770
149	1114	1958	1858
150	1114	1841	1740
151	1114	1674	1592
152	1114	229	212
153	1114	2321	2192
154	1114	26	25
155	1114	1	1
156	1114	1804	1701
157	1114	1314	1240
158	1114	25	21
159	1114	1655	1548
160	1114	1382	1305
161	1114	1934	1826
162	1114	1578	1491
163	1114	16	15
164	1114	1635	1554
165	1114	1325	1252
166	1114	1862	1769
167	1114	1875	1768
168	1114	5	5
169	1114	2413	2279
170	1114	2946	2782
171	1114	1989	1894
172	1114	1355	1287
173	1114	8	8
174	1114	1944	1843
175	1114	1804	1705
176	1114	1893	1779
177	1114	1731	1635
178	1114	2071	1973
179	1114	1379	1305
180	1114	1543	1450
181	1114	1604	1518
182	1114	2236	2110
183	1114	2173	2054
184	1114	1837	1730
185	1114	1735	1647
186	1114	1679	1596
187	1114	419	395
188	1114	24	24
189	1114	26	23
190	1114	2409	2280
191	1114	1875	1761
192	1114	1075	1034
193	1114	1573	1484
194	1114	2059	1939
195	1114	1814	1732
196	1114	2071	1947
197	1114	2399	2274
198	1114	17	14
199	1114	3216	3043
200	1114	2907	2749
201	1114	702	674
202	1114	1570	1486
203	1114	1651	1540
204	1114	16	13
205	1114	8	8
206	1114	10	8
207	1114	2	2
208	1114	18	17
209	1114	7	6
210	1114	9	9
211	1114	5	4
212	1114	9	7
213	1114	54	51
214	1114	8	6
215	1114	6	6
216	1114	1943	1859
0	1115	140930	98889
1	1115	2291	2142
2	1115	2726	2523
3	1115	2383	2205
4	1115	2594	2376
5	1115	1528	1403
6	1115	10	10
7	1115	2413	2241
8	1115	2208	2047
9	1115	2146	1989
10	1115	2488	2301
11	1115	1740	1633
12	1115	2343	2185
13	1115	1682	1561
14	1115	2085	1917
15	1115	1306	1226
16	1115	2340	2160
17	1115	3	2
18	1115	3	3
19	1115	5	4
20	1115	1157	1078
21	1115	1709	1591
22	1115	1804	1664
23	1115	2040	1899
24	1115	1689	1554
25	1115	1366	1262
26	1115	2184	2026
27	1115	1705	1500
28	1115	2573	2370
29	1115	473	359
30	1115	3	3
31	1115	1735	1614
32	1115	2149	1961
33	1115	17	15
34	1115	2162	2004
35	1115	2298	2122
36	1115	2834	2667
37	1115	34	33
38	1115	2359	2191
39	1115	1693	1541
40	1115	1882	1726
41	1115	1980	1809
42	1115	2436	2251
43	1115	2123	1971
44	1115	2380	2204
45	1115	51	47
46	1115	1959	1767
47	1115	4	3
48	1115	1945	1807
49	1115	2175	2018
50	1115	1612	1470
51	1115	8	8
52	1115	2225	2077
53	1115	1814	1670
54	1115	1604	1469
55	1115	74	72
56	1115	2157	1978
57	1115	2024	1886
58	1115	2038	1884
59	1115	1821	1686
60	1115	2043	1892
61	1115	4287	3928
62	1115	1981	1805
63	1115	39	37
64	1115	961	871
65	1115	1901	1741
66	1115	2333	2138
67	1115	4	4
68	1115	2599	2408
69	1115	21	17
70	1115	2195	2021
71	1115	1397	1284
72	1115	1173	1077
73	1115	1291	1177
74	1115	1563	1405
75	1115	1061	986
76	1115	1862	1715
77	1115	2103	1959
78	1115	2092	1933
79	1115	1853	1687
80	1115	1166	997
81	1115	1042	973
82	1115	15	14
83	1115	1957	1796
84	1115	1558	1420
85	1115	425	383
86	1115	1689	1530
87	1115	684	634
88	1115	1541	1410
89	1115	1900	1750
90	1115	1959	1796
91	1115	1673	1529
92	1115	4	4
93	1115	1528	1422
94	1115	736	664
95	1115	1995	1846
96	1115	1901	1735
97	1115	1069	988
98	1115	1433	1320
99	1115	1395	1282
100	1115	6	5
101	1115	1163	1062
102	1115	690	633
103	1115	12	8
104	1115	1584	1472
105	1115	2029	1895
106	1115	1060	992
107	1115	1761	1640
108	1115	1473	1382
109	1115	1679	1545
110	1115	2291	2092
111	1115	1482	1366
112	1115	1313	1112
113	1115	1426	1329
114	1115	1563	1445
115	1115	1798	1679
116	1115	1726	1568
117	1115	2101	1945
118	1115	39	36
119	1115	2086	1910
120	1115	1978	1851
121	1115	1716	1585
122	1115	2117	1953
123	1115	802	753
124	1115	1317	1222
125	1115	1788	1648
126	1115	1410	1284
127	1115	1702	1584
128	1115	1079	969
129	1115	1691	1566
130	1115	1748	1624
131	1115	1870	1731
132	1115	6	5
133	1115	1778	1649
134	1115	1646	1517
135	1115	1854	1721
136	1115	1829	1676
137	1115	2	2
138	1115	1519	1419
139	1115	1231	1116
140	1115	1993	1839
141	1115	1905	1726
142	1115	178	144
143	1115	2135	1983
144	1115	5	5
145	1115	2018	1861
146	1115	1124	1044
147	1115	47	44
148	1115	1912	1798
149	1115	1847	1718
150	1115	1835	1711
151	1115	1685	1556
152	1115	263	225
153	1115	2316	2170
154	1115	18	17
155	1115	1	1
156	1115	1822	1697
157	1115	1237	1146
158	1115	18	12
159	1115	1651	1511
160	1115	1408	1294
161	1115	1946	1788
162	1115	1620	1490
163	1115	17	16
164	1115	1620	1484
165	1115	1367	1269
166	1115	1924	1779
167	1115	1956	1813
168	1115	7	6
169	1115	2430	2298
170	1115	2889	2687
171	1115	2075	1937
172	1115	1411	1310
173	1115	5	5
174	1115	1916	1737
175	1115	1680	1555
176	1115	1934	1777
177	1115	1765	1649
178	1115	2132	1964
179	1115	1409	1302
180	1115	1565	1452
181	1115	1480	1359
182	1115	2249	2083
183	1115	2106	1930
184	1115	2061	1901
185	1115	1886	1764
186	1115	1718	1586
187	1115	408	375
188	1115	21	19
189	1115	20	18
190	1115	2448	2260
191	1115	2002	1893
192	1115	1129	1047
193	1115	1696	1548
194	1115	2178	1998
195	1115	1877	1748
196	1115	2131	1952
197	1115	2317	2138
198	1115	16	14
199	1115	3447	3187
200	1115	2868	2615
201	1115	655	594
202	1115	1526	1379
203	1115	1656	1501
204	1115	16	8
205	1115	7	5
206	1115	8	5
207	1115	6	6
208	1115	5	4
209	1115	4	4
210	1115	6	6
211	1115	9	8
212	1115	8	7
213	1115	53	49
214	1115	13	13
215	1115	7	7
216	1115	1792	1661
0	1116	143329	98622
1	1116	2269	2097
2	1116	2691	2493
3	1116	2481	2337
4	1116	2561	2393
5	1116	1651	1539
6	1116	10	9
7	1116	2375	2210
8	1116	2377	2207
9	1116	2179	2025
10	1116	2656	2472
11	1116	1949	1821
12	1116	2480	2322
13	1116	1790	1678
14	1116	1996	1846
15	1116	1367	1247
16	1116	2341	2166
17	1116	4	4
18	1116	2	2
19	1116	3	2
20	1116	1191	1125
21	1116	1732	1626
22	1116	1764	1642
23	1116	2298	2133
24	1116	1768	1662
25	1116	1488	1379
26	1116	2398	2218
27	1116	1694	1469
28	1116	2621	2435
29	1116	380	298
30	1116	13	10
31	1116	1757	1629
32	1116	2164	1984
33	1116	16	13
34	1116	2326	2152
35	1116	2366	2195
36	1116	2845	2660
37	1116	32	29
38	1116	2358	2215
39	1116	1766	1622
40	1116	1921	1753
41	1116	2245	2089
42	1116	2300	2144
43	1116	2161	2030
44	1116	2444	2263
45	1116	48	42
46	1116	2035	1840
47	1116	10	10
48	1116	1994	1853
49	1116	2223	2061
50	1116	1616	1501
51	1116	12	12
52	1116	2210	2049
53	1116	1854	1714
54	1116	1666	1545
55	1116	72	71
56	1116	2214	2054
57	1116	1935	1785
58	1116	2097	1967
59	1116	1913	1780
60	1116	2159	2011
61	1116	4449	4130
62	1116	2009	1868
63	1116	51	49
64	1116	870	791
65	1116	2003	1829
66	1116	2314	2137
67	1116	3	2
68	1116	2599	2431
69	1116	22	19
70	1116	2383	2194
71	1116	1447	1359
72	1116	1125	1042
73	1116	1284	1194
74	1116	1670	1530
75	1116	1028	961
76	1116	1954	1813
77	1116	2209	2071
78	1116	2236	2040
79	1116	1811	1661
80	1116	1125	958
81	1116	1020	943
82	1116	34	29
83	1116	2016	1870
84	1116	1631	1509
85	1116	438	410
86	1116	1602	1460
87	1116	688	629
88	1116	1718	1567
89	1116	1980	1827
90	1116	2053	1907
91	1116	1783	1671
92	1116	2	2
93	1116	1548	1423
94	1116	773	706
95	1116	1939	1787
96	1116	1956	1806
97	1116	1059	996
98	1116	1482	1366
99	1116	1436	1319
100	1116	7	7
101	1116	1104	1029
102	1116	681	645
103	1116	6	6
104	1116	1635	1531
105	1116	1948	1827
106	1116	1091	1035
107	1116	1839	1722
108	1116	1481	1408
109	1116	1628	1494
110	1116	2419	2219
111	1116	1610	1466
112	1116	1235	1055
113	1116	1421	1323
114	1116	1595	1466
115	1116	1789	1659
116	1116	1618	1467
117	1116	2072	1923
118	1116	49	45
119	1116	1963	1831
120	1116	1843	1722
121	1116	1825	1716
122	1116	2244	2096
123	1116	849	806
124	1116	1386	1288
125	1116	1779	1661
126	1116	1413	1295
127	1116	1780	1654
128	1116	1044	931
129	1116	1692	1588
130	1116	1826	1720
131	1116	1776	1665
132	1116	4	4
133	1116	1777	1672
134	1116	1669	1545
135	1116	1811	1700
136	1116	1760	1644
137	1116	3	2
138	1116	1528	1419
139	1116	1272	1202
140	1116	2028	1877
141	1116	1836	1678
142	1116	177	148
143	1116	2193	2042
144	1116	6	5
145	1116	2037	1915
146	1116	1176	1093
147	1116	33	33
148	1116	1907	1791
149	1116	2006	1865
150	1116	1905	1782
151	1116	1655	1555
152	1116	263	231
153	1116	2272	2143
154	1116	28	24
155	1116	2	0
156	1116	1829	1705
157	1116	1270	1199
158	1116	30	27
159	1116	1640	1505
160	1116	1497	1376
161	1116	1968	1852
162	1116	1694	1554
163	1116	15	14
164	1116	1650	1529
165	1116	1382	1289
166	1116	2029	1866
167	1116	2113	1994
168	1116	3	3
169	1116	2521	2378
170	1116	2848	2675
171	1116	2013	1854
172	1116	1458	1360
173	1116	6	4
174	1116	1853	1697
175	1116	1755	1638
176	1116	1875	1748
177	1116	1776	1674
178	1116	2114	1957
179	1116	1465	1379
180	1116	1556	1460
181	1116	1452	1358
182	1116	2280	2135
183	1116	2138	1975
184	1116	1978	1866
185	1116	1829	1704
186	1116	1730	1609
187	1116	432	403
188	1116	27	24
189	1116	30	21
190	1116	2470	2307
191	1116	1991	1865
192	1116	1160	1082
193	1116	1767	1637
194	1116	2154	1973
195	1116	1962	1822
196	1116	2061	1899
197	1116	2454	2282
198	1116	10	10
199	1116	3445	3213
200	1116	2918	2712
201	1116	633	592
202	1116	1618	1497
203	1116	1685	1532
204	1116	13	10
205	1116	10	9
206	1116	12	9
207	1116	5	4
208	1116	14	11
209	1116	9	9
210	1116	7	6
211	1116	9	8
212	1116	8	6
213	1116	64	56
214	1116	18	15
215	1116	1	1
216	1116	1898	1769
0	1117	145688	98139
1	1117	2273	2093
2	1117	2722	2507
3	1117	2307	2118
4	1117	2786	2529
5	1117	1594	1458
6	1117	7	6
7	1117	2207	2015
8	1117	2230	2060
9	1117	2257	2084
10	1117	2733	2546
11	1117	1847	1714
12	1117	2338	2156
13	1117	1779	1631
14	1117	2113	1888
15	1117	1419	1313
16	1117	2285	2094
17	1117	8	6
18	1117	1	1
19	1117	1	0
20	1117	1255	1157
21	1117	1780	1643
22	1117	1829	1652
23	1117	2298	2089
24	1117	1790	1662
25	1117	1502	1374
26	1117	2322	2134
27	1117	1581	1350
28	1117	2599	2392
29	1117	288	224
30	1117	11	10
31	1117	1791	1648
32	1117	2212	2008
33	1117	19	16
34	1117	2207	2001
35	1117	2397	2173
36	1117	2835	2639
37	1117	47	38
38	1117	2363	2146
39	1117	1690	1521
40	1117	1803	1607
41	1117	2229	2040
42	1117	2355	2154
43	1117	2127	1964
44	1117	2512	2305
45	1117	48	47
46	1117	1898	1682
47	1117	2	2
48	1117	2044	1876
49	1117	2350	2140
50	1117	1631	1491
51	1117	5	4
52	1117	2263	2069
53	1117	1818	1650
54	1117	1672	1504
55	1117	85	77
56	1117	2144	1937
57	1117	1946	1771
58	1117	2074	1882
59	1117	1850	1712
60	1117	2194	2013
61	1117	4426	4083
62	1117	2040	1863
63	1117	34	32
64	1117	907	836
65	1117	1984	1800
66	1117	2329	2115
67	1117	10	7
68	1117	2681	2482
69	1117	20	15
70	1117	2165	1962
71	1117	1444	1312
72	1117	1225	1125
73	1117	1253	1140
74	1117	1558	1382
75	1117	1116	1034
76	1117	1933	1756
77	1117	2198	2042
78	1117	2191	1928
79	1117	1769	1577
80	1117	1101	880
81	1117	1017	940
82	1117	17	17
83	1117	2142	1977
84	1117	1449	1322
85	1117	445	400
86	1117	1585	1430
87	1117	707	634
88	1117	1591	1443
89	1117	2022	1865
90	1117	1980	1824
91	1117	1776	1635
92	1117	1	1
93	1117	1617	1483
94	1117	774	699
95	1117	2039	1861
96	1117	1886	1738
97	1117	1130	1037
98	1117	1512	1390
99	1117	1353	1230
100	1117	22	18
101	1117	1161	1065
102	1117	779	710
103	1117	10	10
104	1117	1602	1491
105	1117	1993	1848
106	1117	1033	953
107	1117	1741	1594
108	1117	1491	1380
109	1117	1733	1574
110	1117	2447	2175
111	1117	1562	1452
112	1117	1102	876
113	1117	1426	1319
114	1117	1596	1458
115	1117	1780	1636
116	1117	1583	1407
117	1117	2111	1941
118	1117	45	41
119	1117	2006	1835
120	1117	1957	1810
121	1117	1677	1553
122	1117	2314	2131
123	1117	790	735
124	1117	1383	1262
125	1117	1797	1665
126	1117	1381	1250
127	1117	1763	1609
128	1117	977	847
129	1117	1741	1623
130	1117	1821	1663
131	1117	1755	1619
132	1117	8	8
133	1117	1774	1637
134	1117	1640	1480
135	1117	1871	1728
136	1117	1933	1765
137	1117	10	9
138	1117	1618	1486
139	1117	1346	1234
140	1117	1999	1837
141	1117	1949	1748
142	1117	178	137
143	1117	2206	2011
144	1117	3	2
145	1117	2062	1902
146	1117	1185	1086
147	1117	56	54
148	1117	1897	1736
149	1117	1969	1807
150	1117	1898	1744
151	1117	1831	1685
152	1117	251	224
153	1117	2467	2270
154	1117	22	18
155	1117	3	2
156	1117	1699	1529
157	1117	1311	1195
158	1117	28	23
159	1117	1499	1346
160	1117	1419	1300
161	1117	2057	1873
162	1117	1706	1550
163	1117	15	15
164	1117	1670	1544
165	1117	1432	1316
166	1117	1866	1694
167	1117	2113	1936
168	1117	4	4
169	1117	2588	2395
170	1117	2983	2741
171	1117	2070	1915
172	1117	1416	1286
173	1117	5	5
174	1117	1892	1693
175	1117	1761	1604
176	1117	1856	1698
177	1117	1865	1719
178	1117	2245	2067
179	1117	1501	1365
180	1117	1625	1494
181	1117	1567	1448
182	1117	2231	2016
183	1117	2013	1795
184	1117	1968	1814
185	1117	1924	1767
186	1117	1837	1690
187	1117	431	398
188	1117	34	24
189	1117	29	26
190	1117	2499	2274
191	1117	1936	1785
192	1117	1166	1054
193	1117	1733	1586
194	1117	2168	1981
195	1117	1840	1670
196	1117	2216	2042
197	1117	2394	2237
198	1117	19	14
199	1117	3322	3057
200	1117	2898	2645
201	1117	621	571
202	1117	1557	1399
203	1117	1589	1409
204	1117	14	10
205	1117	5	3
206	1117	12	8
207	1117	2	2
208	1117	8	5
209	1117	6	6
210	1117	7	7
211	1117	13	12
212	1117	5	3
213	1117	62	57
214	1117	14	12
215	1117	2	0
216	1117	2007	1866
0	1118	158883	115574
1	1118	2606	2420
2	1118	2853	2619
3	1118	2455	2278
4	1118	2837	2631
5	1118	1701	1557
6	1118	11	9
7	1118	2527	2353
8	1118	2351	2157
9	1118	2612	2427
10	1118	2844	2648
11	1118	1984	1857
12	1118	2564	2387
13	1118	1879	1748
14	1118	2142	1946
15	1118	1460	1360
16	1118	2606	2380
17	1118	7	6
18	1118	2	2
19	1118	8	5
20	1118	1264	1176
21	1118	1865	1743
22	1118	1893	1770
23	1118	2436	2277
24	1118	1965	1853
25	1118	1538	1409
26	1118	2481	2297
27	1118	1585	1376
28	1118	2835	2636
29	1118	254	192
30	1118	8	8
31	1118	1851	1727
32	1118	2357	2184
33	1118	17	15
34	1118	2363	2232
35	1118	2573	2402
36	1118	3018	2835
37	1118	40	40
38	1118	2481	2316
39	1118	1726	1567
40	1118	2036	1893
41	1118	2465	2286
42	1118	2506	2316
43	1118	2286	2131
44	1118	2710	2492
45	1118	56	51
46	1118	1969	1788
47	1118	5	3
48	1118	2242	2057
49	1118	2473	2271
50	1118	1768	1627
51	1118	9	8
52	1118	2312	2148
53	1118	1879	1752
54	1118	1684	1545
55	1118	94	85
56	1118	2310	2118
57	1118	2064	1898
58	1118	2254	2097
59	1118	2063	1918
60	1118	2191	2038
61	1118	4782	4466
62	1118	2080	1926
63	1118	34	31
64	1118	1028	954
65	1118	2015	1847
66	1118	2361	2194
67	1118	6	5
68	1118	2851	2627
69	1118	22	18
70	1118	2373	2194
71	1118	1433	1338
72	1118	1245	1150
73	1118	1333	1228
74	1118	1572	1408
75	1118	1137	1072
76	1118	1923	1803
77	1118	2293	2153
78	1118	2152	1978
79	1118	1869	1717
80	1118	909	782
81	1118	1075	992
82	1118	17	16
83	1118	2360	2205
84	1118	1592	1463
85	1118	479	439
86	1118	1612	1461
87	1118	715	663
88	1118	1694	1578
89	1118	2230	2098
90	1118	2131	1994
91	1118	1952	1826
93	1118	1741	1613
94	1118	790	734
95	1118	2206	2042
96	1118	1961	1820
97	1118	1207	1132
98	1118	1744	1644
99	1118	1344	1240
100	1118	9	9
101	1118	1206	1131
102	1118	693	638
103	1118	15	14
104	1118	1684	1571
105	1118	2280	2130
106	1118	1208	1108
107	1118	1948	1823
108	1118	1637	1550
109	1118	1772	1639
110	1118	2490	2267
111	1118	1789	1684
112	1118	1059	888
113	1118	1581	1479
114	1118	1671	1558
115	1118	1911	1782
116	1118	1684	1528
117	1118	2436	2268
118	1118	52	50
119	1118	2082	1955
120	1118	2085	1938
121	1118	2013	1868
122	1118	2340	2174
123	1118	908	856
124	1118	1443	1348
125	1118	1880	1753
126	1118	1415	1291
127	1118	1807	1676
128	1118	1020	893
129	1118	1846	1736
130	1118	1882	1743
131	1118	1897	1777
132	1118	4	4
133	1118	1923	1789
134	1118	1786	1658
135	1118	2036	1876
136	1118	1988	1857
137	1118	4	4
138	1118	1735	1617
139	1118	1437	1322
140	1118	2150	2010
141	1118	1931	1791
142	1118	154	138
143	1118	2381	2204
144	1118	4	4
145	1118	2270	2106
146	1118	1354	1239
147	1118	40	38
148	1118	2076	1945
149	1118	2181	2041
150	1118	1989	1853
151	1118	1969	1842
152	1118	287	273
153	1118	2531	2369
154	1118	9	8
155	1118	3	3
156	1118	2058	1916
157	1118	1519	1412
158	1118	24	21
159	1118	1701	1569
160	1118	1496	1390
161	1118	2078	1912
162	1118	1806	1669
163	1118	20	18
164	1118	1698	1579
165	1118	1535	1420
166	1118	2110	1929
167	1118	2227	2053
168	1118	3	2
169	1118	2683	2496
170	1118	2965	2772
171	1118	2213	2077
172	1118	1435	1341
173	1118	4	4
174	1118	2143	1956
175	1118	1987	1859
176	1118	2082	1938
177	1118	2009	1884
178	1118	2321	2174
179	1118	1657	1570
180	1118	1612	1524
181	1118	1715	1587
182	1118	2363	2181
183	1118	2291	2096
184	1118	2086	1929
185	1118	2128	1982
186	1118	1768	1626
187	1118	456	416
188	1118	33	33
189	1118	28	26
190	1118	2678	2472
191	1118	2164	1998
192	1118	1267	1171
193	1118	1798	1645
194	1118	2200	2027
195	1118	2155	1979
196	1118	2328	2127
197	1118	2457	2284
198	1118	18	16
199	1118	3645	3409
200	1118	3137	2920
201	1118	689	645
202	1118	1683	1573
203	1118	1575	1412
204	1118	18	13
205	1118	11	8
206	1118	14	11
207	1118	7	6
208	1118	9	9
209	1118	20	17
210	1118	8	7
211	1118	7	7
212	1118	10	7
213	1118	75	68
214	1118	11	11
215	1118	10	10
216	1118	2128	1963
0	1119	146853	102846
1	1119	2346	2151
2	1119	2571	2344
3	1119	2451	2260
4	1119	2666	2450
5	1119	1486	1365
6	1119	13	13
7	1119	2371	2151
8	1119	2317	2129
9	1119	2328	2159
10	1119	2618	2400
11	1119	1965	1825
12	1119	2419	2220
13	1119	1715	1583
14	1119	1982	1773
15	1119	1322	1214
16	1119	2320	2114
17	1119	2	2
18	1119	2	1
19	1119	3	3
20	1119	1188	1112
21	1119	1688	1564
22	1119	1835	1671
23	1119	2301	2134
24	1119	1750	1627
25	1119	1492	1368
26	1119	2311	2121
27	1119	1428	1199
28	1119	2624	2416
29	1119	208	158
30	1119	6	5
31	1119	1739	1621
32	1119	2278	2051
33	1119	22	21
34	1119	2070	1897
35	1119	2409	2214
36	1119	2779	2582
37	1119	30	29
38	1119	2197	2033
39	1119	1665	1482
40	1119	1926	1754
41	1119	2096	1931
42	1119	2380	2198
43	1119	2175	2049
44	1119	2431	2246
45	1119	52	50
46	1119	1860	1626
47	1119	8	8
48	1119	2005	1863
49	1119	2276	2109
50	1119	1666	1524
51	1119	4	3
52	1119	2146	1975
53	1119	1748	1575
54	1119	1585	1416
55	1119	76	69
56	1119	2144	1961
57	1119	1911	1712
58	1119	2055	1877
59	1119	1924	1803
60	1119	2191	2025
61	1119	4653	4298
62	1119	1843	1646
63	1119	28	25
64	1119	866	781
65	1119	1936	1737
66	1119	2259	2065
67	1119	6	6
68	1119	2668	2468
69	1119	28	18
70	1119	2156	1956
71	1119	1357	1245
72	1119	1119	1020
73	1119	1237	1134
74	1119	1343	1178
75	1119	1131	1043
76	1119	1853	1713
77	1119	2073	1906
78	1119	2005	1798
79	1119	1706	1526
80	1119	924	740
81	1119	1032	958
82	1119	13	13
83	1119	2072	1909
84	1119	1507	1394
85	1119	394	361
86	1119	1499	1342
87	1119	640	573
88	1119	1575	1409
89	1119	2081	1938
90	1119	1930	1777
91	1119	1647	1538
92	1119	2	2
93	1119	1610	1452
94	1119	779	709
95	1119	2043	1892
96	1119	1747	1607
97	1119	1156	1058
98	1119	1502	1378
99	1119	1283	1173
100	1119	15	13
101	1119	1170	1089
102	1119	732	665
103	1119	12	12
104	1119	1513	1410
105	1119	2069	1936
106	1119	1059	978
107	1119	1756	1647
108	1119	1488	1384
109	1119	1607	1471
110	1119	2310	2056
111	1119	1628	1513
112	1119	921	710
113	1119	1488	1390
114	1119	1607	1452
115	1119	1795	1661
116	1119	1455	1288
117	1119	2215	2055
118	1119	63	60
119	1119	2110	1955
120	1119	1876	1740
121	1119	1882	1766
122	1119	2347	2150
123	1119	834	775
124	1119	1310	1214
125	1119	1725	1584
126	1119	1271	1148
127	1119	1729	1602
128	1119	893	772
129	1119	1753	1625
130	1119	1770	1641
131	1119	1755	1640
132	1119	2	2
133	1119	1848	1699
134	1119	1761	1625
135	1119	1829	1708
136	1119	1832	1718
137	1119	3	3
138	1119	1621	1497
139	1119	1310	1232
140	1119	2040	1918
141	1119	1909	1735
142	1119	183	161
143	1119	2247	2082
144	1119	1	1
145	1119	2242	2084
146	1119	1120	1041
147	1119	44	39
148	1119	1998	1862
149	1119	1916	1765
150	1119	1937	1786
151	1119	1792	1669
152	1119	270	245
153	1119	2457	2276
154	1119	24	21
155	1119	2	2
156	1119	1874	1745
157	1119	1288	1181
158	1119	26	25
159	1119	1470	1323
160	1119	1369	1250
161	1119	1954	1818
162	1119	1690	1545
163	1119	16	14
164	1119	1622	1502
165	1119	1415	1295
166	1119	1871	1701
167	1119	2104	1947
168	1119	7	6
169	1119	2447	2299
170	1119	2837	2627
171	1119	2072	1935
172	1119	1355	1248
173	1119	4	2
174	1119	1997	1808
175	1119	1836	1691
176	1119	1826	1688
177	1119	1976	1837
178	1119	2247	2063
179	1119	1462	1349
180	1119	1588	1476
181	1119	1536	1413
182	1119	2164	1981
183	1119	1959	1756
184	1119	1980	1822
185	1119	1916	1783
186	1119	1704	1564
187	1119	423	383
188	1119	22	20
189	1119	33	28
190	1119	2552	2323
191	1119	2109	1958
192	1119	1120	1023
193	1119	1626	1493
194	1119	2128	1922
195	1119	1868	1717
196	1119	2092	1902
197	1119	2442	2265
198	1119	22	19
199	1119	3338	3103
200	1119	2898	2663
201	1119	728	667
202	1119	1540	1392
203	1119	1511	1329
204	1119	17	10
205	1119	15	12
206	1119	15	11
207	1119	1	1
208	1119	10	9
209	1119	8	7
210	1119	3	3
211	1119	8	6
212	1119	8	4
213	1119	54	53
214	1119	8	7
215	1119	6	4
216	1119	2007	1858
0	2101	167470	116444
1	2101	2407	2129
2	2101	2882	2559
3	2101	2415	2120
4	2101	2720	2445
5	2101	1607	1414
6	2101	13	13
7	2101	2419	2169
8	2101	2400	2135
9	2101	2274	2056
10	2101	2726	2471
11	2101	1911	1683
12	2101	2386	2128
13	2101	1896	1700
14	2101	2370	2132
15	2101	1413	1266
16	2101	2292	2041
17	2101	2	2
18	2101	4	2
19	2101	3	3
20	2101	1136	1020
21	2101	1788	1574
22	2101	1908	1707
23	2101	2224	1982
24	2101	1865	1677
25	2101	1596	1418
26	2101	2415	2192
27	2101	2321	2043
28	2101	2670	2384
29	2101	2176	1882
30	2101	18	17
31	2101	1883	1693
32	2101	2348	2077
33	2101	19	18
34	2101	2405	2187
35	2101	2456	2263
36	2101	2865	2625
37	2101	24	23
38	2101	2416	2235
39	2101	1867	1726
40	2101	2001	1805
41	2101	2426	2143
42	2101	2419	2177
43	2101	2221	1965
44	2101	2525	2288
45	2101	50	43
46	2101	2356	2094
47	2101	3	2
48	2101	2149	1924
49	2101	2345	2084
50	2101	1606	1448
51	2101	6	6
52	2101	2375	2130
53	2101	1941	1745
54	2101	2030	1824
55	2101	101	93
56	2101	2335	2070
57	2101	2129	1903
58	2101	2259	2032
59	2101	1978	1746
60	2101	2198	1947
61	2101	4637	4128
62	2101	2291	2038
63	2101	37	32
64	2101	1019	903
65	2101	2293	2051
66	2101	2557	2307
67	2101	5	4
68	2101	2675	2375
69	2101	28	25
70	2101	2458	2187
71	2101	1436	1281
72	2101	1255	1138
73	2101	1232	1101
74	2101	1812	1624
75	2101	1004	896
76	2101	1939	1744
77	2101	2220	1994
78	2101	2440	2203
79	2101	2003	1805
80	2101	1774	1570
81	2101	1028	916
82	2101	17	15
83	2101	2091	1872
84	2101	1727	1531
85	2101	439	386
86	2101	1823	1618
87	2101	732	651
88	2101	1749	1553
89	2101	2090	1872
90	2101	1970	1779
91	2101	1804	1627
92	2101	3	3
93	2101	1740	1528
94	2101	813	710
95	2101	2051	1804
96	2101	1915	1682
97	2101	1076	964
98	2101	1448	1299
99	2101	1492	1316
100	2101	8	7
101	2101	1263	1131
102	2101	704	624
103	2101	9	8
104	2101	1644	1466
105	2101	2018	1810
106	2101	1079	969
107	2101	1945	1765
108	2101	1560	1398
109	2101	1735	1561
110	2101	2800	2491
111	2101	1560	1397
112	2101	1947	1703
113	2101	1390	1245
114	2101	1651	1493
115	2101	1803	1628
116	2101	2007	1795
117	2101	2165	1946
118	2101	44	39
119	2101	2037	1814
120	2101	1987	1755
121	2101	1687	1515
122	2101	2163	1940
123	2101	758	684
124	2101	1444	1267
125	2101	1828	1613
126	2101	1530	1362
127	2101	1881	1669
128	2101	1242	1099
129	2101	1696	1518
130	2101	1842	1641
131	2101	1868	1693
132	2101	4	4
133	2101	1947	1725
134	2101	1854	1661
135	2101	1963	1747
136	2101	1856	1643
137	2101	2	2
138	2101	1579	1403
139	2101	1380	1255
140	2101	2097	1855
141	2101	2097	1868
142	2101	189	164
143	2101	2299	2029
144	2101	8	4
145	2101	2056	1868
146	2101	1175	1041
147	2101	52	48
148	2101	1975	1762
149	2101	1958	1747
150	2101	1887	1672
151	2101	1856	1669
152	2101	280	251
153	2101	2434	2167
154	2101	26	23
155	2101	1	1
156	2101	1909	1682
157	2101	1311	1167
158	2101	21	20
159	2101	1841	1625
160	2101	1548	1362
161	2101	2004	1782
162	2101	1766	1603
163	2101	16	15
164	2101	1836	1624
165	2101	1519	1365
166	2101	2130	1904
167	2101	2035	1806
168	2101	2	2
169	2101	2528	2280
170	2101	2955	2687
171	2101	2029	1851
172	2101	1525	1350
173	2101	8	6
174	2101	2282	2028
175	2101	1807	1607
176	2101	1977	1747
177	2101	1888	1660
178	2101	2295	2040
179	2101	1441	1309
180	2101	1541	1368
181	2101	1655	1503
182	2101	2394	2129
183	2101	2375	2143
184	2101	2169	1908
185	2101	1829	1635
186	2101	1674	1509
187	2101	473	438
188	2101	20	15
189	2101	31	27
190	2101	2494	2244
191	2101	2039	1803
192	2101	1124	1009
193	2101	1799	1561
194	2101	2432	2178
195	2101	1828	1632
196	2101	2199	1942
197	2101	2337	2073
198	2101	13	13
199	2101	3505	3124
200	2101	2984	2649
201	2101	648	593
202	2101	1786	1586
203	2101	2022	1803
204	2101	9	6
205	2101	8	8
206	2101	6	5
208	2101	8	8
209	2101	5	5
210	2101	2	2
211	2101	9	7
212	2101	6	4
213	2101	77	68
214	2101	8	6
215	2101	1	1
216	2101	2106	1888
0	2102	164186	106484
1	2102	2393	2102
2	2102	2673	2385
3	2102	2435	2069
4	2102	2680	2330
5	2102	1576	1355
6	2102	12	11
7	2102	2454	2139
8	2102	2335	1998
9	2102	2320	2015
10	2102	2688	2369
11	2102	1832	1601
12	2102	2361	2074
13	2102	1835	1574
14	2102	2306	2043
15	2102	1405	1224
16	2102	2564	2211
17	2102	6	5
18	2102	2	2
19	2102	2	0
20	2102	1207	1042
21	2102	1825	1600
22	2102	1839	1589
23	2102	2265	1966
24	2102	1779	1530
25	2102	1437	1257
26	2102	2406	2111
27	2102	2217	1879
28	2102	2741	2402
29	2102	2039	1658
30	2102	9	8
31	2102	1882	1633
32	2102	2383	2079
33	2102	25	24
34	2102	2466	2179
35	2102	2478	2201
36	2102	2759	2452
37	2102	22	17
38	2102	2555	2279
39	2102	1964	1724
40	2102	1924	1699
41	2102	2307	2016
42	2102	2397	2104
43	2102	2184	1898
44	2102	2658	2307
45	2102	49	43
46	2102	2363	2043
47	2102	5	4
48	2102	2154	1869
49	2102	2385	2088
50	2102	1651	1470
51	2102	2	2
52	2102	2335	2052
53	2102	1751	1537
54	2102	1934	1707
55	2102	66	50
56	2102	2252	1969
57	2102	2287	2016
58	2102	2136	1868
59	2102	1890	1638
60	2102	2165	1873
61	2102	4401	3834
62	2102	2213	1930
63	2102	47	41
64	2102	907	768
65	2102	2167	1882
66	2102	2562	2266
67	2102	3	3
68	2102	2690	2384
69	2102	12	10
70	2102	2358	2043
71	2102	1509	1321
72	2102	1269	1107
73	2102	1339	1155
74	2102	1745	1531
75	2102	1027	901
76	2102	1806	1542
77	2102	2173	1908
78	2102	2318	2035
79	2102	2141	1864
80	2102	1729	1477
81	2102	973	845
82	2102	18	16
83	2102	2000	1716
84	2102	1557	1374
85	2102	468	400
86	2102	1920	1649
87	2102	745	655
88	2102	1716	1496
89	2102	2051	1792
90	2102	2012	1780
91	2102	1839	1575
93	2102	1618	1416
94	2102	895	780
95	2102	2104	1867
96	2102	1953	1689
97	2102	1137	981
98	2102	1523	1330
99	2102	1385	1223
100	2102	7	4
101	2102	1176	1049
102	2102	678	587
103	2102	9	9
104	2102	1707	1462
105	2102	1987	1764
106	2102	1075	924
107	2102	1915	1701
108	2102	1559	1355
109	2102	1658	1431
110	2102	2632	2295
111	2102	1642	1446
112	2102	1875	1559
113	2102	1457	1292
114	2102	1665	1448
115	2102	1767	1601
116	2102	2031	1745
117	2102	2248	2000
118	2102	54	45
119	2102	2124	1867
120	2102	1972	1726
121	2102	1786	1550
122	2102	2287	2030
123	2102	781	703
124	2102	1430	1257
125	2102	1857	1632
126	2102	1464	1298
127	2102	1804	1598
128	2102	1271	1093
129	2102	1814	1593
130	2102	1783	1537
131	2102	1802	1608
132	2102	5	5
133	2102	1722	1512
134	2102	1746	1555
135	2102	1953	1718
136	2102	1885	1663
137	2102	4	4
138	2102	1596	1394
139	2102	1276	1090
140	2102	2055	1826
141	2102	2113	1803
142	2102	216	174
143	2102	2190	1886
144	2102	4	2
145	2102	2140	1883
146	2102	1155	1006
147	2102	61	51
148	2102	1889	1670
149	2102	1964	1706
150	2102	1957	1715
151	2102	1819	1604
152	2102	320	262
153	2102	2333	2035
154	2102	43	40
156	2102	1803	1548
157	2102	1419	1231
158	2102	20	15
159	2102	1715	1503
160	2102	1512	1306
161	2102	1931	1678
162	2102	1701	1491
163	2102	8	8
164	2102	1739	1515
165	2102	1443	1245
166	2102	2071	1825
167	2102	2145	1888
168	2102	1	1
169	2102	2513	2197
170	2102	2942	2610
171	2102	2148	1922
172	2102	1417	1243
173	2102	2	2
174	2102	2249	1942
175	2102	1872	1607
176	2102	1859	1599
177	2102	1770	1504
178	2102	2174	1883
179	2102	1535	1335
180	2102	1643	1439
181	2102	1741	1523
182	2102	2445	2123
183	2102	2283	2018
184	2102	2130	1846
185	2102	1937	1697
186	2102	1681	1446
187	2102	456	409
188	2102	25	23
189	2102	27	26
190	2102	2548	2231
191	2102	2088	1812
192	2102	1194	1043
193	2102	1751	1514
194	2102	2218	1941
195	2102	1931	1689
196	2102	2274	1988
197	2102	2372	2086
198	2102	11	9
199	2102	3394	2928
200	2102	2824	2477
201	2102	683	595
202	2102	1777	1565
203	2102	2199	1899
204	2102	13	10
205	2102	10	8
206	2102	20	16
207	2102	1	1
208	2102	18	17
209	2102	7	5
210	2102	10	8
211	2102	8	8
212	2102	6	5
213	2102	63	52
214	2102	9	7
215	2102	3	2
216	2102	2126	1887
0	2103	168562	108796
1	2103	2224	2003
2	2103	2901	2583
3	2103	2525	2213
4	2103	2741	2428
5	2103	1608	1380
6	2103	14	10
7	2103	2546	2200
8	2103	2356	2054
9	2103	2281	1987
10	2103	2665	2352
11	2103	1903	1625
12	2103	2399	2085
13	2103	1829	1576
14	2103	2215	1948
15	2103	1458	1261
16	2103	2431	2144
17	2103	2	2
18	2103	4	3
19	2103	2	1
20	2103	1218	1065
21	2103	1707	1465
22	2103	1930	1678
23	2103	2261	1979
24	2103	1778	1547
25	2103	1420	1267
26	2103	2355	2073
27	2103	2389	2019
28	2103	2681	2356
29	2103	2069	1719
30	2103	15	13
31	2103	1885	1656
32	2103	2377	2061
33	2103	16	15
34	2103	2430	2182
35	2103	2527	2251
36	2103	2568	2281
37	2103	44	41
38	2103	2482	2205
39	2103	1962	1734
40	2103	1842	1650
41	2103	2156	1901
42	2103	2371	2109
43	2103	2220	1911
44	2103	2558	2252
45	2103	44	41
46	2103	2285	1954
47	2103	4	2
48	2103	2195	1919
49	2103	2275	2014
50	2103	1655	1465
51	2103	6	5
52	2103	2350	2062
53	2103	1865	1589
54	2103	1947	1728
55	2103	79	68
56	2103	2183	1900
57	2103	2123	1860
58	2103	2131	1857
59	2103	1918	1681
60	2103	2138	1870
61	2103	4445	3816
62	2103	2162	1884
63	2103	39	35
64	2103	958	796
65	2103	2211	1973
66	2103	2385	2108
67	2103	8	5
68	2103	2597	2298
69	2103	31	24
70	2103	2426	2126
71	2103	1342	1186
72	2103	1151	999
73	2103	1278	1126
74	2103	1740	1547
75	2103	1072	934
76	2103	1984	1722
77	2103	2188	1933
78	2103	2402	2077
79	2103	1986	1753
80	2103	1737	1459
81	2103	999	890
82	2103	19	16
83	2103	2172	1854
84	2103	1653	1410
85	2103	446	388
86	2103	1907	1685
87	2103	708	627
88	2103	1654	1433
89	2103	2078	1824
90	2103	2081	1826
91	2103	1764	1537
92	2103	1	1
93	2103	1586	1391
94	2103	820	714
95	2103	2095	1812
96	2103	1975	1719
97	2103	1107	973
98	2103	1483	1289
99	2103	1371	1188
100	2103	11	9
101	2103	1269	1112
102	2103	665	574
103	2103	8	6
104	2103	1654	1424
105	2103	1970	1751
106	2103	1050	919
107	2103	1734	1539
108	2103	1566	1372
109	2103	1690	1484
110	2103	2704	2359
111	2103	1546	1336
112	2103	1873	1601
113	2103	1401	1255
114	2103	1687	1464
115	2103	1774	1598
116	2103	1912	1687
117	2103	2140	1872
118	2103	57	51
119	2103	2034	1789
120	2103	2081	1787
121	2103	1810	1608
122	2103	2240	1974
123	2103	813	736
124	2103	1360	1196
125	2103	1840	1619
126	2103	1444	1253
127	2103	1743	1558
128	2103	1216	1050
129	2103	1774	1551
130	2103	1780	1559
131	2103	1781	1591
132	2103	2	1
133	2103	1742	1544
134	2103	1722	1533
135	2103	1880	1633
136	2103	1875	1596
137	2103	4	4
138	2103	1535	1370
139	2103	1326	1158
140	2103	1937	1730
141	2103	2057	1790
142	2103	164	132
143	2103	2285	1994
144	2103	1	1
145	2103	2117	1857
146	2103	1211	1069
147	2103	37	31
148	2103	1865	1632
149	2103	1922	1689
150	2103	1978	1726
151	2103	1782	1558
152	2103	267	226
153	2103	2332	2052
154	2103	19	17
155	2103	1	1
156	2103	1858	1631
157	2103	1364	1197
158	2103	26	25
159	2103	1895	1616
160	2103	1536	1329
161	2103	1918	1703
162	2103	1685	1468
163	2103	28	26
164	2103	1688	1466
165	2103	1425	1251
166	2103	2001	1751
167	2103	2083	1826
169	2103	2426	2146
170	2103	2874	2561
171	2103	2116	1892
172	2103	1447	1277
173	2103	6	4
174	2103	2149	1878
175	2103	1910	1683
176	2103	1898	1628
177	2103	1817	1610
178	2103	2235	1957
179	2103	1455	1297
180	2103	1565	1371
181	2103	1539	1336
182	2103	2291	2037
183	2103	2317	2042
184	2103	2097	1830
185	2103	1858	1631
186	2103	1714	1539
187	2103	396	349
188	2103	27	22
189	2103	24	20
190	2103	2522	2196
191	2103	2048	1769
192	2103	1149	1014
193	2103	1845	1587
194	2103	2237	1968
195	2103	1966	1720
196	2103	2223	1912
197	2103	2286	2007
198	2103	20	18
199	2103	3434	2984
200	2103	2850	2511
201	2103	749	639
202	2103	1674	1469
203	2103	2111	1845
204	2103	19	12
205	2103	17	14
206	2103	18	16
207	2103	5	3
208	2103	11	10
209	2103	6	6
210	2103	8	8
211	2103	6	6
212	2103	9	7
213	2103	43	36
214	2103	11	7
215	2103	6	5
216	2103	2008	1755
0	2104	165365	107383
1	2104	2420	2089
2	2104	2842	2464
3	2104	2419	2067
4	2104	2825	2438
5	2104	1740	1521
6	2104	6	4
7	2104	2490	2141
8	2104	2238	1930
9	2104	2285	1991
10	2104	2775	2463
11	2104	1958	1658
12	2104	2374	2063
13	2104	1853	1595
14	2104	2327	2012
15	2104	1388	1188
16	2104	2434	2092
17	2104	1	1
18	2104	6	6
19	2104	3	2
20	2104	1136	957
21	2104	1720	1467
22	2104	1962	1700
23	2104	2265	1958
24	2104	1850	1567
25	2104	1593	1401
26	2104	2473	2170
27	2104	2206	1844
28	2104	2702	2340
29	2104	2022	1619
30	2104	15	11
31	2104	1945	1678
32	2104	2475	2113
33	2104	18	15
34	2104	2451	2198
35	2104	2479	2197
36	2104	2696	2408
37	2104	31	27
38	2104	2322	2061
39	2104	1908	1691
40	2104	1978	1733
41	2104	2224	1916
42	2104	2519	2195
43	2104	2190	1871
44	2104	2505	2156
45	2104	38	36
46	2104	2505	2125
47	2104	4	4
48	2104	2179	1909
49	2104	2233	1941
50	2104	1665	1447
51	2104	3	2
52	2104	2407	2087
53	2104	1861	1615
54	2104	1937	1676
55	2104	87	73
56	2104	2251	1953
57	2104	2201	1896
58	2104	2136	1861
59	2104	1852	1565
60	2104	2160	1857
61	2104	4331	3696
62	2104	2260	1954
63	2104	44	41
64	2104	965	821
65	2104	2236	1930
66	2104	2388	2118
67	2104	4	3
68	2104	2781	2433
69	2104	15	11
70	2104	2345	2045
71	2104	1393	1210
72	2104	1236	1056
73	2104	1356	1168
74	2104	1844	1602
75	2104	1069	918
76	2104	1923	1647
77	2104	2225	1914
78	2104	2413	2079
79	2104	1966	1681
80	2104	1682	1402
81	2104	1059	926
82	2104	17	14
83	2104	2093	1815
84	2104	1676	1457
85	2104	465	396
86	2104	1908	1654
87	2104	805	695
88	2104	1707	1462
89	2104	1979	1737
90	2104	2083	1817
91	2104	1699	1471
92	2104	4	4
93	2104	1619	1393
94	2104	763	664
95	2104	1950	1670
96	2104	2095	1766
97	2104	1096	956
98	2104	1519	1305
99	2104	1462	1261
100	2104	8	8
101	2104	1255	1079
102	2104	681	583
103	2104	10	10
104	2104	1617	1363
105	2104	2150	1886
106	2104	1050	887
107	2104	1905	1685
108	2104	1457	1269
109	2104	1660	1422
110	2104	2625	2266
111	2104	1676	1462
112	2104	1958	1654
113	2104	1422	1214
114	2104	1767	1522
115	2104	1689	1499
116	2104	1842	1580
117	2104	2168	1869
118	2104	65	58
119	2104	2086	1793
120	2104	2026	1745
121	2104	1753	1534
122	2104	2242	1960
123	2104	755	669
124	2104	1362	1214
125	2104	1863	1615
126	2104	1438	1244
127	2104	1902	1646
128	2104	1175	997
129	2104	1669	1445
130	2104	1804	1550
131	2104	1824	1596
132	2104	10	8
133	2104	1740	1528
134	2104	1774	1545
135	2104	1859	1621
136	2104	1951	1670
137	2104	2	2
138	2104	1618	1411
139	2104	1348	1187
140	2104	2054	1777
141	2104	2120	1816
142	2104	178	141
143	2104	2165	1872
144	2104	3	3
145	2104	2100	1829
146	2104	1268	1111
147	2104	48	44
148	2104	1933	1670
149	2104	1970	1686
150	2104	1914	1651
151	2104	1854	1626
152	2104	265	204
153	2104	2370	2076
154	2104	13	11
155	2104	1	1
156	2104	1805	1553
157	2104	1352	1159
158	2104	40	35
159	2104	1769	1511
160	2104	1463	1244
161	2104	2080	1775
162	2104	1853	1578
163	2104	19	18
164	2104	1805	1547
165	2104	1278	1112
166	2104	2143	1866
167	2104	2258	1977
168	2104	1	0
169	2104	2449	2146
170	2104	2942	2584
171	2104	2049	1807
172	2104	1511	1315
173	2104	2	2
174	2104	2022	1752
175	2104	1870	1622
176	2104	2040	1740
177	2104	1770	1561
178	2104	2238	1939
179	2104	1467	1305
180	2104	1555	1341
181	2104	1696	1466
182	2104	2183	1924
183	2104	2375	2002
184	2104	2084	1796
185	2104	1872	1629
186	2104	1739	1504
187	2104	456	399
188	2104	18	18
189	2104	29	25
190	2104	2576	2212
191	2104	2013	1696
192	2104	1225	1096
193	2104	1758	1527
194	2104	2321	2016
195	2104	1947	1686
196	2104	2236	1908
197	2104	2290	1965
198	2104	17	14
199	2104	3589	3076
200	2104	3022	2638
201	2104	699	603
202	2104	1622	1363
203	2104	2158	1883
204	2104	18	8
205	2104	13	9
206	2104	10	7
207	2104	3	1
208	2104	7	3
209	2104	5	3
210	2104	8	8
211	2104	13	10
212	2104	15	13
213	2104	44	40
214	2104	14	9
215	2104	4	4
216	2104	2035	1767
0	2105	168248	108443
1	2105	2422	2105
2	2105	2902	2512
3	2105	2440	2116
4	2105	2747	2404
5	2105	1610	1391
6	2105	17	14
7	2105	2450	2135
8	2105	2350	2024
9	2105	2256	1978
10	2105	2702	2361
11	2105	1958	1680
12	2105	2431	2121
13	2105	1741	1509
14	2105	2165	1860
15	2105	1315	1142
16	2105	2403	2069
17	2105	5	4
18	2105	2	2
19	2105	3	3
20	2105	1071	926
21	2105	1716	1469
22	2105	1930	1654
23	2105	2144	1850
24	2105	2051	1794
25	2105	1503	1315
26	2105	2550	2214
27	2105	2242	1894
28	2105	2720	2360
29	2105	1983	1594
30	2105	18	14
31	2105	1937	1671
32	2105	2337	2001
33	2105	15	13
34	2105	2359	2065
35	2105	2425	2123
36	2105	2837	2491
37	2105	31	28
38	2105	2485	2190
39	2105	1935	1670
40	2105	1997	1735
41	2105	2311	2005
42	2105	2391	2083
43	2105	2167	1852
44	2105	2580	2258
45	2105	33	32
46	2105	2249	1934
47	2105	3	2
48	2105	2053	1769
49	2105	2294	1975
50	2105	1631	1436
51	2105	8	7
52	2105	2296	1989
53	2105	1829	1606
54	2105	1998	1725
55	2105	93	84
56	2105	2314	2016
57	2105	1997	1758
58	2105	2111	1849
59	2105	1889	1630
60	2105	2181	1902
61	2105	4505	3874
62	2105	2267	1936
63	2105	39	32
64	2105	1034	879
65	2105	2136	1871
66	2105	2508	2182
67	2105	1	1
68	2105	2716	2347
69	2105	20	17
70	2105	2515	2145
71	2105	1425	1243
72	2105	1204	1034
73	2105	1321	1157
74	2105	1697	1455
75	2105	1085	936
76	2105	1864	1622
77	2105	2092	1793
78	2105	2295	1982
79	2105	2113	1818
80	2105	1647	1386
81	2105	1028	908
82	2105	19	15
83	2105	2055	1722
84	2105	1666	1435
85	2105	408	341
86	2105	1848	1587
87	2105	732	634
88	2105	1666	1448
89	2105	2065	1826
90	2105	2052	1813
91	2105	1763	1503
92	2105	2	2
93	2105	1764	1525
94	2105	790	686
95	2105	2123	1840
96	2105	2057	1736
97	2105	1116	979
98	2105	1433	1247
99	2105	1355	1191
100	2105	8	5
101	2105	1249	1113
102	2105	717	609
103	2105	5	4
104	2105	1649	1413
105	2105	2023	1728
106	2105	1033	879
107	2105	1801	1591
108	2105	1508	1328
109	2105	1751	1525
110	2105	2754	2369
111	2105	1580	1364
112	2105	1879	1547
113	2105	1428	1232
114	2105	1705	1462
115	2105	1855	1619
116	2105	1813	1561
117	2105	2074	1796
118	2105	45	39
119	2105	1940	1707
120	2105	2024	1742
121	2105	1823	1616
122	2105	2212	1952
123	2105	783	701
124	2105	1294	1124
125	2105	1848	1633
126	2105	1528	1330
127	2105	1771	1544
128	2105	1165	995
129	2105	1674	1459
130	2105	1873	1632
131	2105	1775	1578
132	2105	3	3
133	2105	1775	1545
134	2105	1701	1483
135	2105	1930	1697
136	2105	1919	1664
137	2105	1	1
138	2105	1554	1330
139	2105	1239	1081
140	2105	2131	1818
141	2105	2106	1837
142	2105	252	201
143	2105	2201	1939
144	2105	2	1
145	2105	2139	1869
146	2105	1193	1027
147	2105	44	36
148	2105	1947	1671
149	2105	2058	1794
150	2105	1983	1711
151	2105	1785	1551
152	2105	292	247
153	2105	2438	2112
154	2105	21	17
155	2105	2	2
156	2105	1899	1635
157	2105	1452	1236
158	2105	19	14
159	2105	1837	1584
160	2105	1558	1324
161	2105	1997	1738
162	2105	1760	1535
163	2105	10	8
164	2105	1718	1502
165	2105	1427	1250
166	2105	2107	1824
167	2105	2095	1810
168	2105	4	4
169	2105	2544	2224
170	2105	3020	2694
171	2105	2019	1804
172	2105	1441	1251
173	2105	7	5
174	2105	2070	1782
175	2105	1874	1648
176	2105	1938	1651
177	2105	1872	1648
178	2105	2276	1972
179	2105	1424	1238
180	2105	1568	1354
181	2105	1660	1439
182	2105	2312	2032
183	2105	2228	1932
184	2105	1997	1722
185	2105	1945	1721
186	2105	1663	1452
187	2105	429	382
188	2105	17	12
189	2105	47	38
190	2105	2547	2220
191	2105	1911	1662
192	2105	1218	1061
193	2105	1710	1477
194	2105	2428	2100
195	2105	1883	1639
196	2105	2241	1912
197	2105	2403	2101
198	2105	19	14
199	2105	3489	3041
200	2105	3013	2578
201	2105	658	572
202	2105	1809	1587
203	2105	1957	1683
204	2105	12	7
205	2105	12	11
206	2105	14	11
207	2105	4	4
208	2105	11	8
209	2105	6	5
210	2105	6	5
211	2105	10	7
212	2105	11	10
213	2105	54	45
214	2105	11	8
215	2105	4	3
216	2105	1995	1747
0	2106	168606	110228
1	2106	2371	2109
2	2106	2965	2640
3	2106	2453	2131
4	2106	2660	2320
5	2106	1598	1394
6	2106	11	10
7	2106	2492	2181
8	2106	2391	2071
9	2106	2239	2028
10	2106	2559	2269
11	2106	1973	1731
12	2106	2520	2216
13	2106	1775	1569
14	2106	2170	1899
15	2106	1281	1120
16	2106	2358	2073
17	2106	5	5
18	2106	5	5
19	2106	3	2
20	2106	1267	1120
21	2106	1725	1487
22	2106	1847	1631
23	2106	2297	2013
24	2106	2017	1769
25	2106	1450	1281
26	2106	2463	2181
27	2106	2320	1969
28	2106	2641	2324
29	2106	1872	1546
30	2106	22	17
31	2106	1905	1674
32	2106	2302	2016
33	2106	28	23
34	2106	2290	2081
35	2106	2369	2144
36	2106	2721	2471
37	2106	46	40
38	2106	2412	2168
39	2106	1879	1695
40	2106	2006	1816
41	2106	2297	2044
42	2106	2383	2146
43	2106	2188	1892
44	2106	2530	2216
45	2106	46	37
46	2106	2354	2051
47	2106	6	5
48	2106	2041	1796
49	2106	2307	2057
50	2106	1677	1487
51	2106	4	4
52	2106	2353	2050
53	2106	1935	1716
54	2106	2047	1815
55	2106	90	80
56	2106	2310	2019
57	2106	2023	1817
58	2106	2181	1924
59	2106	1812	1582
60	2106	2102	1877
61	2106	4472	3898
62	2106	2236	1947
63	2106	52	42
64	2106	975	856
65	2106	2209	1977
66	2106	2411	2151
67	2106	7	5
68	2106	2752	2451
69	2106	22	16
70	2106	2394	2118
71	2106	1457	1288
72	2106	1237	1076
73	2106	1301	1155
74	2106	1809	1625
75	2106	1045	922
76	2106	1921	1694
77	2106	2327	2041
78	2106	2256	1994
79	2106	2069	1803
80	2106	1725	1481
81	2106	1003	884
82	2106	14	13
83	2106	2135	1893
84	2106	1540	1341
85	2106	415	360
86	2106	1986	1748
87	2106	712	623
88	2106	1731	1497
89	2106	2126	1915
90	2106	1985	1779
91	2106	1789	1596
92	2106	5	4
93	2106	1743	1553
94	2106	759	684
95	2106	2075	1811
96	2106	2012	1724
97	2106	1124	1011
98	2106	1403	1246
99	2106	1379	1217
100	2106	13	12
101	2106	1129	981
102	2106	660	592
103	2106	7	7
104	2106	1784	1567
105	2106	1859	1669
106	2106	1043	914
107	2106	1812	1614
108	2106	1519	1325
109	2106	1704	1498
110	2106	2637	2371
111	2106	1701	1503
112	2106	1927	1645
113	2106	1383	1227
114	2106	1680	1492
115	2106	1782	1632
116	2106	1800	1573
117	2106	2155	1891
118	2106	43	40
119	2106	1960	1726
120	2106	1967	1728
121	2106	1746	1568
122	2106	2343	2069
123	2106	820	723
124	2106	1393	1254
125	2106	1787	1566
126	2106	1517	1334
127	2106	1862	1632
128	2106	1200	1034
129	2106	1718	1528
130	2106	1806	1588
131	2106	1806	1612
132	2106	3	2
133	2106	1862	1641
134	2106	1765	1586
135	2106	2114	1849
136	2106	1886	1647
137	2106	2	1
138	2106	1623	1431
139	2106	1283	1151
140	2106	2070	1859
141	2106	2094	1842
142	2106	197	170
143	2106	2238	2009
144	2106	5	5
145	2106	2112	1865
146	2106	1143	1001
147	2106	56	49
148	2106	1909	1677
149	2106	1948	1686
150	2106	2012	1811
151	2106	1817	1617
152	2106	249	211
153	2106	2285	2027
154	2106	32	29
156	2106	1866	1661
157	2106	1363	1183
158	2106	21	17
159	2106	1775	1543
160	2106	1519	1324
161	2106	2114	1855
162	2106	1615	1431
163	2106	8	5
164	2106	1582	1415
165	2106	1435	1283
166	2106	2061	1834
167	2106	2152	1919
168	2106	2	2
169	2106	2461	2207
170	2106	2970	2668
171	2106	2113	1903
172	2106	1414	1276
174	2106	2097	1863
175	2106	1962	1711
176	2106	1956	1700
177	2106	1821	1651
178	2106	2184	1958
179	2106	1508	1351
180	2106	1644	1496
181	2106	1597	1419
182	2106	2119	1887
183	2106	2184	1902
184	2106	2056	1791
185	2106	1912	1718
186	2106	1747	1571
187	2106	438	392
188	2106	24	21
189	2106	40	31
190	2106	2550	2265
191	2106	2174	1893
192	2106	1195	1048
193	2106	1734	1493
194	2106	2393	2115
195	2106	1897	1637
196	2106	2187	1873
197	2106	2368	2115
198	2106	16	13
199	2106	3309	2925
200	2106	2970	2628
201	2106	702	620
202	2106	1698	1485
203	2106	2033	1766
204	2106	9	5
205	2106	9	9
206	2106	16	15
207	2106	1	1
208	2106	3	3
209	2106	6	6
210	2106	6	3
211	2106	9	7
212	2106	14	11
213	2106	50	43
214	2106	22	20
215	2106	9	7
216	2106	1957	1762
0	2107	167693	118250
1	2107	2500	2270
2	2107	2836	2596
3	2107	2503	2219
4	2107	2645	2366
5	2107	1599	1448
6	2107	13	13
7	2107	2522	2273
8	2107	2398	2159
9	2107	2375	2176
10	2107	2765	2519
11	2107	1931	1727
12	2107	2443	2204
13	2107	1756	1586
14	2107	2288	2081
15	2107	1399	1280
16	2107	2382	2156
17	2107	6	4
18	2107	6	6
19	2107	4	4
20	2107	1116	1015
21	2107	1813	1651
22	2107	1892	1705
23	2107	2290	2089
24	2107	1865	1672
25	2107	1493	1372
26	2107	2512	2271
27	2107	2356	2090
28	2107	2713	2474
29	2107	1789	1522
30	2107	20	20
31	2107	1875	1696
32	2107	2437	2193
33	2107	21	17
34	2107	2291	2098
35	2107	2378	2209
36	2107	2683	2485
37	2107	31	30
38	2107	2439	2250
39	2107	1872	1743
40	2107	1923	1763
41	2107	2226	2010
42	2107	2354	2152
43	2107	2264	2034
44	2107	2645	2396
45	2107	63	59
46	2107	2332	2094
47	2107	4	4
48	2107	2129	1945
49	2107	2339	2137
50	2107	1628	1512
51	2107	5	5
52	2107	2366	2156
53	2107	1917	1732
54	2107	1922	1755
55	2107	96	90
56	2107	2247	2018
57	2107	2156	1941
58	2107	2176	1980
59	2107	1891	1709
60	2107	2151	1942
61	2107	4379	3936
62	2107	2188	1965
63	2107	35	30
64	2107	907	812
65	2107	2157	1958
66	2107	2469	2264
67	2107	3	2
68	2107	2765	2506
69	2107	17	13
70	2107	2222	2013
71	2107	1387	1274
72	2107	1149	1019
73	2107	1300	1181
74	2107	1824	1629
75	2107	1073	966
76	2107	1995	1807
77	2107	2200	1993
78	2107	2383	2153
79	2107	1930	1747
80	2107	1549	1366
81	2107	983	903
82	2107	10	10
83	2107	2228	2033
84	2107	1680	1520
85	2107	443	410
86	2107	1938	1764
87	2107	781	710
88	2107	1709	1559
89	2107	2046	1884
90	2107	2103	1952
91	2107	1795	1630
92	2107	3	3
93	2107	1700	1525
94	2107	874	780
95	2107	2082	1875
96	2107	2050	1852
97	2107	1123	1008
98	2107	1511	1373
99	2107	1230	1115
100	2107	9	7
101	2107	1216	1129
102	2107	731	652
103	2107	9	7
104	2107	1649	1485
105	2107	2083	1895
106	2107	1072	968
107	2107	1806	1654
108	2107	1572	1441
109	2107	1765	1601
110	2107	2531	2282
111	2107	1609	1453
112	2107	1781	1596
113	2107	1402	1285
114	2107	1615	1468
115	2107	1865	1716
116	2107	1990	1790
117	2107	2140	1942
118	2107	69	63
119	2107	2093	1913
120	2107	2025	1807
121	2107	1847	1671
122	2107	2224	2028
123	2107	806	735
124	2107	1348	1230
125	2107	1859	1669
126	2107	1489	1361
127	2107	1833	1674
128	2107	1239	1104
129	2107	1743	1568
130	2107	1829	1676
131	2107	1789	1669
132	2107	7	7
133	2107	1725	1581
134	2107	1765	1595
135	2107	1891	1735
136	2107	1936	1728
138	2107	1635	1496
139	2107	1336	1232
140	2107	2081	1863
141	2107	2150	1950
142	2107	190	167
143	2107	2222	2010
144	2107	2	2
145	2107	2115	1906
146	2107	1205	1091
147	2107	48	45
148	2107	2048	1866
149	2107	1909	1745
150	2107	2025	1832
151	2107	1845	1698
152	2107	269	237
153	2107	2339	2101
154	2107	23	21
156	2107	1884	1724
157	2107	1317	1171
158	2107	40	39
159	2107	1661	1495
160	2107	1466	1304
161	2107	2092	1852
162	2107	1762	1599
163	2107	21	19
164	2107	1724	1554
165	2107	1390	1258
166	2107	2079	1887
167	2107	2105	1918
168	2107	2	2
169	2107	2687	2458
170	2107	2984	2713
171	2107	2008	1861
172	2107	1399	1276
173	2107	6	6
174	2107	2138	1952
175	2107	1851	1696
176	2107	2109	1885
177	2107	1820	1660
178	2107	2311	2108
179	2107	1494	1383
180	2107	1611	1463
181	2107	1608	1468
182	2107	2289	2093
183	2107	2401	2209
184	2107	2080	1896
185	2107	1892	1733
186	2107	1811	1644
187	2107	450	415
188	2107	30	25
189	2107	36	28
190	2107	2490	2251
191	2107	2020	1832
192	2107	1172	1064
193	2107	1790	1630
194	2107	2304	2070
195	2107	1936	1770
196	2107	2192	1984
197	2107	2381	2161
198	2107	16	13
199	2107	3692	3303
200	2107	2924	2657
201	2107	660	594
202	2107	1754	1578
203	2107	1914	1712
204	2107	19	14
205	2107	12	11
206	2107	10	9
207	2107	3	3
208	2107	6	6
209	2107	5	4
210	2107	5	5
211	2107	6	6
212	2107	4	3
213	2107	86	73
214	2107	10	9
215	2107	1	1
216	2107	2026	1845
0	2108	166094	109477
1	2108	2375	2074
2	2108	2885	2562
3	2108	2422	2108
4	2108	2679	2321
5	2108	1600	1376
6	2108	14	13
7	2108	2472	2139
8	2108	2481	2165
9	2108	2301	2057
10	2108	2826	2477
11	2108	1840	1597
12	2108	2471	2163
13	2108	1756	1505
14	2108	2212	1945
15	2108	1437	1241
16	2108	2331	2019
17	2108	4	4
18	2108	5	4
19	2108	3	1
20	2108	1220	1075
21	2108	1728	1493
22	2108	1887	1641
23	2108	2280	2011
24	2108	1836	1596
25	2108	1570	1376
26	2108	2492	2197
27	2108	2234	1873
28	2108	2737	2390
29	2108	1767	1395
30	2108	11	9
31	2108	1829	1598
32	2108	2362	2067
33	2108	16	14
34	2108	2452	2217
35	2108	2468	2228
36	2108	2653	2407
37	2108	38	35
38	2108	2483	2214
39	2108	1918	1712
40	2108	2066	1844
41	2108	2205	1952
42	2108	2455	2170
43	2108	2184	1932
44	2108	2460	2128
45	2108	56	46
46	2108	2394	2094
47	2108	4	3
48	2108	2111	1859
49	2108	2313	2047
50	2108	1711	1519
51	2108	4	4
52	2108	2364	2088
53	2108	1932	1713
54	2108	1885	1628
55	2108	80	72
56	2108	2214	1915
57	2108	2026	1781
58	2108	2195	1952
59	2108	1909	1674
60	2108	2158	1909
61	2108	4383	3812
62	2108	2113	1873
63	2108	41	36
64	2108	956	821
65	2108	2109	1882
66	2108	2456	2181
67	2108	3	2
68	2108	2696	2374
69	2108	30	26
70	2108	2368	2074
71	2108	1451	1282
72	2108	1234	1091
73	2108	1349	1188
74	2108	1860	1622
75	2108	1121	972
76	2108	1907	1655
77	2108	2396	2106
78	2108	2277	1979
79	2108	2032	1772
80	2108	1658	1413
81	2108	1056	934
82	2108	14	14
83	2108	2014	1767
84	2108	1700	1475
85	2108	474	409
86	2108	1854	1653
87	2108	776	663
88	2108	1684	1445
89	2108	2012	1820
90	2108	1967	1729
91	2108	1687	1504
92	2108	3	2
93	2108	1633	1412
94	2108	767	674
95	2108	2170	1886
96	2108	1868	1589
97	2108	1066	948
98	2108	1543	1360
99	2108	1360	1201
100	2108	3	2
101	2108	1187	1071
102	2108	694	603
103	2108	9	8
104	2108	1787	1553
105	2108	1834	1609
106	2108	1085	968
107	2108	1743	1555
108	2108	1583	1396
109	2108	1696	1494
110	2108	2622	2309
111	2108	1656	1450
112	2108	1902	1616
113	2108	1353	1212
114	2108	1628	1429
115	2108	1885	1692
116	2108	1890	1680
117	2108	2128	1901
118	2108	45	42
119	2108	2140	1869
120	2108	1967	1722
121	2108	1727	1523
122	2108	2308	2047
123	2108	794	708
124	2108	1326	1174
125	2108	1729	1521
126	2108	1527	1321
127	2108	1862	1620
128	2108	1211	1044
129	2108	1603	1406
130	2108	1936	1700
131	2108	1743	1566
132	2108	3	3
133	2108	1843	1637
134	2108	1688	1482
135	2108	1885	1627
136	2108	1984	1752
137	2108	3	3
138	2108	1582	1381
139	2108	1352	1218
140	2108	2095	1843
141	2108	2137	1866
142	2108	170	143
143	2108	2362	2093
144	2108	2	2
145	2108	2086	1827
146	2108	1196	1053
147	2108	25	21
148	2108	1848	1639
149	2108	1952	1730
150	2108	1970	1726
151	2108	1805	1601
152	2108	260	230
153	2108	2338	2085
154	2108	14	14
156	2108	1808	1569
157	2108	1348	1198
158	2108	24	19
159	2108	1854	1610
160	2108	1483	1283
161	2108	2089	1846
162	2108	1755	1529
163	2108	21	19
164	2108	1680	1484
165	2108	1514	1359
166	2108	2109	1875
167	2108	1991	1757
168	2108	1	1
169	2108	2589	2313
170	2108	2998	2677
171	2108	2120	1903
172	2108	1444	1269
173	2108	5	5
174	2108	2032	1785
175	2108	1935	1704
176	2108	1996	1726
177	2108	1802	1592
178	2108	2243	1954
179	2108	1519	1340
180	2108	1515	1333
181	2108	1611	1400
182	2108	2362	2083
183	2108	2334	2023
184	2108	2037	1756
185	2108	1917	1683
186	2108	1926	1706
187	2108	439	398
188	2108	28	24
189	2108	27	23
190	2108	2540	2246
191	2108	1944	1700
192	2108	1072	932
193	2108	1778	1544
194	2108	2370	2085
195	2108	1922	1663
196	2108	2252	1943
197	2108	2388	2124
198	2108	18	14
199	2108	3311	2915
200	2108	3083	2695
201	2108	660	593
202	2108	1714	1508
203	2108	1978	1735
204	2108	19	13
205	2108	7	6
206	2108	12	10
207	2108	1	1
208	2108	6	5
209	2108	11	10
210	2108	5	5
211	2108	10	8
212	2108	8	6
213	2108	57	49
214	2108	14	10
215	2108	2	1
216	2108	1956	1725
0	2109	167815	108066
1	2109	2336	2017
2	2109	2812	2472
3	2109	2393	2033
4	2109	2816	2443
5	2109	1645	1391
6	2109	12	7
7	2109	2389	2099
8	2109	2381	2039
9	2109	2226	1949
10	2109	2655	2314
11	2109	1785	1506
12	2109	2391	2080
13	2109	1903	1644
14	2109	2257	1944
15	2109	1326	1145
16	2109	2329	2001
17	2109	1	1
18	2109	1	1
19	2109	1	1
20	2109	1216	1044
21	2109	1860	1572
22	2109	1839	1554
23	2109	2191	1905
24	2109	1804	1563
25	2109	1514	1311
26	2109	2340	2020
27	2109	2225	1856
28	2109	2748	2375
29	2109	1641	1256
30	2109	13	11
31	2109	1920	1653
32	2109	2399	2030
33	2109	19	15
34	2109	2367	2127
35	2109	2479	2249
36	2109	2683	2427
37	2109	38	30
38	2109	2375	2116
39	2109	1859	1629
40	2109	1869	1646
41	2109	2153	1865
42	2109	2291	1987
43	2109	2144	1865
44	2109	2592	2275
45	2109	50	42
46	2109	2242	1941
47	2109	5	5
48	2109	2072	1795
49	2109	2363	2020
50	2109	1584	1377
51	2109	6	4
52	2109	2377	2040
53	2109	1868	1630
54	2109	1883	1656
55	2109	57	50
56	2109	2289	1947
57	2109	2230	1945
58	2109	2147	1858
59	2109	1904	1631
60	2109	2168	1868
61	2109	4372	3792
62	2109	2114	1839
63	2109	48	43
64	2109	958	827
65	2109	2117	1842
66	2109	2360	2042
67	2109	4	3
68	2109	2771	2403
69	2109	21	18
70	2109	2448	2123
71	2109	1441	1252
72	2109	1187	1037
73	2109	1306	1157
74	2109	1795	1573
75	2109	1044	912
76	2109	1893	1649
77	2109	2295	1976
78	2109	2417	2079
79	2109	2006	1716
80	2109	1594	1345
81	2109	1125	990
82	2109	29	23
83	2109	2026	1756
84	2109	1671	1431
85	2109	472	412
86	2109	1888	1614
87	2109	730	621
88	2109	1629	1397
89	2109	2115	1849
90	2109	2094	1825
91	2109	1815	1585
92	2109	2	2
93	2109	1697	1500
94	2109	729	611
95	2109	1990	1722
96	2109	2049	1763
97	2109	1152	998
98	2109	1436	1254
99	2109	1428	1247
100	2109	8	6
101	2109	1156	1005
102	2109	715	624
103	2109	10	9
104	2109	1633	1381
105	2109	1947	1701
106	2109	1029	895
107	2109	1782	1559
108	2109	1569	1361
109	2109	1662	1429
110	2109	2701	2349
111	2109	1608	1406
112	2109	1807	1518
113	2109	1342	1171
114	2109	1646	1454
115	2109	1807	1578
116	2109	1919	1683
117	2109	2238	1941
118	2109	62	54
119	2109	2000	1750
120	2109	1949	1667
121	2109	1677	1463
122	2109	2249	1951
123	2109	774	678
124	2109	1395	1215
125	2109	1831	1569
126	2109	1472	1268
127	2109	1894	1660
128	2109	1144	968
129	2109	1706	1489
130	2109	1775	1568
131	2109	1849	1634
132	2109	1	1
133	2109	1859	1620
134	2109	1736	1504
135	2109	1889	1662
136	2109	1914	1626
137	2109	1	1
138	2109	1593	1383
139	2109	1309	1117
140	2109	1997	1750
141	2109	2070	1804
142	2109	182	138
143	2109	2303	1994
144	2109	4	4
145	2109	2089	1807
146	2109	1148	1007
147	2109	43	38
148	2109	1952	1689
149	2109	1998	1733
150	2109	1963	1722
151	2109	1852	1626
152	2109	331	270
153	2109	2436	2093
154	2109	17	11
155	2109	1	1
156	2109	1821	1595
157	2109	1398	1202
158	2109	41	36
159	2109	1731	1494
160	2109	1436	1230
161	2109	2049	1757
162	2109	1742	1516
163	2109	19	19
164	2109	1833	1599
165	2109	1443	1282
166	2109	2111	1840
167	2109	2053	1778
168	2109	3	3
169	2109	2590	2282
170	2109	3093	2742
171	2109	2081	1832
172	2109	1515	1321
173	2109	2	1
174	2109	2108	1804
175	2109	1853	1594
176	2109	1965	1693
177	2109	1841	1608
178	2109	2148	1873
179	2109	1460	1278
180	2109	1669	1451
181	2109	1600	1382
182	2109	2459	2148
183	2109	2306	2022
184	2109	1991	1732
185	2109	1933	1688
186	2109	1697	1469
187	2109	436	388
188	2109	28	21
189	2109	41	28
190	2109	2645	2295
191	2109	2102	1788
192	2109	1153	994
193	2109	1742	1510
194	2109	2250	1935
195	2109	1901	1642
196	2109	2145	1825
197	2109	2257	1953
198	2109	19	14
199	2109	3359	2916
200	2109	2864	2449
201	2109	648	557
202	2109	1640	1421
203	2109	2040	1759
204	2109	9	5
205	2109	11	9
206	2109	20	17
207	2109	2	2
208	2109	7	7
209	2109	9	7
210	2109	8	4
211	2109	6	6
212	2109	10	6
213	2109	67	60
214	2109	17	14
215	2109	4	3
216	2109	1923	1676
0	2110	168678	108960
1	2110	2389	2095
2	2110	2811	2493
3	2110	2577	2241
4	2110	2736	2365
5	2110	1686	1466
6	2110	10	9
7	2110	2607	2269
8	2110	2391	2055
9	2110	2300	2044
10	2110	2660	2358
11	2110	1962	1705
12	2110	2529	2221
13	2110	1811	1572
14	2110	2230	1937
15	2110	1398	1231
16	2110	2442	2124
17	2110	4	4
18	2110	6	5
19	2110	2	1
20	2110	1195	1028
21	2110	1807	1551
22	2110	1789	1562
23	2110	2168	1910
24	2110	1909	1661
25	2110	1471	1300
26	2110	2381	2100
27	2110	2168	1835
28	2110	2810	2432
29	2110	1527	1154
30	2110	14	12
31	2110	1926	1660
32	2110	2405	2058
33	2110	22	19
34	2110	2422	2178
35	2110	2514	2238
36	2110	2756	2474
37	2110	17	14
38	2110	2358	2118
39	2110	1860	1630
40	2110	1979	1766
41	2110	2110	1828
42	2110	2400	2134
43	2110	2201	1886
44	2110	2397	2093
45	2110	49	45
46	2110	2222	1917
47	2110	2	2
48	2110	2118	1857
49	2110	2264	2021
50	2110	1733	1525
51	2110	4	4
52	2110	2268	2003
53	2110	1851	1608
54	2110	1988	1732
55	2110	74	63
56	2110	2224	1909
57	2110	2011	1771
58	2110	2097	1877
59	2110	1905	1661
60	2110	2166	1906
61	2110	4519	3937
62	2110	2186	1892
63	2110	35	32
64	2110	967	826
65	2110	2093	1845
66	2110	2296	2034
67	2110	8	5
68	2110	2698	2322
69	2110	25	21
70	2110	2379	2056
71	2110	1460	1273
72	2110	1185	1029
73	2110	1335	1180
74	2110	1827	1601
75	2110	1108	957
76	2110	2005	1748
77	2110	2147	1868
78	2110	2379	2041
79	2110	2003	1731
80	2110	1519	1286
81	2110	1070	938
82	2110	17	15
83	2110	2181	1881
84	2110	1733	1505
85	2110	413	357
86	2110	1813	1567
87	2110	718	633
88	2110	1722	1473
89	2110	1953	1715
90	2110	1934	1725
91	2110	1830	1594
93	2110	1635	1432
94	2110	865	753
95	2110	2035	1794
96	2110	1969	1701
97	2110	1110	962
98	2110	1512	1321
99	2110	1374	1219
100	2110	11	9
101	2110	1228	1064
102	2110	716	642
103	2110	15	12
104	2110	1622	1413
105	2110	2175	1900
106	2110	1101	976
107	2110	1821	1625
108	2110	1549	1373
109	2110	1664	1449
110	2110	2727	2396
111	2110	1610	1402
112	2110	1705	1415
113	2110	1502	1342
114	2110	1617	1420
115	2110	1716	1517
116	2110	1892	1636
117	2110	2211	1923
118	2110	65	57
119	2110	1993	1729
120	2110	2016	1760
121	2110	1766	1550
122	2110	2327	2036
123	2110	786	707
124	2110	1353	1185
125	2110	1859	1608
126	2110	1442	1241
127	2110	1902	1654
128	2110	1262	1079
129	2110	1668	1463
130	2110	1801	1565
131	2110	1822	1603
132	2110	5	5
133	2110	1847	1626
134	2110	1743	1543
135	2110	1914	1675
136	2110	1912	1641
137	2110	4	4
138	2110	1543	1361
139	2110	1230	1105
140	2110	2114	1847
141	2110	1964	1713
142	2110	242	200
143	2110	2236	1906
144	2110	3	1
145	2110	2110	1832
146	2110	1226	1073
147	2110	50	42
148	2110	2011	1761
149	2110	1983	1751
150	2110	1953	1721
151	2110	1770	1528
152	2110	279	237
153	2110	2442	2136
154	2110	25	23
156	2110	1856	1635
157	2110	1354	1186
158	2110	38	34
159	2110	1798	1573
160	2110	1523	1277
161	2110	2080	1816
162	2110	1774	1542
163	2110	16	13
164	2110	1676	1470
165	2110	1310	1159
166	2110	2151	1896
167	2110	2125	1867
169	2110	2547	2242
170	2110	3078	2720
171	2110	2037	1782
172	2110	1494	1305
173	2110	8	7
174	2110	2113	1831
175	2110	1928	1661
176	2110	1918	1669
177	2110	1931	1702
178	2110	2191	1934
179	2110	1544	1381
180	2110	1662	1462
181	2110	1646	1474
182	2110	2399	2140
183	2110	2368	2086
184	2110	1986	1713
185	2110	1958	1696
186	2110	1746	1540
187	2110	480	424
188	2110	17	14
189	2110	39	29
190	2110	2414	2130
191	2110	2051	1766
192	2110	1094	981
193	2110	1819	1573
194	2110	2258	1970
195	2110	1995	1739
196	2110	2230	1921
197	2110	2437	2119
198	2110	20	16
199	2110	3466	3026
200	2110	2962	2577
201	2110	664	580
202	2110	1639	1429
203	2110	2037	1781
204	2110	12	7
205	2110	11	9
206	2110	16	11
207	2110	1	1
208	2110	10	7
209	2110	4	2
210	2110	9	9
211	2110	7	6
212	2110	3	3
213	2110	57	51
214	2110	15	11
215	2110	4	3
216	2110	2000	1741
0	2111	170423	118649
1	2111	2410	2194
2	2111	2765	2524
3	2111	2590	2306
4	2111	2783	2540
5	2111	1612	1463
6	2111	13	13
7	2111	2543	2304
8	2111	2295	2064
9	2111	2322	2118
10	2111	2842	2589
11	2111	1857	1668
12	2111	2374	2159
13	2111	1861	1701
14	2111	2171	1978
15	2111	1323	1189
16	2111	2462	2217
17	2111	5	4
18	2111	3	3
19	2111	3	1
20	2111	1215	1087
21	2111	1690	1517
22	2111	1871	1676
23	2111	2211	2013
24	2111	1855	1688
25	2111	1482	1350
26	2111	2431	2203
27	2111	2110	1840
28	2111	2632	2401
29	2111	1403	1148
30	2111	11	9
31	2111	1774	1626
32	2111	2370	2104
33	2111	14	13
34	2111	2328	2159
35	2111	2461	2299
36	2111	2911	2714
37	2111	34	33
38	2111	2413	2236
39	2111	1832	1689
40	2111	1885	1707
41	2111	2030	1849
42	2111	2405	2206
43	2111	2274	2052
44	2111	2444	2206
45	2111	50	40
46	2111	2303	2037
47	2111	5	5
48	2111	2074	1873
49	2111	2423	2190
50	2111	1685	1533
51	2111	7	7
52	2111	2353	2149
53	2111	1924	1727
54	2111	1889	1724
55	2111	104	93
56	2111	2231	2020
57	2111	2098	1910
58	2111	2084	1899
59	2111	1856	1689
60	2111	2085	1890
61	2111	4484	4033
62	2111	2185	1969
63	2111	51	44
64	2111	980	871
65	2111	2154	1974
66	2111	2428	2217
67	2111	3	2
68	2111	2711	2458
69	2111	20	16
70	2111	2385	2144
71	2111	1497	1360
72	2111	1191	1050
73	2111	1276	1162
74	2111	1739	1584
75	2111	1113	1002
76	2111	1786	1599
77	2111	2323	2084
78	2111	2405	2204
79	2111	1961	1768
80	2111	1502	1295
81	2111	1059	957
82	2111	27	24
83	2111	2130	1919
84	2111	1705	1524
85	2111	434	390
86	2111	1915	1729
87	2111	735	659
88	2111	1825	1628
89	2111	2062	1880
90	2111	2031	1874
91	2111	1715	1537
92	2111	4	4
93	2111	1696	1523
94	2111	739	670
95	2111	2141	1961
96	2111	1920	1727
97	2111	1060	974
98	2111	1541	1385
99	2111	1440	1313
100	2111	12	11
101	2111	1192	1084
102	2111	677	611
103	2111	12	12
104	2111	1571	1410
105	2111	2018	1829
106	2111	1101	1004
107	2111	1760	1606
108	2111	1583	1461
109	2111	1687	1521
110	2111	2530	2292
111	2111	1545	1377
112	2111	1661	1442
113	2111	1435	1319
114	2111	1650	1511
115	2111	1839	1687
116	2111	1957	1754
117	2111	2141	1924
118	2111	57	50
119	2111	2095	1906
120	2111	2084	1877
121	2111	1798	1642
122	2111	2258	2056
123	2111	792	712
124	2111	1407	1276
125	2111	1927	1724
126	2111	1456	1311
127	2111	1905	1757
128	2111	1106	977
129	2111	1740	1581
130	2111	1826	1677
131	2111	1847	1692
132	2111	2	2
133	2111	1808	1650
134	2111	1887	1741
135	2111	1893	1720
136	2111	1915	1705
137	2111	2	2
138	2111	1639	1491
139	2111	1333	1208
140	2111	2089	1907
141	2111	2003	1782
142	2111	197	165
143	2111	2342	2118
144	2111	5	5
145	2111	2155	1952
146	2111	1163	1069
147	2111	46	42
148	2111	2024	1857
149	2111	1994	1827
150	2111	1848	1694
151	2111	1853	1699
152	2111	234	204
153	2111	2438	2197
154	2111	27	25
155	2111	1	1
156	2111	1905	1722
157	2111	1413	1286
158	2111	41	35
159	2111	1849	1670
160	2111	1575	1404
161	2111	2076	1874
162	2111	1689	1542
163	2111	15	13
164	2111	1736	1570
165	2111	1537	1408
166	2111	2113	1940
167	2111	2069	1865
168	2111	1	1
169	2111	2585	2379
170	2111	3110	2870
171	2111	2000	1857
172	2111	1445	1319
173	2111	8	8
174	2111	2073	1879
175	2111	1895	1733
176	2111	1959	1774
177	2111	1841	1682
178	2111	2307	2120
179	2111	1534	1396
180	2111	1626	1494
181	2111	1693	1516
182	2111	2286	2080
183	2111	2289	2083
184	2111	2041	1870
185	2111	1968	1793
186	2111	1757	1598
187	2111	445	405
188	2111	26	24
189	2111	44	40
190	2111	2529	2318
191	2111	2124	1906
192	2111	1154	1055
193	2111	1725	1555
194	2111	2302	2086
195	2111	2097	1905
196	2111	2346	2098
197	2111	2405	2194
198	2111	15	14
199	2111	3311	2992
200	2111	3018	2709
201	2111	705	650
202	2111	1711	1555
203	2111	1875	1676
204	2111	22	14
205	2111	14	11
206	2111	21	17
207	2111	5	4
208	2111	16	14
209	2111	4	4
210	2111	4	3
211	2111	4	4
212	2111	9	6
213	2111	60	54
214	2111	12	9
215	2111	1	1
216	2111	2019	1833
0	2112	168858	108050
1	2112	2338	2020
2	2112	2789	2470
3	2112	2505	2165
4	2112	2751	2411
5	2112	1681	1449
6	2112	8	7
7	2112	2477	2132
8	2112	2423	2091
9	2112	2263	1987
10	2112	2791	2430
11	2112	1890	1622
12	2112	2552	2237
13	2112	1969	1702
14	2112	2255	1973
15	2112	1337	1165
16	2112	2392	2060
17	2112	1	1
18	2112	7	6
19	2112	2	2
20	2112	1266	1106
21	2112	1703	1443
22	2112	1828	1583
23	2112	2320	2004
24	2112	1810	1560
25	2112	1519	1329
26	2112	2295	1997
27	2112	2123	1752
28	2112	2653	2276
29	2112	1341	947
30	2112	21	16
31	2112	1983	1752
32	2112	2399	2016
33	2112	30	28
34	2112	2342	2091
35	2112	2395	2134
36	2112	2791	2530
37	2112	27	22
38	2112	2390	2140
39	2112	1831	1613
40	2112	1885	1647
41	2112	2238	1959
42	2112	2355	2077
43	2112	2223	1927
44	2112	2436	2121
45	2112	45	40
46	2112	2301	1956
48	2112	2078	1801
49	2112	2300	2016
50	2112	1717	1479
51	2112	12	10
52	2112	2268	1979
53	2112	2031	1747
54	2112	1970	1718
55	2112	75	66
56	2112	2238	1930
57	2112	2125	1866
58	2112	2098	1860
59	2112	1996	1731
60	2112	2150	1865
61	2112	4453	3815
62	2112	2190	1903
63	2112	26	25
64	2112	977	833
65	2112	2113	1846
66	2112	2324	2041
67	2112	4	2
68	2112	2542	2212
69	2112	21	17
70	2112	2359	2054
71	2112	1381	1216
72	2112	1220	1060
73	2112	1339	1172
74	2112	1818	1584
75	2112	1033	895
76	2112	1921	1662
77	2112	2337	2021
78	2112	2302	2007
79	2112	1908	1670
80	2112	1505	1230
81	2112	1051	927
82	2112	24	19
83	2112	2116	1843
84	2112	1660	1423
85	2112	456	401
86	2112	1870	1618
87	2112	717	623
88	2112	1652	1396
89	2112	2121	1823
90	2112	1998	1747
91	2112	1748	1517
92	2112	7	5
93	2112	1684	1459
94	2112	756	666
95	2112	2059	1816
96	2112	1993	1682
97	2112	1113	968
98	2112	1421	1253
99	2112	1485	1300
100	2112	8	6
101	2112	1175	1025
102	2112	750	648
103	2112	13	11
104	2112	1655	1424
105	2112	2070	1804
106	2112	1094	978
107	2112	1869	1670
108	2112	1610	1394
109	2112	1830	1573
110	2112	2621	2254
111	2112	1663	1458
112	2112	1581	1243
113	2112	1516	1321
114	2112	1684	1471
115	2112	1875	1645
116	2112	1946	1661
117	2112	2074	1800
118	2112	52	41
119	2112	2027	1767
120	2112	1959	1697
121	2112	1758	1520
122	2112	2284	2007
123	2112	851	749
124	2112	1334	1176
125	2112	1897	1632
126	2112	1491	1311
127	2112	1909	1657
128	2112	1204	1004
129	2112	1715	1507
130	2112	1794	1579
131	2112	1821	1601
132	2112	4	3
133	2112	1787	1561
134	2112	1770	1535
135	2112	1905	1669
136	2112	1848	1588
137	2112	1	1
138	2112	1594	1404
139	2112	1335	1176
140	2112	2008	1760
141	2112	2114	1803
142	2112	194	156
143	2112	2327	2051
145	2112	2067	1821
146	2112	1205	1047
147	2112	50	47
148	2112	1957	1728
149	2112	1953	1700
150	2112	2014	1786
151	2112	1765	1523
152	2112	256	219
153	2112	2302	2039
154	2112	16	14
155	2112	1	1
156	2112	1862	1652
157	2112	1410	1218
158	2112	20	18
159	2112	1681	1427
160	2112	1495	1270
161	2112	2088	1813
162	2112	1845	1618
163	2112	17	14
164	2112	1719	1498
165	2112	1387	1205
166	2112	2173	1905
167	2112	2153	1898
168	2112	2	1
169	2112	2528	2227
170	2112	2990	2642
171	2112	2129	1880
172	2112	1543	1345
173	2112	4	3
174	2112	2090	1807
175	2112	1844	1611
176	2112	2055	1769
177	2112	1880	1626
178	2112	2250	1970
179	2112	1444	1252
180	2112	1645	1423
181	2112	1633	1415
182	2112	2262	2007
183	2112	2280	1958
184	2112	2017	1728
185	2112	1876	1620
186	2112	1734	1514
187	2112	443	379
188	2112	23	20
189	2112	30	25
190	2112	2627	2298
191	2112	2037	1765
192	2112	1252	1099
193	2112	1776	1541
194	2112	2315	2019
195	2112	1869	1606
196	2112	2140	1838
197	2112	2451	2149
198	2112	29	19
199	2112	3414	2956
200	2112	2997	2615
201	2112	609	533
202	2112	1699	1467
203	2112	2056	1755
204	2112	13	8
205	2112	14	10
206	2112	20	19
207	2112	3	3
208	2112	16	15
209	2112	9	8
210	2112	7	3
211	2112	12	12
212	2112	9	7
213	2112	57	50
214	2112	22	17
215	2112	3	3
216	2112	1983	1736
0	2113	168109	110805
1	2113	2436	2134
2	2113	2815	2483
3	2113	2563	2224
4	2113	2636	2356
5	2113	1671	1479
6	2113	5	4
7	2113	2463	2184
8	2113	2386	2091
9	2113	2323	2058
10	2113	2711	2408
11	2113	2066	1820
12	2113	2418	2150
13	2113	1683	1474
14	2113	2314	2033
15	2113	1455	1282
16	2113	2340	2058
17	2113	10	7
18	2113	3	2
19	2113	4	4
20	2113	1219	1086
21	2113	1725	1518
22	2113	1956	1707
23	2113	2189	1922
24	2113	1779	1565
25	2113	1494	1320
26	2113	2338	2051
27	2113	2158	1811
28	2113	2846	2499
29	2113	1188	820
30	2113	19	18
31	2113	1887	1661
32	2113	2354	2029
33	2113	14	13
34	2113	2535	2253
35	2113	2474	2203
36	2113	2909	2592
37	2113	28	23
38	2113	2422	2165
39	2113	1871	1633
40	2113	1973	1736
41	2113	2216	1966
42	2113	2427	2162
43	2113	2201	1920
44	2113	2472	2175
45	2113	45	38
46	2113	2173	1867
47	2113	2	1
48	2113	2098	1839
49	2113	2435	2168
50	2113	1763	1547
51	2113	10	10
52	2113	2439	2170
53	2113	1869	1614
54	2113	1760	1538
55	2113	110	100
56	2113	2357	2032
57	2113	2065	1819
58	2113	2170	1937
59	2113	1942	1735
60	2113	2097	1847
61	2113	4627	4029
62	2113	2206	1918
63	2113	36	32
64	2113	928	821
65	2113	2072	1831
66	2113	2478	2220
67	2113	11	8
68	2113	2649	2355
69	2113	27	23
70	2113	2371	2034
71	2113	1403	1240
72	2113	1222	1072
73	2113	1369	1206
74	2113	1696	1499
75	2113	1094	948
76	2113	1876	1656
77	2113	2288	1987
78	2113	2411	2059
79	2113	1929	1692
80	2113	1462	1194
81	2113	1086	952
82	2113	22	20
83	2113	2129	1881
84	2113	1701	1462
85	2113	424	357
86	2113	1930	1653
87	2113	743	636
88	2113	1705	1478
89	2113	2057	1842
90	2113	2097	1890
91	2113	1763	1539
93	2113	1608	1396
94	2113	758	652
95	2113	2055	1822
96	2113	2005	1739
97	2113	1166	1052
98	2113	1627	1438
99	2113	1432	1258
100	2113	3	3
101	2113	1199	1058
102	2113	680	575
103	2113	9	9
104	2113	1671	1443
105	2113	2101	1860
106	2113	1122	996
107	2113	1823	1652
108	2113	1598	1403
109	2113	1796	1576
110	2113	2680	2360
111	2113	1582	1388
112	2113	1547	1263
113	2113	1458	1286
114	2113	1653	1452
115	2113	1772	1582
116	2113	1797	1575
117	2113	2204	1929
118	2113	38	35
119	2113	2066	1806
120	2113	2013	1789
121	2113	1823	1607
122	2113	2388	2090
123	2113	756	692
124	2113	1336	1181
125	2113	1931	1698
126	2113	1472	1296
127	2113	1976	1748
128	2113	1090	920
129	2113	1749	1558
130	2113	1840	1641
131	2113	1742	1600
132	2113	1	1
133	2113	1821	1628
134	2113	1848	1642
135	2113	1984	1761
136	2113	1829	1594
137	2113	2	1
138	2113	1728	1514
139	2113	1290	1140
140	2113	2088	1845
141	2113	2005	1770
142	2113	230	182
143	2113	2184	1938
144	2113	3	3
145	2113	2247	1993
146	2113	1234	1061
147	2113	41	36
148	2113	1955	1720
149	2113	1950	1715
150	2113	1977	1725
151	2113	1904	1673
152	2113	281	241
153	2113	2407	2099
154	2113	17	14
155	2113	1	1
156	2113	1895	1678
157	2113	1438	1268
158	2113	41	38
159	2113	1832	1582
160	2113	1523	1318
161	2113	2037	1792
162	2113	1801	1604
163	2113	15	13
164	2113	1613	1425
165	2113	1382	1228
166	2113	2130	1867
167	2113	2163	1921
168	2113	4	4
169	2113	2598	2332
170	2113	3007	2691
171	2113	2031	1850
172	2113	1529	1349
173	2113	7	7
174	2113	2176	1898
175	2113	1949	1681
176	2113	1925	1663
177	2113	1762	1556
178	2113	2269	1989
179	2113	1471	1328
180	2113	1676	1492
181	2113	1681	1493
182	2113	2388	2098
183	2113	2349	2061
184	2113	2010	1748
185	2113	1898	1683
186	2113	1816	1621
187	2113	451	401
188	2113	35	30
189	2113	35	28
190	2113	2496	2195
191	2113	2141	1882
192	2113	1198	1042
193	2113	1869	1601
194	2113	2257	1958
195	2113	1896	1655
196	2113	2116	1856
197	2113	2375	2103
198	2113	16	12
199	2113	3460	3073
200	2113	3041	2689
201	2113	652	568
202	2113	1677	1437
203	2113	1914	1616
204	2113	18	11
205	2113	9	8
206	2113	18	12
207	2113	6	6
208	2113	8	5
209	2113	3	3
210	2113	4	4
211	2113	11	9
212	2113	10	6
213	2113	53	46
214	2113	17	16
215	2113	2	0
216	2113	2078	1850
0	2114	168206	108240
1	2114	2521	2218
2	2114	2843	2495
3	2114	2541	2200
4	2114	2751	2410
5	2114	1698	1469
6	2114	8	8
7	2114	2564	2186
8	2114	2361	2057
9	2114	2361	2076
10	2114	2845	2492
11	2114	2013	1758
12	2114	2490	2229
13	2114	1870	1635
14	2114	2241	1949
15	2114	1340	1167
16	2114	2352	2022
17	2114	4	4
18	2114	1	0
19	2114	2	1
20	2114	1257	1088
21	2114	1753	1514
22	2114	1956	1684
23	2114	2171	1886
24	2114	1831	1600
25	2114	1526	1350
26	2114	2420	2134
27	2114	2020	1621
28	2114	2589	2245
29	2114	917	572
30	2114	21	17
31	2114	1954	1675
32	2114	2190	1917
33	2114	13	12
34	2114	2303	2049
35	2114	2371	2115
36	2114	2638	2381
37	2114	43	40
38	2114	2302	2050
39	2114	1767	1571
40	2114	1919	1711
41	2114	2210	1927
42	2114	2453	2175
43	2114	2230	1949
44	2114	2554	2235
45	2114	56	47
46	2114	2249	1908
47	2114	6	4
48	2114	2183	1898
49	2114	2536	2228
50	2114	1629	1444
51	2114	3	2
52	2114	2336	2068
53	2114	1871	1648
54	2114	1803	1565
55	2114	74	61
56	2114	2160	1853
57	2114	2093	1820
58	2114	2140	1901
59	2114	1960	1691
60	2114	2221	1936
61	2114	4465	3878
62	2114	2198	1890
63	2114	48	40
64	2114	974	845
65	2114	2076	1783
66	2114	2421	2155
67	2114	3	3
68	2114	2713	2397
69	2114	21	17
70	2114	2390	2089
71	2114	1391	1229
72	2114	1220	1049
73	2114	1328	1166
74	2114	1818	1566
75	2114	1084	932
76	2114	1968	1725
77	2114	2346	2049
78	2114	2293	1945
79	2114	1879	1625
80	2114	1359	1083
81	2114	1061	937
82	2114	16	12
83	2114	2128	1837
84	2114	1725	1494
85	2114	436	367
86	2114	1910	1628
87	2114	721	631
88	2114	1615	1396
89	2114	2065	1812
90	2114	1971	1733
91	2114	1828	1591
92	2114	2	2
93	2114	1645	1450
94	2114	749	657
95	2114	2080	1832
96	2114	1972	1706
97	2114	1051	930
98	2114	1511	1345
99	2114	1425	1262
100	2114	6	5
101	2114	1143	1020
102	2114	788	661
103	2114	13	12
104	2114	1666	1466
105	2114	2099	1837
106	2114	1121	992
107	2114	1776	1572
108	2114	1535	1352
109	2114	1737	1511
110	2114	2515	2130
111	2114	1716	1531
112	2114	1467	1159
113	2114	1506	1340
114	2114	1692	1461
115	2114	1894	1677
116	2114	1788	1524
117	2114	2164	1876
118	2114	64	56
119	2114	2107	1866
120	2114	2080	1801
121	2114	1805	1579
122	2114	2286	2016
123	2114	843	756
124	2114	1453	1269
125	2114	1843	1610
126	2114	1477	1278
127	2114	1860	1637
128	2114	1117	927
129	2114	1816	1596
130	2114	1803	1590
131	2114	1785	1559
132	2114	4	4
133	2114	1887	1655
134	2114	1743	1543
135	2114	1911	1666
136	2114	1982	1713
137	2114	3	3
138	2114	1609	1430
139	2114	1310	1148
140	2114	2128	1858
141	2114	2019	1740
142	2114	201	178
143	2114	2336	2039
144	2114	1	0
145	2114	2137	1898
146	2114	1137	989
147	2114	38	35
148	2114	2029	1783
149	2114	2024	1764
150	2114	2077	1812
151	2114	1743	1540
152	2114	254	211
153	2114	2534	2212
154	2114	19	18
156	2114	1987	1718
157	2114	1383	1209
158	2114	26	23
159	2114	1771	1533
160	2114	1613	1392
161	2114	2070	1796
162	2114	1848	1617
163	2114	15	13
164	2114	1670	1474
165	2114	1471	1271
166	2114	2116	1851
167	2114	2136	1883
168	2114	2	2
169	2114	2580	2281
170	2114	3054	2729
171	2114	2075	1840
172	2114	1518	1328
173	2114	5	4
174	2114	2015	1744
175	2114	1810	1567
176	2114	1911	1607
177	2114	1924	1674
178	2114	2241	1965
179	2114	1518	1354
180	2114	1692	1490
181	2114	1664	1458
182	2114	2352	2071
183	2114	2345	2043
184	2114	2152	1840
185	2114	2095	1882
186	2114	1787	1568
187	2114	450	410
188	2114	19	19
189	2114	24	22
190	2114	2583	2271
191	2114	2141	1822
192	2114	1173	1038
193	2114	1806	1567
194	2114	2331	2009
195	2114	1898	1624
196	2114	2191	1900
197	2114	2374	2087
198	2114	20	15
199	2114	3572	3110
200	2114	2940	2558
201	2114	699	611
202	2114	1659	1441
203	2114	1887	1594
204	2114	4	2
205	2114	12	10
206	2114	9	8
207	2114	3	3
208	2114	9	8
209	2114	12	12
210	2114	2	0
211	2114	5	5
212	2114	9	6
213	2114	79	67
214	2114	15	11
215	2114	5	4
216	2114	1999	1756
0	2115	166940	116762
1	2115	2534	2272
2	2115	3006	2753
3	2115	2646	2347
4	2115	2932	2653
5	2115	1539	1366
6	2115	5	4
7	2115	2422	2155
8	2115	2438	2187
9	2115	2336	2112
10	2115	2852	2593
11	2115	2066	1853
12	2115	2555	2293
13	2115	1931	1757
14	2115	2272	2040
15	2115	1496	1343
16	2115	2443	2177
17	2115	3	2
18	2115	5	4
19	2115	3	2
20	2115	1280	1150
21	2115	1813	1640
22	2115	1983	1752
23	2115	2310	2091
24	2115	1802	1650
25	2115	1593	1429
26	2115	2445	2204
27	2115	1898	1587
28	2115	2799	2502
29	2115	675	453
30	2115	6	6
31	2115	1932	1727
32	2115	2314	2054
33	2115	11	11
34	2115	2366	2186
35	2115	2524	2335
36	2115	2763	2556
37	2115	45	43
38	2115	2393	2231
39	2115	1873	1705
40	2115	1913	1723
41	2115	2213	2013
42	2115	2380	2135
43	2115	2259	2026
44	2115	2637	2392
45	2115	51	48
46	2115	2138	1850
47	2115	3	3
48	2115	2087	1867
49	2115	2446	2210
50	2115	1703	1537
51	2115	3	3
52	2115	2357	2139
53	2115	1870	1689
54	2115	1836	1624
55	2115	64	58
56	2115	2423	2155
57	2115	2261	2030
58	2115	2162	1964
59	2115	2002	1786
60	2115	2268	2026
61	2115	4603	4119
62	2115	2180	1923
63	2115	58	53
64	2115	974	869
65	2115	2131	1868
66	2115	2487	2203
67	2115	9	6
68	2115	2776	2499
69	2115	22	20
70	2115	2294	2055
71	2115	1561	1388
72	2115	1160	1050
73	2115	1354	1206
74	2115	1657	1459
75	2115	1121	1001
76	2115	1851	1654
77	2115	2348	2109
78	2115	2330	2090
79	2115	1959	1722
80	2115	1314	1071
81	2115	1088	977
82	2115	20	15
83	2115	2196	1948
84	2115	1669	1458
85	2115	504	448
86	2115	1791	1598
87	2115	776	661
88	2115	1669	1481
89	2115	2162	1946
90	2115	2052	1862
91	2115	1849	1640
92	2115	6	4
93	2115	1720	1543
94	2115	808	720
95	2115	2130	1911
96	2115	2025	1790
97	2115	1154	1050
98	2115	1545	1397
99	2115	1514	1350
100	2115	7	7
101	2115	1285	1147
102	2115	684	613
103	2115	11	10
104	2115	1624	1473
105	2115	2232	2021
106	2115	1213	1074
107	2115	1999	1795
108	2115	1584	1446
109	2115	1710	1528
110	2115	2542	2280
111	2115	1569	1400
112	2115	1395	1121
113	2115	1636	1488
114	2115	1668	1509
115	2115	1892	1708
116	2115	1775	1559
117	2115	2209	2036
118	2115	46	41
119	2115	2183	2000
120	2115	2056	1833
121	2115	1876	1691
122	2115	2248	2036
123	2115	852	771
124	2115	1398	1287
125	2115	1794	1591
126	2115	1440	1285
127	2115	1954	1751
128	2115	1086	928
129	2115	1778	1622
130	2115	1922	1756
131	2115	1830	1695
132	2115	6	2
133	2115	1922	1726
134	2115	1807	1626
135	2115	2073	1875
136	2115	1925	1704
137	2115	4	3
138	2115	1704	1550
139	2115	1426	1290
140	2115	2107	1907
141	2115	1938	1694
142	2115	238	202
143	2115	2332	2085
144	2115	2	2
145	2115	2193	1992
146	2115	1243	1133
147	2115	38	34
148	2115	2015	1816
149	2115	2105	1918
150	2115	2099	1902
151	2115	1958	1782
152	2115	279	251
153	2115	2479	2245
154	2115	28	26
155	2115	1	1
156	2115	1859	1658
157	2115	1425	1292
158	2115	45	43
159	2115	1758	1563
160	2115	1514	1357
161	2115	2168	1953
162	2115	1821	1623
163	2115	12	8
164	2115	1748	1584
165	2115	1539	1379
166	2115	2112	1907
167	2115	2104	1934
168	2115	1	1
169	2115	2676	2434
170	2115	2989	2706
171	2115	2153	1955
172	2115	1483	1358
173	2115	3	2
174	2115	2035	1818
175	2115	1970	1758
176	2115	2032	1805
177	2115	1952	1740
178	2115	2409	2211
179	2115	1494	1383
180	2115	1718	1533
181	2115	1656	1481
182	2115	2377	2129
183	2115	2294	2051
184	2115	2114	1889
185	2115	2034	1836
186	2115	1879	1682
187	2115	503	457
188	2115	30	25
189	2115	44	37
190	2115	2710	2440
191	2115	2135	1886
192	2115	1113	994
193	2115	1768	1572
194	2115	2285	2025
195	2115	1877	1693
196	2115	2153	1887
197	2115	2444	2223
198	2115	16	11
199	2115	3551	3194
200	2115	3090	2743
201	2115	670	598
202	2115	1720	1566
203	2115	1816	1566
204	2115	14	10
205	2115	7	4
206	2115	9	7
207	2115	4	4
208	2115	7	4
209	2115	9	7
210	2115	9	7
211	2115	8	7
212	2115	9	8
213	2115	75	66
214	2115	8	8
215	2115	3	3
216	2115	1984	1778
0	2116	170462	118969
1	2116	2418	2163
2	2116	2942	2645
3	2116	2591	2316
4	2116	2921	2639
5	2116	1605	1438
6	2116	4	4
7	2116	2484	2221
8	2116	2283	2049
9	2116	2263	2041
10	2116	2693	2448
11	2116	2011	1822
12	2116	2671	2395
13	2116	1954	1753
14	2116	2187	1964
15	2116	1481	1332
16	2116	2418	2164
17	2116	2	2
18	2116	2	2
19	2116	3	3
20	2116	1185	1085
21	2116	1800	1605
22	2116	1827	1603
23	2116	2419	2182
24	2116	1776	1598
25	2116	1622	1468
26	2116	2349	2139
27	2116	1871	1530
28	2116	2894	2618
29	2116	462	298
30	2116	9	9
31	2116	1973	1780
32	2116	2305	2048
33	2116	10	9
34	2116	2356	2162
35	2116	2539	2352
36	2116	3008	2784
37	2116	32	29
38	2116	2478	2271
39	2116	1804	1643
40	2116	1937	1740
41	2116	2220	2013
42	2116	2323	2119
43	2116	2240	2021
44	2116	2680	2405
45	2116	49	42
46	2116	2122	1801
47	2116	3	3
48	2116	2117	1878
49	2116	2440	2237
50	2116	1688	1536
51	2116	6	6
52	2116	2386	2182
53	2116	1906	1704
54	2116	1760	1568
55	2116	97	87
56	2116	2060	1846
57	2116	2180	1975
58	2116	2316	2109
59	2116	1980	1805
60	2116	2263	2065
61	2116	4522	4024
62	2116	2138	1881
63	2116	38	35
64	2116	982	876
65	2116	2055	1802
66	2116	2404	2154
67	2116	7	5
68	2116	2770	2484
69	2116	20	14
70	2116	2398	2116
71	2116	1458	1319
72	2116	1163	1042
73	2116	1360	1251
74	2116	1636	1436
75	2116	1188	1073
76	2116	1961	1782
77	2116	2300	2055
78	2116	2399	2135
79	2116	1930	1728
80	2116	1081	875
81	2116	1088	980
82	2116	12	11
83	2116	2157	1949
84	2116	1735	1543
85	2116	451	407
86	2116	1778	1549
87	2116	687	604
88	2116	1682	1490
89	2116	1989	1804
90	2116	2205	1983
91	2116	1907	1737
92	2116	4	3
93	2116	1740	1558
94	2116	794	711
95	2116	2165	1948
96	2116	1939	1749
97	2116	1152	1027
98	2116	1561	1429
99	2116	1418	1300
100	2116	8	7
101	2116	1212	1109
102	2116	758	682
103	2116	11	9
104	2116	1704	1536
105	2116	2060	1870
106	2116	1095	999
107	2116	1845	1689
108	2116	1618	1470
109	2116	1733	1559
110	2116	2604	2334
111	2116	1752	1608
112	2116	1278	1030
113	2116	1523	1393
114	2116	1638	1482
115	2116	1882	1738
116	2116	1665	1463
117	2116	2176	1984
118	2116	45	42
119	2116	2159	1962
120	2116	2094	1875
121	2116	1821	1656
122	2116	2434	2208
123	2116	849	788
124	2116	1436	1301
125	2116	1828	1668
126	2116	1537	1366
127	2116	1887	1720
128	2116	1021	855
129	2116	1852	1684
130	2116	1881	1704
131	2116	1824	1684
132	2116	7	4
133	2116	1932	1773
134	2116	1788	1622
135	2116	1999	1814
136	2116	1950	1733
137	2116	2	2
138	2116	1683	1540
139	2116	1350	1234
140	2116	2140	1938
141	2116	1964	1752
142	2116	183	161
143	2116	2239	2008
144	2116	4	4
145	2116	2352	2155
146	2116	1191	1088
147	2116	56	50
148	2116	1913	1712
149	2116	2072	1882
150	2116	2047	1884
151	2116	1915	1747
152	2116	274	246
153	2116	2557	2351
154	2116	28	22
155	2116	3	3
156	2116	1844	1699
157	2116	1421	1296
158	2116	30	26
159	2116	1661	1485
160	2116	1476	1305
161	2116	2087	1884
162	2116	1848	1678
163	2116	15	14
164	2116	1736	1535
165	2116	1480	1340
166	2116	1985	1795
167	2116	2100	1919
168	2116	1	1
169	2116	2745	2502
170	2116	3045	2774
171	2116	2074	1913
172	2116	1474	1335
173	2116	5	5
174	2116	2151	1928
175	2116	2008	1829
176	2116	1971	1773
177	2116	1966	1769
178	2116	2332	2120
179	2116	1507	1373
180	2116	1671	1512
181	2116	1586	1428
182	2116	2356	2123
183	2116	2282	2048
184	2116	2107	1909
185	2116	2021	1839
186	2116	1784	1639
187	2116	428	387
188	2116	26	23
189	2116	33	29
190	2116	2718	2468
191	2116	2146	1929
192	2116	1150	1014
193	2116	1852	1652
194	2116	2234	1975
195	2116	2028	1840
196	2116	2165	1907
197	2116	2358	2139
198	2116	18	15
199	2116	3507	3162
200	2116	3190	2868
201	2116	673	621
202	2116	1643	1469
203	2116	1728	1485
204	2116	17	11
205	2116	9	8
206	2116	9	7
207	2116	1	1
208	2116	12	10
209	2116	5	4
210	2116	5	4
211	2116	7	6
212	2116	6	3
213	2116	64	60
214	2116	19	16
215	2116	3	3
216	2116	2145	1919
0	2117	172573	120449
1	2117	2590	2340
2	2117	2694	2445
3	2117	2671	2432
4	2117	2771	2496
5	2117	1671	1503
6	2117	8	7
7	2117	2525	2264
8	2117	2334	2115
9	2117	2361	2135
10	2117	2891	2649
11	2117	2061	1857
12	2117	2556	2321
13	2117	1899	1742
14	2117	2126	1908
15	2117	1374	1235
16	2117	2473	2216
17	2117	3	2
18	2117	2	2
19	2117	2	1
20	2117	1250	1166
21	2117	1744	1582
22	2117	1869	1652
23	2117	2429	2201
24	2117	1847	1686
25	2117	1581	1428
26	2117	2456	2240
27	2117	1708	1404
28	2117	2937	2656
29	2117	459	288
30	2117	12	10
31	2117	1992	1783
32	2117	2233	1975
33	2117	13	13
34	2117	2388	2185
35	2117	2402	2208
36	2117	2724	2535
37	2117	35	35
38	2117	2504	2319
39	2117	1733	1591
40	2117	1894	1730
41	2117	2319	2105
42	2117	2446	2228
43	2117	2447	2207
44	2117	2613	2364
45	2117	70	66
46	2117	2063	1782
47	2117	2	2
48	2117	2078	1868
49	2117	2451	2216
50	2117	1721	1558
51	2117	6	6
52	2117	2433	2212
53	2117	1835	1657
54	2117	1889	1673
55	2117	90	83
56	2117	2233	1998
57	2117	2118	1906
58	2117	2180	2001
59	2117	1995	1820
60	2117	2261	2037
61	2117	4748	4291
62	2117	2200	1929
63	2117	39	36
64	2117	981	880
65	2117	1995	1751
66	2117	2461	2218
67	2117	3	3
68	2117	2673	2409
69	2117	14	13
70	2117	2235	1982
71	2117	1448	1297
72	2117	1244	1119
73	2117	1403	1268
74	2117	1608	1434
75	2117	1130	1021
76	2117	1848	1687
77	2117	2260	2007
78	2117	2228	1948
79	2117	1873	1649
80	2117	1139	907
81	2117	1101	1000
82	2117	24	21
83	2117	2292	2064
84	2117	1665	1494
85	2117	494	450
86	2117	1692	1476
87	2117	660	568
88	2117	1728	1537
89	2117	1967	1793
90	2117	2222	1999
91	2117	1898	1744
92	2117	1	0
93	2117	1766	1595
94	2117	865	772
95	2117	2118	1925
96	2117	2054	1826
97	2117	1247	1141
98	2117	1513	1380
99	2117	1374	1261
100	2117	11	8
101	2117	1104	1007
102	2117	755	670
103	2117	9	7
104	2117	1651	1462
105	2117	2254	2040
106	2117	1102	1012
107	2117	1810	1674
108	2117	1630	1483
109	2117	1805	1643
110	2117	2508	2181
111	2117	1622	1467
112	2117	1190	939
113	2117	1477	1341
114	2117	1675	1522
115	2117	1812	1674
116	2117	1750	1536
117	2117	2272	2066
118	2117	76	71
119	2117	2106	1888
120	2117	2090	1874
121	2117	1935	1755
122	2117	2438	2217
123	2117	851	789
124	2117	1453	1285
125	2117	1898	1716
126	2117	1489	1338
127	2117	1918	1720
128	2117	993	838
129	2117	1844	1668
130	2117	1856	1680
131	2117	1816	1672
132	2117	4	3
133	2117	1919	1747
134	2117	1737	1575
135	2117	1996	1787
136	2117	1984	1772
137	2117	2	2
138	2117	1656	1485
139	2117	1320	1220
140	2117	2125	1919
141	2117	2062	1821
142	2117	169	148
143	2117	2351	2087
144	2117	2	2
145	2117	2286	2074
146	2117	1276	1152
147	2117	51	45
148	2117	2022	1807
149	2117	2078	1889
150	2117	2028	1819
151	2117	1917	1746
152	2117	279	246
153	2117	2616	2373
154	2117	16	16
156	2117	1971	1757
157	2117	1367	1224
158	2117	29	26
159	2117	1707	1516
160	2117	1525	1359
161	2117	2098	1887
162	2117	1780	1613
163	2117	22	19
164	2117	1787	1622
165	2117	1420	1278
166	2117	2136	1937
167	2117	2161	1972
168	2117	6	6
169	2117	2841	2607
170	2117	2999	2719
171	2117	2200	1993
172	2117	1459	1319
173	2117	3	3
174	2117	2202	1955
175	2117	1928	1756
176	2117	1991	1770
177	2117	2052	1825
178	2117	2308	2126
179	2117	1511	1399
180	2117	1649	1482
181	2117	1710	1540
182	2117	2408	2175
183	2117	2294	2050
184	2117	2045	1833
185	2117	2054	1882
186	2117	1912	1730
187	2117	450	407
188	2117	27	22
189	2117	28	26
190	2117	2708	2426
191	2117	2089	1892
192	2117	1179	1072
193	2117	1863	1661
194	2117	2322	2074
195	2117	2082	1874
196	2117	2208	1974
197	2117	2494	2272
198	2117	19	16
199	2117	3542	3187
200	2117	3037	2765
201	2117	712	647
202	2117	1574	1424
203	2117	1761	1548
204	2117	19	11
205	2117	12	10
206	2117	17	17
207	2117	3	3
208	2117	11	9
209	2117	15	12
210	2117	7	6
211	2117	8	8
212	2117	6	3
213	2117	98	86
214	2117	13	12
215	2117	1	1
216	2117	2132	1932
0	2118	175546	120976
1	2118	2444	2232
2	2118	2792	2510
3	2118	2726	2417
4	2118	2860	2553
5	2118	1557	1357
6	2118	13	13
7	2118	2579	2280
8	2118	2380	2115
9	2118	2385	2186
10	2118	2773	2565
11	2118	2080	1859
12	2118	2558	2288
13	2118	1988	1808
14	2118	2203	1943
15	2118	1470	1341
16	2118	2402	2152
17	2118	1	1
18	2118	3	2
19	2118	4	3
20	2118	1319	1169
21	2118	1949	1759
22	2118	1845	1643
23	2118	2518	2291
24	2118	1869	1672
25	2118	1603	1471
26	2118	2439	2195
27	2118	1612	1287
28	2118	2848	2526
29	2118	361	229
30	2118	7	6
31	2118	1853	1683
32	2118	2333	2063
33	2118	6	6
34	2118	2294	2095
35	2118	2473	2275
36	2118	2825	2637
37	2118	37	33
38	2118	2379	2184
39	2118	1691	1525
40	2118	1765	1604
41	2118	2132	1915
42	2118	2456	2229
43	2118	2328	2059
44	2118	2565	2279
45	2118	51	46
46	2118	1872	1575
47	2118	5	4
48	2118	1980	1786
49	2118	2382	2146
50	2118	1705	1546
51	2118	7	7
52	2118	2274	2033
53	2118	1878	1672
54	2118	1654	1472
55	2118	93	84
56	2118	2205	1969
57	2118	2145	1918
58	2118	2138	1950
59	2118	2127	1931
60	2118	2242	2030
61	2118	4682	4136
62	2118	2138	1842
63	2118	49	44
64	2118	930	816
65	2118	1927	1696
66	2118	2244	2065
67	2118	4	4
68	2118	2703	2415
69	2118	34	27
70	2118	2305	2039
71	2118	1454	1293
72	2118	1227	1091
73	2118	1364	1233
74	2118	1562	1366
75	2118	1231	1094
76	2118	1931	1727
77	2118	2256	1982
78	2118	2185	1877
79	2118	1956	1709
80	2118	960	750
81	2118	1084	989
82	2118	20	17
83	2118	2176	1975
84	2118	1599	1404
85	2118	512	455
86	2118	1755	1496
87	2118	708	622
88	2118	1676	1490
89	2118	2082	1901
90	2118	2121	1938
91	2118	1915	1718
92	2118	4	2
93	2118	1655	1504
94	2118	842	746
95	2118	2298	2072
96	2118	1966	1741
97	2118	1176	1063
98	2118	1520	1355
99	2118	1306	1160
100	2118	10	10
101	2118	1255	1147
102	2118	776	716
103	2118	12	9
104	2118	1651	1478
105	2118	2240	2042
106	2118	1096	998
107	2118	1813	1673
108	2118	1619	1481
109	2118	1708	1560
110	2118	2361	2088
111	2118	1759	1604
112	2118	1055	748
113	2118	1552	1389
114	2118	1598	1433
115	2118	1862	1718
116	2118	1641	1422
117	2118	2181	1999
118	2118	56	51
119	2118	2140	1920
120	2118	2140	1893
121	2118	1851	1680
122	2118	2250	2019
123	2118	767	709
124	2118	1381	1257
125	2118	1850	1657
126	2118	1361	1187
127	2118	1839	1630
128	2118	961	814
129	2118	1812	1656
130	2118	1800	1639
131	2118	1763	1633
132	2118	10	9
133	2118	1804	1660
134	2118	1778	1603
135	2118	2100	1902
136	2118	1953	1749
137	2118	4	3
138	2118	1703	1539
139	2118	1325	1211
140	2118	2012	1811
141	2118	1927	1708
142	2118	215	189
143	2118	2445	2192
144	2118	4	4
145	2118	2304	2089
146	2118	1264	1136
147	2118	63	53
148	2118	2011	1825
149	2118	2027	1840
150	2118	2035	1852
151	2118	1900	1692
152	2118	238	213
153	2118	2653	2424
154	2118	18	17
156	2118	1972	1781
157	2118	1305	1175
158	2118	22	21
159	2118	1592	1405
160	2118	1537	1354
161	2118	2118	1892
162	2118	1746	1600
163	2118	15	13
164	2118	1777	1592
165	2118	1408	1276
166	2118	2130	1899
167	2118	2163	1949
168	2118	4	3
169	2118	2734	2492
170	2118	3015	2754
171	2118	2155	1995
172	2118	1479	1331
173	2118	3	3
174	2118	2086	1836
175	2118	2020	1821
176	2118	1921	1710
177	2118	1939	1747
178	2118	2344	2137
179	2118	1578	1437
180	2118	1689	1536
181	2118	1576	1402
182	2118	2284	2048
183	2118	2262	1999
184	2118	1943	1728
185	2118	2069	1856
186	2118	1828	1639
187	2118	447	409
188	2118	26	21
189	2118	40	32
190	2118	2497	2281
191	2118	2207	1949
192	2118	1177	1052
193	2118	1860	1628
194	2118	2229	1959
195	2118	2080	1843
196	2118	2199	1970
197	2118	2554	2354
198	2118	19	14
199	2118	3610	3257
200	2118	3181	2837
201	2118	741	668
202	2118	1573	1403
203	2118	1692	1440
204	2118	22	12
205	2118	8	7
206	2118	10	7
207	2118	4	2
208	2118	4	4
209	2118	4	4
210	2118	7	5
211	2118	5	5
212	2118	3	2
213	2118	63	56
214	2118	14	14
215	2118	6	6
216	2118	2127	1915
0	2119	174057	119190
1	2119	2555	2295
2	2119	2875	2576
3	2119	2589	2305
4	2119	2818	2500
5	2119	1595	1400
6	2119	13	9
7	2119	2455	2144
8	2119	2192	1937
9	2119	2441	2232
10	2119	2778	2528
11	2119	2070	1830
12	2119	2488	2228
13	2119	1917	1715
14	2119	2108	1821
15	2119	1451	1307
16	2119	2424	2184
17	2119	4	4
18	2119	5	5
19	2119	2	1
20	2119	1302	1192
21	2119	1868	1665
22	2119	1903	1665
23	2119	2387	2142
24	2119	1821	1659
25	2119	1568	1417
26	2119	2334	2091
27	2119	1680	1360
28	2119	2817	2515
29	2119	306	172
30	2119	9	8
31	2119	1850	1612
32	2119	2229	1950
33	2119	19	17
34	2119	2318	2106
35	2119	2464	2235
36	2119	2776	2561
37	2119	23	22
38	2119	2378	2186
39	2119	1670	1443
40	2119	1793	1594
41	2119	2288	2060
42	2119	2272	2034
43	2119	2328	2073
44	2119	2522	2258
45	2119	76	64
46	2119	1831	1532
47	2119	7	6
48	2119	2017	1802
49	2119	2652	2433
50	2119	1650	1490
51	2119	9	7
52	2119	2227	1980
53	2119	1882	1642
54	2119	1772	1523
55	2119	92	86
56	2119	2252	2004
57	2119	2069	1855
58	2119	2117	1888
59	2119	1958	1737
60	2119	2128	1908
61	2119	4851	4352
62	2119	2021	1731
63	2119	43	41
64	2119	909	795
65	2119	1984	1731
66	2119	2459	2202
67	2119	4	3
68	2119	2760	2454
69	2119	13	9
70	2119	2143	1863
71	2119	1463	1310
72	2119	1183	1059
73	2119	1343	1171
74	2119	1533	1318
75	2119	1209	1103
76	2119	1981	1750
77	2119	2277	2015
78	2119	2162	1883
79	2119	1942	1689
80	2119	922	679
81	2119	1041	937
82	2119	13	11
83	2119	2197	1946
84	2119	1677	1440
85	2119	480	440
86	2119	1688	1459
87	2119	681	582
88	2119	1634	1426
89	2119	2186	1990
90	2119	2036	1840
91	2119	1866	1668
92	2119	1	1
93	2119	1664	1449
94	2119	813	704
95	2119	2139	1914
96	2119	1880	1647
97	2119	1227	1108
98	2119	1561	1395
99	2119	1367	1203
100	2119	14	13
101	2119	1201	1066
102	2119	699	621
103	2119	8	8
104	2119	1612	1435
105	2119	2224	1998
106	2119	1195	1103
107	2119	1911	1721
108	2119	1551	1412
109	2119	1752	1552
110	2119	2417	2109
111	2119	1664	1509
112	2119	937	679
113	2119	1630	1468
114	2119	1735	1533
115	2119	1855	1696
116	2119	1523	1301
117	2119	2236	2018
118	2119	53	47
119	2119	2160	1968
120	2119	1976	1765
121	2119	1965	1787
122	2119	2319	2081
123	2119	814	749
124	2119	1414	1260
125	2119	1877	1647
126	2119	1430	1242
127	2119	1882	1664
128	2119	907	739
129	2119	1813	1622
130	2119	1836	1670
131	2119	1825	1659
132	2119	5	4
133	2119	1959	1768
134	2119	1802	1622
135	2119	1894	1694
136	2119	1870	1658
137	2119	2	1
138	2119	1647	1502
139	2119	1342	1223
140	2119	2044	1824
141	2119	1941	1705
142	2119	170	151
143	2119	2387	2094
144	2119	1	1
145	2119	2264	2036
146	2119	1255	1119
147	2119	51	47
148	2119	2015	1820
149	2119	2088	1869
150	2119	2094	1859
151	2119	2061	1870
152	2119	266	231
153	2119	2676	2439
154	2119	21	20
155	2119	1	1
156	2119	1850	1644
157	2119	1337	1197
158	2119	38	33
159	2119	1616	1412
160	2119	1459	1297
161	2119	2090	1845
162	2119	1783	1583
163	2119	18	17
164	2119	1662	1463
165	2119	1521	1365
166	2119	2051	1827
167	2119	2116	1924
168	2119	1	1
169	2119	2707	2433
170	2119	3096	2821
171	2119	2056	1870
172	2119	1499	1346
173	2119	4	3
174	2119	2139	1855
175	2119	1888	1671
176	2119	2005	1792
177	2119	2179	1941
178	2119	2244	2032
179	2119	1485	1343
180	2119	1692	1522
181	2119	1644	1464
182	2119	2255	2006
183	2119	2209	1887
184	2119	2101	1844
185	2119	2001	1791
186	2119	1727	1558
187	2119	469	416
188	2119	18	14
189	2119	50	47
190	2119	2590	2347
191	2119	2135	1869
192	2119	1230	1092
193	2119	1817	1590
194	2119	2237	1950
195	2119	2050	1804
196	2119	2262	2032
197	2119	2427	2189
198	2119	22	17
199	2119	3592	3237
200	2119	3046	2705
201	2119	675	605
202	2119	1600	1384
203	2119	1610	1317
204	2119	8	3
205	2119	6	5
206	2119	5	4
207	2119	2	2
208	2119	5	3
209	2119	8	7
210	2119	6	6
211	2119	11	10
212	2119	9	7
213	2119	80	68
214	2119	8	7
215	2119	4	3
216	2119	2114	1880
