SampleNumber	Tile	NumberOfReadsRaw	NumberOfReadsPF
0	1101	195519	155751
1	1101	39	35
2	1101	3645	3528
3	1101	3145	2965
4	1101	3360	3253
5	1101	71	62
6	1101	30	26
7	1101	3105	2998
8	1101	3404	3251
9	1101	3925	3755
10	1101	4353	4213
11	1101	535	418
12	1101	1652	1539
13	1101	1443	1231
14	1101	4720	4525
15	1101	1954	1868
16	1101	63	36
17	1101	4603	4464
18	1101	4164	4050
19	1101	1326	1263
20	1101	3331	3219
21	1101	76	60
22	1101	4522	4374
23	1101	2059	1730
24	1101	2949	2818
25	1101	2852	2745
26	1101	73	44
27	1101	3976	3838
28	1101	3531	3395
29	1101	3238	3096
30	1101	5122	4936
31	1101	2615	2469
32	1101	3197	3088
33	1101	3823	3711
34	1101	3026	2878
35	1101	2064	1991
36	1101	69	48
37	1101	15	15
38	1101	32	32
39	1101	4724	4599
40	1101	4899	4740
41	1101	197	124
42	1101	4010	3834
43	1101	3701	3571
44	1101	3924	3747
45	1101	3504	3371
46	1101	167	93
47	1101	3804	3692
48	1101	3526	3420
49	1101	3864	3703
50	1101	3370	3280
51	1101	1988	1921
52	1101	3571	3453
53	1101	3935	3824
54	1101	4565	4417
55	1101	126	90
56	1101	4157	4006
57	1101	5314	5149
58	1101	3974	3862
59	1101	4359	4234
60	1101	299	233
61	1101	3907	3809
62	1101	21	21
63	1101	4764	4608
64	1101	2704	2583
65	1101	67	49
66	1101	3668	3564
67	1101	2895	2659
68	1101	2059	1994
69	1101	3895	3657
70	1101	130	85
71	1101	3640	3518
72	1101	3070	2946
73	1101	4037	3889
74	1101	3195	3111
75	1101	71	51
76	1101	53	43
77	1101	4671	4464
78	1101	3138	3005
79	1101	2852	2754
80	1101	4180	3973
81	1101	25	18
82	1101	2625	2529
83	1101	3034	2931
84	1101	3416	3303
85	1101	3057	2985
86	1101	118	78
87	1101	2666	2591
88	1101	3237	3103
89	1101	3540	3441
90	1101	4292	4184
91	1101	54	35
92	1101	3714	3597
93	1101	3805	3701
94	1101	4240	4073
95	1101	26	19
96	1101	52	32
97	1101	3044	2926
98	1101	3973	3852
99	1101	3129	3028
100	1101	3214	3103
101	1101	6	5
102	1101	3869	3771
103	1101	3223	3112
104	1101	2789	2680
105	1101	2086	2006
106	1101	10	10
107	1101	3332	3211
108	1101	4344	4201
109	1101	5016	4886
110	1101	4029	3923
111	1101	572	473
112	1101	3313	3196
113	1101	4263	4148
114	1101	2711	2632
115	1101	5064	4932
116	1101	5	4
117	1101	3671	3566
118	1101	7833	7620
120	1101	3344	3245
121	1101	2911	2820
122	1101	2788	2681
123	1101	2619	2551
124	1101	5313	5133
125	1101	2856	2765
126	1101	2637	2547
127	1101	3214	3126
128	1101	4346	4217
129	1101	3879	3783
130	1101	4167	4049
131	1101	17	13
132	1101	4109	3986
133	1101	3011	2922
134	1101	6	6
135	1101	1427	1382
136	1101	287	224
137	1101	2194	2123
138	1101	11	11
139	1101	554	538
140	1101	9	9
141	1101	2	2
142	1101	3027	2908
143	1101	3305	3195
144	1101	3	3
145	1101	1988	1906
146	1101	3483	3370
147	1101	2	2
148	1101	3147	3048
149	1101	3	3
150	1101	17	16
151	1101	2	2
152	1101	3140	3047
153	1101	3412	3295
154	1101	3022	2930
155	1101	2464	2379
156	1101	12	11
157	1101	2743	2640
158	1101	3511	3403
159	1101	3536	3451
160	1101	3033	2900
161	1101	24	18
162	1101	3948	3810
163	1101	3375	3278
164	1101	3503	3397
165	1101	4180	4074
166	1101	21	19
167	1101	3541	3449
168	1101	2582	2493
169	1101	3502	3393
170	1101	3424	3297
171	1101	5	5
172	1101	2962	2862
173	1101	3855	3732
174	1101	2721	2641
175	1101	2642	2564
176	1101	33	29
177	1101	2670	2534
178	1101	2119	1990
179	1101	158	126
180	1101	1	1
181	1101	6	5
182	1101	5	4
183	1101	2	1
184	1101	14	10
185	1101	21	15
186	1101	105	73
187	1101	12	8
188	1101	12	7
189	1101	5	3
190	1101	2838	2742
191	1101	11	8
192	1101	12	10
0	1102	196659	157237
1	1102	39	35
2	1102	3723	3633
3	1102	2868	2731
4	1102	3191	3086
5	1102	77	68
6	1102	18	12
7	1102	3050	2949
8	1102	3499	3381
9	1102	3863	3738
10	1102	4470	4329
11	1102	463	412
12	1102	1561	1468
13	1102	1398	1229
14	1102	4626	4483
15	1102	2084	2020
16	1102	80	51
17	1102	4471	4348
18	1102	4200	4096
19	1102	1313	1227
20	1102	3361	3264
21	1102	83	60
22	1102	4307	4207
23	1102	2094	1836
24	1102	2913	2808
25	1102	2760	2663
26	1102	108	75
27	1102	3979	3857
28	1102	3534	3416
29	1102	3107	2986
30	1102	5021	4849
31	1102	2298	2157
32	1102	3344	3233
33	1102	3688	3575
34	1102	3055	2939
35	1102	2001	1932
36	1102	50	32
37	1102	20	20
38	1102	21	21
39	1102	4758	4642
40	1102	5067	4917
41	1102	196	146
42	1102	4029	3898
43	1102	3839	3724
44	1102	3881	3735
45	1102	3504	3398
46	1102	151	92
47	1102	3733	3628
48	1102	3341	3237
49	1102	3775	3648
50	1102	3325	3216
51	1102	2004	1956
52	1102	3634	3526
53	1102	3879	3772
54	1102	4148	4037
55	1102	135	84
56	1102	4127	3968
57	1102	5303	5169
58	1102	3820	3734
59	1102	4294	4182
60	1102	294	237
61	1102	4006	3904
62	1102	29	28
63	1102	4715	4591
64	1102	2651	2531
65	1102	79	58
66	1102	3687	3587
67	1102	2935	2733
68	1102	2125	2061
69	1102	3861	3637
70	1102	118	78
71	1102	3601	3488
72	1102	2941	2857
73	1102	4033	3909
74	1102	3252	3175
75	1102	83	65
76	1102	60	54
77	1102	4606	4434
78	1102	3177	3035
79	1102	2802	2709
80	1102	4398	4225
81	1102	32	24
82	1102	2776	2690
83	1102	3277	3194
84	1102	3558	3485
85	1102	3117	3038
86	1102	127	91
87	1102	2726	2658
88	1102	3308	3197
89	1102	3454	3368
90	1102	4312	4195
91	1102	53	40
92	1102	3568	3451
93	1102	3752	3655
94	1102	4242	4116
95	1102	36	21
96	1102	56	38
97	1102	3014	2904
98	1102	3732	3616
99	1102	3167	3081
100	1102	3189	3095
101	1102	5	4
102	1102	3783	3699
103	1102	3223	3122
104	1102	2641	2537
105	1102	1959	1893
106	1102	10	10
107	1102	3398	3292
108	1102	4588	4425
109	1102	4859	4742
110	1102	4052	3952
111	1102	673	567
112	1102	3204	3098
113	1102	4258	4128
114	1102	2765	2673
115	1102	5228	5102
116	1102	13	11
117	1102	3758	3655
118	1102	7911	7728
119	1102	4	4
120	1102	3333	3233
121	1102	2680	2605
122	1102	2641	2554
123	1102	2591	2521
124	1102	5044	4894
125	1102	3065	2992
126	1102	2568	2496
127	1102	3291	3216
128	1102	4317	4224
129	1102	3913	3805
130	1102	4019	3900
131	1102	10	8
132	1102	4292	4167
133	1102	2899	2837
134	1102	12	12
135	1102	1396	1344
136	1102	282	248
137	1102	2077	2027
138	1102	8	8
139	1102	656	638
140	1102	15	13
141	1102	9	9
142	1102	2911	2805
143	1102	3280	3183
144	1102	4	3
145	1102	1828	1764
146	1102	3661	3553
148	1102	3305	3204
149	1102	1	1
150	1102	14	14
151	1102	7	4
152	1102	3001	2926
153	1102	3330	3245
154	1102	3040	2979
155	1102	2614	2549
156	1102	13	13
157	1102	2713	2659
158	1102	3600	3508
159	1102	3600	3496
160	1102	3020	2914
161	1102	40	29
162	1102	3782	3655
163	1102	3374	3284
164	1102	3442	3322
165	1102	4247	4141
166	1102	19	18
167	1102	3549	3451
168	1102	2373	2311
169	1102	3357	3274
170	1102	3382	3291
171	1102	6	5
172	1102	2982	2882
173	1102	3638	3532
174	1102	2767	2699
175	1102	2477	2403
176	1102	38	34
177	1102	2696	2596
178	1102	2075	1956
179	1102	156	126
180	1102	9	8
181	1102	4	4
182	1102	2	1
183	1102	1	1
184	1102	15	10
185	1102	11	9
186	1102	89	76
187	1102	17	12
188	1102	14	10
189	1102	7	7
190	1102	2725	2652
191	1102	5	3
192	1102	14	13
0	1103	194140	153015
1	1103	50	44
2	1103	3812	3718
3	1103	3055	2907
4	1103	3367	3255
5	1103	59	53
6	1103	36	30
7	1103	3076	2966
8	1103	3454	3329
9	1103	3690	3553
10	1103	4425	4267
11	1103	499	425
12	1103	1605	1519
13	1103	1358	1229
14	1103	4647	4498
15	1103	2114	2043
16	1103	61	39
17	1103	4637	4483
18	1103	4056	3932
19	1103	1452	1361
20	1103	3303	3192
21	1103	63	40
22	1103	4423	4303
23	1103	2069	1817
24	1103	3012	2912
25	1103	2731	2626
26	1103	83	61
27	1103	4001	3890
28	1103	3686	3556
29	1103	3184	3057
30	1103	5026	4881
31	1103	2300	2187
32	1103	3451	3323
33	1103	3674	3560
34	1103	2983	2860
35	1103	2089	2009
36	1103	60	40
37	1103	18	16
38	1103	21	21
39	1103	4686	4557
40	1103	4847	4679
41	1103	164	106
42	1103	4064	3916
43	1103	3822	3683
44	1103	4041	3899
45	1103	3552	3421
46	1103	182	97
47	1103	3943	3810
48	1103	3353	3241
49	1103	3956	3834
50	1103	3402	3268
51	1103	2152	2086
52	1103	3577	3491
53	1103	3964	3863
54	1103	4468	4343
55	1103	104	68
56	1103	4128	3990
57	1103	5392	5212
58	1103	3902	3795
59	1103	4382	4267
60	1103	289	239
61	1103	4007	3889
62	1103	25	24
63	1103	4665	4537
64	1103	2623	2519
65	1103	76	61
66	1103	3752	3647
67	1103	3106	2884
68	1103	2114	2033
69	1103	3957	3764
70	1103	124	80
71	1103	3690	3594
72	1103	2949	2843
73	1103	4232	4116
74	1103	3178	3087
75	1103	79	57
76	1103	91	82
77	1103	4833	4615
78	1103	3150	3039
79	1103	2833	2761
80	1103	4290	4127
81	1103	35	28
82	1103	2838	2757
83	1103	3154	3059
84	1103	3548	3450
85	1103	3174	3091
86	1103	144	109
87	1103	2731	2643
88	1103	3257	3146
89	1103	3510	3395
90	1103	4384	4268
91	1103	54	29
92	1103	3773	3635
93	1103	3926	3816
94	1103	4064	3921
95	1103	20	15
96	1103	51	29
97	1103	3044	2923
98	1103	3751	3634
99	1103	3097	2994
100	1103	3305	3203
101	1103	16	13
102	1103	3689	3599
103	1103	3376	3255
104	1103	2760	2645
105	1103	1918	1863
106	1103	20	18
107	1103	3405	3300
108	1103	4750	4601
109	1103	4806	4685
110	1103	4015	3904
111	1103	580	492
112	1103	3176	3079
113	1103	4426	4309
114	1103	2870	2797
115	1103	5163	5026
116	1103	12	12
117	1103	3734	3641
118	1103	7808	7605
119	1103	5	5
120	1103	3566	3450
121	1103	2788	2706
122	1103	2833	2738
123	1103	2475	2406
124	1103	5045	4900
125	1103	3017	2932
126	1103	2502	2427
127	1103	3361	3267
128	1103	4257	4145
129	1103	3817	3715
130	1103	4192	4059
131	1103	20	11
132	1103	4346	4211
133	1103	3038	2965
134	1103	8	7
135	1103	1435	1382
136	1103	272	231
137	1103	1935	1875
138	1103	15	15
139	1103	581	567
140	1103	15	13
141	1103	3	3
142	1103	2988	2871
143	1103	3279	3184
144	1103	4	3
145	1103	1870	1800
146	1103	3468	3368
147	1103	1	0
148	1103	3170	3068
149	1103	1	1
150	1103	21	20
151	1103	8	6
152	1103	2863	2775
153	1103	3330	3242
154	1103	2954	2888
155	1103	2563	2487
156	1103	18	17
157	1103	2716	2632
158	1103	3458	3373
159	1103	3416	3323
160	1103	2926	2828
161	1103	25	22
162	1103	3799	3665
163	1103	3243	3159
164	1103	3544	3429
165	1103	4266	4142
166	1103	13	11
167	1103	3740	3656
168	1103	2506	2446
169	1103	3467	3362
170	1103	3451	3345
171	1103	4	4
172	1103	3037	2959
173	1103	3587	3473
174	1103	2839	2757
175	1103	2501	2432
176	1103	48	39
177	1103	2645	2537
178	1103	1986	1871
179	1103	181	151
180	1103	3	3
181	1103	2	1
182	1103	5	5
183	1103	1	1
184	1103	6	3
185	1103	14	10
186	1103	111	94
187	1103	16	8
188	1103	12	7
189	1103	4	2
190	1103	2894	2810
191	1103	13	10
192	1103	14	13
0	1104	188191	150234
1	1104	41	38
2	1104	3708	3594
3	1104	3067	2919
4	1104	3386	3278
5	1104	79	66
6	1104	19	15
7	1104	2995	2900
8	1104	3480	3344
9	1104	3855	3726
10	1104	4660	4517
11	1104	546	474
12	1104	1615	1531
13	1104	1504	1380
14	1104	4894	4751
15	1104	2172	2095
16	1104	75	55
17	1104	4957	4822
18	1104	4059	3945
19	1104	1401	1328
20	1104	3344	3252
21	1104	78	60
22	1104	4386	4274
23	1104	2157	1951
24	1104	2951	2847
25	1104	2780	2675
26	1104	76	56
27	1104	3991	3896
28	1104	3798	3667
29	1104	3109	2981
30	1104	5037	4914
31	1104	2454	2339
32	1104	3398	3294
33	1104	3713	3603
34	1104	3085	2949
35	1104	2142	2073
36	1104	64	49
37	1104	20	18
38	1104	24	23
39	1104	4758	4633
40	1104	4707	4574
41	1104	242	167
42	1104	3980	3883
43	1104	3771	3641
44	1104	4046	3893
45	1104	3601	3504
46	1104	171	99
47	1104	3884	3749
48	1104	3493	3372
49	1104	3714	3595
50	1104	3344	3234
51	1104	2048	1993
52	1104	3558	3455
53	1104	4143	4025
54	1104	4445	4329
55	1104	104	58
56	1104	4002	3862
57	1104	5450	5270
58	1104	3847	3732
59	1104	4379	4247
60	1104	284	226
61	1104	3728	3631
62	1104	31	31
63	1104	4467	4337
64	1104	2736	2622
65	1104	82	59
66	1104	3880	3768
67	1104	2836	2660
68	1104	2149	2084
69	1104	3936	3768
70	1104	129	96
71	1104	3648	3555
72	1104	2959	2858
73	1104	4251	4116
74	1104	3249	3152
75	1104	78	61
76	1104	58	49
77	1104	4740	4575
78	1104	3402	3270
79	1104	3069	2987
80	1104	4262	4095
81	1104	44	34
82	1104	2818	2732
83	1104	3227	3139
84	1104	3554	3465
85	1104	3033	2961
86	1104	133	98
87	1104	2647	2564
88	1104	3373	3272
89	1104	3503	3411
90	1104	4425	4321
91	1104	57	46
92	1104	3793	3667
93	1104	3903	3812
94	1104	4274	4134
95	1104	26	18
96	1104	58	37
97	1104	3127	3017
98	1104	3900	3773
99	1104	3241	3142
100	1104	3211	3098
101	1104	6	5
102	1104	3825	3736
103	1104	3278	3177
104	1104	2856	2748
105	1104	2007	1943
106	1104	14	13
107	1104	3558	3458
108	1104	4543	4389
109	1104	4770	4612
110	1104	3960	3864
111	1104	642	562
112	1104	3486	3374
113	1104	4327	4213
114	1104	2901	2832
115	1104	5577	5420
116	1104	12	10
117	1104	3660	3563
118	1104	8090	7880
119	1104	11	11
120	1104	3384	3279
121	1104	2829	2739
122	1104	2802	2719
123	1104	2495	2419
124	1104	5236	5106
125	1104	2999	2905
126	1104	2619	2525
127	1104	3350	3265
128	1104	4364	4224
129	1104	3970	3852
130	1104	4352	4237
131	1104	10	9
132	1104	4480	4340
133	1104	2863	2785
134	1104	10	10
135	1104	1511	1476
136	1104	277	242
137	1104	2074	2019
138	1104	10	10
139	1104	511	497
140	1104	18	17
141	1104	5	5
142	1104	2934	2843
143	1104	3355	3255
144	1104	4	3
145	1104	1945	1882
146	1104	3501	3393
147	1104	3	3
148	1104	3256	3158
149	1104	2	2
150	1104	18	14
151	1104	10	8
152	1104	3138	3049
153	1104	3344	3268
154	1104	2950	2889
155	1104	2710	2634
156	1104	9	6
157	1104	2663	2572
158	1104	3550	3470
159	1104	3599	3489
160	1104	3057	2960
161	1104	18	16
162	1104	3679	3565
163	1104	3293	3209
164	1104	3488	3365
165	1104	4452	4345
166	1104	23	21
167	1104	3688	3594
168	1104	2575	2492
169	1104	3455	3366
170	1104	3409	3312
171	1104	1	1
172	1104	3016	2932
173	1104	3701	3602
174	1104	2758	2675
175	1104	2656	2579
176	1104	40	34
177	1104	2774	2663
178	1104	2143	2025
179	1104	167	133
180	1104	8	8
181	1104	2	2
182	1104	4	3
183	1104	5	2
184	1104	16	13
185	1104	11	11
186	1104	109	93
187	1104	20	18
188	1104	24	19
189	1104	3	2
190	1104	2840	2771
191	1104	5	4
192	1104	15	15
0	1105	188060	146498
1	1105	36	30
2	1105	3767	3561
3	1105	2974	2716
4	1105	3392	3186
5	1105	57	42
6	1105	31	23
7	1105	3118	2914
8	1105	3449	3194
9	1105	3787	3520
10	1105	4335	4077
11	1105	507	387
12	1105	1612	1468
13	1105	1464	1206
14	1105	4643	4343
15	1105	2067	1903
16	1105	79	52
17	1105	4594	4340
18	1105	4206	3978
19	1105	1288	1195
20	1105	3269	3088
21	1105	94	79
22	1105	4382	4157
23	1105	2114	1732
24	1105	2910	2719
25	1105	2776	2612
26	1105	70	47
27	1105	4130	3888
28	1105	3650	3414
29	1105	2957	2704
30	1105	5020	4676
31	1105	2528	2305
32	1105	3382	3176
33	1105	3624	3382
34	1105	2913	2737
35	1105	2077	1920
36	1105	57	40
37	1105	22	21
38	1105	33	32
39	1105	4742	4497
40	1105	4648	4379
41	1105	208	135
42	1105	4038	3781
43	1105	3793	3542
44	1105	3961	3661
45	1105	3363	3146
46	1105	149	85
47	1105	3811	3561
48	1105	3408	3180
49	1105	3796	3549
50	1105	3288	3093
51	1105	2030	1911
52	1105	3545	3325
53	1105	3804	3597
54	1105	4259	3997
55	1105	137	78
56	1105	3886	3645
57	1105	5442	5092
58	1105	3809	3578
59	1105	4289	4029
60	1105	297	218
61	1105	3901	3690
62	1105	39	36
63	1105	4604	4337
64	1105	2731	2549
65	1105	70	50
66	1105	3738	3517
67	1105	2776	2469
68	1105	2059	1938
69	1105	3881	3546
70	1105	119	81
71	1105	3426	3220
72	1105	2892	2724
73	1105	4010	3745
74	1105	3246	3080
75	1105	85	56
76	1105	74	63
77	1105	4529	4214
78	1105	3259	3020
79	1105	2915	2774
80	1105	4278	3972
81	1105	34	23
82	1105	2907	2733
83	1105	3020	2825
84	1105	3470	3261
85	1105	3175	3018
86	1105	134	90
87	1105	2592	2444
88	1105	3194	2963
89	1105	3385	3200
90	1105	4202	3970
91	1105	53	32
92	1105	3553	3313
93	1105	3784	3576
94	1105	4257	3976
95	1105	22	13
96	1105	63	36
97	1105	3027	2788
98	1105	3936	3720
99	1105	3014	2844
100	1105	3257	3066
101	1105	5	5
102	1105	3663	3472
103	1105	3137	2948
104	1105	2659	2493
105	1105	1993	1882
106	1105	11	11
107	1105	3154	2934
108	1105	4357	4065
109	1105	4834	4523
110	1105	3888	3661
111	1105	631	506
112	1105	3314	3097
113	1105	4213	3976
114	1105	2717	2547
115	1105	5162	4870
116	1105	15	15
117	1105	3725	3520
118	1105	7943	7481
119	1105	4	4
120	1105	3190	2988
121	1105	2746	2577
122	1105	2811	2644
123	1105	2613	2456
124	1105	5197	4899
125	1105	2971	2806
126	1105	2576	2436
127	1105	3254	3074
128	1105	4453	4238
129	1105	3896	3696
130	1105	4028	3811
131	1105	14	12
132	1105	4197	3927
133	1105	2866	2714
134	1105	12	12
135	1105	1362	1291
136	1105	328	258
137	1105	2093	1999
138	1105	11	10
139	1105	627	596
140	1105	28	22
141	1105	4	4
142	1105	2834	2636
143	1105	3285	3070
144	1105	8	6
145	1105	1958	1814
146	1105	3530	3323
147	1105	2	2
148	1105	3260	3091
149	1105	2	2
150	1105	18	18
151	1105	8	5
152	1105	2900	2763
153	1105	3405	3187
154	1105	2907	2756
155	1105	2598	2456
156	1105	19	19
157	1105	2695	2548
158	1105	3507	3339
159	1105	3631	3437
160	1105	3116	2912
161	1105	20	15
162	1105	3766	3546
163	1105	3271	3077
164	1105	3653	3423
165	1105	4322	4093
166	1105	23	20
167	1105	3635	3450
168	1105	2526	2368
169	1105	3226	3063
170	1105	3381	3186
171	1105	3	3
172	1105	3072	2887
173	1105	3518	3319
174	1105	2725	2571
175	1105	2483	2339
176	1105	40	26
177	1105	2711	2508
178	1105	2096	1892
179	1105	157	126
180	1105	5	3
181	1105	5	3
182	1105	2	1
183	1105	2	2
184	1105	7	6
185	1105	7	5
186	1105	118	87
187	1105	25	18
188	1105	16	11
189	1105	4	4
190	1105	2812	2656
191	1105	12	9
192	1105	20	17
0	1106	189426	148613
1	1106	38	36
2	1106	3820	3704
3	1106	2801	2680
4	1106	3230	3108
5	1106	64	58
6	1106	20	18
7	1106	2979	2869
8	1106	3424	3291
9	1106	3764	3620
10	1106	4578	4431
11	1106	551	491
12	1106	1617	1513
13	1106	1418	1320
14	1106	4692	4537
15	1106	2118	2043
16	1106	92	61
17	1106	4364	4243
18	1106	4176	4041
19	1106	1288	1214
20	1106	3319	3221
21	1106	95	75
22	1106	4423	4282
23	1106	2075	1893
24	1106	2915	2806
25	1106	2883	2776
26	1106	61	49
27	1106	4057	3934
28	1106	3548	3446
29	1106	2892	2761
30	1106	4972	4814
31	1106	2483	2357
32	1106	3382	3245
33	1106	3699	3565
34	1106	3090	2987
35	1106	2167	2079
36	1106	65	42
37	1106	25	23
38	1106	28	25
39	1106	4677	4529
40	1106	4827	4656
41	1106	163	108
42	1106	4018	3888
43	1106	3776	3655
44	1106	3849	3692
45	1106	3578	3459
46	1106	163	90
47	1106	3905	3782
48	1106	3380	3244
49	1106	3633	3500
50	1106	3366	3249
51	1106	2017	1963
52	1106	3508	3395
53	1106	3853	3740
54	1106	4306	4187
55	1106	121	75
56	1106	4073	3907
57	1106	5404	5251
58	1106	3992	3871
59	1106	4160	4046
60	1106	296	258
61	1106	4061	3944
62	1106	39	36
63	1106	4551	4408
64	1106	2583	2461
65	1106	78	59
66	1106	3525	3389
67	1106	2865	2651
68	1106	2133	2065
69	1106	3940	3753
70	1106	87	58
71	1106	3740	3607
72	1106	2906	2796
73	1106	4036	3901
74	1106	3363	3247
75	1106	76	59
76	1106	61	57
77	1106	4863	4637
78	1106	3406	3258
79	1106	2917	2843
80	1106	4201	4011
81	1106	39	25
82	1106	2978	2880
83	1106	3173	3097
84	1106	3558	3454
85	1106	3210	3121
86	1106	125	104
87	1106	2601	2506
88	1106	3111	3008
89	1106	3326	3235
90	1106	4195	4079
91	1106	52	32
92	1106	3622	3501
93	1106	3752	3638
94	1106	4025	3900
95	1106	27	18
96	1106	45	23
97	1106	3079	2964
98	1106	4083	3943
99	1106	3130	3031
100	1106	3244	3130
101	1106	4	4
102	1106	4001	3892
103	1106	3318	3198
104	1106	2720	2625
105	1106	1959	1894
106	1106	11	11
107	1106	3381	3277
108	1106	4411	4249
109	1106	4859	4732
110	1106	3989	3878
111	1106	601	526
112	1106	3333	3232
113	1106	4410	4269
114	1106	2738	2650
115	1106	5151	4997
116	1106	15	15
117	1106	3631	3539
118	1106	8059	7844
119	1106	2	2
120	1106	3373	3273
121	1106	2720	2628
122	1106	2813	2741
123	1106	2624	2541
124	1106	5151	4989
125	1106	3035	2927
126	1106	2514	2443
127	1106	3356	3272
128	1106	4246	4143
129	1106	3858	3747
130	1106	3922	3813
131	1106	12	10
132	1106	4308	4168
133	1106	2821	2742
134	1106	12	12
135	1106	1357	1309
136	1106	260	230
137	1106	2094	2023
138	1106	8	7
139	1106	570	554
140	1106	15	14
141	1106	3	3
142	1106	2813	2725
143	1106	3318	3209
144	1106	4	4
145	1106	1998	1906
146	1106	3320	3218
147	1106	5	4
148	1106	3186	3065
149	1106	2	2
150	1106	19	19
151	1106	4	4
152	1106	3037	2945
153	1106	3330	3228
154	1106	3087	2997
155	1106	2553	2474
156	1106	16	16
157	1106	2737	2653
158	1106	3611	3514
159	1106	3517	3429
160	1106	2952	2845
161	1106	20	16
162	1106	3609	3497
163	1106	3447	3347
164	1106	3455	3341
165	1106	4196	4086
166	1106	13	11
167	1106	3712	3596
168	1106	2582	2517
169	1106	3309	3216
170	1106	3512	3409
171	1106	9	7
172	1106	2849	2764
173	1106	3695	3582
174	1106	2777	2698
175	1106	2685	2604
176	1106	46	43
177	1106	2584	2458
178	1106	2010	1886
179	1106	155	137
180	1106	5	5
181	1106	7	3
182	1106	11	9
183	1106	9	7
184	1106	8	6
185	1106	12	11
186	1106	95	81
187	1106	21	10
188	1106	15	9
189	1106	4	3
190	1106	2915	2839
191	1106	10	9
192	1106	17	17
0	1107	195737	151849
1	1107	22	20
2	1107	3748	3616
3	1107	3075	2929
4	1107	3495	3380
5	1107	62	57
6	1107	31	22
7	1107	3096	2987
8	1107	3501	3351
9	1107	3774	3630
10	1107	4370	4204
11	1107	554	476
12	1107	1619	1520
13	1107	1409	1252
14	1107	4827	4655
15	1107	2108	2020
16	1107	61	43
17	1107	4708	4528
18	1107	4364	4229
19	1107	1338	1242
20	1107	3483	3348
21	1107	85	63
22	1107	4428	4272
23	1107	2071	1840
24	1107	3006	2869
25	1107	2892	2780
26	1107	88	64
27	1107	3821	3693
28	1107	3612	3486
29	1107	2844	2681
30	1107	4936	4744
31	1107	2404	2243
32	1107	3383	3234
33	1107	3784	3626
34	1107	3133	2980
35	1107	2134	2054
36	1107	74	43
37	1107	15	15
38	1107	33	28
39	1107	4754	4607
40	1107	4848	4633
41	1107	197	131
42	1107	4132	3963
43	1107	3690	3556
44	1107	3924	3756
45	1107	3557	3426
46	1107	144	77
47	1107	3774	3635
48	1107	3425	3281
49	1107	3984	3833
50	1107	3351	3203
51	1107	2026	1941
52	1107	3641	3511
53	1107	4062	3932
54	1107	4504	4338
55	1107	136	88
56	1107	4236	4042
57	1107	5394	5214
58	1107	4014	3883
59	1107	4408	4253
60	1107	259	214
61	1107	3888	3738
62	1107	38	34
63	1107	4696	4531
64	1107	2759	2604
65	1107	83	63
66	1107	3726	3588
67	1107	2864	2647
68	1107	2198	2128
69	1107	3722	3505
70	1107	125	83
71	1107	3812	3688
72	1107	3031	2912
73	1107	4189	4048
74	1107	3254	3139
75	1107	94	68
76	1107	46	38
77	1107	4481	4260
78	1107	3419	3282
79	1107	3023	2926
80	1107	4225	4030
81	1107	52	39
82	1107	2861	2754
83	1107	3197	3098
84	1107	3562	3437
85	1107	3181	3079
86	1107	134	95
87	1107	2611	2529
88	1107	3256	3133
89	1107	3401	3286
90	1107	4367	4223
91	1107	66	46
92	1107	3750	3613
93	1107	3773	3663
94	1107	4149	3961
95	1107	20	13
96	1107	50	32
97	1107	3127	2973
98	1107	3981	3855
99	1107	3030	2900
100	1107	3364	3249
101	1107	4	4
102	1107	3980	3847
103	1107	3375	3228
104	1107	2785	2678
105	1107	1955	1863
106	1107	15	15
107	1107	3387	3251
108	1107	4695	4502
109	1107	4901	4745
110	1107	3946	3821
111	1107	659	548
112	1107	3469	3344
113	1107	4236	4085
114	1107	2632	2540
115	1107	5307	5123
116	1107	10	10
117	1107	3787	3668
118	1107	8122	7903
119	1107	4	4
120	1107	3326	3190
121	1107	2808	2719
122	1107	2701	2600
123	1107	2673	2583
124	1107	5229	5029
125	1107	3086	2999
126	1107	2772	2670
127	1107	3307	3200
128	1107	4308	4155
129	1107	4034	3876
130	1107	4196	4044
131	1107	13	10
132	1107	4362	4197
133	1107	2837	2754
134	1107	8	7
135	1107	1466	1417
136	1107	287	232
137	1107	2094	2022
138	1107	8	7
139	1107	621	596
140	1107	6	6
141	1107	4	4
142	1107	2974	2862
143	1107	3260	3121
144	1107	5	4
145	1107	2082	1990
146	1107	3610	3478
147	1107	5	5
148	1107	3116	2998
150	1107	16	16
151	1107	5	5
152	1107	3208	3098
153	1107	3402	3280
154	1107	3182	3090
155	1107	2625	2546
156	1107	10	9
157	1107	2830	2730
158	1107	3472	3381
159	1107	3570	3446
160	1107	3126	2993
161	1107	25	20
162	1107	3773	3645
163	1107	3492	3370
164	1107	3548	3425
165	1107	4331	4182
166	1107	12	9
167	1107	3521	3415
168	1107	2553	2467
169	1107	3545	3408
170	1107	3528	3426
171	1107	11	11
172	1107	2967	2867
173	1107	3698	3572
174	1107	2869	2784
175	1107	2619	2531
176	1107	25	17
177	1107	2749	2598
178	1107	2050	1924
179	1107	146	121
180	1107	6	5
181	1107	4	4
182	1107	5	3
183	1107	2	1
184	1107	4	1
185	1107	6	5
186	1107	93	82
187	1107	16	13
188	1107	15	11
189	1107	2	2
190	1107	2827	2740
191	1107	9	6
192	1107	12	12
0	1108	189616	152338
1	1108	20	15
2	1108	3571	3472
3	1108	3111	2989
4	1108	3176	3074
5	1108	58	53
6	1108	19	15
7	1108	2868	2777
8	1108	3410	3269
9	1108	3781	3678
10	1108	4310	4174
11	1108	511	467
12	1108	1692	1601
13	1108	1413	1325
14	1108	4510	4394
15	1108	2104	2030
16	1108	63	45
17	1108	4341	4213
18	1108	4250	4134
19	1108	1352	1297
20	1108	3270	3168
21	1108	85	66
22	1108	4340	4225
23	1108	2118	1936
24	1108	2884	2772
25	1108	2750	2649
26	1108	58	47
27	1108	3729	3637
28	1108	3510	3392
29	1108	2627	2509
30	1108	4946	4801
31	1108	2333	2235
32	1108	3117	3005
33	1108	3680	3573
34	1108	2957	2849
35	1108	2067	1999
36	1108	63	45
37	1108	13	12
38	1108	19	19
39	1108	4503	4386
40	1108	4603	4453
41	1108	168	110
42	1108	3869	3745
43	1108	3678	3556
44	1108	3766	3660
45	1108	3448	3362
46	1108	149	83
47	1108	3577	3492
48	1108	3430	3341
49	1108	3614	3473
50	1108	3143	3042
51	1108	1962	1910
52	1108	3477	3372
53	1108	3677	3595
54	1108	4262	4141
55	1108	125	83
56	1108	3886	3758
57	1108	5126	4989
58	1108	3858	3743
59	1108	4233	4097
60	1108	286	252
61	1108	3826	3730
62	1108	40	39
63	1108	4457	4351
64	1108	2593	2506
65	1108	81	60
66	1108	3796	3692
67	1108	2834	2653
68	1108	2122	2057
69	1108	3847	3693
70	1108	103	66
71	1108	3557	3467
72	1108	2900	2793
73	1108	3863	3749
74	1108	3104	3021
75	1108	93	74
76	1108	80	71
77	1108	4582	4406
78	1108	3221	3092
79	1108	2889	2808
80	1108	4113	3957
81	1108	41	27
82	1108	2637	2542
83	1108	3161	3068
84	1108	3652	3568
85	1108	3180	3105
86	1108	128	92
87	1108	2600	2534
88	1108	3208	3111
89	1108	3358	3256
90	1108	4102	3985
91	1108	74	47
92	1108	3642	3544
93	1108	3657	3562
94	1108	4083	3933
95	1108	37	26
96	1108	60	42
97	1108	3092	2976
98	1108	3710	3610
99	1108	2942	2855
100	1108	3106	3005
101	1108	13	13
102	1108	3744	3660
103	1108	3272	3172
104	1108	2631	2538
105	1108	1944	1895
106	1108	18	17
107	1108	3280	3178
108	1108	4563	4442
109	1108	4821	4709
110	1108	3811	3721
111	1108	665	582
112	1108	3187	3102
113	1108	4224	4079
114	1108	2662	2588
115	1108	5004	4867
116	1108	13	13
117	1108	3651	3553
118	1108	7997	7799
119	1108	4	4
120	1108	3365	3261
121	1108	2604	2539
122	1108	2689	2612
123	1108	2285	2232
124	1108	4971	4813
125	1108	2959	2898
126	1108	2480	2425
127	1108	3115	3035
128	1108	4135	4018
129	1108	3838	3723
130	1108	3825	3726
131	1108	8	6
132	1108	3999	3902
133	1108	2794	2732
134	1108	3	3
135	1108	1343	1301
136	1108	251	221
137	1108	2202	2146
138	1108	6	6
139	1108	508	499
140	1108	21	18
141	1108	1	1
142	1108	2871	2796
143	1108	3185	3083
144	1108	4	4
145	1108	1876	1821
146	1108	3292	3195
147	1108	1	1
148	1108	3238	3139
149	1108	5	4
150	1108	16	15
151	1108	8	5
152	1108	2966	2893
153	1108	3359	3242
154	1108	2929	2833
155	1108	2547	2479
156	1108	14	13
157	1108	2667	2589
158	1108	3404	3317
159	1108	3531	3447
160	1108	3056	2972
161	1108	25	18
162	1108	3619	3516
163	1108	3300	3195
164	1108	3391	3281
165	1108	4274	4167
166	1108	24	24
167	1108	3640	3556
168	1108	2289	2230
169	1108	3178	3088
170	1108	3398	3311
171	1108	4	4
172	1108	2863	2762
173	1108	3503	3406
174	1108	2716	2643
175	1108	2317	2268
176	1108	46	35
177	1108	2554	2448
178	1108	1996	1894
179	1108	138	117
180	1108	3	3
181	1108	3	3
182	1108	6	2
183	1108	3	3
184	1108	6	4
185	1108	12	10
186	1108	78	63
187	1108	9	4
188	1108	11	7
189	1108	1	1
190	1108	2667	2594
191	1108	7	7
192	1108	16	16
0	1109	244189	195893
1	1109	17	16
2	1109	3577	3453
3	1109	2169	2081
4	1109	3118	3022
5	1109	44	38
6	1109	21	20
7	1109	3003	2904
8	1109	3132	2962
9	1109	3922	3780
10	1109	4419	4228
11	1109	404	356
12	1109	1630	1516
13	1109	1324	1231
14	1109	4455	4266
15	1109	2204	2078
16	1109	55	41
17	1109	4440	4295
18	1109	4113	3967
19	1109	1038	977
20	1109	3212	3089
21	1109	59	40
22	1109	4047	3905
23	1109	2194	1942
24	1109	2982	2843
25	1109	2845	2688
26	1109	87	65
27	1109	2721	2636
28	1109	3478	3351
29	1109	2061	1946
30	1109	4718	4556
31	1109	2453	2321
32	1109	3198	3072
33	1109	3743	3597
34	1109	3100	2953
35	1109	1540	1477
36	1109	62	45
37	1109	22	22
38	1109	30	29
39	1109	4718	4541
40	1109	4685	4470
41	1109	130	93
42	1109	3842	3694
43	1109	2791	2700
44	1109	3551	3417
45	1109	2934	2830
46	1109	97	68
47	1109	3833	3694
48	1109	3070	2932
49	1109	3661	3499
50	1109	3315	3168
51	1109	1559	1504
52	1109	3361	3217
53	1109	3342	3246
54	1109	4143	3988
55	1109	113	77
56	1109	4065	3875
57	1109	4930	4761
58	1109	3734	3606
59	1109	3212	3115
60	1109	270	230
61	1109	3309	3200
62	1109	42	41
63	1109	4408	4266
64	1109	2422	2310
65	1109	67	54
66	1109	3618	3497
67	1109	2185	2044
68	1109	1991	1905
69	1109	3296	3136
70	1109	93	63
71	1109	3483	3369
72	1109	2656	2522
73	1109	3955	3800
74	1109	3108	2974
75	1109	43	34
76	1109	41	36
77	1109	3902	3732
78	1109	2917	2790
79	1109	2871	2743
80	1109	3768	3586
81	1109	38	28
82	1109	2886	2767
83	1109	2491	2427
84	1109	3488	3358
85	1109	2788	2699
86	1109	119	86
87	1109	2814	2710
88	1109	3005	2870
89	1109	3470	3353
90	1109	4373	4210
91	1109	36	27
92	1109	3617	3492
93	1109	3287	3192
94	1109	3850	3678
95	1109	30	18
96	1109	50	36
97	1109	2330	2241
98	1109	3812	3658
99	1109	3051	2960
100	1109	2857	2769
101	1109	6	5
102	1109	3508	3411
103	1109	2808	2723
104	1109	2316	2217
105	1109	1387	1332
106	1109	9	8
107	1109	3227	3098
108	1109	3782	3635
109	1109	3796	3713
110	1109	3613	3506
111	1109	528	458
112	1109	2681	2594
113	1109	3384	3290
114	1109	2588	2493
115	1109	5037	4872
116	1109	10	10
117	1109	2819	2765
118	1109	7344	7116
119	1109	7	7
120	1109	2542	2471
121	1109	2135	2071
122	1109	2867	2748
123	1109	2689	2592
124	1109	4504	4378
125	1109	2254	2186
126	1109	2425	2363
127	1109	2889	2788
128	1109	3437	3327
129	1109	2960	2880
130	1109	3974	3828
131	1109	19	14
132	1109	3636	3511
133	1109	2127	2080
134	1109	7	7
135	1109	1254	1210
136	1109	198	169
137	1109	1527	1478
138	1109	16	16
139	1109	589	560
140	1109	11	11
141	1109	4	3
142	1109	2775	2678
143	1109	2779	2658
144	1109	4	4
145	1109	1370	1336
146	1109	3391	3260
147	1109	5	5
148	1109	2861	2773
149	1109	2	2
150	1109	30	30
151	1109	5	3
152	1109	2449	2390
153	1109	2412	2349
154	1109	2784	2687
155	1109	2569	2487
156	1109	14	14
157	1109	2170	2121
158	1109	3287	3174
159	1109	3124	3053
160	1109	2522	2438
161	1109	5	5
162	1109	3667	3548
163	1109	3312	3188
164	1109	2876	2794
165	1109	3214	3136
166	1109	13	11
167	1109	3017	2932
168	1109	2045	2001
169	1109	2486	2430
170	1109	3444	3332
171	1109	8	8
172	1109	2699	2611
173	1109	2741	2684
174	1109	2664	2588
175	1109	2084	2038
176	1109	26	21
177	1109	2027	1939
178	1109	1995	1875
179	1109	147	127
180	1109	5	5
181	1109	1	1
182	1109	4	4
183	1109	4	4
184	1109	7	6
185	1109	9	6
186	1109	78	66
187	1109	24	15
188	1109	7	7
189	1109	2	2
190	1109	2821	2733
191	1109	2	2
192	1109	14	12
0	1110	192267	149871
1	1110	40	32
2	1110	3728	3568
3	1110	2855	2722
4	1110	3274	3136
5	1110	48	40
6	1110	14	11
7	1110	3085	2975
8	1110	3483	3345
9	1110	3790	3644
10	1110	4513	4336
11	1110	473	397
12	1110	1644	1546
13	1110	1390	1256
14	1110	4713	4515
15	1110	2295	2174
16	1110	52	38
17	1110	4620	4416
18	1110	4466	4321
19	1110	1328	1258
20	1110	3338	3199
21	1110	80	52
22	1110	4280	4113
23	1110	2028	1779
24	1110	2885	2751
25	1110	2854	2716
26	1110	67	49
27	1110	3686	3526
28	1110	3623	3475
29	1110	2376	2220
30	1110	5027	4829
31	1110	2471	2314
32	1110	3177	3040
33	1110	3767	3581
34	1110	2937	2793
35	1110	2103	2021
36	1110	67	47
37	1110	17	17
38	1110	19	19
39	1110	4717	4547
40	1110	4805	4578
41	1110	187	123
42	1110	4267	4083
43	1110	3816	3642
44	1110	3971	3798
45	1110	3587	3436
46	1110	148	74
47	1110	4062	3886
48	1110	3347	3204
49	1110	3825	3633
50	1110	3527	3372
51	1110	2122	2034
52	1110	3458	3342
53	1110	3961	3828
54	1110	4470	4312
55	1110	132	85
56	1110	4120	3940
57	1110	5252	5059
58	1110	3826	3693
59	1110	4360	4187
60	1110	233	195
61	1110	3953	3795
62	1110	48	45
63	1110	4851	4655
64	1110	2654	2529
65	1110	68	54
66	1110	3870	3719
67	1110	2909	2680
68	1110	2026	1935
69	1110	3939	3742
70	1110	98	59
71	1110	3665	3525
72	1110	2943	2827
73	1110	3975	3805
74	1110	3356	3228
75	1110	73	64
76	1110	62	55
77	1110	4693	4456
78	1110	3291	3141
79	1110	3000	2893
80	1110	3917	3685
81	1110	28	16
82	1110	2902	2779
83	1110	3269	3140
84	1110	3530	3382
85	1110	3176	3058
86	1110	129	86
87	1110	2746	2637
88	1110	3207	3071
89	1110	3463	3326
90	1110	4372	4219
91	1110	61	42
92	1110	3661	3520
93	1110	4072	3923
94	1110	4272	4092
95	1110	23	18
96	1110	59	39
97	1110	3202	3060
98	1110	3713	3566
99	1110	3113	2999
100	1110	3334	3205
101	1110	6	6
102	1110	4061	3912
103	1110	3558	3407
104	1110	2691	2577
105	1110	1926	1872
106	1110	10	9
107	1110	3367	3227
108	1110	4667	4472
109	1110	4754	4601
110	1110	4111	3970
111	1110	657	548
112	1110	3528	3382
113	1110	4416	4267
114	1110	2722	2621
115	1110	5155	4975
116	1110	15	15
117	1110	3660	3542
118	1110	8301	8032
119	1110	6	6
120	1110	3297	3176
121	1110	2886	2777
122	1110	2850	2754
123	1110	2612	2522
124	1110	5326	5128
125	1110	2929	2828
126	1110	2594	2503
127	1110	3366	3260
128	1110	4478	4301
129	1110	3948	3824
130	1110	4042	3888
131	1110	10	10
132	1110	4193	4018
133	1110	2884	2782
134	1110	7	6
135	1110	1384	1332
136	1110	248	215
137	1110	2100	2018
138	1110	8	8
139	1110	568	548
140	1110	26	24
141	1110	3	2
142	1110	3040	2916
143	1110	3368	3256
144	1110	6	5
145	1110	1970	1900
146	1110	3502	3399
147	1110	2	2
148	1110	3264	3122
149	1110	2	2
150	1110	12	12
151	1110	3	2
152	1110	3061	2938
153	1110	3582	3463
154	1110	2990	2889
155	1110	2600	2526
156	1110	16	14
157	1110	2786	2683
158	1110	3568	3437
159	1110	3565	3444
160	1110	3040	2907
161	1110	12	11
162	1110	3653	3503
163	1110	3369	3249
164	1110	3475	3321
165	1110	4298	4148
166	1110	10	9
167	1110	3781	3635
168	1110	2509	2401
169	1110	3421	3288
170	1110	3410	3271
171	1110	2	1
172	1110	2966	2838
173	1110	3496	3373
174	1110	2813	2692
175	1110	2603	2492
176	1110	48	37
177	1110	2562	2412
178	1110	1951	1832
179	1110	170	139
180	1110	1	1
181	1110	3	3
182	1110	8	4
183	1110	4	3
184	1110	8	5
185	1110	6	3
186	1110	113	98
187	1110	19	10
188	1110	18	11
189	1110	1	0
190	1110	2880	2776
191	1110	4	3
192	1110	14	13
0	1111	204564	164401
1	1111	42	39
2	1111	3604	3499
3	1111	2788	2654
4	1111	3246	3166
5	1111	42	35
6	1111	23	19
7	1111	2627	2547
8	1111	3356	3239
9	1111	3637	3527
10	1111	4450	4304
11	1111	511	403
12	1111	1535	1432
13	1111	1267	1130
14	1111	4523	4375
15	1111	1784	1725
16	1111	46	35
17	1111	4515	4378
18	1111	4335	4221
19	1111	1287	1223
20	1111	3174	3096
21	1111	54	38
22	1111	4204	4096
23	1111	1852	1565
24	1111	2804	2698
25	1111	2806	2709
26	1111	67	51
27	1111	3362	3264
28	1111	3388	3259
29	1111	1925	1805
30	1111	4718	4571
31	1111	2160	2072
32	1111	3150	3036
33	1111	3684	3549
34	1111	3056	2926
35	1111	1844	1789
36	1111	45	27
37	1111	14	14
38	1111	16	16
39	1111	4082	3986
40	1111	4548	4388
41	1111	142	88
42	1111	3974	3823
43	1111	3453	3345
44	1111	3814	3653
45	1111	3070	2980
46	1111	121	62
47	1111	3415	3318
48	1111	3228	3128
49	1111	3699	3572
50	1111	3275	3146
51	1111	1898	1836
52	1111	3205	3127
53	1111	3428	3340
54	1111	4256	4124
55	1111	75	44
56	1111	3959	3860
57	1111	5177	5022
58	1111	3929	3812
59	1111	4087	3987
60	1111	248	197
61	1111	3410	3308
62	1111	21	20
63	1111	4081	3987
64	1111	2704	2604
65	1111	71	57
66	1111	3742	3644
67	1111	2658	2443
68	1111	1974	1922
69	1111	3425	3234
70	1111	106	75
71	1111	3135	3057
72	1111	2908	2810
73	1111	4002	3847
74	1111	3023	2952
75	1111	73	62
76	1111	41	40
77	1111	4096	3928
78	1111	3102	2967
79	1111	2601	2533
80	1111	3688	3507
81	1111	36	28
82	1111	2698	2637
83	1111	2958	2896
84	1111	3347	3255
85	1111	2637	2587
86	1111	133	82
87	1111	2178	2132
88	1111	2936	2826
89	1111	3293	3206
90	1111	4186	4079
91	1111	47	31
92	1111	3394	3302
93	1111	3237	3153
94	1111	4175	4014
95	1111	14	10
96	1111	51	31
97	1111	2877	2745
98	1111	3686	3573
99	1111	2894	2821
100	1111	3019	2944
101	1111	2	2
102	1111	3790	3711
103	1111	3421	3304
104	1111	2690	2589
105	1111	1867	1805
106	1111	6	6
107	1111	3065	2974
108	1111	4123	3999
109	1111	4601	4491
110	1111	4020	3929
111	1111	609	474
112	1111	3216	3107
113	1111	4212	4077
114	1111	2530	2473
115	1111	4936	4804
116	1111	6	6
117	1111	3418	3353
118	1111	7877	7663
119	1111	5	5
120	1111	3294	3188
121	1111	2674	2598
122	1111	2497	2432
123	1111	2323	2273
124	1111	4623	4486
125	1111	2919	2841
126	1111	2536	2447
127	1111	3310	3236
128	1111	4055	3946
129	1111	3813	3708
130	1111	3802	3703
131	1111	8	5
132	1111	3784	3641
133	1111	2732	2672
134	1111	8	8
135	1111	1467	1419
136	1111	275	208
137	1111	2297	2235
138	1111	7	6
139	1111	586	568
140	1111	8	7
141	1111	8	8
142	1111	2874	2755
143	1111	3413	3305
144	1111	1	1
145	1111	1822	1753
146	1111	3362	3278
147	1111	2	2
148	1111	3106	3022
149	1111	1	1
150	1111	14	13
151	1111	7	7
152	1111	3033	2980
153	1111	3349	3239
154	1111	2935	2856
155	1111	2450	2381
156	1111	15	11
157	1111	2498	2425
158	1111	3444	3377
159	1111	3456	3380
160	1111	2956	2857
161	1111	19	15
162	1111	3427	3308
163	1111	3054	2974
164	1111	3200	3081
165	1111	3941	3851
166	1111	17	17
167	1111	3618	3528
168	1111	2415	2363
169	1111	3363	3271
170	1111	3187	3112
171	1111	1	1
172	1111	2724	2640
173	1111	3336	3246
174	1111	2685	2616
175	1111	2408	2340
176	1111	32	28
177	1111	2487	2368
178	1111	1876	1761
179	1111	135	102
180	1111	4	4
181	1111	4	2
182	1111	4	2
183	1111	6	3
184	1111	11	7
185	1111	11	7
186	1111	77	58
187	1111	17	10
188	1111	12	10
189	1111	2	1
190	1111	2745	2682
191	1111	9	9
192	1111	14	13
0	1112	185353	143715
1	1112	35	33
2	1112	3941	3823
3	1112	3075	2863
4	1112	3475	3368
5	1112	65	62
6	1112	16	10
7	1112	3142	3027
8	1112	3473	3327
9	1112	4061	3934
10	1112	4579	4438
11	1112	547	446
12	1112	1623	1514
13	1112	1524	1251
14	1112	4729	4583
15	1112	2294	2195
16	1112	60	40
17	1112	4617	4507
18	1112	4448	4324
19	1112	1392	1328
20	1112	3514	3415
21	1112	87	64
22	1112	4495	4378
23	1112	2230	1910
24	1112	3010	2878
25	1112	2983	2891
26	1112	65	50
27	1112	3735	3604
28	1112	3711	3579
29	1112	1924	1760
30	1112	5160	4993
31	1112	2513	2383
32	1112	3465	3351
33	1112	3832	3723
34	1112	3327	3220
35	1112	2200	2113
36	1112	58	41
37	1112	11	11
38	1112	38	34
39	1112	4969	4831
40	1112	4930	4762
41	1112	166	104
42	1112	4266	4095
43	1112	4055	3918
44	1112	3997	3858
45	1112	3685	3538
46	1112	129	69
47	1112	3939	3800
48	1112	3444	3318
49	1112	3898	3786
50	1112	3568	3445
51	1112	1985	1923
52	1112	3653	3563
53	1112	4335	4224
54	1112	4539	4414
55	1112	121	88
56	1112	4088	3961
57	1112	5371	5212
58	1112	4146	4031
59	1112	4836	4720
60	1112	311	246
61	1112	4174	4048
62	1112	27	27
63	1112	4940	4796
64	1112	2677	2573
65	1112	72	57
66	1112	3802	3688
67	1112	2994	2778
68	1112	2238	2168
69	1112	4130	3889
70	1112	101	69
71	1112	3972	3853
72	1112	3032	2899
73	1112	4215	4093
74	1112	3231	3117
75	1112	76	57
76	1112	62	50
77	1112	4897	4732
78	1112	3401	3244
79	1112	3147	3080
80	1112	3850	3647
81	1112	23	16
82	1112	2950	2860
83	1112	3393	3298
84	1112	3514	3415
85	1112	3229	3138
86	1112	122	75
87	1112	2753	2669
88	1112	3176	3081
89	1112	3485	3387
90	1112	4329	4204
91	1112	51	35
92	1112	3873	3753
93	1112	4077	3972
94	1112	4287	4147
95	1112	22	14
96	1112	47	30
97	1112	3163	3013
98	1112	3864	3750
99	1112	3170	3096
100	1112	3239	3142
101	1112	2	2
102	1112	4006	3905
103	1112	3610	3494
104	1112	2736	2630
105	1112	1966	1906
106	1112	8	8
107	1112	3492	3381
108	1112	4635	4483
109	1112	5026	4890
110	1112	4206	4101
111	1112	663	539
112	1112	3332	3242
113	1112	4467	4353
114	1112	2732	2653
115	1112	5375	5246
116	1112	9	8
117	1112	3817	3720
118	1112	8762	8535
119	1112	6	6
120	1112	3297	3184
121	1112	2870	2776
122	1112	2919	2829
123	1112	2494	2426
124	1112	5349	5203
125	1112	3123	3058
126	1112	2690	2608
127	1112	3587	3508
128	1112	4403	4279
129	1112	3945	3841
130	1112	4015	3902
131	1112	7	6
132	1112	4202	4049
133	1112	3014	2931
134	1112	12	12
135	1112	1533	1486
136	1112	286	232
137	1112	2237	2178
138	1112	14	14
139	1112	575	559
140	1112	12	12
141	1112	2	2
142	1112	3117	2983
143	1112	3416	3321
144	1112	3	3
145	1112	2006	1928
146	1112	3566	3477
147	1112	1	1
148	1112	3297	3188
149	1112	2	2
150	1112	24	23
151	1112	5	5
152	1112	3088	3010
153	1112	3645	3552
154	1112	3171	3090
155	1112	2592	2533
156	1112	15	11
157	1112	2897	2784
158	1112	3739	3653
159	1112	3902	3801
160	1112	3128	3024
161	1112	16	11
162	1112	3781	3668
163	1112	3356	3251
164	1112	3628	3524
165	1112	4378	4272
166	1112	13	13
167	1112	3810	3713
168	1112	2526	2462
169	1112	3459	3362
170	1112	3573	3486
171	1112	5	5
172	1112	3075	2960
173	1112	3695	3598
174	1112	2892	2803
175	1112	2842	2758
176	1112	28	22
177	1112	2791	2658
178	1112	2187	2065
179	1112	133	109
180	1112	10	9
181	1112	3	2
182	1112	8	7
183	1112	5	4
184	1112	5	5
185	1112	13	10
186	1112	118	91
187	1112	9	7
188	1112	9	5
189	1112	1	1
190	1112	2976	2907
191	1112	9	7
192	1112	10	6
0	1113	183734	146887
1	1113	45	41
2	1113	3850	3716
3	1113	3029	2875
4	1113	3214	3114
5	1113	58	50
6	1113	21	14
7	1113	2988	2874
8	1113	3296	3166
9	1113	3931	3763
10	1113	4372	4203
11	1113	549	466
12	1113	1771	1678
13	1113	1534	1388
14	1113	4719	4546
15	1113	2174	2090
16	1113	63	43
17	1113	4793	4645
18	1113	4303	4165
19	1113	1403	1332
20	1113	3479	3373
21	1113	73	58
22	1113	4240	4092
23	1113	2242	2033
24	1113	2882	2775
25	1113	2820	2721
26	1113	70	55
27	1113	3440	3277
28	1113	3628	3486
29	1113	1598	1477
30	1113	4883	4725
31	1113	2411	2267
32	1113	3465	3327
33	1113	3861	3720
34	1113	2933	2809
35	1113	2081	2007
36	1113	67	40
37	1113	26	25
38	1113	29	27
39	1113	4565	4424
40	1113	4676	4486
41	1113	158	126
42	1113	4079	3938
43	1113	3933	3771
44	1113	3785	3627
45	1113	3634	3516
46	1113	91	55
47	1113	3757	3645
48	1113	3152	3032
49	1113	3736	3624
50	1113	3366	3258
51	1113	2065	1992
52	1113	3747	3635
53	1113	4099	3983
54	1113	4221	4049
55	1113	111	85
56	1113	3958	3799
57	1113	5269	5082
58	1113	3971	3834
59	1113	4541	4393
60	1113	270	226
61	1113	3867	3758
62	1113	48	44
63	1113	4724	4574
64	1113	2627	2509
65	1113	69	54
66	1113	3700	3576
67	1113	3035	2815
68	1113	2158	2085
69	1113	3859	3641
70	1113	98	69
71	1113	3699	3573
72	1113	2962	2859
73	1113	4012	3860
74	1113	3025	2911
75	1113	83	66
76	1113	71	63
77	1113	4717	4521
78	1113	3281	3125
79	1113	2864	2777
80	1113	3382	3151
81	1113	27	18
82	1113	2951	2845
83	1113	3311	3200
84	1113	3457	3331
85	1113	3280	3158
86	1113	116	85
87	1113	2728	2622
88	1113	3126	3020
89	1113	3476	3396
90	1113	4394	4253
91	1113	49	34
92	1113	3636	3518
93	1113	3891	3760
94	1113	4114	3947
95	1113	24	17
96	1113	55	41
97	1113	3095	2975
98	1113	3922	3782
99	1113	3092	2976
100	1113	3281	3169
101	1113	5	5
102	1113	3852	3736
103	1113	3473	3326
104	1113	2617	2515
105	1113	1802	1740
106	1113	11	10
107	1113	3419	3302
108	1113	4511	4341
109	1113	4901	4757
110	1113	4019	3892
111	1113	660	576
112	1113	3364	3245
113	1113	4174	4034
114	1113	2586	2489
115	1113	5418	5239
116	1113	8	8
117	1113	3757	3636
118	1113	7956	7692
119	1113	3	3
120	1113	3179	3062
121	1113	2823	2732
122	1113	2753	2653
123	1113	2668	2588
124	1113	5134	4953
125	1113	3186	3083
126	1113	2608	2526
127	1113	3260	3162
128	1113	4212	4068
129	1113	3824	3691
130	1113	4038	3899
131	1113	18	14
132	1113	3923	3773
133	1113	2941	2855
134	1113	5	5
135	1113	1503	1445
136	1113	272	236
137	1113	2077	2007
138	1113	11	11
139	1113	577	564
140	1113	15	13
141	1113	6	6
142	1113	3035	2916
143	1113	3392	3278
144	1113	3	2
145	1113	1997	1920
146	1113	3596	3444
147	1113	5	5
148	1113	3102	2999
149	1113	2	2
150	1113	11	11
151	1113	2	2
152	1113	2991	2917
153	1113	3523	3412
154	1113	3146	3070
155	1113	2609	2533
156	1113	16	15
157	1113	2788	2694
158	1113	3656	3551
159	1113	3625	3517
160	1113	3017	2922
161	1113	24	17
162	1113	3864	3732
163	1113	3384	3300
164	1113	3389	3258
165	1113	4319	4211
166	1113	11	11
167	1113	3556	3461
168	1113	2538	2453
169	1113	3424	3310
170	1113	3511	3391
171	1113	4	4
172	1113	2959	2862
173	1113	3728	3644
174	1113	2790	2692
175	1113	2632	2561
176	1113	48	43
177	1113	2618	2480
178	1113	2098	1965
179	1113	156	132
180	1113	3	2
181	1113	8	8
182	1113	4	3
183	1113	1	1
184	1113	10	9
185	1113	13	11
186	1113	126	116
187	1113	14	10
188	1113	19	14
189	1113	6	6
190	1113	3039	2934
191	1113	6	3
192	1113	12	12
0	1114	189706	149374
1	1114	32	30
2	1114	3836	3699
3	1114	3098	2926
4	1114	3336	3217
5	1114	81	65
6	1114	10	8
7	1114	3050	2946
8	1114	3345	3178
9	1114	4115	3978
10	1114	4500	4324
11	1114	495	430
12	1114	1601	1521
13	1114	1442	1315
14	1114	4579	4399
15	1114	2114	2032
16	1114	69	48
17	1114	4712	4555
18	1114	4268	4150
19	1114	1438	1368
20	1114	3523	3404
21	1114	72	61
22	1114	4343	4203
23	1114	2170	1955
24	1114	3065	2926
25	1114	2822	2706
26	1114	69	59
27	1114	3278	3155
28	1114	3799	3673
29	1114	1413	1295
30	1114	4974	4762
31	1114	2562	2410
32	1114	3239	3143
33	1114	4008	3851
34	1114	3063	2938
35	1114	2175	2085
36	1114	48	44
37	1114	11	11
38	1114	31	30
39	1114	4582	4419
40	1114	4726	4524
41	1114	164	116
42	1114	4095	3931
43	1114	3933	3782
44	1114	4006	3840
45	1114	3696	3581
46	1114	110	68
47	1114	3899	3773
48	1114	3529	3377
49	1114	3714	3574
50	1114	3439	3292
51	1114	2096	2033
52	1114	3582	3454
53	1114	3938	3796
54	1114	4436	4272
55	1114	90	61
56	1114	4056	3867
57	1114	5387	5186
58	1114	4042	3918
59	1114	4587	4410
60	1114	295	249
61	1114	4048	3913
62	1114	31	29
63	1114	4806	4654
64	1114	2732	2598
65	1114	66	55
66	1114	3922	3780
67	1114	3070	2831
68	1114	2221	2152
69	1114	3794	3607
70	1114	99	71
71	1114	3601	3483
72	1114	2948	2818
73	1114	4074	3936
74	1114	3134	3022
75	1114	74	57
76	1114	53	44
77	1114	4837	4591
78	1114	3141	3012
79	1114	2940	2853
80	1114	3275	3061
81	1114	33	27
82	1114	2853	2760
83	1114	3400	3286
84	1114	3559	3433
85	1114	3178	3083
86	1114	120	93
87	1114	2718	2606
88	1114	3207	3068
89	1114	3505	3396
90	1114	4278	4121
91	1114	62	55
92	1114	3847	3717
93	1114	3809	3686
94	1114	4169	4008
95	1114	27	22
96	1114	46	35
97	1114	3242	3103
98	1114	3867	3721
99	1114	3153	3036
100	1114	3371	3249
101	1114	4	4
102	1114	3949	3836
103	1114	3333	3220
104	1114	2712	2587
105	1114	1998	1916
106	1114	7	7
107	1114	3409	3259
108	1114	4412	4252
109	1114	4905	4738
110	1114	4270	4124
111	1114	660	587
112	1114	3232	3134
113	1114	4341	4192
114	1114	2543	2459
115	1114	5245	5065
116	1114	2	2
117	1114	3864	3759
118	1114	8238	7983
119	1114	7	7
120	1114	3124	3021
121	1114	2952	2856
122	1114	2843	2750
123	1114	2686	2598
124	1114	5213	5048
125	1114	3204	3111
126	1114	2593	2520
127	1114	3507	3392
128	1114	4513	4368
129	1114	4001	3857
130	1114	3983	3831
131	1114	12	11
132	1114	3883	3698
133	1114	2843	2757
134	1114	9	9
135	1114	1403	1344
136	1114	272	234
137	1114	2160	2082
138	1114	6	6
139	1114	625	596
140	1114	21	18
141	1114	2	2
142	1114	3081	2945
143	1114	3290	3167
144	1114	4	4
145	1114	1886	1792
146	1114	3527	3408
147	1114	5	5
148	1114	3252	3140
149	1114	1	1
150	1114	16	15
151	1114	9	7
152	1114	3106	3012
153	1114	3478	3357
154	1114	3065	2966
155	1114	2570	2498
156	1114	9	9
157	1114	2843	2743
158	1114	3776	3669
159	1114	3701	3593
160	1114	3050	2947
161	1114	17	12
162	1114	3613	3496
163	1114	3288	3195
164	1114	3461	3348
165	1114	4359	4226
166	1114	13	12
167	1114	3727	3616
168	1114	2534	2454
169	1114	3398	3290
170	1114	3444	3315
171	1114	10	9
172	1114	3120	3015
173	1114	3565	3442
174	1114	2912	2825
175	1114	2598	2509
176	1114	37	29
177	1114	2721	2580
178	1114	2031	1902
179	1114	147	122
180	1114	6	5
181	1114	6	5
182	1114	1	1
184	1114	11	8
185	1114	9	6
186	1114	84	73
187	1114	14	9
188	1114	7	6
189	1114	2	2
190	1114	2890	2803
191	1114	4	3
192	1114	14	14
0	1115	205826	161527
1	1115	32	27
2	1115	3851	3711
3	1115	3022	2837
4	1115	3614	3486
5	1115	60	58
6	1115	19	17
7	1115	3338	3229
8	1115	3521	3382
9	1115	4098	3973
10	1115	4682	4527
11	1115	544	454
12	1115	1733	1623
13	1115	1607	1393
14	1115	4767	4596
15	1115	2291	2191
16	1115	67	46
17	1115	4921	4765
18	1115	4509	4386
19	1115	1401	1283
20	1115	3527	3427
21	1115	70	56
22	1115	4657	4502
23	1115	2201	1898
24	1115	3086	2967
25	1115	2983	2869
26	1115	46	31
27	1115	3346	3215
28	1115	3754	3614
29	1115	1188	1037
30	1115	5042	4861
31	1115	2589	2446
32	1115	3478	3345
33	1115	3940	3812
34	1115	3051	2925
35	1115	2233	2160
36	1115	53	38
37	1115	17	16
38	1115	26	21
39	1115	4597	4449
40	1115	4778	4593
41	1115	141	104
42	1115	4191	4005
43	1115	4056	3926
44	1115	4116	3925
45	1115	3750	3617
46	1115	73	46
47	1115	3911	3776
48	1115	3431	3298
49	1115	3996	3843
50	1115	3550	3412
51	1115	2041	1981
52	1115	3663	3540
53	1115	3915	3785
54	1115	4448	4296
55	1115	89	50
56	1115	4278	4101
57	1115	5424	5244
58	1115	4023	3881
59	1115	4533	4381
60	1115	257	205
61	1115	4294	4130
62	1115	44	44
63	1115	5047	4884
64	1115	2827	2705
65	1115	72	50
66	1115	3845	3688
67	1115	3172	2911
68	1115	2127	2063
69	1115	3935	3697
70	1115	80	53
71	1115	3805	3693
72	1115	2920	2779
73	1115	4023	3865
74	1115	3011	2907
75	1115	88	65
76	1115	38	34
77	1115	4843	4618
78	1115	3131	2994
79	1115	3009	2910
80	1115	2984	2784
81	1115	29	20
82	1115	2842	2741
83	1115	3419	3315
84	1115	3633	3500
85	1115	3305	3223
86	1115	105	82
87	1115	2646	2564
88	1115	3302	3188
89	1115	3686	3570
90	1115	4587	4442
91	1115	42	34
92	1115	4039	3919
93	1115	4072	3959
94	1115	4077	3915
95	1115	24	15
96	1115	45	30
97	1115	3393	3234
98	1115	3972	3848
99	1115	3236	3117
100	1115	3282	3182
101	1115	4	4
102	1115	3974	3878
103	1115	3499	3343
104	1115	2808	2677
105	1115	1969	1897
106	1115	6	4
107	1115	3579	3441
108	1115	4709	4543
109	1115	4966	4806
110	1115	4254	4137
111	1115	720	605
112	1115	3484	3365
113	1115	4492	4346
114	1115	2647	2560
115	1115	5572	5419
116	1115	9	9
117	1115	3941	3845
118	1115	8435	8201
119	1115	6	6
120	1115	3065	2942
121	1115	2925	2831
122	1115	3053	2962
123	1115	2709	2639
124	1115	5389	5228
125	1115	3182	3085
126	1115	2836	2738
127	1115	3478	3386
128	1115	4694	4556
129	1115	3958	3828
130	1115	4080	3941
131	1115	6	6
132	1115	3937	3766
133	1115	2960	2881
134	1115	7	7
135	1115	1515	1478
136	1115	303	254
137	1115	2252	2176
138	1115	15	15
139	1115	603	584
140	1115	10	8
141	1115	4	3
142	1115	3059	2933
143	1115	3426	3306
144	1115	2	2
145	1115	2003	1928
146	1115	3402	3286
148	1115	3190	3092
149	1115	3	3
150	1115	3	3
151	1115	3	3
152	1115	3245	3156
153	1115	3523	3438
154	1115	3233	3132
155	1115	2683	2609
156	1115	17	16
157	1115	3002	2900
158	1115	3891	3781
159	1115	3827	3695
160	1115	3142	3024
161	1115	15	14
162	1115	3924	3783
163	1115	3448	3346
164	1115	3377	3254
165	1115	4546	4420
166	1115	9	7
167	1115	3851	3746
168	1115	2622	2532
169	1115	3499	3393
170	1115	3563	3450
171	1115	2	1
172	1115	2895	2783
173	1115	3902	3803
174	1115	2966	2873
175	1115	2662	2592
176	1115	29	27
177	1115	2779	2636
178	1115	2188	2064
179	1115	136	106
180	1115	4	3
181	1115	2	2
182	1115	11	8
183	1115	3	2
184	1115	6	4
185	1115	11	6
186	1115	120	94
187	1115	15	11
188	1115	7	5
189	1115	1	1
190	1115	2954	2869
191	1115	8	5
192	1115	26	23
0	1116	213239	165904
1	1116	42	40
2	1116	3932	3785
3	1116	3072	2864
4	1116	3420	3300
5	1116	44	40
6	1116	11	9
7	1116	3213	3081
8	1116	3454	3295
9	1116	4132	3992
10	1116	4689	4490
11	1116	547	462
12	1116	1674	1573
13	1116	1667	1399
14	1116	4717	4499
15	1116	2415	2285
16	1116	59	45
17	1116	5116	4945
18	1116	4656	4486
19	1116	1469	1377
20	1116	3604	3495
21	1116	80	61
22	1116	4592	4427
23	1116	2366	1993
24	1116	2872	2757
25	1116	2967	2830
26	1116	64	45
27	1116	3098	2931
28	1116	3841	3670
29	1116	1031	920
30	1116	4790	4543
31	1116	2563	2401
32	1116	3321	3170
33	1116	4107	3943
34	1116	3138	2991
35	1116	2124	2046
36	1116	49	31
37	1116	18	16
38	1116	19	19
39	1116	4892	4718
40	1116	4669	4454
41	1116	149	87
42	1116	4129	3959
43	1116	4006	3838
44	1116	4049	3855
45	1116	3725	3558
46	1116	55	31
47	1116	3989	3815
48	1116	3452	3300
49	1116	4069	3891
50	1116	3508	3329
51	1116	2114	2063
52	1116	3858	3723
53	1116	4075	3922
54	1116	4373	4161
55	1116	92	54
56	1116	4079	3881
57	1116	5239	4990
58	1116	4248	4070
59	1116	4624	4445
60	1116	319	261
61	1116	4309	4164
62	1116	34	32
63	1116	5258	5065
64	1116	2826	2695
65	1116	65	52
66	1116	3900	3738
67	1116	3111	2858
68	1116	2190	2114
69	1116	4042	3747
70	1116	79	50
71	1116	3669	3532
72	1116	2922	2791
73	1116	4213	4013
74	1116	3036	2891
75	1116	80	52
76	1116	62	51
77	1116	4846	4580
78	1116	3180	2981
79	1116	2988	2882
80	1116	2610	2384
81	1116	25	19
82	1116	2978	2867
83	1116	3454	3342
84	1116	3583	3437
85	1116	3421	3306
86	1116	122	81
87	1116	2703	2591
88	1116	3201	3051
89	1116	3708	3563
90	1116	4691	4509
91	1116	42	25
92	1116	3876	3719
93	1116	4118	3969
94	1116	4133	3936
95	1116	29	14
96	1116	40	26
97	1116	3078	2909
98	1116	3968	3781
99	1116	3354	3235
100	1116	3441	3270
101	1116	2	2
102	1116	4194	4055
103	1116	3472	3333
104	1116	2676	2540
105	1116	2071	1974
106	1116	13	12
107	1116	3481	3346
108	1116	4532	4341
109	1116	4806	4634
110	1116	4328	4196
111	1116	694	557
112	1116	3390	3252
113	1116	4394	4226
114	1116	2660	2551
115	1116	5632	5412
116	1116	9	9
117	1116	3987	3863
118	1116	8571	8298
119	1116	8	6
120	1116	3006	2883
121	1116	2928	2817
122	1116	2881	2784
123	1116	2858	2759
124	1116	5293	5078
125	1116	3296	3182
126	1116	2827	2724
127	1116	3562	3456
128	1116	4399	4245
129	1116	3886	3743
130	1116	4021	3854
131	1116	12	9
132	1116	3465	3280
133	1116	3144	3040
134	1116	5	5
135	1116	1619	1556
136	1116	266	218
137	1116	2222	2135
138	1116	12	12
139	1116	592	571
140	1116	20	17
141	1116	5	5
142	1116	3202	3016
143	1116	3556	3407
144	1116	1	1
145	1116	1984	1889
146	1116	3393	3275
147	1116	1	1
148	1116	3208	3053
149	1116	2	2
150	1116	20	20
151	1116	3	2
152	1116	3064	2955
153	1116	3363	3267
154	1116	3221	3111
155	1116	2840	2744
156	1116	15	13
157	1116	3030	2929
158	1116	3739	3619
159	1116	3972	3826
160	1116	3086	2960
161	1116	13	10
162	1116	3819	3666
163	1116	3391	3242
164	1116	3436	3283
165	1116	4613	4477
166	1116	17	17
167	1116	3886	3764
168	1116	2490	2394
169	1116	3465	3342
170	1116	3536	3401
171	1116	6	6
172	1116	3131	3006
173	1116	3814	3683
174	1116	3035	2941
175	1116	2789	2693
176	1116	17	14
177	1116	2807	2656
178	1116	2096	1940
179	1116	158	133
180	1116	1	1
181	1116	1	1
182	1116	9	6
184	1116	11	8
185	1116	8	5
186	1116	106	82
187	1116	11	10
188	1116	13	10
189	1116	7	7
190	1116	3002	2898
191	1116	10	5
192	1116	18	14
0	1117	200510	157275
1	1117	22	20
2	1117	3844	3671
3	1117	3125	2919
4	1117	3436	3298
5	1117	53	46
6	1117	15	12
7	1117	3168	3011
8	1117	3355	3194
9	1117	4115	3957
10	1117	4841	4641
11	1117	524	424
12	1117	1762	1642
13	1117	1514	1293
14	1117	4817	4562
15	1117	2378	2262
16	1117	54	38
17	1117	4906	4743
18	1117	4635	4463
19	1117	1541	1424
20	1117	3629	3512
21	1117	87	76
22	1117	4601	4433
23	1117	2412	2043
24	1117	2973	2839
25	1117	2997	2857
26	1117	67	50
27	1117	3028	2853
28	1117	3703	3531
29	1117	887	785
30	1117	4693	4441
31	1117	2685	2519
32	1117	3347	3207
33	1117	4060	3878
34	1117	3012	2884
35	1117	2055	1969
36	1117	65	48
37	1117	9	9
38	1117	21	21
39	1117	4593	4391
40	1117	4628	4407
41	1117	163	109
42	1117	4169	3984
43	1117	4101	3924
44	1117	4006	3810
45	1117	3636	3464
46	1117	61	34
47	1117	4027	3885
48	1117	3326	3171
49	1117	3957	3810
50	1117	3719	3548
51	1117	2171	2088
52	1117	3939	3767
53	1117	4047	3868
54	1117	4059	3837
55	1117	94	65
56	1117	4099	3920
57	1117	5288	5051
58	1117	4224	4066
59	1117	4804	4614
60	1117	288	229
61	1117	4337	4193
62	1117	27	25
63	1117	5134	4948
64	1117	2737	2602
65	1117	51	42
66	1117	3837	3666
67	1117	3040	2790
68	1117	2206	2092
69	1117	3941	3668
70	1117	69	44
71	1117	3821	3686
72	1117	2823	2698
73	1117	4097	3914
74	1117	2843	2712
75	1117	70	54
76	1117	45	41
77	1117	4845	4593
78	1117	3323	3132
79	1117	2854	2736
80	1117	2371	2175
81	1117	26	20
82	1117	2864	2749
83	1117	3385	3267
84	1117	3852	3703
85	1117	3473	3359
86	1117	97	67
87	1117	2715	2617
88	1117	3179	3035
89	1117	3730	3598
90	1117	4386	4241
91	1117	42	33
92	1117	3883	3720
93	1117	3889	3744
94	1117	4028	3797
95	1117	23	11
96	1117	56	34
97	1117	3144	3001
98	1117	4004	3852
99	1117	3170	3044
100	1117	3202	3057
101	1117	2	2
102	1117	4143	4006
103	1117	3515	3336
104	1117	2833	2668
105	1117	2055	1955
106	1117	11	11
107	1117	3538	3365
108	1117	4528	4310
109	1117	5192	5016
110	1117	4496	4345
111	1117	661	525
112	1117	3400	3254
113	1117	4434	4299
114	1117	2516	2381
115	1117	5783	5573
116	1117	7	7
117	1117	4114	3982
118	1117	8265	7933
119	1117	5	5
120	1117	2978	2860
121	1117	3101	2990
122	1117	2972	2866
123	1117	2857	2757
124	1117	5477	5282
125	1117	3331	3232
126	1117	2828	2726
127	1117	3540	3445
128	1117	4409	4249
129	1117	4050	3891
130	1117	3953	3802
131	1117	10	5
132	1117	3195	3003
133	1117	3160	3070
134	1117	9	9
135	1117	1456	1396
136	1117	273	216
137	1117	2247	2147
138	1117	4	4
139	1117	604	591
140	1117	10	8
141	1117	5	4
142	1117	3206	3067
143	1117	3576	3419
144	1117	2	2
145	1117	1859	1758
146	1117	3390	3240
147	1117	2	2
148	1117	3039	2928
150	1117	12	12
151	1117	1	1
152	1117	3192	3089
153	1117	3665	3535
154	1117	3179	3057
155	1117	2721	2614
156	1117	18	16
157	1117	3219	3105
158	1117	3992	3862
159	1117	4179	4050
160	1117	3220	3070
161	1117	16	12
162	1117	3783	3628
163	1117	3213	3089
164	1117	3510	3376
165	1117	4464	4305
166	1117	11	9
167	1117	3793	3663
168	1117	2542	2445
169	1117	3631	3496
170	1117	3325	3200
171	1117	5	4
172	1117	3069	2936
173	1117	3873	3731
174	1117	2904	2801
175	1117	2769	2659
176	1117	30	26
177	1117	2822	2673
178	1117	2115	1954
179	1117	154	124
180	1117	9	9
181	1117	3	2
182	1117	3	3
183	1117	2	1
184	1117	9	6
185	1117	12	10
186	1117	117	83
187	1117	17	12
188	1117	8	8
189	1117	5	5
190	1117	3070	2965
191	1117	4	2
192	1117	13	11
0	1118	204749	160589
1	1118	37	34
2	1118	3565	3457
3	1118	3079	2911
4	1118	3504	3363
5	1118	50	45
6	1118	24	19
7	1118	2910	2786
8	1118	3127	2988
9	1118	3989	3829
10	1118	4705	4498
11	1118	545	454
12	1118	1725	1633
13	1118	1675	1516
14	1118	4470	4289
15	1118	2195	2110
16	1118	50	33
17	1118	5041	4871
18	1118	4260	4133
19	1118	1403	1337
20	1118	3496	3377
21	1118	67	53
22	1118	4294	4136
23	1118	2198	1911
24	1118	2982	2845
25	1118	2969	2843
26	1118	55	40
27	1118	2864	2706
28	1118	3638	3488
29	1118	776	681
30	1118	4434	4216
31	1118	2517	2359
32	1118	3141	3005
33	1118	3757	3582
34	1118	2873	2729
35	1118	2115	2034
36	1118	54	38
37	1118	13	13
38	1118	20	18
39	1118	4235	4035
40	1118	4394	4177
41	1118	139	99
42	1118	4019	3853
43	1118	3904	3739
44	1118	3921	3729
45	1118	3379	3244
46	1118	53	33
47	1118	3738	3607
48	1118	3225	3104
49	1118	3961	3793
50	1118	3434	3288
51	1118	2109	2024
52	1118	3645	3511
53	1118	3709	3560
54	1118	3948	3782
55	1118	81	51
56	1118	3970	3773
57	1118	5097	4898
58	1118	3957	3789
59	1118	4919	4780
60	1118	272	227
61	1118	4260	4122
62	1118	26	24
63	1118	5020	4816
64	1118	2716	2586
65	1118	53	44
66	1118	3579	3430
67	1118	2984	2762
68	1118	2075	1996
69	1118	3823	3620
70	1118	65	45
71	1118	3805	3709
72	1118	2809	2699
73	1118	3866	3689
74	1118	2666	2535
75	1118	97	79
76	1118	50	45
77	1118	4751	4516
78	1118	3116	2937
79	1118	2699	2600
80	1118	2110	1870
81	1118	25	20
82	1118	2693	2587
83	1118	3457	3352
84	1118	3417	3282
85	1118	3234	3133
86	1118	89	60
87	1118	2489	2376
88	1118	3120	2994
89	1118	3606	3473
90	1118	4261	4102
91	1118	42	35
92	1118	3734	3607
93	1118	3782	3644
94	1118	3871	3688
95	1118	29	21
96	1118	54	29
97	1118	3096	2944
98	1118	3988	3835
99	1118	3168	3053
100	1118	3123	3008
101	1118	2	2
102	1118	3798	3669
103	1118	3398	3240
104	1118	2600	2490
105	1118	1976	1897
106	1118	5	4
107	1118	3517	3409
108	1118	4423	4257
109	1118	5042	4889
110	1118	4196	4074
111	1118	646	553
112	1118	3332	3188
113	1118	4258	4128
114	1118	2357	2262
115	1118	5490	5312
116	1118	6	5
117	1118	3924	3783
118	1118	8009	7728
119	1118	5	5
120	1118	2839	2683
121	1118	2808	2728
122	1118	2834	2743
123	1118	2759	2656
124	1118	5109	4953
125	1118	3177	3072
126	1118	2662	2565
127	1118	3470	3372
128	1118	4460	4316
129	1118	3888	3755
130	1118	3680	3527
131	1118	8	5
132	1118	3230	3061
133	1118	2909	2824
134	1118	2	2
135	1118	1530	1480
136	1118	274	218
137	1118	2316	2236
138	1118	9	8
139	1118	547	522
140	1118	25	20
141	1118	3	3
142	1118	3102	2968
143	1118	3489	3359
144	1118	2	2
145	1118	1697	1617
146	1118	3228	3087
147	1118	1	1
148	1118	2887	2788
149	1118	3	3
150	1118	12	12
151	1118	5	5
152	1118	2994	2908
153	1118	3339	3230
154	1118	3082	2978
155	1118	2802	2691
156	1118	21	19
157	1118	3079	2974
158	1118	3872	3751
159	1118	3751	3611
160	1118	3395	3242
161	1118	16	12
162	1118	3552	3417
163	1118	3173	3049
164	1118	3378	3231
165	1118	4416	4265
166	1118	13	11
167	1118	3606	3481
168	1118	2389	2313
169	1118	3336	3203
170	1118	3306	3169
171	1118	2	2
172	1118	2889	2798
173	1118	3748	3621
174	1118	2933	2840
175	1118	2632	2550
176	1118	25	21
177	1118	2761	2581
178	1118	2014	1849
179	1118	186	140
180	1118	5	5
181	1118	1	1
182	1118	8	4
183	1118	4	1
184	1118	10	5
185	1118	4	3
186	1118	104	90
187	1118	15	10
188	1118	16	12
189	1118	6	4
190	1118	2796	2695
191	1118	8	7
192	1118	5	3
0	1119	213196	164728
1	1119	24	24
2	1119	3938	3766
3	1119	3162	2969
4	1119	3371	3247
5	1119	56	50
6	1119	21	15
7	1119	2927	2799
8	1119	3248	3088
9	1119	4091	3920
10	1119	4753	4565
11	1119	638	540
12	1119	1796	1675
13	1119	1516	1346
14	1119	4357	4119
15	1119	2147	2048
16	1119	62	38
17	1119	5154	4978
18	1119	4460	4328
19	1119	1482	1372
20	1119	3624	3504
21	1119	68	50
22	1119	4434	4256
23	1119	2224	1963
24	1119	2876	2716
25	1119	2990	2839
26	1119	54	41
27	1119	2734	2595
28	1119	3803	3625
29	1119	727	622
30	1119	4473	4249
31	1119	2421	2268
32	1119	2945	2797
33	1119	3929	3757
34	1119	2812	2662
35	1119	2084	1974
36	1119	57	44
37	1119	20	20
38	1119	23	22
39	1119	4026	3853
40	1119	4258	4059
41	1119	116	86
42	1119	4082	3885
43	1119	3955	3803
44	1119	4020	3828
45	1119	3490	3330
46	1119	51	35
47	1119	3605	3445
48	1119	3232	3076
49	1119	4173	3994
50	1119	3522	3361
51	1119	2175	2095
52	1119	3657	3519
53	1119	3873	3741
54	1119	3828	3626
55	1119	71	38
56	1119	3898	3720
57	1119	5158	4897
58	1119	3954	3817
59	1119	4824	4641
60	1119	279	232
61	1119	4366	4226
62	1119	36	35
63	1119	4953	4775
64	1119	2632	2489
65	1119	43	33
66	1119	3703	3536
67	1119	3083	2846
68	1119	2281	2190
69	1119	3777	3524
70	1119	58	41
71	1119	3605	3461
72	1119	2632	2493
73	1119	3952	3764
74	1119	2606	2473
75	1119	78	53
76	1119	74	64
77	1119	4527	4313
78	1119	2854	2638
79	1119	2637	2509
80	1119	1928	1739
81	1119	31	19
82	1119	2747	2638
83	1119	3436	3321
84	1119	3474	3317
85	1119	3214	3102
86	1119	86	59
87	1119	2393	2291
88	1119	3059	2902
89	1119	3677	3549
90	1119	4504	4333
91	1119	49	37
92	1119	3865	3706
93	1119	3767	3625
94	1119	3773	3564
95	1119	19	14
96	1119	37	30
97	1119	3086	2925
98	1119	3738	3591
99	1119	3176	3059
100	1119	3102	2961
101	1119	2	2
102	1119	3904	3769
103	1119	3280	3127
104	1119	2526	2397
105	1119	2007	1910
106	1119	12	11
107	1119	3504	3359
108	1119	4418	4233
109	1119	5133	4954
110	1119	4100	3980
111	1119	667	545
112	1119	3424	3297
113	1119	4383	4222
114	1119	2455	2334
115	1119	5315	5122
116	1119	7	7
117	1119	4025	3896
118	1119	7757	7474
119	1119	3	3
120	1119	2510	2376
121	1119	2936	2827
122	1119	2715	2585
123	1119	2766	2658
124	1119	5091	4868
125	1119	3254	3140
126	1119	2517	2428
127	1119	3491	3373
128	1119	4285	4130
129	1119	3819	3666
130	1119	3746	3580
131	1119	11	9
132	1119	3024	2815
133	1119	3109	3006
134	1119	3	3
135	1119	1442	1390
136	1119	261	206
137	1119	2310	2232
138	1119	10	10
139	1119	574	548
140	1119	16	15
141	1119	6	5
142	1119	3137	2999
143	1119	3441	3290
144	1119	1	1
145	1119	1842	1752
146	1119	3190	3034
147	1119	1	0
148	1119	2948	2810
149	1119	2	2
150	1119	10	10
151	1119	3	2
152	1119	2983	2886
153	1119	3567	3441
154	1119	2985	2882
155	1119	2731	2635
156	1119	20	18
157	1119	3062	2959
158	1119	3729	3611
159	1119	3832	3712
160	1119	3230	3093
161	1119	16	15
162	1119	3503	3352
163	1119	3285	3143
164	1119	3315	3189
165	1119	4621	4484
166	1119	14	13
167	1119	3677	3543
168	1119	2428	2330
169	1119	3612	3461
170	1119	3227	3093
171	1119	4	4
172	1119	3130	3002
173	1119	4083	3934
174	1119	2952	2838
175	1119	2603	2500
176	1119	19	17
177	1119	2662	2507
178	1119	2009	1857
179	1119	170	138
180	1119	8	6
181	1119	2	2
182	1119	5	4
183	1119	1	1
184	1119	6	4
185	1119	13	10
186	1119	93	75
187	1119	15	10
188	1119	11	5
189	1119	1	1
190	1119	2993	2878
191	1119	9	6
192	1119	15	14
0	2101	181202	146181
1	2101	33	31
2	2101	3805	3703
3	2101	2944	2793
4	2101	3545	3447
5	2101	78	64
6	2101	24	19
7	2101	3234	3121
8	2101	3467	3339
9	2101	3925	3802
10	2101	4524	4390
11	2101	538	482
12	2101	1734	1644
13	2101	1545	1370
14	2101	4874	4718
15	2101	2129	2054
16	2101	57	46
17	2101	4842	4723
18	2101	4238	4125
19	2101	1344	1279
20	2101	3418	3319
21	2101	57	46
22	2101	4497	4371
23	2101	2209	2001
24	2101	3206	3057
25	2101	2869	2774
26	2101	80	63
27	2101	4106	3991
28	2101	3761	3642
29	2101	3493	3342
30	2101	5219	5058
31	2101	2531	2409
32	2101	3346	3243
33	2101	3861	3766
34	2101	3123	3021
35	2101	2061	1989
36	2101	50	35
37	2101	13	12
38	2101	15	14
39	2101	4794	4678
40	2101	4698	4569
41	2101	159	116
42	2101	4092	3952
43	2101	3948	3832
44	2101	4139	3981
45	2101	3736	3581
46	2101	145	94
47	2101	3948	3825
48	2101	3537	3432
49	2101	3715	3593
50	2101	3340	3232
51	2101	2006	1942
52	2101	3603	3508
53	2101	4117	4027
54	2101	4385	4274
55	2101	96	67
56	2101	4138	4001
57	2101	5645	5473
58	2101	3952	3867
59	2101	4373	4222
60	2101	275	242
61	2101	4259	4125
62	2101	31	28
63	2101	5053	4907
64	2101	2774	2672
65	2101	70	49
66	2101	3778	3669
67	2101	2932	2747
68	2101	2162	2095
69	2101	3937	3735
70	2101	103	79
71	2101	3747	3624
72	2101	2964	2862
73	2101	4155	4038
74	2101	3319	3232
75	2101	55	42
76	2101	43	38
77	2101	4811	4603
78	2101	3255	3127
79	2101	3048	2953
80	2101	4286	4113
81	2101	40	31
82	2101	2862	2781
83	2101	3291	3189
84	2101	3512	3417
85	2101	3281	3191
86	2101	126	97
87	2101	2742	2642
88	2101	3121	3043
89	2101	3524	3415
90	2101	4490	4357
91	2101	55	37
92	2101	3863	3743
93	2101	3943	3815
94	2101	4302	4157
95	2101	16	13
96	2101	51	42
97	2101	3159	3035
98	2101	4026	3904
99	2101	3346	3250
100	2101	3405	3291
101	2101	5	4
102	2101	4023	3924
103	2101	3556	3454
104	2101	2950	2848
105	2101	2099	2037
106	2101	7	7
107	2101	3275	3185
108	2101	4503	4384
109	2101	4753	4653
110	2101	4061	3934
111	2101	627	559
112	2101	3333	3251
113	2101	4400	4268
114	2101	2783	2705
115	2101	5329	5179
116	2101	8	7
117	2101	3732	3623
118	2101	8271	8052
119	2101	4	4
120	2101	3509	3400
121	2101	3079	3005
122	2101	2732	2655
123	2101	2721	2658
124	2101	5082	4939
125	2101	3085	3000
126	2101	2693	2608
127	2101	3355	3276
128	2101	4284	4145
129	2101	3930	3823
130	2101	4291	4186
131	2101	14	13
132	2101	4208	4076
133	2101	2929	2842
134	2101	5	5
135	2101	1465	1422
136	2101	277	236
137	2101	2243	2184
138	2101	10	10
139	2101	624	606
140	2101	11	11
141	2101	8	7
142	2101	3080	2984
143	2101	3426	3328
144	2101	3	3
145	2101	1984	1916
146	2101	3796	3693
147	2101	1	1
148	2101	3160	3067
149	2101	4	4
150	2101	18	18
151	2101	5	3
152	2101	3259	3172
153	2101	3583	3482
154	2101	3039	2956
155	2101	2549	2486
156	2101	16	13
157	2101	2861	2785
158	2101	3500	3411
159	2101	3738	3645
160	2101	3179	3088
161	2101	20	15
162	2101	3727	3643
163	2101	3417	3330
164	2101	3346	3243
165	2101	4387	4266
166	2101	26	25
167	2101	3696	3601
168	2101	2437	2365
169	2101	3527	3416
170	2101	3484	3394
171	2101	6	6
172	2101	3167	3071
173	2101	3891	3795
174	2101	2943	2861
175	2101	2682	2627
176	2101	46	40
177	2101	2856	2748
178	2101	2145	2036
179	2101	173	146
180	2101	2	2
181	2101	3	3
182	2101	7	4
183	2101	6	5
184	2101	12	10
185	2101	8	7
186	2101	110	98
187	2101	11	11
188	2101	13	7
189	2101	5	4
190	2101	2815	2743
191	2101	13	7
192	2101	12	10
0	2102	174726	139674
1	2102	31	24
2	2102	3994	3879
3	2102	3111	2966
4	2102	3326	3221
5	2102	57	49
6	2102	18	18
7	2102	3057	2929
8	2102	3428	3289
9	2102	3846	3739
10	2102	4496	4343
11	2102	519	469
12	2102	1611	1529
13	2102	1449	1319
14	2102	4880	4719
15	2102	2233	2171
16	2102	57	39
17	2102	4713	4569
18	2102	4188	4076
19	2102	1439	1365
20	2102	3362	3267
21	2102	64	50
22	2102	4606	4469
23	2102	2177	1989
24	2102	3075	2975
25	2102	2836	2720
26	2102	71	58
27	2102	3985	3840
28	2102	3690	3542
29	2102	3291	3151
30	2102	4930	4808
31	2102	2455	2343
32	2102	3294	3208
33	2102	3803	3688
34	2102	3089	2992
35	2102	2036	1961
36	2102	52	42
37	2102	18	16
38	2102	18	16
39	2102	5090	4933
40	2102	4754	4592
41	2102	170	123
42	2102	4211	4067
43	2102	4033	3874
44	2102	3888	3750
45	2102	3719	3576
46	2102	149	98
47	2102	4054	3921
48	2102	3496	3370
49	2102	3768	3642
50	2102	3320	3208
51	2102	2143	2097
52	2102	3564	3470
53	2102	4068	3940
54	2102	4338	4221
55	2102	110	79
56	2102	3905	3765
57	2102	5464	5315
58	2102	4108	4006
59	2102	4640	4497
60	2102	315	270
61	2102	4255	4111
62	2102	23	22
63	2102	4794	4626
64	2102	2731	2635
65	2102	56	46
66	2102	3787	3666
67	2102	3131	2971
68	2102	2236	2164
69	2102	4072	3876
70	2102	88	64
71	2102	3653	3534
72	2102	2981	2863
73	2102	4237	4105
74	2102	3268	3164
75	2102	54	42
76	2102	35	29
77	2102	4946	4732
78	2102	3263	3136
79	2102	3091	2992
80	2102	4513	4333
81	2102	25	15
82	2102	2754	2674
83	2102	3287	3197
84	2102	3535	3431
85	2102	3298	3204
86	2102	134	111
87	2102	2733	2652
88	2102	3224	3125
89	2102	3477	3375
90	2102	4377	4248
91	2102	63	50
92	2102	3754	3620
93	2102	4050	3922
94	2102	4270	4112
95	2102	33	22
96	2102	46	34
97	2102	3230	3103
98	2102	3817	3697
99	2102	3118	3039
100	2102	3277	3154
101	2102	12	12
102	2102	4076	3960
103	2102	3568	3445
104	2102	2616	2523
105	2102	2015	1968
106	2102	8	8
107	2102	3446	3340
108	2102	4523	4379
109	2102	4841	4685
110	2102	4221	4117
111	2102	727	655
112	2102	3441	3322
113	2102	4500	4367
114	2102	2870	2758
115	2102	5475	5323
116	2102	11	11
117	2102	3640	3542
118	2102	8597	8360
119	2102	12	12
120	2102	3514	3413
121	2102	2829	2767
122	2102	2753	2679
123	2102	2657	2588
124	2102	5208	5070
125	2102	2987	2909
126	2102	2798	2716
127	2102	3398	3311
128	2102	4373	4262
129	2102	3914	3798
130	2102	3977	3876
131	2102	10	9
132	2102	4380	4253
133	2102	2985	2902
134	2102	7	7
135	2102	1501	1456
136	2102	239	218
137	2102	2271	2214
138	2102	8	7
139	2102	611	594
140	2102	12	11
141	2102	2	1
142	2102	3083	2973
143	2102	3375	3262
144	2102	3	3
145	2102	2020	1937
146	2102	3539	3443
148	2102	3190	3094
149	2102	3	3
150	2102	21	20
151	2102	5	4
152	2102	2960	2883
153	2102	3450	3337
154	2102	3031	2958
155	2102	2677	2596
156	2102	11	10
157	2102	2864	2773
158	2102	3753	3659
159	2102	3618	3504
160	2102	3108	3012
161	2102	22	20
162	2102	3770	3669
163	2102	3479	3388
164	2102	3564	3460
165	2102	4289	4171
166	2102	17	16
167	2102	3744	3641
168	2102	2561	2495
169	2102	3304	3203
170	2102	3594	3478
171	2102	5	5
172	2102	3071	2972
173	2102	3696	3602
174	2102	3108	3030
175	2102	2649	2582
176	2102	29	23
177	2102	2755	2637
178	2102	2102	1997
179	2102	142	128
180	2102	3	3
181	2102	2	2
182	2102	9	7
183	2102	1	1
184	2102	12	8
185	2102	10	6
186	2102	109	96
187	2102	13	9
188	2102	7	7
189	2102	3	2
190	2102	3063	2968
191	2102	5	4
192	2102	10	10
0	2103	177823	146816
1	2103	38	35
2	2103	3673	3601
3	2103	3001	2893
4	2103	3286	3220
5	2103	66	58
6	2103	14	12
7	2103	3081	3000
8	2103	3301	3214
9	2103	3744	3655
10	2103	4400	4296
11	2103	493	450
12	2103	1556	1496
13	2103	1474	1368
14	2103	4759	4650
15	2103	2181	2114
16	2103	48	33
17	2103	4486	4395
18	2103	4203	4104
19	2103	1287	1245
20	2103	3363	3286
21	2103	77	61
22	2103	4326	4206
23	2103	2145	2004
24	2103	2933	2858
25	2103	2778	2717
26	2103	59	55
27	2103	4013	3910
28	2103	3521	3431
29	2103	3358	3233
30	2103	5004	4878
31	2103	2479	2402
32	2103	3217	3154
33	2103	3675	3588
34	2103	2852	2774
35	2103	2114	2055
36	2103	53	43
37	2103	13	12
38	2103	23	22
39	2103	4782	4676
40	2103	4609	4494
41	2103	136	113
42	2103	4052	3965
43	2103	3815	3704
44	2103	3834	3726
45	2103	3583	3473
46	2103	157	107
47	2103	4082	3980
48	2103	3238	3155
49	2103	3890	3784
50	2103	3257	3171
51	2103	2116	2073
52	2103	3528	3453
53	2103	3985	3886
54	2103	4343	4241
55	2103	91	62
56	2103	3940	3848
57	2103	5492	5367
58	2103	3846	3773
59	2103	4595	4476
60	2103	255	222
61	2103	3940	3841
62	2103	39	37
63	2103	4767	4646
64	2103	2794	2734
65	2103	68	56
66	2103	3762	3681
67	2103	2830	2704
68	2103	2060	2005
69	2103	4004	3883
70	2103	82	56
71	2103	3620	3525
72	2103	2823	2751
73	2103	4006	3907
74	2103	3157	3081
75	2103	64	51
76	2103	64	56
77	2103	4746	4568
78	2103	3190	3115
79	2103	3067	3000
80	2103	4311	4180
81	2103	33	22
82	2103	2796	2741
83	2103	3300	3223
84	2103	3514	3438
85	2103	3278	3215
86	2103	159	131
87	2103	2625	2568
88	2103	3143	3059
89	2103	3408	3339
90	2103	4159	4087
91	2103	56	42
92	2103	3514	3416
93	2103	3859	3746
94	2103	4131	4043
95	2103	23	18
96	2103	47	34
97	2103	3134	3054
98	2103	3800	3718
99	2103	3191	3127
100	2103	3261	3168
101	2103	4	4
102	2103	3791	3711
103	2103	3443	3357
104	2103	2777	2697
105	2103	1953	1908
106	2103	11	11
107	2103	3375	3296
108	2103	4421	4320
109	2103	4836	4734
110	2103	4165	4064
111	2103	658	598
112	2103	3362	3270
113	2103	4347	4231
114	2103	2655	2597
115	2103	5247	5134
116	2103	14	14
117	2103	3649	3576
118	2103	8253	8084
119	2103	10	10
120	2103	3201	3124
121	2103	2820	2753
122	2103	2644	2587
123	2103	2638	2571
124	2103	5284	5174
125	2103	2913	2845
126	2103	2627	2572
127	2103	3359	3290
128	2103	4126	4043
129	2103	3699	3600
130	2103	4015	3920
131	2103	10	8
132	2103	4270	4143
133	2103	2852	2779
134	2103	4	4
135	2103	1460	1418
136	2103	287	268
137	2103	2004	1956
138	2103	7	7
139	2103	574	554
140	2103	7	7
141	2103	7	7
142	2103	2987	2904
143	2103	3290	3219
144	2103	1	1
145	2103	1916	1865
146	2103	3638	3551
147	2103	1	1
148	2103	3239	3160
149	2103	5	5
150	2103	12	12
151	2103	4	4
152	2103	2967	2919
153	2103	3521	3437
154	2103	2942	2874
155	2103	2482	2434
156	2103	12	11
157	2103	2706	2646
158	2103	3603	3541
159	2103	3525	3442
160	2103	2846	2780
161	2103	19	13
162	2103	3672	3606
163	2103	3247	3182
164	2103	3467	3346
165	2103	4295	4207
166	2103	33	30
167	2103	3675	3596
168	2103	2319	2265
169	2103	3526	3453
170	2103	3418	3328
171	2103	2	2
172	2103	2972	2897
173	2103	3830	3744
174	2103	2894	2835
175	2103	2639	2585
176	2103	38	32
177	2103	2735	2643
178	2103	2012	1918
179	2103	139	128
180	2103	4	4
181	2103	3	2
182	2103	8	7
183	2103	3	3
184	2103	4	2
185	2103	2	0
186	2103	90	82
187	2103	24	19
188	2103	9	5
189	2103	1	1
190	2103	2807	2741
191	2103	9	7
192	2103	13	12
0	2104	173074	139834
1	2104	32	28
2	2104	3986	3884
3	2104	3001	2843
4	2104	3274	3189
5	2104	62	50
6	2104	25	20
7	2104	3179	3075
8	2104	3446	3326
9	2104	3938	3840
10	2104	4418	4295
11	2104	515	467
12	2104	1745	1666
13	2104	1542	1399
14	2104	4812	4691
15	2104	2104	2039
16	2104	72	58
17	2104	4705	4584
18	2104	4345	4260
19	2104	1286	1232
20	2104	3305	3197
21	2104	94	71
22	2104	4342	4223
23	2104	2101	1884
24	2104	3034	2948
25	2104	3022	2932
26	2104	52	45
27	2104	4218	4085
28	2104	3613	3500
29	2104	3322	3173
30	2104	5300	5160
31	2104	2618	2518
32	2104	3413	3314
33	2104	3616	3507
34	2104	3008	2898
35	2104	2233	2168
36	2104	49	38
37	2104	14	14
38	2104	34	32
39	2104	4832	4702
40	2104	4593	4457
41	2104	160	130
42	2104	4175	4059
43	2104	4021	3888
44	2104	3974	3863
45	2104	3714	3586
46	2104	167	119
47	2104	3925	3802
48	2104	3496	3409
49	2104	3839	3725
50	2104	3460	3361
51	2104	1945	1891
52	2104	3742	3652
53	2104	4064	3955
54	2104	4447	4331
55	2104	110	86
56	2104	3964	3857
57	2104	5449	5326
58	2104	3938	3865
59	2104	4480	4355
60	2104	270	233
61	2104	4217	4094
62	2104	25	23
63	2104	4725	4600
64	2104	2802	2697
65	2104	42	34
66	2104	3763	3676
67	2104	3027	2826
68	2104	2062	2001
69	2104	3911	3745
70	2104	114	78
71	2104	3601	3499
72	2104	2959	2881
73	2104	4119	3997
74	2104	3350	3261
75	2104	73	61
76	2104	72	60
77	2104	4716	4539
78	2104	3280	3163
79	2104	3008	2947
80	2104	4402	4254
81	2104	30	26
82	2104	2906	2844
83	2104	3314	3227
84	2104	3716	3609
85	2104	3380	3301
86	2104	151	125
87	2104	2661	2585
88	2104	3404	3295
89	2104	3550	3476
90	2104	4512	4411
91	2104	46	37
92	2104	3671	3563
93	2104	3909	3812
94	2104	4314	4192
95	2104	24	21
96	2104	42	30
97	2104	3312	3174
98	2104	4051	3930
99	2104	3107	3013
100	2104	3359	3257
101	2104	8	8
102	2104	4073	3977
103	2104	3468	3375
104	2104	2806	2720
105	2104	1939	1884
106	2104	13	13
107	2104	3518	3438
108	2104	4512	4377
109	2104	4911	4786
110	2104	4192	4079
111	2104	661	605
112	2104	3329	3222
113	2104	4482	4372
114	2104	2861	2776
115	2104	5467	5338
116	2104	4	4
117	2104	3818	3729
118	2104	8573	8357
119	2104	13	13
120	2104	3369	3280
121	2104	2811	2758
122	2104	2931	2835
123	2104	2674	2608
124	2104	5338	5174
125	2104	3023	2954
126	2104	2682	2621
127	2104	3279	3201
128	2104	4353	4244
129	2104	3996	3894
130	2104	4194	4090
131	2104	13	11
132	2104	4322	4172
133	2104	2939	2866
134	2104	9	9
135	2104	1428	1393
136	2104	278	248
137	2104	2129	2082
138	2104	21	21
139	2104	584	569
140	2104	16	15
141	2104	5	4
142	2104	3056	2968
143	2104	3317	3213
144	2104	8	7
145	2104	2091	2023
146	2104	3405	3324
147	2104	1	1
148	2104	3161	3062
149	2104	1	1
150	2104	27	27
151	2104	5	5
152	2104	3154	3053
153	2104	3374	3274
154	2104	2918	2845
155	2104	2574	2521
156	2104	12	12
157	2104	2694	2617
158	2104	3617	3540
159	2104	3677	3584
160	2104	3075	2982
161	2104	18	16
162	2104	3853	3751
163	2104	3424	3340
164	2104	3526	3415
165	2104	4474	4374
166	2104	14	14
167	2104	3588	3501
168	2104	2546	2480
169	2104	3524	3439
170	2104	3339	3248
171	2104	6	6
172	2104	3105	3021
173	2104	3805	3707
174	2104	2986	2900
175	2104	2677	2607
176	2104	32	25
177	2104	2755	2655
178	2104	2067	1971
179	2104	149	133
180	2104	3	3
181	2104	7	6
182	2104	12	9
183	2104	3	3
184	2104	5	4
185	2104	13	12
186	2104	93	85
187	2104	11	8
188	2104	7	6
189	2104	3	2
190	2104	2908	2830
191	2104	19	16
192	2104	27	23
0	2105	179910	145025
1	2105	28	26
2	2105	3813	3714
3	2105	2886	2767
4	2105	3379	3260
5	2105	65	56
6	2105	16	12
7	2105	3129	3035
8	2105	3290	3176
9	2105	3819	3702
10	2105	4531	4397
11	2105	549	490
12	2105	1657	1584
13	2105	1608	1476
14	2105	4600	4463
15	2105	2097	2026
16	2105	67	52
17	2105	4630	4514
18	2105	4336	4238
19	2105	1367	1303
20	2105	3187	3101
21	2105	71	61
22	2105	4415	4281
23	2105	2151	1992
24	2105	2903	2797
25	2105	2874	2790
26	2105	45	31
27	2105	4058	3958
28	2105	3639	3504
29	2105	3103	2970
30	2105	5210	5044
31	2105	2529	2442
32	2105	3287	3201
33	2105	3811	3677
34	2105	3004	2897
35	2105	2120	2054
36	2105	47	35
37	2105	11	11
38	2105	22	20
39	2105	4854	4731
40	2105	4643	4477
41	2105	151	118
42	2105	4035	3931
43	2105	3820	3692
44	2105	3961	3810
45	2105	3591	3474
46	2105	139	98
47	2105	4019	3889
48	2105	3387	3297
49	2105	3870	3761
50	2105	3400	3287
51	2105	2030	1974
52	2105	3541	3453
53	2105	4153	4055
54	2105	4355	4234
55	2105	103	74
56	2105	4054	3919
57	2105	5389	5255
58	2105	3828	3735
59	2105	4492	4357
60	2105	268	238
61	2105	4152	4050
62	2105	18	17
63	2105	4849	4737
64	2105	2685	2586
65	2105	63	48
66	2105	3900	3805
67	2105	3181	2985
68	2105	2088	2026
69	2105	3915	3746
70	2105	102	73
71	2105	3711	3589
72	2105	3010	2922
73	2105	4027	3899
74	2105	3379	3283
75	2105	69	50
76	2105	48	46
77	2105	4634	4441
78	2105	3449	3326
79	2105	3203	3116
80	2105	4366	4185
81	2105	39	31
82	2105	2836	2762
83	2105	3337	3227
84	2105	3599	3501
85	2105	3170	3082
86	2105	121	104
87	2105	2637	2566
88	2105	3205	3110
89	2105	3622	3546
90	2105	4316	4233
91	2105	67	53
92	2105	3733	3640
93	2105	3896	3783
94	2105	4330	4196
95	2105	24	21
96	2105	33	23
97	2105	3077	2973
98	2105	4147	4029
99	2105	3103	3013
100	2105	3275	3191
101	2105	5	3
102	2105	3916	3813
103	2105	3432	3331
104	2105	2837	2745
105	2105	1978	1911
106	2105	13	13
107	2105	3468	3354
108	2105	4511	4385
109	2105	4887	4776
110	2105	4136	4037
111	2105	691	615
112	2105	3390	3304
113	2105	4418	4304
114	2105	2816	2734
115	2105	5154	5029
116	2105	13	13
117	2105	3797	3707
118	2105	8456	8258
119	2105	4	4
120	2105	3582	3478
121	2105	2821	2748
122	2105	2811	2726
123	2105	2676	2607
124	2105	5193	5046
125	2105	3071	2996
126	2105	2756	2683
127	2105	3394	3318
128	2105	4324	4203
129	2105	3888	3816
130	2105	4030	3932
131	2105	9	7
132	2105	4291	4175
133	2105	3018	2941
134	2105	13	12
135	2105	1455	1413
136	2105	292	259
137	2105	2142	2092
138	2105	11	11
139	2105	594	585
140	2105	10	8
141	2105	3	3
142	2105	2973	2903
143	2105	3358	3267
144	2105	3	3
145	2105	2101	2032
146	2105	3616	3543
147	2105	3	3
148	2105	3093	3012
149	2105	5	5
150	2105	22	21
151	2105	8	5
152	2105	3064	2983
153	2105	3406	3321
154	2105	3065	2993
155	2105	2580	2515
156	2105	23	23
157	2105	2659	2577
158	2105	3833	3759
159	2105	3882	3787
160	2105	3009	2929
161	2105	22	14
162	2105	3727	3652
163	2105	3264	3162
164	2105	3456	3348
165	2105	4288	4183
166	2105	21	20
167	2105	3626	3544
168	2105	2621	2552
169	2105	3294	3206
170	2105	3476	3383
171	2105	4	3
172	2105	3143	3047
173	2105	3660	3557
174	2105	2918	2843
175	2105	2671	2615
176	2105	47	41
177	2105	2643	2528
178	2105	2075	1978
179	2105	154	134
180	2105	6	5
181	2105	1	0
182	2105	4	3
183	2105	3	2
184	2105	11	10
185	2105	4	3
186	2105	115	101
187	2105	12	9
188	2105	14	10
189	2105	3	2
190	2105	2816	2748
191	2105	6	5
192	2105	28	23
0	2106	179914	143759
1	2106	29	24
2	2106	3826	3715
3	2106	3016	2874
4	2106	3419	3309
5	2106	81	68
6	2106	30	26
7	2106	3160	3070
8	2106	3471	3324
9	2106	3597	3474
10	2106	4458	4337
11	2106	530	463
12	2106	1662	1574
13	2106	1587	1454
14	2106	4545	4398
15	2106	2012	1957
16	2106	45	31
17	2106	4740	4602
18	2106	4168	4054
19	2106	1370	1316
20	2106	3404	3309
21	2106	63	50
22	2106	4282	4143
23	2106	2249	2034
24	2106	2802	2692
25	2106	2853	2760
26	2106	57	47
27	2106	4149	3992
28	2106	3523	3394
29	2106	3080	2927
30	2106	4984	4830
31	2106	2488	2388
32	2106	3319	3213
33	2106	3744	3625
34	2106	2956	2843
35	2106	2083	2012
36	2106	63	51
37	2106	17	17
38	2106	15	15
39	2106	4881	4742
40	2106	4669	4516
41	2106	159	121
42	2106	4051	3923
43	2106	3855	3730
44	2106	3873	3737
45	2106	3685	3576
46	2106	131	86
47	2106	4048	3917
48	2106	3363	3249
49	2106	3858	3726
50	2106	3477	3377
51	2106	2140	2077
52	2106	3589	3493
53	2106	4305	4166
54	2106	4430	4302
55	2106	84	62
56	2106	4034	3884
57	2106	5325	5166
58	2106	4021	3912
59	2106	4433	4279
60	2106	251	217
61	2106	3912	3807
62	2106	27	25
63	2106	4798	4658
64	2106	2682	2604
65	2106	69	58
66	2106	3747	3640
67	2106	2847	2662
68	2106	2024	1971
69	2106	4041	3866
70	2106	95	72
71	2106	3763	3664
72	2106	2840	2757
73	2106	4228	4079
74	2106	3273	3185
75	2106	80	67
76	2106	43	38
77	2106	4775	4618
78	2106	3226	3088
79	2106	3052	2941
80	2106	4163	4008
81	2106	20	17
82	2106	2919	2830
83	2106	3246	3147
84	2106	3711	3606
85	2106	3169	3085
86	2106	109	92
87	2106	2732	2645
88	2106	3085	2989
89	2106	3595	3509
90	2106	4217	4104
91	2106	51	36
92	2106	3726	3609
93	2106	3857	3746
94	2106	4303	4173
95	2106	23	13
96	2106	39	35
97	2106	3112	3010
98	2106	4039	3919
99	2106	3105	3018
100	2106	3228	3107
101	2106	8	8
102	2106	3800	3691
103	2106	3399	3285
104	2106	2780	2673
105	2106	1987	1927
106	2106	11	10
107	2106	3367	3261
108	2106	4601	4451
109	2106	4571	4466
110	2106	4007	3870
111	2106	700	617
112	2106	3444	3338
113	2106	4409	4304
114	2106	2689	2613
115	2106	5379	5252
116	2106	9	9
117	2106	3877	3771
118	2106	8393	8177
119	2106	7	7
120	2106	3423	3317
121	2106	2876	2795
122	2106	2801	2717
123	2106	2803	2725
124	2106	5315	5161
125	2106	3010	2936
126	2106	2572	2504
127	2106	3464	3367
128	2106	4436	4300
129	2106	3904	3781
130	2106	4091	3972
131	2106	10	7
132	2106	4362	4218
133	2106	2845	2785
134	2106	7	7
135	2106	1447	1402
136	2106	257	233
137	2106	2229	2167
138	2106	17	16
139	2106	617	604
140	2106	16	14
141	2106	3	3
142	2106	3026	2909
143	2106	3414	3309
144	2106	6	6
145	2106	1989	1900
146	2106	3442	3336
147	2106	3	2
148	2106	3109	3018
150	2106	29	29
151	2106	5	5
152	2106	3053	2975
153	2106	3446	3346
154	2106	3070	2985
155	2106	2551	2474
156	2106	12	12
157	2106	2721	2654
158	2106	3718	3610
159	2106	3740	3646
160	2106	3056	2972
161	2106	14	10
162	2106	3714	3609
163	2106	3231	3129
164	2106	3348	3223
165	2106	4284	4178
166	2106	15	14
167	2106	3725	3643
168	2106	2435	2352
169	2106	3288	3187
170	2106	3375	3277
171	2106	5	4
172	2106	3037	2941
173	2106	3685	3578
174	2106	2889	2835
175	2106	2753	2678
176	2106	40	33
177	2106	2747	2618
178	2106	2092	1991
179	2106	172	153
180	2106	5	5
181	2106	5	5
182	2106	4	3
183	2106	3	1
184	2106	11	6
185	2106	7	6
186	2106	120	104
187	2106	14	7
188	2106	9	8
189	2106	4	3
190	2106	2802	2722
191	2106	14	10
192	2106	20	20
0	2107	179529	143805
1	2107	29	28
2	2107	3772	3656
3	2107	3033	2858
4	2107	3426	3315
5	2107	63	56
6	2107	20	15
7	2107	3092	2978
8	2107	3324	3191
9	2107	3868	3753
10	2107	4367	4214
11	2107	528	438
12	2107	1707	1633
13	2107	1549	1380
14	2107	4673	4518
15	2107	2139	2057
16	2107	58	37
17	2107	4634	4502
18	2107	4284	4180
19	2107	1332	1275
20	2107	3351	3257
21	2107	84	65
22	2107	4296	4178
23	2107	2045	1802
24	2107	2959	2849
25	2107	2791	2677
26	2107	49	30
27	2107	4039	3892
28	2107	3580	3440
29	2107	3085	2917
30	2107	4867	4740
31	2107	2627	2509
32	2107	3177	3075
33	2107	3554	3434
34	2107	3134	3019
35	2107	2117	2045
36	2107	50	36
37	2107	11	11
38	2107	14	13
39	2107	4734	4616
40	2107	4881	4718
41	2107	134	99
42	2107	4012	3865
43	2107	3826	3682
44	2107	3838	3698
45	2107	3496	3381
46	2107	134	92
47	2107	3836	3720
48	2107	3228	3108
49	2107	3816	3713
50	2107	3235	3126
51	2107	2101	2032
52	2107	3498	3381
53	2107	4031	3917
54	2107	4278	4172
55	2107	96	73
56	2107	4107	3979
57	2107	5374	5215
58	2107	4036	3914
59	2107	4547	4398
60	2107	257	206
61	2107	3956	3840
62	2107	25	23
63	2107	4747	4620
64	2107	2636	2537
65	2107	63	55
66	2107	3627	3514
67	2107	3010	2811
68	2107	2114	2040
69	2107	4005	3807
70	2107	94	61
71	2107	3652	3540
72	2107	2910	2817
73	2107	4172	4032
74	2107	3144	3059
75	2107	78	59
76	2107	48	40
77	2107	4706	4516
78	2107	3226	3100
79	2107	3008	2903
80	2107	4263	4109
81	2107	30	23
82	2107	2804	2724
83	2107	3413	3308
84	2107	3566	3476
85	2107	3318	3219
86	2107	134	108
87	2107	2823	2740
88	2107	3118	3010
89	2107	3556	3441
90	2107	4480	4380
91	2107	56	42
92	2107	3552	3452
93	2107	3944	3839
94	2107	4307	4165
95	2107	24	18
96	2107	36	23
97	2107	3186	3050
98	2107	3963	3834
99	2107	3022	2955
100	2107	3288	3166
101	2107	4	3
102	2107	3858	3774
103	2107	3382	3276
104	2107	2740	2638
105	2107	1982	1916
106	2107	10	8
107	2107	3453	3337
108	2107	4405	4244
109	2107	4744	4612
110	2107	3967	3877
111	2107	660	567
112	2107	3411	3309
113	2107	4320	4201
114	2107	2677	2583
115	2107	5311	5171
116	2107	11	11
117	2107	3714	3599
118	2107	8380	8135
119	2107	8	8
120	2107	3441	3339
121	2107	2929	2845
122	2107	2795	2713
123	2107	2526	2441
124	2107	5136	4980
125	2107	2915	2849
126	2107	2718	2643
127	2107	3424	3322
128	2107	4283	4151
129	2107	3867	3765
130	2107	3883	3794
131	2107	7	6
132	2107	4053	3928
133	2107	2881	2803
134	2107	16	16
135	2107	1420	1376
136	2107	265	233
137	2107	2168	2096
138	2107	12	12
139	2107	645	627
140	2107	13	13
141	2107	2	2
142	2107	3043	2917
143	2107	3357	3231
144	2107	1	1
145	2107	1939	1873
146	2107	3609	3505
147	2107	3	3
148	2107	3362	3267
149	2107	3	3
150	2107	21	21
151	2107	3	1
152	2107	3101	3006
153	2107	3418	3333
154	2107	2937	2869
155	2107	2485	2409
156	2107	18	18
157	2107	2798	2711
158	2107	3680	3593
159	2107	3674	3580
160	2107	3125	3030
161	2107	24	19
162	2107	3727	3611
163	2107	3379	3299
164	2107	3421	3306
165	2107	4307	4197
166	2107	18	13
167	2107	3686	3578
168	2107	2572	2498
169	2107	3397	3301
170	2107	3524	3430
171	2107	11	11
172	2107	2988	2884
173	2107	3708	3593
174	2107	2861	2773
175	2107	2621	2551
176	2107	27	22
177	2107	2682	2539
178	2107	2064	1958
179	2107	171	148
180	2107	3	3
181	2107	5	4
182	2107	2	2
183	2107	4	3
184	2107	7	2
185	2107	5	4
186	2107	103	89
187	2107	20	12
188	2107	12	10
189	2107	3	3
190	2107	2893	2809
191	2107	11	8
192	2107	13	12
0	2108	183596	149202
1	2108	35	34
2	2108	3834	3731
3	2108	2970	2838
4	2108	3435	3312
5	2108	78	72
6	2108	16	15
7	2108	3028	2934
8	2108	3211	3120
9	2108	3783	3683
10	2108	4395	4275
11	2108	493	452
12	2108	1586	1497
13	2108	1548	1422
14	2108	4670	4535
15	2108	2106	2038
16	2108	50	36
17	2108	4566	4436
18	2108	4207	4100
19	2108	1379	1307
20	2108	3409	3318
21	2108	61	51
22	2108	4287	4170
23	2108	2150	1988
24	2108	2875	2782
25	2108	2801	2733
26	2108	80	59
27	2108	3969	3865
28	2108	3637	3519
29	2108	2901	2758
30	2108	5076	4938
31	2108	2584	2477
32	2108	3151	3065
33	2108	3687	3581
34	2108	2946	2858
35	2108	2068	2001
36	2108	46	35
37	2108	12	11
38	2108	21	20
39	2108	4897	4775
40	2108	4675	4535
41	2108	150	114
42	2108	3981	3865
43	2108	3767	3632
44	2108	3645	3533
45	2108	3657	3542
46	2108	108	78
47	2108	3916	3792
48	2108	3246	3156
49	2108	3783	3680
50	2108	3125	3038
51	2108	2006	1947
52	2108	3491	3401
53	2108	3837	3732
54	2108	4323	4198
55	2108	86	65
56	2108	3857	3742
57	2108	5255	5096
58	2108	4043	3957
59	2108	4485	4369
60	2108	277	252
61	2108	3995	3868
62	2108	37	37
63	2108	4724	4600
64	2108	2638	2546
65	2108	69	55
66	2108	3764	3681
67	2108	2930	2752
68	2108	2073	2010
69	2108	3931	3736
70	2108	94	79
71	2108	3596	3503
72	2108	2839	2748
73	2108	4061	3947
74	2108	3247	3142
75	2108	89	70
76	2108	50	45
77	2108	4942	4749
78	2108	3367	3247
79	2108	2991	2923
80	2108	4287	4128
81	2108	26	19
82	2108	2747	2671
83	2108	3238	3145
84	2108	3659	3569
85	2108	3259	3165
86	2108	121	98
87	2108	2807	2738
88	2108	3126	3037
89	2108	3364	3300
90	2108	4254	4160
91	2108	53	44
92	2108	3709	3600
93	2108	3786	3686
94	2108	4151	4027
95	2108	28	22
96	2108	50	34
97	2108	3118	3018
98	2108	3847	3748
99	2108	3221	3126
100	2108	3189	3100
101	2108	5	5
102	2108	3941	3869
103	2108	3435	3328
104	2108	2683	2595
105	2108	1963	1912
106	2108	11	9
107	2108	3491	3396
108	2108	4428	4302
109	2108	4738	4644
110	2108	4041	3942
111	2108	644	579
112	2108	3287	3192
113	2108	4305	4194
114	2108	2697	2635
115	2108	5295	5166
116	2108	10	10
117	2108	3785	3686
118	2108	8175	7941
119	2108	5	5
120	2108	3343	3250
121	2108	2852	2794
122	2108	2891	2824
123	2108	2692	2637
124	2108	5039	4886
125	2108	2997	2933
126	2108	2623	2562
127	2108	3299	3230
128	2108	4188	4076
129	2108	3814	3716
130	2108	4183	4079
131	2108	14	13
132	2108	4152	4022
133	2108	2891	2822
134	2108	8	8
135	2108	1389	1345
136	2108	230	217
137	2108	2185	2146
138	2108	15	15
139	2108	580	565
140	2108	17	16
141	2108	1	1
142	2108	3058	2954
143	2108	3366	3284
144	2108	3	3
145	2108	1980	1911
146	2108	3544	3469
147	2108	2	2
148	2108	3135	3063
149	2108	6	5
150	2108	21	21
151	2108	10	7
152	2108	2850	2784
153	2108	3326	3245
154	2108	3099	3033
155	2108	2641	2570
156	2108	15	12
157	2108	2596	2529
158	2108	3620	3521
159	2108	3620	3535
160	2108	2899	2814
161	2108	24	17
162	2108	3600	3506
163	2108	3288	3201
164	2108	3468	3352
165	2108	4266	4178
166	2108	17	13
167	2108	3743	3662
168	2108	2467	2391
169	2108	3317	3234
170	2108	3363	3282
171	2108	9	7
172	2108	2987	2917
173	2108	3601	3513
174	2108	3124	3041
175	2108	2532	2463
176	2108	26	24
177	2108	2761	2643
178	2108	2011	1919
179	2108	117	103
180	2108	7	7
181	2108	2	2
182	2108	9	9
183	2108	5	3
184	2108	10	6
185	2108	5	5
186	2108	68	60
187	2108	16	14
188	2108	16	11
189	2108	7	6
190	2108	2913	2833
191	2108	5	2
192	2108	11	8
0	2109	182292	147252
1	2109	30	26
2	2109	3733	3621
3	2109	2967	2834
4	2109	3469	3347
5	2109	68	61
6	2109	20	18
7	2109	3090	3000
8	2109	3287	3171
9	2109	3803	3669
10	2109	4460	4327
11	2109	514	478
12	2109	1590	1522
13	2109	1519	1428
14	2109	4743	4602
15	2109	2171	2110
16	2109	53	35
17	2109	4474	4380
18	2109	4084	3971
19	2109	1365	1305
20	2109	3360	3261
21	2109	62	51
22	2109	4333	4224
23	2109	2087	1952
24	2109	2798	2722
25	2109	2848	2786
26	2109	73	59
27	2109	4086	3942
28	2109	3578	3480
29	2109	2834	2658
30	2109	5014	4873
31	2109	2537	2422
32	2109	3252	3165
33	2109	3657	3540
34	2109	2948	2835
35	2109	2156	2072
36	2109	75	60
37	2109	16	13
38	2109	14	14
39	2109	5044	4907
40	2109	4586	4435
41	2109	179	130
42	2109	4122	3995
43	2109	3855	3722
44	2109	3630	3494
45	2109	3614	3499
46	2109	120	74
47	2109	3798	3663
48	2109	3268	3152
49	2109	3904	3785
50	2109	3215	3115
51	2109	2101	2031
52	2109	3570	3436
53	2109	3946	3833
54	2109	4350	4219
55	2109	96	72
56	2109	3892	3757
57	2109	5057	4915
58	2109	4103	3997
59	2109	4383	4251
60	2109	303	272
61	2109	4168	4028
62	2109	24	24
63	2109	4688	4557
64	2109	2669	2583
65	2109	58	45
66	2109	3807	3697
67	2109	2936	2783
68	2109	2221	2151
69	2109	4001	3820
70	2109	98	64
71	2109	3867	3754
72	2109	2751	2651
73	2109	4024	3901
74	2109	3195	3113
75	2109	68	57
76	2109	52	50
77	2109	4777	4600
78	2109	3288	3156
79	2109	2996	2918
80	2109	4084	3944
81	2109	33	24
82	2109	2745	2679
83	2109	3233	3137
84	2109	3509	3411
85	2109	3216	3128
86	2109	127	108
87	2109	2728	2648
88	2109	3099	2986
89	2109	3422	3332
90	2109	4395	4278
91	2109	50	35
92	2109	3705	3593
93	2109	3887	3772
94	2109	4108	4000
95	2109	20	16
96	2109	43	26
97	2109	3022	2915
98	2109	3798	3690
99	2109	3197	3107
100	2109	3305	3190
101	2109	4	3
102	2109	3891	3809
103	2109	3397	3302
104	2109	2789	2696
105	2109	1999	1939
106	2109	11	9
107	2109	3383	3262
108	2109	4340	4203
109	2109	4693	4584
110	2109	4004	3897
111	2109	616	577
112	2109	3357	3265
113	2109	4418	4299
114	2109	2701	2612
115	2109	5312	5140
116	2109	8	7
117	2109	3663	3567
118	2109	8114	7886
119	2109	7	7
120	2109	3359	3261
121	2109	2726	2649
122	2109	2810	2717
123	2109	2568	2504
124	2109	5103	4964
125	2109	3014	2927
126	2109	2604	2541
127	2109	3252	3166
128	2109	4454	4317
129	2109	3831	3737
130	2109	3820	3722
131	2109	8	8
132	2109	3951	3821
133	2109	2850	2789
134	2109	10	10
135	2109	1384	1346
136	2109	237	221
137	2109	2123	2053
138	2109	10	10
139	2109	584	565
140	2109	10	7
141	2109	3	3
142	2109	2984	2896
143	2109	3414	3326
144	2109	3	3
145	2109	1987	1928
146	2109	3600	3495
147	2109	3	3
148	2109	3177	3082
150	2109	22	22
151	2109	2	1
152	2109	2930	2858
153	2109	3214	3145
154	2109	2963	2875
155	2109	2453	2397
156	2109	8	7
157	2109	2791	2730
158	2109	3607	3533
159	2109	3630	3544
160	2109	3087	2969
161	2109	26	21
162	2109	3740	3624
163	2109	3220	3118
164	2109	3430	3322
165	2109	4252	4140
166	2109	19	18
167	2109	3667	3579
168	2109	2470	2411
169	2109	3353	3264
170	2109	3380	3288
171	2109	2	2
172	2109	3036	2936
173	2109	3727	3634
174	2109	2869	2794
175	2109	2599	2518
176	2109	38	33
177	2109	2636	2538
178	2109	2114	2043
179	2109	142	135
180	2109	4	3
181	2109	2	2
182	2109	4	4
183	2109	6	5
184	2109	5	2
185	2109	13	7
186	2109	84	78
187	2109	16	10
188	2109	11	10
189	2109	5	4
190	2109	2836	2759
191	2109	7	5
192	2109	18	17
0	2110	181336	149703
1	2110	24	23
2	2110	3746	3661
3	2110	3159	3033
4	2110	3361	3274
5	2110	73	59
6	2110	27	24
7	2110	3067	2981
8	2110	3278	3145
9	2110	3815	3717
10	2110	4337	4225
11	2110	590	527
12	2110	1521	1456
13	2110	1470	1386
14	2110	4494	4366
15	2110	1951	1906
16	2110	56	43
17	2110	4430	4325
18	2110	4167	4067
19	2110	1391	1338
20	2110	3346	3271
21	2110	83	77
22	2110	4393	4278
23	2110	2031	1875
24	2110	2845	2763
25	2110	2790	2711
26	2110	61	43
27	2110	3867	3755
28	2110	3674	3569
29	2110	2670	2512
30	2110	4903	4767
31	2110	2582	2485
32	2110	3188	3101
33	2110	3618	3540
34	2110	3071	2981
35	2110	2078	2018
36	2110	54	39
37	2110	14	14
38	2110	14	14
39	2110	4674	4577
40	2110	4514	4396
41	2110	134	99
42	2110	3942	3829
43	2110	3736	3636
44	2110	3910	3796
45	2110	3552	3449
46	2110	117	73
47	2110	3695	3599
48	2110	3152	3060
49	2110	3689	3591
50	2110	3297	3204
51	2110	2102	2050
52	2110	3407	3327
53	2110	4053	3960
54	2110	4116	4005
55	2110	91	61
56	2110	3769	3674
57	2110	5355	5226
58	2110	3923	3823
59	2110	4435	4320
60	2110	262	235
61	2110	3993	3890
62	2110	39	38
63	2110	4707	4613
64	2110	2720	2629
65	2110	51	39
66	2110	3677	3581
67	2110	2884	2734
68	2110	2158	2090
69	2110	3898	3739
70	2110	62	45
71	2110	3425	3329
72	2110	2837	2725
73	2110	3966	3861
74	2110	3321	3211
75	2110	59	49
76	2110	59	55
77	2110	4777	4607
78	2110	3361	3259
79	2110	3137	3060
80	2110	3929	3760
81	2110	39	31
82	2110	2717	2644
83	2110	3235	3147
84	2110	3488	3393
85	2110	3329	3254
86	2110	131	114
87	2110	2733	2675
88	2110	3070	2985
89	2110	3404	3342
90	2110	4205	4114
91	2110	53	36
92	2110	3545	3449
93	2110	3767	3667
94	2110	4122	4006
95	2110	26	16
96	2110	41	29
97	2110	3044	2947
98	2110	3808	3721
99	2110	3125	3054
100	2110	3229	3141
101	2110	6	6
102	2110	4027	3934
103	2110	3544	3442
104	2110	2750	2676
105	2110	1928	1860
106	2110	14	13
107	2110	3444	3350
108	2110	4259	4149
109	2110	4668	4584
110	2110	3990	3903
111	2110	685	626
112	2110	3271	3181
113	2110	4242	4151
114	2110	2644	2587
115	2110	5032	4923
116	2110	14	14
117	2110	3604	3501
118	2110	8315	8134
119	2110	5	5
120	2110	3286	3205
121	2110	2789	2719
122	2110	2854	2783
123	2110	2636	2572
124	2110	5394	5268
125	2110	3049	2974
126	2110	2686	2619
127	2110	3386	3310
128	2110	4267	4179
129	2110	3737	3648
130	2110	3894	3807
131	2110	8	5
132	2110	3893	3769
133	2110	2724	2660
134	2110	10	10
135	2110	1414	1374
136	2110	287	259
137	2110	2221	2164
138	2110	11	11
139	2110	529	512
140	2110	16	16
141	2110	6	6
142	2110	3041	2960
143	2110	3342	3255
144	2110	7	6
145	2110	1922	1868
146	2110	3500	3419
147	2110	3	3
148	2110	3236	3144
149	2110	1	1
150	2110	15	15
151	2110	6	5
152	2110	2950	2874
153	2110	3311	3227
154	2110	2936	2882
155	2110	2540	2487
156	2110	20	20
157	2110	2808	2745
158	2110	3568	3492
159	2110	3534	3466
160	2110	2978	2898
161	2110	13	11
162	2110	3738	3654
163	2110	3291	3197
164	2110	3307	3219
165	2110	4210	4135
166	2110	16	15
167	2110	3617	3530
168	2110	2472	2409
169	2110	3275	3189
170	2110	3415	3335
171	2110	9	8
172	2110	2995	2933
173	2110	3670	3576
174	2110	2775	2708
175	2110	2615	2550
176	2110	31	25
177	2110	2644	2544
178	2110	2094	1976
179	2110	130	123
180	2110	10	8
181	2110	1	1
182	2110	7	5
183	2110	1	0
184	2110	5	2
185	2110	10	6
186	2110	133	124
187	2110	14	8
188	2110	15	13
189	2110	5	5
190	2110	2894	2831
191	2110	4	3
192	2110	21	21
0	2111	184139	142776
1	2111	36	34
2	2111	3936	3793
3	2111	3135	2999
4	2111	3539	3427
5	2111	73	63
6	2111	17	12
7	2111	3196	3073
8	2111	3395	3235
9	2111	3967	3830
10	2111	4817	4653
11	2111	607	542
12	2111	1771	1684
13	2111	1575	1447
14	2111	4882	4690
15	2111	2237	2153
16	2111	59	49
17	2111	4779	4591
18	2111	4341	4196
19	2111	1467	1393
20	2111	3529	3414
21	2111	72	52
22	2111	4588	4423
23	2111	2275	2047
24	2111	2956	2831
25	2111	3068	2928
26	2111	79	63
27	2111	3811	3654
28	2111	3834	3687
29	2111	2494	2301
30	2111	5040	4856
31	2111	2581	2466
32	2111	3288	3155
33	2111	3849	3716
34	2111	3171	3047
35	2111	2263	2171
36	2111	45	29
37	2111	9	9
38	2111	22	19
39	2111	4802	4630
40	2111	4874	4662
41	2111	148	118
42	2111	4330	4153
43	2111	4074	3916
44	2111	4004	3845
45	2111	3728	3581
46	2111	94	63
47	2111	4136	4006
48	2111	3360	3221
49	2111	3920	3762
50	2111	3463	3350
51	2111	2145	2067
52	2111	3568	3455
53	2111	4045	3897
54	2111	4465	4307
55	2111	96	59
56	2111	4113	3925
57	2111	5472	5267
58	2111	4103	3961
59	2111	4663	4490
60	2111	253	229
61	2111	4168	3990
62	2111	21	18
63	2111	5068	4889
64	2111	2610	2493
65	2111	53	42
66	2111	3803	3674
67	2111	3034	2849
68	2111	2288	2183
69	2111	4146	3910
70	2111	85	57
71	2111	3810	3679
72	2111	2857	2733
73	2111	4209	4023
74	2111	3469	3348
75	2111	60	51
76	2111	44	41
77	2111	5161	4898
78	2111	3456	3308
79	2111	3243	3125
80	2111	3917	3701
81	2111	32	25
82	2111	2902	2813
83	2111	3311	3196
84	2111	3686	3561
85	2111	3376	3276
86	2111	146	121
87	2111	2805	2709
88	2111	3259	3125
89	2111	3656	3537
90	2111	4506	4355
91	2111	59	47
92	2111	3769	3634
93	2111	4044	3910
94	2111	4215	4053
95	2111	34	23
96	2111	38	29
97	2111	3415	3246
98	2111	3920	3770
99	2111	3514	3408
100	2111	3248	3121
101	2111	9	9
102	2111	4091	3957
103	2111	3506	3371
104	2111	2884	2776
105	2111	2106	2029
106	2111	10	10
107	2111	3453	3328
108	2111	4379	4209
109	2111	4803	4672
110	2111	4271	4130
111	2111	663	593
112	2111	3429	3309
113	2111	4547	4408
114	2111	2787	2685
115	2111	5453	5279
116	2111	9	9
117	2111	3937	3811
118	2111	8565	8289
119	2111	7	7
120	2111	3490	3372
121	2111	2931	2832
122	2111	2894	2788
123	2111	2612	2546
124	2111	5050	4868
125	2111	3192	3090
126	2111	2667	2570
127	2111	3523	3412
128	2111	4542	4375
129	2111	3914	3772
130	2111	4177	4021
131	2111	9	9
132	2111	4107	3962
133	2111	2894	2818
134	2111	7	7
135	2111	1519	1456
136	2111	247	219
137	2111	2439	2365
138	2111	9	9
139	2111	590	571
140	2111	11	10
141	2111	5	5
142	2111	3235	3113
143	2111	3614	3494
144	2111	1	1
145	2111	2079	2008
146	2111	3614	3498
147	2111	2	2
148	2111	3215	3094
149	2111	2	1
150	2111	12	12
151	2111	4	4
152	2111	2961	2856
153	2111	3545	3443
154	2111	3297	3201
155	2111	2627	2554
156	2111	14	13
157	2111	2983	2877
158	2111	3837	3697
159	2111	3759	3636
160	2111	3131	3006
161	2111	21	14
162	2111	3726	3604
163	2111	3508	3382
164	2111	3453	3327
165	2111	4371	4233
166	2111	16	15
167	2111	3702	3592
168	2111	2777	2688
169	2111	3486	3351
170	2111	3630	3501
171	2111	2	2
172	2111	3072	2962
173	2111	3731	3613
174	2111	2985	2875
175	2111	2618	2537
176	2111	31	28
177	2111	2792	2678
178	2111	2140	2016
179	2111	181	162
180	2111	6	5
181	2111	6	4
182	2111	7	6
183	2111	4	4
184	2111	12	8
185	2111	13	12
186	2111	74	63
187	2111	15	12
188	2111	15	11
189	2111	9	8
190	2111	3075	2966
191	2111	11	7
192	2111	16	16
0	2112	183117	146715
1	2112	22	18
2	2112	3671	3581
3	2112	3128	2969
4	2112	3534	3432
5	2112	74	67
6	2112	13	12
7	2112	3218	3097
8	2112	3237	3127
9	2112	3884	3763
10	2112	4607	4444
11	2112	517	445
12	2112	1750	1646
13	2112	1594	1438
14	2112	4624	4474
15	2112	2176	2091
16	2112	55	35
17	2112	4525	4399
18	2112	4052	3949
19	2112	1351	1293
20	2112	3275	3182
21	2112	70	52
22	2112	4456	4313
23	2112	2098	1905
24	2112	2789	2697
25	2112	2892	2803
26	2112	62	47
27	2112	3917	3775
28	2112	3580	3466
29	2112	2285	2113
30	2112	5037	4844
31	2112	2564	2463
32	2112	3176	3074
33	2112	3783	3668
34	2112	2997	2906
35	2112	2178	2112
36	2112	68	53
37	2112	8	7
38	2112	16	15
39	2112	4791	4649
40	2112	4411	4244
41	2112	154	109
42	2112	3967	3835
43	2112	3875	3747
44	2112	3842	3710
45	2112	3585	3454
46	2112	99	67
47	2112	3677	3565
48	2112	3103	2998
49	2112	3842	3715
50	2112	3362	3271
51	2112	2133	2073
52	2112	3486	3388
53	2112	4086	3965
54	2112	4301	4155
55	2112	74	48
56	2112	3837	3699
57	2112	5219	5081
58	2112	4009	3894
59	2112	4477	4350
60	2112	272	229
61	2112	4186	4064
62	2112	35	32
63	2112	4895	4750
64	2112	2555	2448
65	2112	53	36
66	2112	3673	3575
67	2112	3125	2921
68	2112	2077	2004
69	2112	3898	3697
70	2112	72	48
71	2112	3678	3570
72	2112	2775	2664
73	2112	4005	3892
74	2112	3125	3036
75	2112	65	57
76	2112	44	39
77	2112	4949	4754
78	2112	3244	3115
79	2112	3063	2958
80	2112	3662	3500
81	2112	24	16
82	2112	2862	2777
83	2112	3466	3365
84	2112	3674	3571
85	2112	3212	3131
86	2112	103	83
87	2112	2744	2666
88	2112	3029	2934
89	2112	3509	3428
90	2112	4143	4032
91	2112	50	40
92	2112	3742	3641
93	2112	3835	3733
94	2112	4250	4098
95	2112	15	12
96	2112	40	24
97	2112	3172	3058
98	2112	4032	3915
99	2112	3191	3112
100	2112	3098	2989
101	2112	6	6
102	2112	3909	3819
103	2112	3516	3408
104	2112	2611	2512
105	2112	2017	1947
106	2112	11	10
107	2112	3403	3310
108	2112	4412	4291
109	2112	4703	4590
110	2112	4150	4052
111	2112	624	550
112	2112	3466	3351
113	2112	4460	4338
114	2112	2847	2770
115	2112	5251	5107
116	2112	5	5
117	2112	3826	3733
118	2112	8302	8065
119	2112	6	6
120	2112	3376	3270
121	2112	2947	2866
122	2112	2882	2794
123	2112	2600	2530
124	2112	5241	5059
125	2112	2975	2893
126	2112	2723	2631
127	2112	3521	3436
128	2112	4367	4244
129	2112	3793	3683
130	2112	3998	3902
131	2112	8	7
132	2112	3993	3839
133	2112	3009	2940
134	2112	4	4
135	2112	1466	1429
136	2112	282	243
137	2112	2272	2207
138	2112	18	16
139	2112	601	588
140	2112	18	17
141	2112	3	3
142	2112	3029	2924
143	2112	3351	3252
144	2112	6	4
145	2112	1995	1929
146	2112	3532	3430
147	2112	3	3
148	2112	3225	3132
149	2112	1	1
150	2112	17	15
151	2112	5	4
152	2112	2907	2846
153	2112	3436	3327
154	2112	3014	2912
155	2112	2538	2484
156	2112	25	25
157	2112	2804	2731
158	2112	3715	3605
159	2112	3738	3642
160	2112	3089	3001
161	2112	31	26
162	2112	3729	3613
163	2112	3313	3219
164	2112	3289	3189
165	2112	4303	4192
166	2112	16	16
167	2112	3732	3644
168	2112	2495	2432
169	2112	3477	3377
170	2112	3441	3351
171	2112	3	3
172	2112	2992	2908
173	2112	3699	3601
174	2112	2948	2853
175	2112	2651	2579
176	2112	37	28
177	2112	2689	2558
178	2112	1928	1814
179	2112	158	136
180	2112	5	4
181	2112	5	4
182	2112	10	9
183	2112	4	4
184	2112	8	7
185	2112	12	9
186	2112	115	100
187	2112	11	9
188	2112	7	3
189	2112	2	2
190	2112	2949	2854
191	2112	3	2
192	2112	21	20
0	2113	179497	142178
1	2113	16	14
2	2113	3935	3817
3	2113	3122	2982
4	2113	3395	3267
5	2113	58	52
6	2113	19	16
7	2113	3140	3040
8	2113	3267	3134
9	2113	3808	3675
10	2113	4524	4389
11	2113	569	512
12	2113	1671	1601
13	2113	1644	1528
14	2113	4749	4582
15	2113	2176	2110
16	2113	56	36
17	2113	4609	4452
18	2113	4334	4189
19	2113	1445	1384
20	2113	3346	3228
21	2113	54	45
22	2113	4371	4240
23	2113	2150	2016
24	2113	2744	2635
25	2113	2919	2829
26	2113	64	48
27	2113	3539	3381
28	2113	3529	3413
29	2113	2047	1853
30	2113	5064	4894
31	2113	2613	2490
32	2113	3125	3010
33	2113	3582	3480
34	2113	3151	3034
35	2113	2085	2009
36	2113	51	33
37	2113	7	7
38	2113	33	32
39	2113	4735	4565
40	2113	4645	4447
41	2113	144	105
42	2113	4031	3883
43	2113	3761	3640
44	2113	3876	3742
45	2113	3462	3319
46	2113	83	47
47	2113	3781	3631
48	2113	3114	3010
49	2113	3828	3718
50	2113	3379	3269
51	2113	2129	2060
52	2113	3571	3423
53	2113	4083	3946
54	2113	4303	4159
55	2113	96	61
56	2113	4017	3891
57	2113	5333	5169
58	2113	4035	3901
59	2113	4630	4473
60	2113	250	217
61	2113	4056	3946
62	2113	21	18
63	2113	4910	4758
64	2113	2668	2558
65	2113	34	20
66	2113	3742	3642
67	2113	2931	2753
68	2113	2159	2090
69	2113	3874	3693
70	2113	79	59
71	2113	3618	3489
72	2113	2808	2686
73	2113	4009	3881
74	2113	3115	3010
75	2113	57	47
76	2113	28	25
77	2113	4793	4554
78	2113	3265	3121
79	2113	3014	2909
80	2113	3369	3177
81	2113	26	18
82	2113	2669	2570
83	2113	3441	3336
84	2113	3637	3499
85	2113	3401	3273
86	2113	116	93
87	2113	2737	2662
88	2113	3082	2970
89	2113	3510	3413
90	2113	4456	4334
91	2113	54	36
92	2113	3800	3662
93	2113	4134	3995
94	2113	4223	4083
95	2113	18	13
96	2113	37	25
97	2113	3167	3035
98	2113	3972	3868
99	2113	3096	3015
100	2113	3168	3052
101	2113	5	5
102	2113	4050	3927
103	2113	3541	3389
104	2113	2642	2568
105	2113	1882	1825
106	2113	15	15
107	2113	3450	3351
108	2113	4389	4226
109	2113	4571	4448
110	2113	4073	3939
111	2113	677	623
112	2113	3465	3362
113	2113	4462	4329
114	2113	2763	2657
115	2113	5177	5045
116	2113	4	4
117	2113	3906	3806
118	2113	8357	8110
119	2113	6	5
120	2113	3194	3088
121	2113	2995	2901
122	2113	2895	2791
123	2113	2673	2610
124	2113	5228	5037
125	2113	3142	3058
126	2113	2727	2637
127	2113	3484	3379
128	2113	4324	4210
129	2113	3838	3709
130	2113	3959	3817
131	2113	12	11
132	2113	3847	3683
133	2113	2953	2866
134	2113	10	10
135	2113	1546	1511
136	2113	266	239
137	2113	2060	1969
138	2113	18	17
139	2113	636	607
140	2113	14	14
141	2113	6	6
142	2113	2961	2852
143	2113	3484	3377
144	2113	3	3
145	2113	1988	1908
146	2113	3521	3420
147	2113	1	1
148	2113	3199	3114
149	2113	3	3
150	2113	12	12
151	2113	7	4
152	2113	3048	2956
153	2113	3505	3382
154	2113	2980	2875
155	2113	2621	2544
156	2113	13	13
157	2113	2663	2574
158	2113	3682	3577
159	2113	3839	3724
160	2113	3111	3004
161	2113	22	18
162	2113	3723	3598
163	2113	3408	3304
164	2113	3343	3232
165	2113	4361	4231
166	2113	12	12
167	2113	3829	3725
168	2113	2478	2386
169	2113	3376	3249
170	2113	3493	3373
171	2113	4	4
172	2113	2968	2861
173	2113	3725	3603
174	2113	2889	2795
175	2113	2688	2603
176	2113	35	27
177	2113	2585	2460
178	2113	2051	1952
179	2113	150	134
180	2113	5	4
181	2113	3	1
182	2113	6	3
183	2113	4	2
184	2113	4	3
185	2113	7	4
186	2113	135	119
187	2113	13	8
188	2113	11	6
189	2113	1	1
190	2113	2990	2886
191	2113	5	4
192	2113	18	16
0	2114	186107	148105
1	2114	28	24
2	2114	3856	3749
3	2114	3102	2974
4	2114	3322	3214
5	2114	81	77
6	2114	21	17
7	2114	3072	2983
8	2114	3387	3247
9	2114	3927	3792
10	2114	4494	4333
11	2114	566	504
12	2114	1692	1605
13	2114	1519	1415
14	2114	4511	4351
15	2114	2275	2185
16	2114	49	36
17	2114	4693	4560
18	2114	4144	4027
19	2114	1417	1344
20	2114	3396	3293
21	2114	67	58
22	2114	4378	4249
23	2114	2213	2047
24	2114	2922	2799
25	2114	2921	2821
26	2114	60	49
27	2114	3582	3451
28	2114	3682	3578
29	2114	1727	1559
30	2114	4790	4652
31	2114	2523	2414
32	2114	3156	3048
33	2114	3739	3620
34	2114	3032	2919
35	2114	2220	2159
36	2114	47	34
37	2114	18	18
38	2114	23	23
39	2114	4679	4524
40	2114	4319	4178
41	2114	128	96
42	2114	3995	3855
43	2114	3761	3613
44	2114	3797	3663
45	2114	3380	3259
46	2114	83	48
47	2114	3886	3753
48	2114	3137	3012
49	2114	3842	3701
50	2114	3479	3356
51	2114	2159	2099
52	2114	3573	3463
53	2114	4229	4092
54	2114	4135	3978
55	2114	98	68
56	2114	3849	3706
57	2114	5420	5253
58	2114	4099	3961
59	2114	4602	4439
60	2114	326	281
61	2114	4349	4223
62	2114	26	25
63	2114	4899	4748
64	2114	2617	2499
65	2114	53	40
66	2114	3703	3600
67	2114	3091	2927
68	2114	2010	1955
69	2114	4022	3821
70	2114	78	49
71	2114	3626	3500
72	2114	2851	2742
73	2114	4101	3968
74	2114	3069	2967
75	2114	56	44
76	2114	41	35
77	2114	4819	4604
78	2114	3036	2913
79	2114	3024	2955
80	2114	3230	3001
81	2114	30	24
82	2114	2791	2705
83	2114	3431	3326
84	2114	3539	3440
85	2114	3422	3320
86	2114	111	92
87	2114	2668	2583
88	2114	3025	2912
89	2114	3429	3349
90	2114	4353	4221
91	2114	39	29
92	2114	3535	3419
93	2114	3937	3805
94	2114	4127	3984
95	2114	15	11
96	2114	50	38
97	2114	3187	3048
98	2114	3940	3819
99	2114	3115	3016
100	2114	3177	3075
101	2114	6	6
102	2114	4035	3924
103	2114	3417	3313
104	2114	2588	2497
105	2114	1897	1839
106	2114	8	7
107	2114	3318	3213
108	2114	4503	4334
109	2114	4939	4785
110	2114	4064	3924
111	2114	608	549
112	2114	3412	3291
113	2114	4419	4291
114	2114	2634	2543
115	2114	5391	5243
116	2114	6	6
117	2114	3803	3694
118	2114	8388	8154
119	2114	4	4
120	2114	2911	2815
121	2114	3035	2938
122	2114	2802	2719
123	2114	2657	2583
124	2114	5156	4998
125	2114	3023	2938
126	2114	2836	2762
127	2114	3525	3415
128	2114	4309	4167
129	2114	3931	3801
130	2114	3919	3805
131	2114	5	3
132	2114	3777	3629
133	2114	2920	2847
134	2114	8	8
135	2114	1451	1405
136	2114	280	251
137	2114	2213	2144
138	2114	14	14
139	2114	611	595
140	2114	11	9
141	2114	6	6
142	2114	3166	3072
143	2114	3502	3365
144	2114	4	4
145	2114	2003	1933
146	2114	3611	3506
147	2114	2	2
148	2114	3128	3039
149	2114	3	1
150	2114	9	9
151	2114	2	2
152	2114	3026	2937
153	2114	3525	3421
154	2114	3027	2929
155	2114	2697	2618
156	2114	6	4
157	2114	2862	2785
158	2114	3611	3518
159	2114	3815	3702
160	2114	3050	2948
161	2114	13	9
162	2114	3571	3459
163	2114	3349	3240
164	2114	3531	3386
165	2114	4449	4312
166	2114	10	8
167	2114	3588	3488
168	2114	2436	2354
169	2114	3545	3429
170	2114	3516	3416
171	2114	2	1
172	2114	3024	2918
173	2114	3839	3733
174	2114	2839	2761
175	2114	2676	2590
176	2114	21	18
177	2114	2843	2730
178	2114	2098	1997
179	2114	144	128
180	2114	1	1
181	2114	4	4
182	2114	9	6
183	2114	4	4
184	2114	8	4
185	2114	10	9
186	2114	92	90
187	2114	6	5
188	2114	13	11
189	2114	6	6
190	2114	3064	2970
191	2114	4	4
192	2114	7	5
0	2115	191892	150577
1	2115	27	26
2	2115	3867	3721
3	2115	3135	2956
4	2115	3429	3284
5	2115	46	42
6	2115	17	12
7	2115	3291	3162
8	2115	3433	3269
9	2115	3997	3857
10	2115	4688	4523
11	2115	561	508
12	2115	1720	1637
13	2115	1721	1572
14	2115	4632	4438
15	2115	2189	2103
16	2115	50	41
17	2115	4726	4587
18	2115	4280	4147
19	2115	1349	1254
20	2115	3576	3464
21	2115	76	56
22	2115	4440	4285
23	2115	2257	2072
24	2115	2986	2857
25	2115	3000	2899
26	2115	67	57
27	2115	3435	3272
28	2115	3766	3615
29	2115	1501	1330
30	2115	4925	4735
31	2115	2598	2460
32	2115	3210	3092
33	2115	3968	3838
34	2115	3141	3008
35	2115	2153	2070
36	2115	36	31
37	2115	17	16
38	2115	17	16
39	2115	4688	4511
40	2115	4511	4292
41	2115	99	81
42	2115	4006	3837
43	2115	3965	3789
44	2115	3985	3848
45	2115	3653	3513
46	2115	84	55
47	2115	3877	3739
48	2115	3155	3031
49	2115	3923	3783
50	2115	3518	3380
51	2115	2162	2093
52	2115	3707	3596
53	2115	4228	4079
54	2115	4308	4168
55	2115	77	55
56	2115	3859	3707
57	2115	5230	5024
58	2115	4154	4027
59	2115	4696	4549
60	2115	296	259
61	2115	4227	4073
62	2115	28	26
63	2115	4995	4843
64	2115	2651	2527
65	2115	61	53
66	2115	3843	3710
67	2115	3066	2857
68	2115	2165	2095
69	2115	4168	3933
70	2115	61	41
71	2115	3733	3619
72	2115	2579	2482
73	2115	4188	4041
74	2115	3232	3098
75	2115	64	52
76	2115	57	50
77	2115	4985	4688
78	2115	3317	3173
79	2115	3064	2950
80	2115	3105	2859
81	2115	19	15
82	2115	2790	2702
83	2115	3391	3291
84	2115	3631	3492
85	2115	3315	3226
86	2115	104	79
87	2115	2802	2712
88	2115	3135	3017
89	2115	3728	3622
90	2115	4488	4338
91	2115	47	39
92	2115	3763	3648
93	2115	4152	4033
94	2115	4179	4003
95	2115	21	15
96	2115	44	28
97	2115	3376	3244
98	2115	4019	3883
99	2115	3243	3130
100	2115	3173	3058
101	2115	8	7
102	2115	3931	3832
103	2115	3751	3590
104	2115	2823	2693
105	2115	2031	1971
106	2115	1	0
107	2115	3551	3439
108	2115	4361	4196
109	2115	4913	4771
110	2115	4211	4070
111	2115	657	599
112	2115	3340	3221
113	2115	4472	4311
114	2115	2630	2530
115	2115	5409	5240
116	2115	9	7
117	2115	4025	3896
118	2115	8473	8229
119	2115	7	6
120	2115	3212	3075
121	2115	3049	2958
122	2115	2876	2755
123	2115	2731	2638
124	2115	5298	5127
125	2115	3114	3035
126	2115	2720	2609
127	2115	3514	3406
128	2115	4510	4363
129	2115	3990	3857
130	2115	4033	3906
131	2115	14	13
132	2115	3869	3690
133	2115	2986	2893
134	2115	10	10
135	2115	1540	1481
136	2115	291	267
137	2115	2361	2286
138	2115	8	8
139	2115	631	611
140	2115	13	12
141	2115	3	2
142	2115	3235	3113
143	2115	3615	3486
144	2115	3	3
145	2115	2029	1950
146	2115	3613	3506
147	2115	2	2
148	2115	3244	3144
149	2115	3	3
150	2115	7	7
151	2115	3	3
152	2115	3116	3019
153	2115	3533	3440
154	2115	3209	3098
155	2115	2808	2714
156	2115	17	16
157	2115	2836	2732
158	2115	3968	3866
159	2115	3806	3703
160	2115	3082	2965
161	2115	15	12
162	2115	3929	3797
163	2115	3451	3333
164	2115	3384	3241
165	2115	4600	4467
166	2115	11	9
167	2115	3843	3735
168	2115	2545	2454
169	2115	3419	3319
170	2115	3579	3465
171	2115	2	2
172	2115	2972	2885
173	2115	3816	3699
174	2115	3025	2932
175	2115	2731	2651
176	2115	34	29
177	2115	2858	2715
178	2115	2127	2004
179	2115	140	117
180	2115	2	2
181	2115	1	1
182	2115	5	5
183	2115	3	3
184	2115	10	4
185	2115	12	10
186	2115	113	100
187	2115	14	11
188	2115	8	8
189	2115	4	4
190	2115	2971	2888
191	2115	8	6
192	2115	14	12
0	2116	184450	147097
1	2116	32	30
2	2116	3914	3805
3	2116	3099	2968
4	2116	3500	3408
5	2116	66	61
6	2116	20	17
7	2116	3042	2928
8	2116	3352	3257
9	2116	3995	3877
10	2116	4859	4736
11	2116	552	513
12	2116	1751	1690
13	2116	1605	1519
14	2116	4550	4413
15	2116	2355	2290
16	2116	38	30
17	2116	4721	4620
18	2116	4252	4163
19	2116	1361	1291
20	2116	3525	3448
21	2116	68	52
22	2116	4457	4342
23	2116	2171	2047
24	2116	2814	2714
25	2116	3071	2984
26	2116	58	46
27	2116	3448	3286
28	2116	3835	3719
29	2116	1271	1126
30	2116	4979	4803
31	2116	2567	2479
32	2116	3113	3003
33	2116	3993	3884
34	2116	3038	2921
35	2116	2155	2079
36	2116	36	29
37	2116	17	16
38	2116	19	19
39	2116	4550	4408
40	2116	4547	4401
41	2116	118	91
42	2116	4231	4110
43	2116	3877	3737
44	2116	3783	3654
45	2116	3626	3504
46	2116	55	33
47	2116	3980	3859
48	2116	3100	3015
49	2116	3927	3814
50	2116	3600	3486
51	2116	2192	2132
52	2116	3713	3620
53	2116	4210	4066
54	2116	4187	4050
55	2116	118	83
56	2116	3750	3641
57	2116	5447	5283
58	2116	4023	3906
59	2116	4726	4572
60	2116	264	243
61	2116	4134	4002
62	2116	21	20
63	2116	5158	5038
64	2116	2724	2611
65	2116	40	27
66	2116	3827	3741
67	2116	3000	2859
68	2116	2154	2080
69	2116	4059	3871
70	2116	66	50
71	2116	3730	3657
72	2116	2713	2596
73	2116	4100	3970
74	2116	2957	2840
75	2116	60	49
76	2116	44	42
77	2116	4794	4608
78	2116	3154	3018
79	2116	2987	2899
80	2116	2867	2640
81	2116	20	12
82	2116	2840	2775
83	2116	3392	3285
84	2116	3527	3422
85	2116	3343	3252
86	2116	105	87
87	2116	2750	2653
88	2116	3230	3119
89	2116	3597	3491
90	2116	4561	4436
91	2116	38	28
92	2116	3825	3709
93	2116	3944	3819
94	2116	4111	3985
95	2116	31	26
96	2116	35	19
97	2116	3195	3072
98	2116	3832	3718
99	2116	3211	3128
100	2116	3123	3023
101	2116	6	5
102	2116	4115	4006
103	2116	3557	3435
104	2116	2712	2633
105	2116	1920	1861
106	2116	10	8
107	2116	3526	3423
108	2116	4242	4118
109	2116	4888	4753
110	2116	4292	4186
111	2116	672	619
112	2116	3291	3208
113	2116	4670	4541
114	2116	2574	2491
115	2116	5437	5299
116	2116	3	3
117	2116	3963	3859
118	2116	8545	8331
119	2116	3	3
120	2116	3076	2977
121	2116	3039	2945
122	2116	2890	2814
123	2116	2783	2716
124	2116	5293	5160
125	2116	3238	3173
126	2116	2798	2715
127	2116	3615	3535
128	2116	4545	4429
129	2116	4121	3996
130	2116	3970	3842
131	2116	10	10
132	2116	3563	3401
133	2116	2998	2924
134	2116	7	7
135	2116	1468	1421
136	2116	252	233
137	2116	2392	2334
138	2116	14	13
139	2116	636	607
140	2116	9	9
141	2116	5	4
142	2116	3254	3151
143	2116	3735	3609
144	2116	2	2
145	2116	2052	1993
146	2116	3480	3364
147	2116	4	4
148	2116	3124	3020
149	2116	1	1
150	2116	15	14
151	2116	4	3
152	2116	3208	3108
153	2116	3581	3485
154	2116	3104	3040
155	2116	2630	2565
156	2116	15	15
157	2116	2814	2738
158	2116	3803	3715
159	2116	3948	3845
160	2116	3103	3030
161	2116	24	16
162	2116	3810	3704
163	2116	3433	3334
164	2116	3387	3262
165	2116	4477	4345
166	2116	6	6
167	2116	3811	3706
168	2116	2411	2342
169	2116	3392	3303
170	2116	3516	3412
171	2116	2	2
172	2116	3017	2922
173	2116	3858	3763
174	2116	3104	3013
175	2116	2769	2696
176	2116	20	19
177	2116	2772	2662
178	2116	2118	2012
179	2116	157	139
180	2116	5	4
181	2116	3	3
182	2116	6	5
183	2116	3	2
184	2116	8	7
185	2116	5	5
186	2116	92	88
187	2116	14	12
188	2116	11	7
189	2116	2	2
190	2116	2969	2900
191	2116	5	4
192	2116	16	16
0	2117	187339	147511
1	2117	17	16
2	2117	3832	3716
3	2117	3062	2905
4	2117	3313	3173
5	2117	62	57
6	2117	15	12
7	2117	2997	2862
8	2117	3233	3096
9	2117	4042	3889
10	2117	4485	4339
11	2117	555	465
12	2117	1737	1642
13	2117	1821	1606
14	2117	4539	4340
15	2117	2225	2130
16	2117	35	26
17	2117	4575	4436
18	2117	4245	4123
19	2117	1326	1246
20	2117	3422	3305
21	2117	67	52
22	2117	4279	4134
23	2117	2267	1978
24	2117	2713	2599
25	2117	2982	2867
26	2117	54	41
27	2117	3145	2937
28	2117	3674	3532
29	2117	1118	960
30	2117	4722	4501
31	2117	2529	2384
32	2117	3024	2924
33	2117	3894	3762
34	2117	3004	2883
35	2117	2089	1975
36	2117	38	25
37	2117	5	5
38	2117	14	13
39	2117	4342	4149
40	2117	4259	4079
41	2117	146	107
42	2117	3804	3666
43	2117	3906	3722
44	2117	3684	3504
45	2117	3431	3263
46	2117	54	28
47	2117	3677	3538
48	2117	2920	2785
49	2117	3848	3699
50	2117	3332	3202
51	2117	2175	2096
52	2117	3526	3373
53	2117	3952	3772
54	2117	4038	3868
55	2117	85	58
56	2117	3729	3587
57	2117	5011	4825
58	2117	3899	3766
59	2117	4540	4376
60	2117	277	232
61	2117	4095	3944
62	2117	30	29
63	2117	5005	4841
64	2117	2615	2470
65	2117	35	27
66	2117	3486	3364
67	2117	3002	2744
68	2117	2024	1968
69	2117	3777	3555
70	2117	51	38
71	2117	3566	3436
72	2117	2578	2452
73	2117	3947	3755
74	2117	2790	2628
75	2117	66	55
76	2117	51	49
77	2117	4735	4472
78	2117	2968	2789
79	2117	2772	2658
80	2117	2561	2344
81	2117	23	14
82	2117	2880	2772
83	2117	3452	3313
84	2117	3454	3327
85	2117	3173	3069
86	2117	108	82
87	2117	2648	2549
88	2117	2948	2830
89	2117	3516	3407
90	2117	4344	4201
91	2117	48	35
92	2117	3802	3656
93	2117	3975	3809
94	2117	4009	3810
95	2117	14	10
96	2117	36	28
97	2117	3050	2901
98	2117	3942	3780
99	2117	3077	2957
100	2117	3068	2941
101	2117	6	5
102	2117	4219	4082
103	2117	3634	3472
104	2117	2557	2442
105	2117	1963	1886
106	2117	9	8
107	2117	3523	3369
108	2117	4264	4087
109	2117	4807	4655
110	2117	4142	4005
111	2117	648	537
112	2117	3327	3198
113	2117	4421	4262
114	2117	2405	2299
115	2117	5403	5191
116	2117	5	5
117	2117	3981	3860
118	2117	8377	8101
119	2117	2	2
120	2117	2850	2702
121	2117	2990	2882
122	2117	2836	2743
123	2117	2635	2533
124	2117	4981	4792
125	2117	3181	3093
126	2117	2632	2521
127	2117	3594	3479
128	2117	4165	4023
129	2117	3743	3593
130	2117	3734	3576
131	2117	4	3
132	2117	3419	3224
133	2117	3082	2982
134	2117	7	7
135	2117	1440	1395
136	2117	227	188
137	2117	2230	2142
138	2117	19	19
139	2117	563	546
140	2117	12	12
142	2117	3185	3031
143	2117	3409	3284
144	2117	5	5
145	2117	1907	1801
146	2117	3376	3246
147	2117	1	1
148	2117	3016	2887
149	2117	1	1
150	2117	27	25
151	2117	1	1
152	2117	2865	2770
153	2117	3429	3301
154	2117	3075	2958
155	2117	2718	2621
156	2117	18	16
157	2117	2968	2848
158	2117	3975	3856
159	2117	3881	3748
160	2117	3006	2905
161	2117	11	9
162	2117	3621	3497
163	2117	3258	3131
164	2117	3247	3123
165	2117	4420	4243
166	2117	15	15
167	2117	3780	3647
168	2117	2309	2206
169	2117	3435	3314
170	2117	3318	3189
171	2117	3	3
172	2117	2904	2783
173	2117	3727	3600
174	2117	2938	2827
175	2117	2641	2551
176	2117	14	11
177	2117	2682	2542
178	2117	2006	1849
179	2117	160	136
180	2117	6	5
181	2117	5	5
182	2117	10	8
183	2117	3	2
184	2117	7	5
185	2117	11	10
186	2117	80	67
187	2117	15	10
188	2117	11	8
189	2117	4	4
190	2117	2962	2838
191	2117	8	5
192	2117	13	11
0	2118	188180	147749
1	2118	29	25
2	2118	3764	3615
3	2118	3098	2947
4	2118	3339	3190
5	2118	56	51
6	2118	6	5
7	2118	3033	2901
8	2118	3229	3074
9	2118	3999	3844
10	2118	4557	4370
11	2118	588	510
12	2118	1642	1544
13	2118	1638	1513
14	2118	4695	4505
15	2118	2191	2113
16	2118	41	29
17	2118	4490	4380
18	2118	4133	4018
19	2118	1444	1364
20	2118	3446	3327
21	2118	66	54
22	2118	4340	4203
23	2118	2225	2039
24	2118	2729	2612
25	2118	2769	2669
26	2118	58	37
27	2118	3119	2899
28	2118	3656	3523
29	2118	1008	875
30	2118	4645	4405
31	2118	2588	2449
32	2118	3037	2895
33	2118	3783	3659
34	2118	2892	2765
35	2118	2196	2083
36	2118	46	27
37	2118	9	9
38	2118	15	12
39	2118	4262	4087
40	2118	4210	4038
41	2118	120	93
42	2118	3833	3683
43	2118	3805	3638
44	2118	3801	3603
45	2118	3562	3422
46	2118	38	19
47	2118	3768	3616
48	2118	2939	2803
49	2118	3624	3510
50	2118	3418	3281
51	2118	2215	2148
52	2118	3437	3337
53	2118	3922	3766
54	2118	4080	3875
55	2118	56	41
56	2118	3809	3635
57	2118	5119	4926
58	2118	3977	3841
59	2118	4762	4603
60	2118	286	235
61	2118	4470	4300
62	2118	24	22
63	2118	4993	4844
64	2118	2464	2360
65	2118	36	22
66	2118	3584	3452
67	2118	2953	2758
68	2118	1991	1913
69	2118	3917	3681
70	2118	65	47
71	2118	3622	3482
72	2118	2586	2466
73	2118	3878	3684
74	2118	2791	2644
75	2118	60	50
76	2118	52	50
77	2118	4797	4580
78	2118	3049	2896
79	2118	2792	2659
80	2118	2312	2096
81	2118	26	24
82	2118	2773	2665
83	2118	3358	3229
84	2118	3501	3369
85	2118	3337	3213
86	2118	87	70
87	2118	2539	2424
88	2118	3014	2861
89	2118	3684	3568
90	2118	4385	4235
91	2118	42	29
92	2118	3921	3787
93	2118	3855	3700
94	2118	3941	3750
95	2118	17	11
96	2118	35	25
97	2118	3136	2982
98	2118	3736	3573
99	2118	2998	2889
100	2118	3106	2984
101	2118	5	5
102	2118	4210	4072
103	2118	3396	3269
104	2118	2631	2515
105	2118	1933	1859
106	2118	6	6
107	2118	3601	3500
108	2118	4231	4055
109	2118	4999	4853
110	2118	4092	3953
111	2118	661	581
112	2118	3257	3140
113	2118	4547	4364
114	2118	2364	2241
115	2118	5382	5235
116	2118	13	13
117	2118	3901	3757
118	2118	8272	7981
119	2118	4	4
120	2118	2770	2630
121	2118	2909	2788
122	2118	2747	2637
123	2118	2694	2604
124	2118	4915	4742
125	2118	3394	3297
126	2118	2749	2637
127	2118	3534	3424
128	2118	4218	4085
129	2118	3825	3681
130	2118	3983	3832
131	2118	8	6
132	2118	3218	3030
133	2118	2956	2848
134	2118	8	8
135	2118	1365	1306
136	2118	323	283
137	2118	2354	2266
138	2118	15	15
139	2118	603	587
140	2118	15	13
141	2118	3	3
142	2118	3244	3096
143	2118	3524	3381
144	2118	1	1
145	2118	1948	1856
146	2118	3459	3318
147	2118	3	3
148	2118	2997	2879
149	2118	3	3
150	2118	22	22
151	2118	5	3
152	2118	3012	2908
153	2118	3562	3438
154	2118	3121	3019
155	2118	2644	2548
156	2118	13	11
157	2118	2916	2789
158	2118	3870	3732
159	2118	3838	3711
160	2118	3128	3017
161	2118	11	9
162	2118	3634	3483
163	2118	3286	3141
164	2118	3242	3097
165	2118	4481	4327
166	2118	16	11
167	2118	3682	3543
168	2118	2461	2383
169	2118	3539	3419
170	2118	3411	3271
171	2118	2	2
172	2118	2874	2770
173	2118	3883	3767
174	2118	2889	2781
175	2118	2724	2623
176	2118	26	19
177	2118	2746	2617
178	2118	1979	1841
179	2118	162	143
180	2118	1	1
181	2118	5	3
182	2118	5	3
183	2118	4	2
184	2118	11	10
185	2118	10	8
186	2118	116	98
187	2118	13	8
188	2118	11	9
189	2118	3	3
190	2118	3064	2975
191	2118	7	5
192	2118	4	4
0	2119	185689	144951
1	2119	24	23
2	2119	3600	3443
3	2119	3044	2886
4	2119	3514	3355
5	2119	54	49
6	2119	13	12
7	2119	3136	2979
8	2119	3207	3057
9	2119	4278	4087
10	2119	4716	4544
11	2119	620	538
12	2119	1794	1701
13	2119	1739	1583
14	2119	4302	4074
15	2119	2261	2163
16	2119	53	37
17	2119	4607	4450
18	2119	4590	4442
19	2119	1441	1344
20	2119	3573	3429
21	2119	53	44
22	2119	4349	4173
23	2119	2331	2138
24	2119	2919	2781
25	2119	3078	2969
26	2119	34	27
27	2119	3094	2855
28	2119	3705	3525
29	2119	985	818
30	2119	4474	4246
31	2119	2618	2483
32	2119	3089	2948
33	2119	3824	3687
34	2119	2926	2767
35	2119	2084	1982
36	2119	44	37
37	2119	19	17
38	2119	20	19
39	2119	4386	4147
40	2119	4102	3869
41	2119	118	89
42	2119	4046	3869
43	2119	4106	3904
44	2119	3756	3605
45	2119	3596	3414
46	2119	36	19
47	2119	3796	3618
48	2119	2925	2808
49	2119	3804	3637
50	2119	3382	3235
51	2119	2204	2122
52	2119	3497	3364
53	2119	3812	3634
54	2119	3872	3662
55	2119	82	51
56	2119	3727	3560
57	2119	5059	4820
58	2119	4116	3940
59	2119	5026	4835
60	2119	256	235
61	2119	4483	4316
62	2119	19	17
63	2119	5091	4894
64	2119	2569	2438
65	2119	37	29
66	2119	3627	3445
67	2119	3210	2971
68	2119	2147	2058
69	2119	3749	3526
70	2119	66	41
71	2119	3542	3382
72	2119	2572	2456
73	2119	3863	3679
74	2119	2783	2621
75	2119	62	50
76	2119	39	32
77	2119	5021	4735
78	2119	2866	2701
79	2119	2771	2646
80	2119	2089	1862
81	2119	19	15
82	2119	2833	2707
83	2119	3689	3551
84	2119	3378	3236
85	2119	3277	3154
86	2119	103	73
87	2119	2579	2469
88	2119	2967	2833
89	2119	3585	3454
90	2119	4479	4317
91	2119	60	46
92	2119	3799	3625
93	2119	3975	3805
94	2119	3934	3723
95	2119	17	14
96	2119	23	18
97	2119	3229	3058
98	2119	3818	3652
99	2119	3215	3111
100	2119	2969	2840
101	2119	7	7
102	2119	4264	4121
103	2119	3473	3303
104	2119	2568	2463
105	2119	2019	1925
106	2119	13	12
107	2119	3523	3384
108	2119	4325	4112
109	2119	5038	4863
110	2119	4184	4051
111	2119	706	630
112	2119	3575	3406
113	2119	4450	4254
114	2119	2458	2327
115	2119	5451	5247
116	2119	10	8
117	2119	3956	3814
118	2119	8367	8056
119	2119	5	4
120	2119	2735	2563
121	2119	2924	2806
122	2119	3006	2880
123	2119	2780	2686
124	2119	5073	4864
125	2119	3459	3342
126	2119	2807	2692
127	2119	3641	3503
128	2119	4263	4095
129	2119	3862	3691
130	2119	3912	3739
131	2119	6	6
132	2119	3011	2794
133	2119	2972	2877
134	2119	12	12
135	2119	1490	1430
136	2119	272	240
137	2119	2404	2317
138	2119	9	9
139	2119	599	569
140	2119	14	12
141	2119	2	2
142	2119	3153	3038
143	2119	3601	3447
144	2119	2	1
145	2119	1821	1711
146	2119	3419	3266
148	2119	2985	2836
149	2119	3	3
150	2119	16	15
151	2119	1	1
152	2119	3078	2951
153	2119	3629	3493
154	2119	3191	3067
155	2119	2777	2686
156	2119	17	17
157	2119	3119	2997
158	2119	3976	3840
159	2119	3991	3839
160	2119	3023	2894
161	2119	15	12
162	2119	3590	3413
163	2119	3259	3122
164	2119	3207	3059
165	2119	4589	4428
166	2119	12	12
167	2119	3843	3690
168	2119	2378	2277
169	2119	3532	3393
170	2119	3335	3202
171	2119	4	4
172	2119	2825	2723
173	2119	3831	3701
174	2119	2932	2824
175	2119	2839	2740
176	2119	22	18
177	2119	2845	2692
178	2119	1846	1724
179	2119	169	157
181	2119	4	4
182	2119	3	3
183	2119	3	1
184	2119	6	6
185	2119	6	5
186	2119	110	93
187	2119	7	4
188	2119	12	10
189	2119	5	5
190	2119	2894	2772
191	2119	6	5
192	2119	16	13
