SampleNumber	Tile	NumberOfReadsRaw	NumberOfReadsPF
0	1101	93626	82063
1	1101	12132	12006
2	1101	320	292
3	1101	818	764
4	1101	2313	2267
5	1101	2598	2570
6	1101	2000	1955
7	1101	34	32
8	1101	7671	7560
9	1101	6780	6688
10	1101	4113	4049
11	1101	3227	3185
12	1101	577	563
13	1101	4533	4493
14	1101	3637	3594
15	1101	4366	4318
16	1101	6891	6796
17	1101	28	25
18	1101	4758	4697
19	1101	3983	3941
20	1101	4295	4256
21	1101	4315	4258
22	1101	9	9
23	1101	3252	3224
24	1101	4963	4889
25	1101	399	395
26	1101	16	14
27	1101	1	1
28	1101	1	1
29	1101	33	32
30	1101	3562	3523
31	1101	2	1
32	1101	8599	8486
33	1101	2290	2258
34	1101	2979	2936
35	1101	81	80
36	1101	5020	4964
37	1101	4	3
38	1101	19	18
39	1101	3967	3919
40	1101	8458	8341
41	1101	1046	1034
42	1101	8468	8361
43	1101	1608	1598
44	1101	3	3
45	1101	6	6
46	1101	4461	4409
47	1101	5	5
48	1101	50	44
49	1101	2322	2285
50	1101	6892	6803
51	1101	3	3
52	1101	3006	2965
53	1101	1	1
54	1101	3345	3301
55	1101	2658	2631
56	1101	30	24
57	1101	2283	2257
58	1101	8	8
59	1101	1106	1098
60	1101	3825	3785
61	1101	3151	3121
62	1101	1835	1808
63	1101	2203	2174
64	1101	27	24
65	1101	2262	2232
66	1101	3310	3258
67	1101	2962	2920
68	1101	3311	3262
69	1101	8	7
70	1101	5263	5201
71	1101	4154	4114
72	1101	3733	3689
73	1101	9	9
74	1101	3	3
75	1101	9171	9056
76	1101	2	2
77	1101	6	2
78	1101	6452	6388
79	1101	19	17
80	1101	679	675
81	1101	9569	9466
82	1101	6945	6857
83	1101	7190	7112
84	1101	29	26
85	1101	11686	11581
86	1101	8550	8454
87	1101	7	7
88	1101	2956	2917
89	1101	7	7
90	1101	3	3
93	1101	1	1
94	1101	4	4
95	1101	5	4
96	1101	2434	2401
97	1101	115	108
98	1101	5	5
99	1101	4	4
100	1101	2362	2337
101	1101	2	2
102	1101	2677	2649
103	1101	1220	1200
104	1101	1474	1454
105	1101	2677	2647
106	1101	1	1
107	1101	2542	2514
108	1101	2077	2060
109	1101	1861	1841
110	1101	2084	2068
112	1101	1358	1344
113	1101	3020	2998
114	1101	3297	3262
115	1101	3	3
116	1101	2330	2309
117	1101	1687	1673
118	1101	1309	1298
119	1101	2260	2245
120	1101	144	137
121	1101	4032	3997
122	1101	4225	4181
123	1101	3692	3656
124	1101	3584	3557
125	1101	2	2
126	1101	3194	3172
127	1101	1731	1708
128	1101	3741	3714
129	1101	2728	2697
130	1101	72	70
131	1101	1556	1537
132	1101	3084	3053
133	1101	4	4
134	1101	2763	2736
135	1101	1	1
136	1101	2688	2663
138	1101	3076	3043
139	1101	1118	1106
141	1101	3027	2992
142	1101	2286	2271
143	1101	6	6
144	1101	6	6
145	1101	1875	1850
146	1101	2703	2683
147	1101	2428	2391
148	1101	1	1
149	1101	3036	3011
150	1101	1847	1830
151	1101	1797	1780
152	1101	1739	1724
153	1101	2301	2274
154	1101	1	1
156	1101	1814	1800
159	1101	2662	2644
160	1101	2301	2280
161	1101	2356	2329
162	1101	5	5
163	1101	2238	2216
164	1101	2980	2956
165	1101	10	10
166	1101	1389	1378
167	1101	3419	3390
168	1101	1658	1644
169	1101	4756	4711
170	1101	67	67
171	1101	4596	4542
172	1101	3135	3095
173	1101	3990	3957
174	1101	3798	3760
175	1101	4015	3980
176	1101	4237	4186
177	1101	2	1
178	1101	4	4
179	1101	1	1
182	1101	2417	2397
183	1101	1866	1852
184	1101	5	5
0	1102	91382	80513
1	1102	11935	11826
2	1102	282	263
3	1102	790	752
4	1102	2353	2325
5	1102	2676	2635
6	1102	1994	1974
7	1102	21	21
8	1102	7501	7410
9	1102	6611	6543
10	1102	4044	3994
11	1102	3092	3038
12	1102	613	596
13	1102	4269	4235
14	1102	3432	3393
15	1102	4193	4146
16	1102	6891	6815
17	1102	22	21
18	1102	4426	4379
19	1102	3956	3917
20	1102	4280	4234
21	1102	4341	4298
22	1102	15	14
23	1102	3295	3271
24	1102	5086	5025
25	1102	355	348
26	1102	9	8
27	1102	4	4
28	1102	2	2
29	1102	29	29
30	1102	3484	3457
31	1102	3	3
32	1102	8562	8444
33	1102	2289	2265
34	1102	3004	2963
35	1102	71	70
36	1102	5097	5044
37	1102	1	1
38	1102	35	31
39	1102	4053	4022
40	1102	8440	8319
41	1102	1034	1021
42	1102	8453	8392
43	1102	1586	1573
44	1102	2	2
45	1102	2	2
46	1102	4492	4440
47	1102	7	7
48	1102	45	42
49	1102	2285	2262
50	1102	6867	6789
51	1102	3	3
52	1102	2885	2863
53	1102	6	6
54	1102	3219	3188
55	1102	2708	2685
56	1102	30	24
57	1102	2106	2080
58	1102	15	15
59	1102	1251	1241
60	1102	3726	3693
61	1102	3177	3146
62	1102	1920	1898
63	1102	2224	2207
64	1102	19	17
65	1102	2128	2092
66	1102	3139	3106
67	1102	2850	2819
68	1102	3008	2977
69	1102	10	10
70	1102	5103	5064
71	1102	4057	4025
72	1102	3720	3682
73	1102	16	16
74	1102	1	1
75	1102	9196	9107
76	1102	2	2
77	1102	5	3
78	1102	6667	6609
79	1102	11	10
80	1102	742	724
81	1102	9537	9434
82	1102	6863	6809
83	1102	7077	7012
84	1102	27	26
85	1102	11342	11250
86	1102	8626	8547
87	1102	7	7
88	1102	2990	2962
89	1102	13	12
90	1102	5	5
91	1102	3	3
92	1102	2	2
93	1102	1	0
94	1102	2	2
95	1102	7	6
96	1102	2390	2368
97	1102	116	106
98	1102	9	9
99	1102	5	5
100	1102	2480	2463
101	1102	2	1
102	1102	2622	2596
103	1102	1172	1157
104	1102	1427	1412
105	1102	2626	2608
107	1102	2404	2392
108	1102	2055	2033
109	1102	1812	1800
110	1102	2268	2251
111	1102	1	1
112	1102	1385	1372
113	1102	2961	2944
114	1102	3239	3215
115	1102	2	2
116	1102	2169	2150
117	1102	1914	1901
118	1102	1386	1377
119	1102	2298	2280
120	1102	137	134
121	1102	3986	3962
122	1102	4410	4381
123	1102	3819	3789
124	1102	3844	3817
125	1102	2	2
126	1102	3096	3079
127	1102	1453	1448
128	1102	3815	3783
129	1102	2810	2783
130	1102	76	73
131	1102	1583	1569
132	1102	3078	3049
133	1102	3	3
134	1102	2670	2650
136	1102	2866	2849
137	1102	2	2
138	1102	2926	2896
139	1102	1116	1109
140	1102	2	2
141	1102	3037	3013
142	1102	2280	2259
143	1102	3	3
144	1102	4	4
145	1102	1821	1802
146	1102	2685	2660
147	1102	2368	2345
148	1102	3	3
149	1102	2971	2945
150	1102	1721	1708
151	1102	1790	1783
152	1102	1710	1697
153	1102	2132	2112
156	1102	1788	1774
158	1102	1	1
159	1102	2767	2746
160	1102	2241	2218
161	1102	2367	2348
162	1102	1	1
163	1102	2256	2238
164	1102	3198	3183
165	1102	9	9
166	1102	1386	1377
167	1102	3344	3314
168	1102	1506	1492
169	1102	4637	4612
170	1102	43	43
171	1102	4588	4551
172	1102	3216	3186
173	1102	3924	3895
174	1102	3711	3674
175	1102	3827	3803
176	1102	4309	4283
177	1102	4	4
180	1102	2	1
182	1102	2102	2082
183	1102	1841	1826
184	1102	1	1
0	1103	90931	80224
1	1103	11892	11770
2	1103	322	295
3	1103	873	836
4	1103	2348	2325
5	1103	2571	2544
6	1103	1964	1934
7	1103	33	28
8	1103	7338	7253
9	1103	6863	6778
10	1103	4125	4070
11	1103	3098	3072
12	1103	546	535
13	1103	4360	4319
14	1103	3378	3347
15	1103	4278	4228
16	1103	6787	6708
17	1103	17	15
18	1103	4576	4545
19	1103	4155	4110
20	1103	4175	4137
21	1103	4347	4304
22	1103	23	22
23	1103	3241	3204
24	1103	5002	4944
25	1103	423	417
26	1103	10	9
27	1103	3	3
28	1103	5	5
29	1103	39	39
30	1103	3504	3473
31	1103	1	1
32	1103	8664	8567
33	1103	2269	2246
34	1103	2940	2904
35	1103	66	62
36	1103	5064	5014
37	1103	3	3
38	1103	21	20
39	1103	4074	4033
40	1103	8426	8331
41	1103	1017	1006
42	1103	8220	8157
43	1103	1526	1515
45	1103	1	1
46	1103	4669	4624
47	1103	3	3
48	1103	43	42
49	1103	2369	2346
50	1103	6685	6611
51	1103	5	5
52	1103	2750	2718
53	1103	4	4
54	1103	3397	3357
55	1103	2733	2705
56	1103	27	24
57	1103	2211	2189
58	1103	14	14
59	1103	1274	1265
60	1103	3643	3597
61	1103	3278	3254
62	1103	1850	1825
63	1103	2233	2216
64	1103	27	23
65	1103	2218	2187
66	1103	3271	3239
67	1103	2801	2774
68	1103	3141	3109
69	1103	20	20
70	1103	5085	5034
71	1103	4184	4143
72	1103	3662	3629
73	1103	17	16
74	1103	9	8
75	1103	8984	8879
76	1103	2	2
77	1103	2	2
78	1103	6442	6390
79	1103	8	7
80	1103	673	660
81	1103	9410	9300
82	1103	6945	6872
83	1103	6921	6851
84	1103	21	19
85	1103	11521	11430
86	1103	8430	8356
87	1103	8	8
88	1103	2857	2807
89	1103	5	4
90	1103	2	1
91	1103	4	4
92	1103	1	1
94	1103	1	1
95	1103	7	5
96	1103	2255	2240
97	1103	118	114
98	1103	12	12
99	1103	1	1
100	1103	2397	2387
102	1103	2736	2711
103	1103	1233	1217
104	1103	1448	1437
105	1103	2597	2575
107	1103	2538	2514
108	1103	2094	2074
109	1103	1955	1939
110	1103	2300	2274
111	1103	1	1
112	1103	1377	1363
113	1103	2903	2881
114	1103	3302	3268
115	1103	4	4
116	1103	2120	2099
117	1103	1699	1693
118	1103	1376	1362
119	1103	2205	2191
120	1103	125	122
121	1103	4157	4131
122	1103	4304	4273
123	1103	3763	3737
124	1103	3636	3605
125	1103	1	1
126	1103	2937	2916
127	1103	1561	1555
128	1103	3679	3659
129	1103	2992	2968
130	1103	87	81
131	1103	1476	1465
132	1103	3111	3077
134	1103	2817	2799
135	1103	1	1
136	1103	2688	2671
137	1103	1	1
138	1103	2952	2934
139	1103	1062	1055
140	1103	2	2
141	1103	2882	2854
142	1103	2276	2256
143	1103	4	3
144	1103	1	1
145	1103	1838	1823
146	1103	2845	2820
147	1103	2389	2367
148	1103	2	1
149	1103	3062	3033
150	1103	1768	1759
151	1103	1802	1787
152	1103	1743	1735
153	1103	2121	2107
154	1103	2	2
155	1103	4	4
156	1103	1824	1807
158	1103	1	1
159	1103	2638	2617
160	1103	2331	2307
161	1103	2429	2409
162	1103	2	2
163	1103	2261	2249
164	1103	3111	3087
165	1103	16	16
166	1103	1340	1333
167	1103	3364	3344
168	1103	1542	1526
169	1103	4743	4712
170	1103	61	60
171	1103	4624	4597
172	1103	2908	2882
173	1103	3906	3878
174	1103	3775	3734
175	1103	3991	3965
176	1103	4281	4252
177	1103	1	1
178	1103	7	7
180	1103	1	1
182	1103	2191	2168
183	1103	1903	1887
0	1104	91040	80912
1	1104	12003	11913
2	1104	326	307
3	1104	792	746
4	1104	2274	2249
5	1104	2601	2563
6	1104	2004	1982
7	1104	39	35
8	1104	7414	7336
9	1104	6503	6431
10	1104	4190	4150
11	1104	3012	2974
12	1104	564	553
13	1104	4476	4449
14	1104	3438	3395
15	1104	4141	4102
16	1104	6743	6658
17	1104	22	20
18	1104	4414	4357
19	1104	4144	4122
20	1104	4256	4219
21	1104	4187	4158
22	1104	15	15
23	1104	3178	3145
24	1104	5105	5058
25	1104	393	390
26	1104	9	9
27	1104	1	1
28	1104	4	4
29	1104	31	31
30	1104	3640	3607
32	1104	8659	8573
33	1104	2330	2305
34	1104	2839	2805
35	1104	75	75
36	1104	5044	5005
37	1104	1	1
38	1104	30	28
39	1104	4156	4123
40	1104	8134	8059
41	1104	985	978
42	1104	8091	8017
43	1104	1668	1655
44	1104	6	6
45	1104	1	1
46	1104	4371	4324
47	1104	2	2
48	1104	70	65
49	1104	2183	2159
50	1104	6694	6629
51	1104	6	6
52	1104	2958	2925
53	1104	2	2
54	1104	3214	3180
55	1104	2640	2616
56	1104	26	22
57	1104	2229	2213
58	1104	14	14
59	1104	1232	1224
60	1104	3622	3583
61	1104	3319	3291
62	1104	1803	1780
63	1104	2298	2277
64	1104	47	45
65	1104	2167	2154
66	1104	3295	3258
67	1104	2901	2868
68	1104	2942	2908
69	1104	20	17
70	1104	5147	5102
71	1104	4137	4109
72	1104	3539	3512
73	1104	19	19
74	1104	5	5
75	1104	9266	9185
76	1104	3	3
77	1104	8	8
78	1104	6341	6295
79	1104	7	6
80	1104	597	589
81	1104	9416	9334
82	1104	6959	6890
83	1104	7009	6946
84	1104	24	23
85	1104	11757	11682
86	1104	8818	8739
87	1104	7	7
88	1104	2795	2759
89	1104	16	14
90	1104	4	4
91	1104	5	5
92	1104	2	2
94	1104	1	1
95	1104	6	6
96	1104	2309	2290
97	1104	118	110
98	1104	11	11
100	1104	2418	2397
101	1104	2	2
102	1104	2676	2661
103	1104	1184	1173
104	1104	1392	1381
105	1104	2538	2529
106	1104	4	4
107	1104	2608	2594
108	1104	2038	2026
109	1104	1943	1935
110	1104	2126	2114
111	1104	1	1
112	1104	1324	1314
113	1104	2768	2748
114	1104	3331	3300
115	1104	3	3
116	1104	2225	2210
117	1104	1798	1787
118	1104	1253	1249
119	1104	2333	2319
120	1104	116	111
121	1104	4104	4070
122	1104	4201	4176
123	1104	3521	3484
124	1104	3788	3766
125	1104	4	3
126	1104	2948	2927
127	1104	1488	1475
128	1104	3781	3763
129	1104	2773	2748
130	1104	66	63
131	1104	1562	1557
132	1104	3169	3139
133	1104	2	2
134	1104	2685	2663
136	1104	2686	2666
137	1104	3	3
138	1104	2843	2817
139	1104	1022	1012
141	1104	2842	2824
142	1104	2410	2394
143	1104	3	3
144	1104	3	3
145	1104	1837	1819
146	1104	2625	2592
147	1104	2334	2318
148	1104	1	1
149	1104	2912	2893
150	1104	1794	1782
151	1104	1792	1780
152	1104	1699	1686
153	1104	2157	2144
154	1104	2	2
155	1104	3	3
156	1104	1780	1772
157	1104	1	1
158	1104	2	2
159	1104	2522	2509
160	1104	2233	2218
161	1104	2329	2317
162	1104	4	4
163	1104	2168	2149
164	1104	3116	3096
165	1104	8	8
166	1104	1324	1311
167	1104	3439	3427
168	1104	1512	1506
169	1104	4651	4610
170	1104	69	67
171	1104	4521	4492
172	1104	3013	2992
173	1104	3945	3921
174	1104	3586	3563
175	1104	3909	3891
176	1104	4162	4133
177	1104	1	1
178	1104	3	3
179	1104	1	1
181	1104	1	1
182	1104	2351	2332
183	1104	1736	1726
0	1105	91473	80298
1	1105	12057	11947
2	1105	304	276
3	1105	880	831
4	1105	2358	2314
5	1105	2659	2629
6	1105	1968	1937
7	1105	31	28
8	1105	7601	7508
9	1105	6603	6508
10	1105	3937	3890
11	1105	3171	3114
12	1105	588	576
13	1105	4540	4508
14	1105	3434	3393
15	1105	4198	4155
16	1105	6833	6749
17	1105	18	15
18	1105	4531	4491
19	1105	3888	3833
20	1105	4128	4089
21	1105	4188	4148
22	1105	13	13
23	1105	3265	3242
24	1105	4989	4918
25	1105	432	429
26	1105	10	10
27	1105	4	4
28	1105	2	1
29	1105	43	43
30	1105	3620	3590
31	1105	3	2
32	1105	8776	8685
33	1105	2177	2154
34	1105	3128	3096
35	1105	62	61
36	1105	5170	5124
37	1105	2	2
38	1105	28	26
39	1105	4239	4204
40	1105	8391	8298
41	1105	1001	988
42	1105	8446	8357
43	1105	1669	1662
44	1105	5	5
45	1105	1	1
46	1105	4391	4345
47	1105	4	4
48	1105	44	41
49	1105	2336	2309
50	1105	6731	6661
51	1105	3	3
52	1105	2786	2758
53	1105	1	1
54	1105	3205	3173
55	1105	2523	2495
56	1105	29	24
57	1105	2286	2260
58	1105	8	7
59	1105	1178	1163
60	1105	3756	3714
61	1105	3332	3301
62	1105	1861	1841
63	1105	2311	2285
64	1105	42	40
65	1105	2191	2153
66	1105	3283	3239
67	1105	2823	2777
68	1105	3146	3102
69	1105	13	13
70	1105	5109	5066
71	1105	4195	4153
72	1105	3762	3733
73	1105	21	20
74	1105	4	4
75	1105	9175	9078
76	1105	2	2
77	1105	2	2
78	1105	6660	6602
79	1105	14	11
80	1105	651	641
81	1105	9616	9509
82	1105	7085	7015
83	1105	7273	7199
84	1105	26	26
85	1105	11396	11317
86	1105	8564	8464
87	1105	10	9
88	1105	3064	3023
89	1105	6	6
90	1105	1	1
91	1105	4	4
92	1105	1	1
93	1105	1	1
94	1105	3	3
95	1105	4	4
96	1105	2429	2403
97	1105	106	102
98	1105	4	4
99	1105	3	3
100	1105	2441	2429
102	1105	2625	2601
103	1105	1187	1159
104	1105	1380	1367
105	1105	2627	2603
106	1105	1	1
107	1105	2541	2524
108	1105	2206	2186
109	1105	1823	1809
110	1105	2159	2151
111	1105	1	1
112	1105	1390	1374
113	1105	2991	2974
114	1105	3542	3522
115	1105	4	3
116	1105	2147	2129
117	1105	1841	1822
118	1105	1357	1350
119	1105	2288	2274
120	1105	116	111
121	1105	4197	4167
122	1105	4334	4290
123	1105	3502	3459
124	1105	3659	3639
125	1105	6	6
126	1105	3027	3008
127	1105	1647	1633
128	1105	3664	3643
129	1105	2845	2817
130	1105	67	64
131	1105	1581	1569
132	1105	3206	3180
133	1105	1	1
134	1105	2841	2820
135	1105	1	1
136	1105	2883	2861
137	1105	7	7
138	1105	2949	2926
139	1105	1007	996
140	1105	1	1
141	1105	2968	2943
142	1105	2442	2423
143	1105	6	6
144	1105	5	5
145	1105	1833	1816
146	1105	2795	2766
147	1105	2393	2373
148	1105	2	2
149	1105	2947	2927
150	1105	1785	1771
151	1105	1902	1894
152	1105	1713	1694
153	1105	2186	2163
154	1105	1	1
156	1105	1898	1881
158	1105	1	1
159	1105	2557	2540
160	1105	2351	2337
161	1105	2393	2366
162	1105	3	3
163	1105	2275	2258
164	1105	3118	3095
165	1105	13	13
166	1105	1390	1377
167	1105	3341	3312
168	1105	1573	1564
169	1105	4791	4760
170	1105	57	55
171	1105	4520	4483
172	1105	3236	3212
173	1105	4041	4006
174	1105	3841	3817
175	1105	3875	3852
176	1105	4219	4188
177	1105	4	4
178	1105	11	9
179	1105	4	4
180	1105	2	2
182	1105	2371	2355
183	1105	1944	1929
184	1105	1	0
0	1106	91517	80677
1	1106	11975	11838
2	1106	353	332
3	1106	890	848
4	1106	2193	2161
5	1106	2577	2549
6	1106	1961	1939
7	1106	17	17
8	1106	7589	7514
9	1106	6500	6448
10	1106	4170	4110
11	1106	3061	3016
12	1106	605	594
13	1106	4444	4402
14	1106	3381	3361
15	1106	4135	4096
16	1106	6889	6805
17	1106	21	19
18	1106	4529	4467
19	1106	3970	3942
20	1106	4261	4211
21	1106	4334	4299
22	1106	16	16
23	1106	3203	3169
24	1106	4970	4918
25	1106	422	417
26	1106	13	13
27	1106	3	3
28	1106	4	4
29	1106	36	36
30	1106	3504	3464
31	1106	1	1
32	1106	8558	8477
33	1106	2249	2231
34	1106	3001	2968
35	1106	74	72
36	1106	5100	5060
37	1106	3	3
38	1106	23	23
39	1106	4027	3986
40	1106	8290	8198
41	1106	915	907
42	1106	8313	8218
43	1106	1579	1562
44	1106	9	9
46	1106	4264	4220
47	1106	6	6
48	1106	53	51
49	1106	2379	2353
50	1106	6647	6583
51	1106	6	6
52	1106	2888	2854
53	1106	4	4
54	1106	3202	3164
55	1106	2639	2612
56	1106	36	33
57	1106	2070	2047
58	1106	19	15
59	1106	1149	1136
60	1106	3564	3531
61	1106	3331	3289
62	1106	1844	1823
63	1106	2239	2223
64	1106	31	28
65	1106	2154	2132
66	1106	3205	3156
67	1106	2722	2677
68	1106	3104	3070
69	1106	8	8
70	1106	4775	4722
71	1106	4026	3994
72	1106	3668	3630
73	1106	21	21
74	1106	7	7
75	1106	9025	8948
76	1106	3	3
77	1106	4	3
78	1106	6464	6398
79	1106	10	10
80	1106	662	648
81	1106	9454	9361
82	1106	6923	6848
83	1106	7030	6963
84	1106	31	28
85	1106	11602	11505
86	1106	8361	8285
87	1106	2	2
88	1106	2848	2813
89	1106	9	8
90	1106	1	1
92	1106	2	2
93	1106	2	2
94	1106	1	1
95	1106	7	7
96	1106	2389	2362
97	1106	122	117
98	1106	5	5
100	1106	2470	2448
101	1106	3	3
102	1106	2627	2609
103	1106	1176	1164
104	1106	1482	1469
105	1106	2458	2439
106	1106	3	3
107	1106	2498	2486
108	1106	2031	2018
109	1106	1849	1833
110	1106	2190	2166
111	1106	5	5
112	1106	1339	1329
113	1106	2910	2891
114	1106	3413	3385
115	1106	1	1
116	1106	2187	2167
117	1106	1855	1841
118	1106	1271	1258
119	1106	2221	2205
120	1106	136	130
121	1106	4163	4126
122	1106	4151	4115
123	1106	3570	3537
124	1106	3620	3589
125	1106	4	4
126	1106	2947	2926
127	1106	1519	1512
128	1106	3701	3676
129	1106	2796	2772
130	1106	66	60
131	1106	1552	1541
132	1106	2969	2947
133	1106	2	2
134	1106	2742	2728
135	1106	3	3
136	1106	2592	2568
138	1106	3029	3007
139	1106	1096	1090
141	1106	2926	2907
142	1106	2363	2354
143	1106	7	6
144	1106	3	3
145	1106	1889	1877
146	1106	2753	2726
147	1106	2324	2312
148	1106	3	3
149	1106	2738	2722
150	1106	1707	1698
151	1106	1844	1831
152	1106	1570	1563
153	1106	2138	2113
155	1106	2	2
156	1106	1957	1939
157	1106	4	4
158	1106	4	4
159	1106	2581	2568
160	1106	2201	2185
161	1106	2134	2120
162	1106	3	3
163	1106	2176	2155
164	1106	2938	2911
165	1106	2	2
166	1106	1290	1285
167	1106	3233	3209
168	1106	1604	1590
169	1106	4594	4551
170	1106	62	62
171	1106	4442	4399
172	1106	3095	3072
173	1106	4050	4019
174	1106	3723	3703
175	1106	3818	3802
176	1106	4203	4169
177	1106	1	1
178	1106	8	6
179	1106	1	1
181	1106	1	1
182	1106	2406	2383
183	1106	1761	1746
184	1106	1	1
0	1107	91891	80739
1	1107	11965	11822
2	1107	352	325
3	1107	826	786
4	1107	2294	2260
5	1107	2620	2589
6	1107	2005	1971
7	1107	28	26
8	1107	7305	7207
9	1107	6659	6602
10	1107	3940	3889
11	1107	3072	3020
12	1107	554	543
13	1107	4463	4424
14	1107	3369	3339
15	1107	4176	4133
16	1107	6765	6678
17	1107	24	22
18	1107	4504	4451
19	1107	3916	3879
20	1107	4231	4190
21	1107	4410	4375
22	1107	18	16
23	1107	3299	3263
24	1107	5087	5026
25	1107	388	385
26	1107	15	14
27	1107	1	1
28	1107	1	0
29	1107	47	47
30	1107	3625	3587
31	1107	1	1
32	1107	8643	8548
33	1107	2195	2176
34	1107	2979	2948
35	1107	65	62
36	1107	5278	5217
37	1107	3	3
38	1107	25	22
39	1107	3759	3733
40	1107	8346	8249
41	1107	983	977
42	1107	8462	8385
43	1107	1602	1589
44	1107	3	2
45	1107	2	2
46	1107	4447	4395
47	1107	7	7
48	1107	40	36
49	1107	2191	2166
50	1107	6732	6653
51	1107	3	3
52	1107	2809	2774
53	1107	5	5
54	1107	3415	3383
55	1107	2651	2629
56	1107	38	34
57	1107	2095	2070
58	1107	12	10
59	1107	1186	1173
60	1107	3534	3508
61	1107	3195	3162
62	1107	1731	1715
63	1107	2323	2288
64	1107	34	26
65	1107	2147	2106
66	1107	3181	3134
67	1107	2876	2834
68	1107	2942	2918
69	1107	9	7
70	1107	5174	5124
71	1107	4029	3993
72	1107	3527	3491
73	1107	18	17
74	1107	6	6
75	1107	9214	9140
76	1107	4	4
77	1107	2	2
78	1107	6452	6380
79	1107	8	7
80	1107	620	613
81	1107	9409	9309
82	1107	6826	6754
83	1107	7056	6988
84	1107	30	30
85	1107	11517	11422
86	1107	8678	8591
87	1107	6	5
88	1107	2831	2804
89	1107	3	3
90	1107	3	3
93	1107	1	1
94	1107	3	3
95	1107	2	2
96	1107	2426	2401
97	1107	132	125
98	1107	5	5
99	1107	4	4
100	1107	2361	2347
101	1107	2	0
102	1107	2771	2753
103	1107	1170	1156
104	1107	1394	1380
105	1107	2601	2576
106	1107	3	3
107	1107	2592	2561
108	1107	2099	2081
109	1107	1922	1909
110	1107	2247	2229
111	1107	4	4
112	1107	1288	1280
113	1107	2943	2925
114	1107	3377	3351
115	1107	5	5
116	1107	2186	2172
117	1107	1833	1809
118	1107	1282	1270
119	1107	2256	2238
120	1107	118	111
121	1107	4256	4217
122	1107	4258	4227
123	1107	3632	3606
124	1107	3646	3614
125	1107	3	3
126	1107	2968	2956
127	1107	1636	1622
128	1107	3579	3548
129	1107	2692	2667
130	1107	84	78
131	1107	1535	1518
132	1107	3097	3082
133	1107	1	1
134	1107	2699	2678
135	1107	1	1
136	1107	2622	2594
138	1107	3036	3005
139	1107	1032	1024
140	1107	1	1
141	1107	2833	2815
142	1107	2375	2361
143	1107	1	1
144	1107	3	3
145	1107	1876	1862
146	1107	2641	2626
147	1107	2331	2311
148	1107	5	4
149	1107	2964	2947
150	1107	1687	1680
151	1107	1827	1820
152	1107	1679	1662
153	1107	2292	2266
154	1107	1	1
155	1107	1	1
156	1107	1890	1875
157	1107	3	3
158	1107	4	4
159	1107	2572	2557
160	1107	2470	2446
161	1107	2346	2327
162	1107	1	1
163	1107	2348	2329
164	1107	3172	3145
165	1107	12	12
166	1107	1371	1359
167	1107	3236	3208
168	1107	1644	1625
169	1107	4735	4681
170	1107	65	63
171	1107	4608	4569
172	1107	3213	3186
173	1107	3828	3803
174	1107	3899	3876
175	1107	4033	4004
176	1107	4249	4209
177	1107	2	2
178	1107	5	5
179	1107	3	3
180	1107	2	1
182	1107	2416	2400
183	1107	1681	1661
184	1107	3	2
0	1108	92411	81091
1	1108	12116	11989
2	1108	315	282
3	1108	825	780
4	1108	2343	2316
5	1108	2531	2491
6	1108	1884	1855
7	1108	33	33
8	1108	7423	7331
9	1108	6707	6634
10	1108	4123	4078
11	1108	2996	2949
12	1108	570	549
13	1108	4404	4356
14	1108	3400	3360
15	1108	4198	4144
16	1108	6693	6615
17	1108	29	26
18	1108	4617	4571
19	1108	4038	3996
20	1108	4303	4261
21	1108	4420	4384
22	1108	15	14
23	1108	3269	3239
24	1108	5145	5087
25	1108	407	402
26	1108	8	8
27	1108	3	3
28	1108	3	3
29	1108	33	33
30	1108	3720	3680
31	1108	3	3
32	1108	8592	8501
33	1108	2275	2254
34	1108	2911	2883
35	1108	69	65
36	1108	5144	5090
37	1108	2	2
38	1108	26	25
39	1108	4168	4139
40	1108	8528	8441
41	1108	1015	1006
42	1108	8159	8085
43	1108	1657	1646
44	1108	7	7
45	1108	3	3
46	1108	4257	4211
47	1108	9	9
48	1108	43	40
49	1108	2273	2242
50	1108	6648	6574
51	1108	5	4
52	1108	2892	2865
53	1108	5	5
54	1108	3371	3332
55	1108	2573	2544
56	1108	33	28
57	1108	2233	2213
58	1108	12	12
59	1108	1304	1294
60	1108	3538	3502
61	1108	3277	3248
62	1108	1832	1820
63	1108	2191	2168
64	1108	28	25
65	1108	2174	2150
66	1108	3313	3277
67	1108	2899	2871
68	1108	3027	2994
69	1108	17	16
70	1108	5145	5097
71	1108	4198	4157
72	1108	3617	3587
73	1108	15	14
74	1108	1	1
75	1108	9262	9165
77	1108	6	5
78	1108	6625	6557
79	1108	8	7
80	1108	695	681
81	1108	9210	9127
82	1108	7044	6967
83	1108	7164	7087
84	1108	27	24
85	1108	11649	11554
86	1108	8673	8582
87	1108	9	9
88	1108	2878	2842
89	1108	14	14
90	1108	1	1
91	1108	2	2
92	1108	1	1
93	1108	3	2
94	1108	1	1
95	1108	4	4
96	1108	2401	2371
97	1108	135	130
98	1108	12	11
99	1108	2	2
100	1108	2497	2481
101	1108	4	4
102	1108	2801	2781
103	1108	1194	1178
104	1108	1480	1463
105	1108	2367	2347
106	1108	2	2
107	1108	2761	2742
108	1108	2059	2042
109	1108	1951	1936
110	1108	2265	2249
112	1108	1423	1408
113	1108	3001	2970
114	1108	3264	3244
115	1108	3	3
116	1108	2206	2186
117	1108	1930	1906
118	1108	1384	1371
119	1108	2196	2176
120	1108	137	131
121	1108	4184	4142
122	1108	4292	4243
123	1108	3801	3764
124	1108	3731	3703
125	1108	2	2
126	1108	2943	2925
127	1108	1546	1532
128	1108	3622	3595
129	1108	2768	2751
130	1108	95	89
131	1108	1514	1507
132	1108	2955	2918
133	1108	4	4
134	1108	2745	2730
135	1108	2	1
136	1108	2749	2732
137	1108	2	2
138	1108	3035	3011
139	1108	1101	1095
141	1108	2989	2968
142	1108	2391	2375
143	1108	1	1
144	1108	4	4
145	1108	1864	1846
146	1108	2758	2733
147	1108	2426	2400
148	1108	1	1
149	1108	2926	2902
150	1108	1706	1696
151	1108	1801	1788
152	1108	1731	1720
153	1108	2206	2196
156	1108	1850	1833
158	1108	1	1
159	1108	2575	2562
160	1108	2349	2330
161	1108	2447	2431
162	1108	6	6
163	1108	2334	2319
164	1108	3008	2990
165	1108	8	8
166	1108	1399	1386
167	1108	3392	3368
168	1108	1540	1529
169	1108	4764	4719
170	1108	60	59
171	1108	4545	4513
172	1108	3004	2978
173	1108	3929	3897
174	1108	3740	3716
175	1108	3970	3948
176	1108	4182	4144
177	1108	4	4
178	1108	6	6
180	1108	1	1
182	1108	2308	2291
183	1108	1874	1856
0	1109	93826	82394
1	1109	11793	11681
2	1109	333	306
3	1109	823	770
4	1109	2192	2156
5	1109	2552	2514
6	1109	1954	1903
7	1109	27	27
8	1109	7294	7218
9	1109	6565	6501
10	1109	4333	4263
11	1109	3099	3052
12	1109	560	541
13	1109	4500	4461
14	1109	3429	3396
15	1109	4296	4268
16	1109	6823	6726
17	1109	25	24
18	1109	4403	4352
19	1109	3781	3743
20	1109	4263	4228
21	1109	4225	4182
22	1109	9	8
23	1109	3091	3070
24	1109	5089	5049
25	1109	447	446
26	1109	9	8
27	1109	6	5
28	1109	3	3
29	1109	39	39
30	1109	3687	3640
31	1109	3	3
32	1109	8381	8279
33	1109	2419	2380
34	1109	2951	2924
35	1109	71	70
36	1109	5051	4997
37	1109	3	3
38	1109	37	32
39	1109	4039	4007
40	1109	8334	8244
41	1109	1051	1040
42	1109	8429	8361
43	1109	1639	1622
44	1109	4	4
46	1109	4424	4373
47	1109	3	3
48	1109	49	43
49	1109	2343	2326
50	1109	6701	6608
51	1109	6	6
52	1109	2979	2947
53	1109	2	2
54	1109	3196	3147
55	1109	2617	2589
56	1109	36	29
57	1109	2005	1980
58	1109	10	8
59	1109	1173	1161
60	1109	3624	3581
61	1109	3127	3097
62	1109	1872	1844
63	1109	2227	2202
64	1109	28	27
65	1109	2270	2248
66	1109	3343	3301
67	1109	2874	2849
68	1109	3189	3141
69	1109	18	18
70	1109	5073	5013
71	1109	4184	4146
72	1109	3798	3750
73	1109	12	11
74	1109	4	4
75	1109	9227	9136
76	1109	1	1
77	1109	2	2
78	1109	6360	6288
79	1109	11	11
80	1109	590	585
81	1109	9434	9340
82	1109	6856	6775
83	1109	7199	7139
84	1109	22	22
85	1109	11379	11288
86	1109	8348	8268
87	1109	10	9
88	1109	2879	2848
89	1109	9	9
90	1109	5	5
91	1109	2	2
93	1109	1	0
95	1109	5	5
96	1109	2414	2386
97	1109	109	104
98	1109	12	12
99	1109	1	1
100	1109	2360	2339
101	1109	1	1
102	1109	2604	2582
103	1109	1146	1123
104	1109	1478	1458
105	1109	2397	2378
106	1109	4	4
107	1109	2586	2561
108	1109	2084	2065
109	1109	1802	1791
110	1109	2224	2200
112	1109	1351	1335
113	1109	2952	2929
114	1109	3244	3215
115	1109	5	5
116	1109	2037	2014
117	1109	1917	1894
118	1109	1331	1321
119	1109	2317	2299
120	1109	102	98
121	1109	4111	4072
122	1109	4214	4184
123	1109	3899	3868
124	1109	3503	3488
126	1109	2858	2837
127	1109	1429	1422
128	1109	3670	3633
129	1109	2794	2771
130	1109	93	89
131	1109	1479	1466
132	1109	2861	2836
133	1109	4	4
134	1109	2791	2775
136	1109	2740	2708
137	1109	3	3
138	1109	3052	3022
139	1109	1036	1030
140	1109	3	3
141	1109	2987	2969
142	1109	2422	2406
144	1109	5	5
145	1109	1818	1810
146	1109	2685	2665
147	1109	2484	2463
148	1109	3	3
149	1109	2991	2976
150	1109	1709	1697
151	1109	1809	1795
152	1109	1697	1689
153	1109	2159	2136
156	1109	1905	1890
158	1109	5	5
159	1109	2585	2564
160	1109	2289	2276
161	1109	2395	2376
162	1109	8	8
163	1109	2234	2218
164	1109	3093	3066
165	1109	9	9
166	1109	1344	1334
167	1109	3321	3297
168	1109	1599	1590
169	1109	4736	4690
170	1109	70	68
171	1109	4502	4459
172	1109	2978	2958
173	1109	4126	4100
174	1109	3843	3809
175	1109	4027	3996
176	1109	4136	4104
177	1109	1	0
178	1109	9	9
179	1109	1	1
181	1109	2	2
182	1109	2290	2272
183	1109	1823	1803
184	1109	2	1
0	1110	92635	81529
1	1110	12059	11952
2	1110	330	307
3	1110	890	844
4	1110	2359	2329
5	1110	2643	2610
6	1110	1894	1862
7	1110	28	27
8	1110	7506	7419
9	1110	6617	6525
10	1110	4206	4162
11	1110	3158	3128
12	1110	662	637
13	1110	4580	4548
14	1110	3439	3400
15	1110	4429	4384
16	1110	6983	6909
17	1110	19	16
18	1110	4661	4609
19	1110	4139	4107
20	1110	4265	4223
21	1110	4336	4297
22	1110	12	12
23	1110	3396	3363
24	1110	5020	4968
25	1110	455	449
26	1110	14	13
27	1110	7	7
28	1110	2	2
29	1110	32	31
30	1110	3456	3422
31	1110	2	2
32	1110	8399	8317
33	1110	2334	2308
34	1110	2951	2920
35	1110	61	61
36	1110	5090	5038
37	1110	4	3
38	1110	30	29
39	1110	4032	4001
40	1110	8230	8130
41	1110	1008	996
42	1110	8214	8147
43	1110	1577	1566
44	1110	1	1
45	1110	4	3
46	1110	4392	4349
47	1110	7	7
48	1110	40	38
49	1110	2289	2273
50	1110	6694	6627
51	1110	6	5
52	1110	2988	2964
53	1110	2	2
54	1110	3293	3251
55	1110	2722	2696
56	1110	39	32
57	1110	2188	2166
58	1110	11	9
59	1110	1289	1275
60	1110	3771	3722
61	1110	3281	3248
62	1110	1828	1798
63	1110	2240	2216
64	1110	37	32
65	1110	2180	2153
66	1110	3391	3350
67	1110	2851	2828
68	1110	3169	3139
69	1110	11	10
70	1110	4958	4901
71	1110	4158	4125
72	1110	3691	3645
73	1110	19	19
74	1110	6	6
75	1110	9223	9112
76	1110	2	2
77	1110	8	8
78	1110	6735	6670
79	1110	10	10
80	1110	588	581
81	1110	9954	9844
82	1110	6985	6928
83	1110	7315	7249
84	1110	31	28
85	1110	11763	11659
86	1110	8655	8567
87	1110	13	11
88	1110	2907	2881
89	1110	9	6
90	1110	3	3
91	1110	3	3
92	1110	1	1
93	1110	2	2
94	1110	2	2
95	1110	6	6
96	1110	2352	2326
97	1110	96	90
98	1110	5	4
99	1110	6	5
100	1110	2441	2417
102	1110	2621	2603
103	1110	1128	1115
104	1110	1479	1456
105	1110	2373	2356
106	1110	8	8
107	1110	2552	2539
108	1110	2224	2208
109	1110	1924	1906
110	1110	2217	2199
111	1110	3	2
112	1110	1379	1367
113	1110	2948	2927
114	1110	3438	3410
115	1110	6	6
116	1110	2072	2054
117	1110	1981	1966
118	1110	1356	1350
119	1110	2347	2332
120	1110	118	114
121	1110	4253	4230
122	1110	4242	4210
123	1110	3725	3697
124	1110	3610	3591
126	1110	3037	3021
127	1110	1726	1718
128	1110	3785	3758
129	1110	2712	2691
130	1110	86	84
131	1110	1604	1597
132	1110	2944	2928
133	1110	7	6
134	1110	2827	2814
135	1110	2	2
136	1110	2674	2654
137	1110	2	2
138	1110	2975	2954
139	1110	1074	1067
140	1110	1	1
141	1110	3087	3073
142	1110	2225	2206
143	1110	2	1
144	1110	4	4
145	1110	1892	1873
146	1110	2731	2714
147	1110	2430	2410
149	1110	3115	3091
150	1110	1814	1806
151	1110	1814	1807
152	1110	1701	1686
153	1110	2101	2079
154	1110	2	2
155	1110	1	1
156	1110	1913	1899
157	1110	1	1
158	1110	2	2
159	1110	2661	2640
160	1110	2218	2203
161	1110	2346	2328
162	1110	6	6
163	1110	2158	2140
164	1110	3080	3062
165	1110	10	10
166	1110	1339	1328
167	1110	3404	3383
168	1110	1659	1648
169	1110	4733	4705
170	1110	73	71
171	1110	4606	4564
172	1110	3087	3053
173	1110	4004	3970
174	1110	3939	3913
175	1110	4005	3982
176	1110	4319	4282
177	1110	2	2
178	1110	9	9
179	1110	2	2
180	1110	2	2
181	1110	2	2
182	1110	2332	2316
183	1110	1737	1726
0	1111	93162	81886
1	1111	12208	12082
2	1111	307	280
3	1111	820	771
4	1111	2266	2218
5	1111	2809	2760
6	1111	1883	1847
7	1111	24	23
8	1111	7265	7185
9	1111	6719	6642
10	1111	4127	4082
11	1111	3011	2971
12	1111	580	556
13	1111	4359	4323
14	1111	3612	3572
15	1111	4205	4165
16	1111	6771	6694
17	1111	23	22
18	1111	4559	4502
19	1111	4009	3965
20	1111	4230	4191
21	1111	4308	4271
22	1111	12	11
23	1111	3313	3276
24	1111	4978	4916
25	1111	418	415
26	1111	10	9
27	1111	2	2
28	1111	4	4
29	1111	23	23
30	1111	3657	3616
32	1111	8388	8271
33	1111	2278	2256
34	1111	2967	2931
35	1111	58	57
36	1111	5218	5170
37	1111	4	4
38	1111	34	33
39	1111	4056	4023
40	1111	8361	8262
41	1111	979	971
42	1111	8099	8019
43	1111	1628	1608
44	1111	2	2
45	1111	1	1
46	1111	4370	4318
47	1111	13	13
48	1111	48	43
49	1111	2383	2354
50	1111	6887	6791
51	1111	6	6
52	1111	2924	2899
53	1111	2	2
54	1111	3092	3048
55	1111	2728	2702
56	1111	38	30
57	1111	2135	2114
58	1111	11	11
59	1111	1198	1191
60	1111	3633	3593
61	1111	3268	3237
62	1111	1699	1670
63	1111	2325	2306
64	1111	48	40
65	1111	2124	2097
66	1111	3326	3285
67	1111	2845	2812
68	1111	3074	3029
69	1111	18	17
70	1111	4927	4872
71	1111	4219	4191
72	1111	3594	3551
73	1111	9	8
74	1111	5	5
75	1111	9298	9185
76	1111	1	1
77	1111	6	5
78	1111	6401	6326
79	1111	18	17
80	1111	551	541
81	1111	9542	9432
82	1111	6888	6806
83	1111	7205	7132
84	1111	34	31
85	1111	11567	11468
86	1111	8531	8463
87	1111	15	15
88	1111	2844	2799
89	1111	4	4
90	1111	4	3
91	1111	6	5
93	1111	3	2
94	1111	2	2
95	1111	7	7
96	1111	2286	2259
97	1111	88	83
98	1111	2	2
99	1111	6	6
100	1111	2462	2447
101	1111	1	1
102	1111	2612	2592
103	1111	1201	1190
104	1111	1586	1565
105	1111	2512	2499
106	1111	2	2
107	1111	2436	2413
108	1111	1965	1950
109	1111	1932	1922
110	1111	2197	2182
111	1111	3	3
112	1111	1412	1397
113	1111	2871	2849
114	1111	3321	3287
115	1111	2	2
116	1111	1928	1917
117	1111	1767	1748
118	1111	1354	1340
119	1111	2306	2291
120	1111	114	110
121	1111	4026	3998
122	1111	4252	4217
123	1111	3558	3528
124	1111	3548	3520
125	1111	2	2
126	1111	2947	2927
127	1111	1555	1540
128	1111	3833	3802
129	1111	2775	2747
130	1111	68	65
131	1111	1566	1549
132	1111	2969	2949
133	1111	5	5
134	1111	2679	2657
135	1111	3	3
136	1111	2622	2598
137	1111	1	1
138	1111	3098	3060
139	1111	1044	1035
141	1111	2990	2970
142	1111	2365	2354
143	1111	8	8
144	1111	1	1
145	1111	1817	1801
146	1111	2538	2521
147	1111	2291	2276
148	1111	3	3
149	1111	2952	2933
150	1111	1763	1750
151	1111	1852	1839
152	1111	1731	1721
153	1111	2222	2200
154	1111	3	3
155	1111	2	2
156	1111	1797	1780
158	1111	2	1
159	1111	2647	2634
160	1111	2207	2193
161	1111	2323	2298
162	1111	3	2
163	1111	2128	2120
164	1111	3036	3007
165	1111	10	10
166	1111	1335	1327
167	1111	3355	3327
168	1111	1536	1520
169	1111	4557	4517
170	1111	62	59
171	1111	4498	4460
172	1111	3102	3085
173	1111	3894	3868
174	1111	3645	3619
175	1111	3795	3773
176	1111	4231	4199
178	1111	7	4
179	1111	2	2
180	1111	1	1
181	1111	1	1
182	1111	2230	2216
183	1111	1851	1836
184	1111	2	2
0	1112	92905	81854
1	1112	11853	11731
2	1112	252	230
3	1112	816	773
4	1112	2328	2283
5	1112	2485	2455
6	1112	1843	1803
7	1112	21	20
8	1112	7319	7238
9	1112	6621	6540
10	1112	4150	4092
11	1112	3126	3082
12	1112	646	633
13	1112	4390	4357
14	1112	3303	3271
15	1112	4258	4204
16	1112	6915	6827
17	1112	29	26
18	1112	4422	4369
19	1112	4022	3989
20	1112	4276	4238
21	1112	4434	4400
22	1112	6	6
23	1112	3326	3291
24	1112	5038	4982
25	1112	432	424
26	1112	12	12
27	1112	3	3
28	1112	4	4
29	1112	19	19
30	1112	3582	3552
32	1112	8508	8412
33	1112	2342	2316
34	1112	2943	2912
35	1112	65	65
36	1112	5152	5087
38	1112	25	24
39	1112	3959	3909
40	1112	8196	8094
41	1112	1025	1016
42	1112	8192	8123
43	1112	1664	1652
44	1112	1	1
46	1112	4284	4238
47	1112	5	4
48	1112	37	36
49	1112	2308	2280
50	1112	7006	6928
51	1112	5	5
52	1112	3035	3010
53	1112	2	2
54	1112	3195	3155
55	1112	2696	2668
56	1112	35	30
57	1112	2152	2123
58	1112	14	14
59	1112	1202	1191
60	1112	3763	3713
61	1112	3316	3280
62	1112	1703	1684
63	1112	2327	2307
64	1112	34	32
65	1112	2159	2137
66	1112	3174	3142
67	1112	2835	2798
68	1112	3185	3149
69	1112	6	6
70	1112	4891	4837
71	1112	4167	4128
72	1112	3685	3637
73	1112	16	16
74	1112	10	10
75	1112	9376	9280
76	1112	1	1
77	1112	4	3
78	1112	6354	6300
79	1112	15	15
80	1112	580	568
81	1112	9429	9330
82	1112	6723	6654
83	1112	7270	7210
84	1112	38	36
85	1112	11773	11671
86	1112	8271	8181
87	1112	8	6
88	1112	2926	2886
89	1112	2	1
90	1112	2	2
91	1112	3	3
92	1112	1	1
93	1112	1	0
94	1112	3	3
95	1112	7	7
96	1112	2306	2282
97	1112	110	100
98	1112	11	10
99	1112	6	6
100	1112	2276	2259
101	1112	2	2
102	1112	2705	2681
103	1112	1094	1085
104	1112	1431	1415
105	1112	2500	2477
106	1112	4	4
107	1112	2616	2596
108	1112	2142	2128
109	1112	1826	1814
110	1112	2296	2270
111	1112	2	2
112	1112	1400	1386
113	1112	2964	2931
114	1112	3264	3246
115	1112	1	1
116	1112	1838	1821
117	1112	1906	1887
118	1112	1484	1468
119	1112	2237	2221
120	1112	133	124
121	1112	4184	4148
122	1112	4170	4132
123	1112	3657	3637
124	1112	3723	3692
125	1112	1	1
126	1112	3050	3033
127	1112	1609	1602
128	1112	3799	3769
129	1112	2664	2637
130	1112	69	67
131	1112	1610	1598
132	1112	2826	2798
133	1112	2	2
134	1112	2689	2669
135	1112	1	1
136	1112	2617	2594
137	1112	2	2
138	1112	3016	3002
139	1112	1075	1068
140	1112	1	1
141	1112	2931	2912
142	1112	2311	2297
143	1112	4	4
144	1112	4	4
145	1112	1919	1909
146	1112	2694	2677
147	1112	2403	2386
148	1112	3	3
149	1112	2912	2894
150	1112	1814	1799
151	1112	1791	1783
152	1112	1610	1598
153	1112	2194	2176
154	1112	1	1
156	1112	1734	1726
157	1112	2	2
158	1112	1	1
159	1112	2499	2481
160	1112	2264	2246
161	1112	2323	2303
162	1112	3	3
163	1112	2297	2281
164	1112	2999	2977
165	1112	12	11
166	1112	1347	1341
167	1112	3427	3405
168	1112	1554	1541
169	1112	4570	4533
170	1112	57	52
171	1112	4419	4392
172	1112	3019	2989
173	1112	4059	4035
174	1112	3678	3641
175	1112	3896	3872
176	1112	4205	4179
177	1112	8	8
178	1112	5	5
179	1112	1	1
180	1112	1	1
181	1112	1	1
182	1112	2332	2319
183	1112	1901	1887
0	1113	91407	80147
1	1113	12217	12105
2	1113	285	256
3	1113	907	841
4	1113	2307	2264
5	1113	2600	2573
6	1113	1824	1788
7	1113	39	37
8	1113	7456	7357
9	1113	6745	6658
10	1113	4263	4216
11	1113	3142	3087
12	1113	631	619
13	1113	4479	4446
14	1113	3408	3380
15	1113	4317	4273
16	1113	6930	6847
17	1113	22	19
18	1113	4461	4418
19	1113	3871	3841
20	1113	4459	4417
21	1113	4377	4331
22	1113	14	13
23	1113	3239	3194
24	1113	5017	4966
25	1113	417	415
26	1113	11	10
27	1113	3	3
28	1113	1	0
29	1113	10	10
30	1113	3423	3396
31	1113	4	4
32	1113	8417	8310
33	1113	2318	2293
34	1113	2915	2871
35	1113	68	67
36	1113	5327	5266
37	1113	2	2
38	1113	17	16
39	1113	3829	3789
40	1113	8457	8356
41	1113	950	938
42	1113	8302	8222
43	1113	1631	1616
44	1113	8	8
45	1113	1	1
46	1113	4142	4106
47	1113	3	3
48	1113	35	30
49	1113	2285	2261
50	1113	7037	6949
51	1113	7	6
52	1113	2825	2798
53	1113	7	7
54	1113	3224	3180
55	1113	2660	2642
56	1113	40	27
57	1113	2123	2102
58	1113	14	13
59	1113	1311	1298
60	1113	3707	3665
61	1113	3234	3202
62	1113	1766	1744
63	1113	2284	2256
64	1113	26	24
65	1113	2095	2061
66	1113	3346	3311
67	1113	2806	2780
68	1113	3196	3158
69	1113	14	13
70	1113	5000	4939
71	1113	4149	4113
72	1113	3630	3575
73	1113	13	13
74	1113	5	4
75	1113	9271	9170
76	1113	1	1
77	1113	6	6
78	1113	6567	6499
79	1113	13	9
80	1113	516	505
81	1113	9620	9516
82	1113	7050	6970
83	1113	7221	7151
84	1113	31	28
85	1113	11775	11660
86	1113	8493	8387
87	1113	13	11
88	1113	2978	2933
89	1113	7	4
90	1113	2	2
91	1113	3	3
92	1113	1	1
93	1113	1	1
94	1113	2	2
95	1113	2	2
96	1113	2344	2309
97	1113	112	104
98	1113	5	3
99	1113	9	9
100	1113	2478	2459
101	1113	3	3
102	1113	2729	2703
103	1113	1196	1175
104	1113	1414	1396
105	1113	2547	2521
106	1113	1	1
107	1113	2595	2568
108	1113	2130	2114
109	1113	1871	1859
110	1113	2178	2160
111	1113	1	1
112	1113	1361	1349
113	1113	2901	2873
114	1113	3245	3211
115	1113	2	2
116	1113	1836	1816
117	1113	1804	1779
118	1113	1428	1416
119	1113	2291	2271
120	1113	128	126
121	1113	4219	4198
122	1113	4404	4366
123	1113	3782	3752
124	1113	3751	3720
125	1113	4	4
126	1113	3045	3028
127	1113	1720	1703
128	1113	3900	3867
129	1113	2682	2656
130	1113	91	84
131	1113	1615	1603
132	1113	2929	2905
134	1113	2827	2803
135	1113	5	5
136	1113	2663	2636
137	1113	1	1
138	1113	2989	2970
139	1113	1090	1085
140	1113	2	2
141	1113	3009	2987
142	1113	2418	2401
144	1113	1	1
145	1113	1827	1809
146	1113	2731	2693
147	1113	2465	2448
148	1113	3	2
149	1113	2927	2910
150	1113	1776	1762
151	1113	1885	1870
152	1113	1820	1804
153	1113	2231	2206
154	1113	1	1
156	1113	1812	1804
158	1113	3	3
159	1113	2593	2567
160	1113	2301	2291
161	1113	2401	2383
162	1113	2	2
163	1113	2228	2211
164	1113	3119	3098
165	1113	7	5
166	1113	1472	1462
167	1113	3289	3259
168	1113	1616	1602
169	1113	4615	4585
170	1113	57	56
171	1113	4596	4560
172	1113	3086	3059
173	1113	4080	4064
174	1113	3839	3801
175	1113	3931	3906
176	1113	4233	4200
177	1113	1	1
178	1113	9	7
180	1113	1	1
181	1113	1	1
182	1113	2360	2343
183	1113	1797	1783
184	1113	1	1
0	1114	91724	80466
1	1114	12258	12139
2	1114	312	293
3	1114	840	781
4	1114	2288	2238
5	1114	2595	2557
6	1114	1778	1727
7	1114	26	23
8	1114	7536	7451
9	1114	6834	6754
10	1114	4176	4122
11	1114	3059	3013
12	1114	638	630
13	1114	4590	4561
14	1114	3487	3449
15	1114	4094	4060
16	1114	6899	6815
17	1114	31	28
18	1114	4561	4512
19	1114	3950	3912
20	1114	4438	4380
21	1114	4431	4396
22	1114	14	12
23	1114	3259	3241
24	1114	5116	5070
25	1114	437	429
26	1114	6	5
27	1114	1	1
28	1114	2	2
29	1114	12	12
30	1114	3478	3455
32	1114	8481	8375
33	1114	2415	2393
34	1114	2928	2898
35	1114	55	55
36	1114	5162	5114
38	1114	27	26
39	1114	3871	3833
40	1114	8172	8080
41	1114	945	937
42	1114	8299	8209
43	1114	1656	1641
44	1114	3	3
45	1114	4	4
46	1114	4250	4200
47	1114	10	9
48	1114	42	40
49	1114	2385	2359
50	1114	6620	6533
51	1114	1	1
52	1114	2916	2883
53	1114	5	5
54	1114	3193	3145
55	1114	2662	2638
56	1114	26	19
57	1114	2145	2128
58	1114	11	11
59	1114	1227	1213
60	1114	3744	3694
61	1114	3270	3231
62	1114	1718	1693
63	1114	2287	2258
64	1114	30	24
65	1114	2071	2043
66	1114	3241	3209
67	1114	2903	2867
68	1114	3301	3263
69	1114	14	13
70	1114	4854	4801
71	1114	4069	4030
72	1114	3628	3587
73	1114	16	16
74	1114	1	1
75	1114	9487	9389
76	1114	5	5
77	1114	3	2
78	1114	6219	6141
79	1114	18	16
80	1114	522	511
81	1114	9814	9721
82	1114	6924	6858
83	1114	7236	7173
84	1114	20	18
85	1114	11424	11335
86	1114	8218	8141
87	1114	12	12
88	1114	2915	2874
89	1114	7	6
90	1114	4	3
91	1114	2	2
92	1114	1	1
93	1114	1	1
95	1114	5	5
96	1114	2396	2375
97	1114	117	111
98	1114	7	7
99	1114	4	4
100	1114	2437	2414
101	1114	2	2
102	1114	2665	2632
103	1114	1147	1126
104	1114	1481	1461
105	1114	2521	2506
107	1114	2586	2565
108	1114	2073	2052
109	1114	1945	1928
110	1114	2210	2198
111	1114	1	1
112	1114	1359	1349
113	1114	2928	2897
114	1114	3376	3344
115	1114	4	3
116	1114	1692	1680
117	1114	1866	1849
118	1114	1389	1375
119	1114	2404	2371
120	1114	150	141
121	1114	4065	4032
122	1114	4314	4267
123	1114	3815	3780
124	1114	3545	3516
125	1114	2	2
126	1114	3084	3061
127	1114	1525	1516
128	1114	3934	3897
129	1114	2807	2788
130	1114	92	85
131	1114	1539	1519
132	1114	2868	2851
133	1114	1	1
134	1114	2786	2758
136	1114	2759	2742
138	1114	3002	2975
139	1114	1052	1037
141	1114	3018	2994
142	1114	2351	2334
143	1114	5	4
144	1114	7	7
145	1114	1841	1829
146	1114	2675	2649
147	1114	2522	2503
148	1114	2	2
149	1114	2934	2912
150	1114	1866	1851
151	1114	1787	1773
152	1114	1849	1832
153	1114	2118	2096
154	1114	1	1
155	1114	1	1
156	1114	1854	1838
158	1114	2	2
159	1114	2651	2637
160	1114	2242	2220
161	1114	2413	2391
162	1114	8	7
163	1114	2189	2169
164	1114	3156	3131
165	1114	18	17
166	1114	1311	1305
167	1114	3206	3185
168	1114	1605	1594
169	1114	4610	4576
170	1114	56	54
171	1114	4460	4429
172	1114	2898	2870
173	1114	3995	3970
174	1114	3745	3708
175	1114	4050	4017
176	1114	4318	4287
178	1114	5	5
179	1114	1	1
180	1114	2	1
182	1114	2399	2382
183	1114	1841	1820
184	1114	2	2
0	1115	92581	81578
1	1115	12066	11924
2	1115	310	270
3	1115	823	757
4	1115	2235	2196
5	1115	2445	2404
6	1115	1637	1599
7	1115	37	34
8	1115	7354	7255
9	1115	6668	6574
10	1115	4149	4092
11	1115	3143	3085
12	1115	588	574
13	1115	4508	4460
14	1115	3345	3309
15	1115	4380	4323
16	1115	6694	6618
17	1115	20	16
18	1115	4587	4537
19	1115	3840	3797
20	1115	4339	4283
21	1115	4334	4299
22	1115	10	10
23	1115	3254	3229
24	1115	4993	4945
25	1115	380	373
26	1115	10	9
27	1115	3	3
28	1115	3	3
29	1115	9	9
30	1115	3361	3321
31	1115	2	2
32	1115	8443	8335
33	1115	2342	2313
34	1115	2900	2861
35	1115	55	54
36	1115	5061	5015
38	1115	23	20
39	1115	3742	3698
40	1115	8104	8006
41	1115	1003	995
42	1115	8071	7981
43	1115	1628	1620
44	1115	4	4
45	1115	1	1
46	1115	3985	3938
47	1115	5	4
48	1115	47	40
49	1115	2428	2403
50	1115	6887	6796
51	1115	3	3
52	1115	2783	2756
53	1115	2	2
54	1115	3107	3072
55	1115	2670	2646
56	1115	37	28
57	1115	2124	2090
58	1115	13	10
59	1115	1134	1129
60	1115	3646	3614
61	1115	3422	3389
62	1115	1758	1741
63	1115	2146	2114
64	1115	29	27
65	1115	2050	2011
66	1115	3183	3157
67	1115	2784	2745
68	1115	3169	3132
69	1115	11	11
70	1115	4888	4830
71	1115	4060	4024
72	1115	3546	3510
73	1115	11	11
74	1115	3	1
75	1115	9291	9195
77	1115	4	4
78	1115	6114	6044
79	1115	19	17
80	1115	446	440
81	1115	9766	9661
82	1115	6953	6877
83	1115	7097	7029
84	1115	25	23
85	1115	11458	11358
86	1115	7987	7889
87	1115	18	17
88	1115	2811	2777
89	1115	12	10
90	1115	1	1
93	1115	1	1
94	1115	3	3
95	1115	5	5
96	1115	2282	2248
97	1115	113	103
98	1115	9	8
99	1115	4	4
100	1115	2452	2429
101	1115	1	1
102	1115	2657	2641
103	1115	1078	1065
104	1115	1497	1471
105	1115	2581	2560
106	1115	9	9
107	1115	2558	2537
108	1115	2120	2105
109	1115	1969	1951
110	1115	2214	2194
111	1115	4	4
112	1115	1343	1324
113	1115	3010	2976
114	1115	3219	3188
115	1115	2	1
116	1115	1587	1575
117	1115	1921	1903
118	1115	1375	1367
119	1115	2282	2266
120	1115	113	107
121	1115	4157	4128
122	1115	4359	4321
123	1115	3690	3661
124	1115	3592	3557
125	1115	1	1
126	1115	2903	2869
127	1115	1620	1612
128	1115	3885	3861
129	1115	2749	2726
130	1115	78	71
131	1115	1591	1576
132	1115	2817	2791
133	1115	1	1
134	1115	2658	2637
135	1115	1	1
136	1115	2626	2611
138	1115	2911	2886
139	1115	1073	1071
141	1115	2991	2961
142	1115	2370	2356
144	1115	4	4
145	1115	1814	1797
146	1115	2612	2585
147	1115	2345	2326
148	1115	1	1
149	1115	2971	2945
150	1115	1765	1751
151	1115	1790	1778
152	1115	1812	1798
153	1115	2188	2170
155	1115	1	1
156	1115	1749	1744
157	1115	2	2
158	1115	2	2
159	1115	2600	2592
160	1115	2268	2255
161	1115	2369	2352
162	1115	4	3
163	1115	2275	2259
164	1115	2955	2930
165	1115	5	5
166	1115	1344	1329
167	1115	3382	3362
168	1115	1535	1523
169	1115	4508	4471
170	1115	62	59
171	1115	4437	4400
172	1115	3062	3042
173	1115	3876	3851
174	1115	3802	3761
175	1115	3858	3835
176	1115	4127	4084
177	1115	1	1
178	1115	7	7
179	1115	2	2
180	1115	2	2
182	1115	2428	2399
183	1115	1869	1848
0	1116	96087	84797
1	1116	12227	12093
2	1116	322	297
3	1116	875	824
4	1116	2272	2232
5	1116	2572	2547
6	1116	1552	1519
7	1116	33	32
8	1116	7303	7239
9	1116	7105	7045
10	1116	4302	4247
11	1116	3096	3059
12	1116	662	643
13	1116	4507	4471
14	1116	3548	3508
15	1116	4398	4352
16	1116	7176	7084
17	1116	25	22
18	1116	4484	4438
19	1116	4087	4049
20	1116	4389	4337
21	1116	4434	4398
22	1116	8	7
23	1116	3448	3422
24	1116	5173	5117
25	1116	410	406
26	1116	7	7
27	1116	2	2
28	1116	3	3
29	1116	2	2
30	1116	3401	3370
31	1116	1	1
32	1116	8491	8405
33	1116	2353	2327
34	1116	2950	2921
35	1116	73	71
36	1116	5193	5132
37	1116	2	2
38	1116	37	34
39	1116	3553	3510
40	1116	8164	8055
41	1116	1073	1066
42	1116	8288	8207
43	1116	1624	1613
44	1116	6	6
46	1116	3940	3904
47	1116	7	7
48	1116	33	30
49	1116	2461	2441
50	1116	6895	6811
51	1116	5	4
52	1116	3006	2978
53	1116	6	6
54	1116	3162	3119
55	1116	2804	2781
56	1116	20	17
57	1116	2212	2194
58	1116	9	8
59	1116	1191	1176
60	1116	3771	3733
61	1116	3480	3446
62	1116	1774	1752
63	1116	2320	2293
64	1116	22	20
65	1116	2095	2064
66	1116	3166	3129
67	1116	2956	2928
68	1116	3234	3195
69	1116	11	9
70	1116	4784	4745
71	1116	4240	4204
72	1116	3601	3566
73	1116	16	15
74	1116	6	6
75	1116	9380	9278
76	1116	2	2
77	1116	3	3
78	1116	6284	6213
79	1116	8	8
80	1116	411	405
81	1116	9695	9599
82	1116	6913	6836
83	1116	7300	7231
84	1116	19	18
85	1116	11763	11678
86	1116	7961	7890
87	1116	15	14
88	1116	2924	2884
89	1116	8	8
90	1116	6	6
91	1116	2	2
93	1116	2	2
94	1116	2	2
95	1116	9	8
96	1116	2419	2397
97	1116	149	140
98	1116	17	17
99	1116	3	3
100	1116	2409	2394
101	1116	2	2
102	1116	2806	2786
103	1116	1208	1188
104	1116	1544	1530
105	1116	2606	2587
106	1116	2	2
107	1116	2639	2612
108	1116	2114	2093
109	1116	1964	1954
110	1116	2187	2167
112	1116	1534	1520
113	1116	2934	2917
114	1116	3054	3030
115	1116	2	2
116	1116	1426	1414
117	1116	1859	1844
118	1116	1405	1390
119	1116	2365	2349
120	1116	93	89
121	1116	4305	4270
122	1116	4192	4160
123	1116	3952	3930
124	1116	3732	3705
125	1116	6	6
126	1116	2982	2959
127	1116	1626	1615
128	1116	3964	3947
129	1116	2759	2742
130	1116	76	73
131	1116	1654	1647
132	1116	2574	2546
133	1116	2	2
134	1116	2705	2688
135	1116	2	2
136	1116	2851	2830
137	1116	3	3
138	1116	3060	3032
139	1116	1044	1038
140	1116	5	5
141	1116	2911	2891
142	1116	2464	2448
143	1116	6	5
144	1116	1	1
145	1116	1743	1727
146	1116	2640	2610
147	1116	2494	2477
148	1116	2	2
149	1116	2952	2918
150	1116	1743	1729
151	1116	1889	1879
152	1116	1851	1830
153	1116	2209	2182
154	1116	1	1
156	1116	1851	1833
157	1116	1	1
158	1116	2	2
159	1116	2813	2794
160	1116	2306	2296
161	1116	2429	2409
162	1116	6	6
163	1116	2108	2094
164	1116	2970	2948
165	1116	11	11
166	1116	1430	1421
167	1116	3444	3423
168	1116	1575	1565
169	1116	4851	4814
170	1116	66	63
171	1116	4724	4689
172	1116	3176	3145
173	1116	4177	4146
174	1116	3864	3828
175	1116	3948	3926
176	1116	4259	4226
177	1116	3	3
178	1116	6	6
179	1116	1	1
180	1116	4	4
181	1116	2	2
182	1116	2524	2505
183	1116	1887	1871
0	1117	95847	84218
1	1117	12505	12373
2	1117	318	296
3	1117	886	842
4	1117	2230	2204
5	1117	2609	2569
6	1117	1588	1540
7	1117	35	35
8	1117	7423	7350
9	1117	6991	6920
10	1117	4375	4325
11	1117	3331	3268
12	1117	619	599
13	1117	4518	4478
14	1117	3444	3404
15	1117	4498	4460
16	1117	7005	6895
17	1117	23	19
18	1117	4707	4651
19	1117	4106	4058
20	1117	4617	4574
21	1117	4494	4455
22	1117	14	13
23	1117	3451	3432
24	1117	5205	5141
25	1117	429	427
26	1117	13	13
27	1117	2	2
28	1117	3	3
29	1117	6	6
30	1117	3450	3394
31	1117	4	4
32	1117	8685	8580
33	1117	2445	2426
34	1117	2944	2913
35	1117	61	59
36	1117	5254	5210
38	1117	29	23
39	1117	3486	3449
40	1117	8001	7878
41	1117	1036	1024
42	1117	8180	8098
43	1117	1592	1576
44	1117	1	1
45	1117	4	4
46	1117	3793	3744
47	1117	5	5
48	1117	35	31
49	1117	2421	2397
50	1117	7055	6951
51	1117	6	6
52	1117	3056	3020
54	1117	3108	3059
55	1117	2734	2708
56	1117	37	30
57	1117	2112	2088
58	1117	9	8
59	1117	1163	1153
60	1117	3680	3633
61	1117	3489	3449
62	1117	1779	1745
63	1117	2316	2294
64	1117	22	21
65	1117	2108	2075
66	1117	3219	3179
67	1117	2859	2822
68	1117	3352	3313
69	1117	11	10
70	1117	4787	4734
71	1117	4205	4167
72	1117	3708	3647
73	1117	16	15
74	1117	4	4
75	1117	9434	9342
76	1117	3	3
77	1117	4	2
78	1117	6142	6048
79	1117	7	5
80	1117	378	374
81	1117	9745	9645
82	1117	6893	6798
83	1117	7393	7322
84	1117	21	20
85	1117	11768	11664
86	1117	8058	7964
87	1117	13	12
88	1117	2965	2928
89	1117	5	4
90	1117	1	1
91	1117	4	3
93	1117	1	1
94	1117	2	2
95	1117	5	5
96	1117	2443	2418
97	1117	118	111
98	1117	4	3
99	1117	6	6
100	1117	2399	2376
101	1117	3	3
102	1117	2766	2748
103	1117	1170	1154
104	1117	1453	1435
105	1117	2538	2524
106	1117	5	5
107	1117	2702	2678
108	1117	2265	2243
109	1117	2042	2032
110	1117	2244	2225
111	1117	1	1
112	1117	1443	1428
113	1117	2943	2923
114	1117	3241	3202
115	1117	1	1
116	1117	1284	1265
117	1117	2021	1998
118	1117	1332	1327
119	1117	2256	2241
120	1117	97	96
121	1117	4375	4341
122	1117	4234	4190
123	1117	3986	3958
124	1117	3824	3795
125	1117	3	3
126	1117	3055	3039
127	1117	1572	1556
128	1117	3863	3835
129	1117	2877	2855
130	1117	67	64
131	1117	1669	1659
132	1117	2434	2405
133	1117	1	1
134	1117	2790	2772
136	1117	2805	2784
137	1117	2	2
138	1117	2901	2887
139	1117	1151	1139
140	1117	4	4
141	1117	3134	3104
142	1117	2474	2446
143	1117	5	5
144	1117	3	3
145	1117	1869	1851
146	1117	2609	2586
147	1117	2360	2341
148	1117	5	5
149	1117	3248	3216
150	1117	1828	1819
151	1117	1970	1953
152	1117	1739	1722
153	1117	2239	2211
154	1117	3	3
156	1117	1812	1802
158	1117	4	3
159	1117	2855	2830
160	1117	2339	2323
161	1117	2291	2276
162	1117	5	5
163	1117	2199	2175
164	1117	3104	3081
165	1117	11	11
166	1117	1304	1294
167	1117	3458	3435
168	1117	1491	1478
169	1117	4785	4734
170	1117	69	66
171	1117	4462	4408
172	1117	3040	3014
173	1117	4147	4112
174	1117	3729	3686
175	1117	4005	3973
176	1117	4133	4097
177	1117	1	1
178	1117	2	2
180	1117	2	2
182	1117	2447	2423
183	1117	1830	1810
184	1117	4	4
0	1118	100102	87945
1	1118	12123	11972
2	1118	288	269
3	1118	938	898
4	1118	2372	2323
5	1118	2469	2435
6	1118	1457	1425
7	1118	23	22
8	1118	7347	7244
9	1118	7055	6965
10	1118	4203	4146
11	1118	3408	3364
12	1118	595	579
13	1118	4560	4517
14	1118	3258	3226
15	1118	4307	4267
16	1118	6960	6869
17	1118	14	13
18	1118	4695	4649
19	1118	4189	4148
20	1118	4515	4460
21	1118	4410	4359
22	1118	12	12
23	1118	3409	3377
24	1118	5224	5137
25	1118	442	437
26	1118	10	10
27	1118	3	3
28	1118	3	3
29	1118	5	4
30	1118	3211	3180
31	1118	5	5
32	1118	8671	8567
33	1118	2463	2430
34	1118	2954	2911
35	1118	79	76
36	1118	5293	5244
37	1118	2	2
38	1118	21	16
39	1118	3631	3595
40	1118	7975	7865
41	1118	1026	1010
42	1118	8429	8334
43	1118	1697	1683
44	1118	4	4
45	1118	5	5
46	1118	3688	3642
47	1118	6	6
48	1118	58	53
49	1118	2347	2317
50	1118	6882	6787
51	1118	3	3
52	1118	2830	2808
54	1118	2927	2878
55	1118	2541	2514
56	1118	34	27
57	1118	2019	1997
58	1118	11	11
59	1118	1207	1201
60	1118	3808	3760
61	1118	3402	3363
62	1118	1671	1648
63	1118	2272	2244
64	1118	24	24
65	1118	2108	2085
66	1118	3201	3164
67	1118	3008	2979
68	1118	3119	3074
69	1118	16	16
70	1118	4746	4670
71	1118	4031	3982
72	1118	3760	3715
73	1118	10	10
74	1118	1	1
75	1118	9781	9680
76	1118	1	1
77	1118	1	1
78	1118	5881	5816
79	1118	9	8
80	1118	345	334
81	1118	10058	9941
82	1118	6660	6577
83	1118	7496	7414
84	1118	31	30
85	1118	11718	11608
86	1118	7640	7561
87	1118	13	13
88	1118	2718	2684
89	1118	6	5
90	1118	4	4
91	1118	4	4
93	1118	1	1
94	1118	2	1
95	1118	8	6
96	1118	2271	2231
97	1118	123	119
98	1118	7	7
99	1118	5	4
100	1118	2382	2370
101	1118	3	3
102	1118	2593	2570
103	1118	1153	1139
104	1118	1450	1437
105	1118	2536	2511
106	1118	1	1
107	1118	2736	2711
108	1118	2122	2105
109	1118	2051	2033
110	1118	2285	2271
111	1118	4	4
112	1118	1430	1421
113	1118	2983	2965
114	1118	3004	2972
115	1118	4	2
116	1118	1269	1245
117	1118	1974	1951
118	1118	1301	1277
119	1118	2210	2191
120	1118	119	111
121	1118	4376	4332
122	1118	4333	4295
123	1118	3792	3766
124	1118	3584	3557
125	1118	2	2
126	1118	3071	3044
127	1118	1578	1564
128	1118	3777	3729
129	1118	2818	2784
130	1118	70	62
131	1118	1507	1490
132	1118	2331	2305
133	1118	3	3
134	1118	2621	2597
136	1118	2786	2767
137	1118	1	1
138	1118	3052	3023
139	1118	1047	1039
140	1118	2	2
141	1118	3086	3066
142	1118	2330	2314
143	1118	1	1
144	1118	4	4
145	1118	1864	1843
146	1118	2591	2557
147	1118	2423	2408
148	1118	4	4
149	1118	2975	2955
150	1118	1708	1700
151	1118	1845	1834
152	1118	1714	1700
153	1118	2248	2224
154	1118	3	3
155	1118	2	2
156	1118	1797	1780
157	1118	3	3
158	1118	8	8
159	1118	2765	2731
160	1118	2375	2351
161	1118	2413	2392
162	1118	3	3
163	1118	2278	2260
164	1118	3002	2981
165	1118	11	11
166	1118	1349	1334
167	1118	3418	3394
168	1118	1595	1584
169	1118	4782	4752
170	1118	41	40
171	1118	4433	4403
172	1118	3017	2998
173	1118	4095	4064
174	1118	3743	3711
175	1118	3926	3891
176	1118	4094	4069
177	1118	1	1
178	1118	4	3
179	1118	3	3
180	1118	2	2
181	1118	2	2
182	1118	2292	2273
183	1118	1819	1802
184	1118	1	1
0	1119	94633	83224
1	1119	12097	11960
2	1119	323	298
3	1119	910	875
4	1119	2188	2164
5	1119	2553	2533
6	1119	1474	1440
7	1119	39	33
8	1119	7451	7367
9	1119	7313	7220
10	1119	4367	4319
11	1119	3276	3225
12	1119	672	645
13	1119	4630	4602
14	1119	3322	3282
15	1119	4538	4490
16	1119	6918	6832
17	1119	23	22
18	1119	4826	4784
19	1119	4236	4199
20	1119	4449	4408
21	1119	4526	4485
22	1119	15	14
23	1119	3591	3555
24	1119	5131	5085
25	1119	460	455
26	1119	19	18
27	1119	4	4
28	1119	1	1
29	1119	5	5
30	1119	3238	3194
31	1119	4	4
32	1119	8516	8417
33	1119	2328	2309
34	1119	2867	2835
35	1119	47	47
36	1119	5302	5259
37	1119	1	1
38	1119	38	31
39	1119	3462	3421
40	1119	7891	7793
41	1119	938	929
42	1119	8197	8120
43	1119	1632	1621
44	1119	4	4
45	1119	2	2
46	1119	3482	3437
47	1119	8	8
48	1119	52	47
49	1119	2341	2320
50	1119	6737	6646
51	1119	5	5
52	1119	2961	2930
53	1119	7	7
54	1119	2863	2825
55	1119	2707	2681
56	1119	33	23
57	1119	2078	2058
58	1119	16	15
59	1119	1260	1245
60	1119	3572	3530
61	1119	3418	3370
62	1119	1634	1612
63	1119	2461	2432
64	1119	34	33
65	1119	1925	1884
66	1119	3271	3235
67	1119	2730	2697
68	1119	3234	3190
69	1119	13	12
70	1119	4721	4672
71	1119	4053	4005
72	1119	3433	3395
73	1119	10	10
74	1119	3	3
75	1119	9785	9686
76	1119	3	2
77	1119	5	4
78	1119	5883	5806
79	1119	12	11
80	1119	295	288
81	1119	10229	10132
82	1119	6794	6709
83	1119	7784	7712
84	1119	25	25
85	1119	12140	12017
86	1119	7628	7519
87	1119	12	11
88	1119	2826	2778
89	1119	13	11
90	1119	5	5
91	1119	1	1
94	1119	1	1
95	1119	2	2
96	1119	2425	2397
97	1119	115	109
98	1119	11	10
99	1119	10	10
100	1119	2435	2416
101	1119	1	0
102	1119	2724	2701
103	1119	1067	1055
104	1119	1495	1478
105	1119	2471	2456
106	1119	2	1
107	1119	2631	2606
108	1119	2099	2075
109	1119	1959	1943
110	1119	2264	2249
111	1119	3	3
112	1119	1476	1463
113	1119	2969	2946
114	1119	3117	3083
115	1119	2	1
116	1119	1111	1095
117	1119	1968	1951
118	1119	1270	1262
119	1119	2240	2223
120	1119	97	97
121	1119	4415	4376
122	1119	4248	4212
123	1119	3811	3775
124	1119	3753	3718
125	1119	4	4
126	1119	3114	3093
127	1119	1569	1556
128	1119	3712	3680
129	1119	2704	2676
130	1119	75	69
131	1119	1597	1578
132	1119	2289	2265
133	1119	2	2
134	1119	2642	2615
135	1119	2	2
136	1119	2652	2633
137	1119	1	1
138	1119	3105	3081
139	1119	1110	1106
140	1119	2	2
141	1119	3090	3065
142	1119	2443	2425
143	1119	2	2
144	1119	2	2
145	1119	1741	1715
146	1119	2454	2430
147	1119	2433	2414
148	1119	5	5
149	1119	3263	3237
150	1119	1750	1734
151	1119	1821	1804
152	1119	1742	1729
153	1119	2194	2181
154	1119	1	1
155	1119	2	2
156	1119	1824	1813
157	1119	2	2
158	1119	4	4
159	1119	2812	2795
160	1119	2300	2276
161	1119	2441	2417
162	1119	13	13
163	1119	2088	2071
164	1119	2978	2955
165	1119	10	10
166	1119	1320	1311
167	1119	3352	3326
168	1119	1654	1640
169	1119	4877	4842
170	1119	47	44
171	1119	4517	4483
172	1119	2959	2938
173	1119	4265	4232
174	1119	3854	3821
175	1119	3930	3901
176	1119	4141	4115
177	1119	2	2
178	1119	8	8
180	1119	5	5
181	1119	3	3
182	1119	2429	2406
183	1119	1883	1862
184	1119	1	1
0	2101	107869	94543
1	2101	12950	12734
2	2101	331	307
3	2101	943	873
4	2101	2396	2346
5	2101	2769	2704
6	2101	2142	2090
7	2101	23	21
8	2101	8089	7956
9	2101	7205	7086
10	2101	4282	4207
11	2101	3230	3173
12	2101	511	499
13	2101	4626	4543
14	2101	3682	3635
15	2101	4484	4405
16	2101	7607	7475
17	2101	17	15
18	2101	4977	4906
19	2101	4256	4196
20	2101	4547	4486
21	2101	4527	4462
22	2101	15	12
23	2101	3357	3306
24	2101	5437	5346
25	2101	425	419
26	2101	12	12
27	2101	3	3
28	2101	2	2
29	2101	54	52
30	2101	4032	3953
31	2101	2	2
32	2101	9245	9049
33	2101	2551	2505
34	2101	3185	3114
35	2101	74	72
36	2101	5505	5430
37	2101	3	3
38	2101	26	24
39	2101	4223	4157
40	2101	8875	8718
41	2101	1058	1044
42	2101	8889	8747
43	2101	1755	1731
44	2101	1	0
46	2101	4697	4615
47	2101	3	3
48	2101	63	58
49	2101	2463	2421
50	2101	7477	7341
51	2101	6	6
52	2101	3160	3102
53	2101	3	3
54	2101	3611	3552
55	2101	2765	2722
56	2101	52	41
57	2101	2389	2342
58	2101	12	10
59	2101	1167	1154
60	2101	3970	3908
61	2101	3401	3339
62	2101	1919	1881
63	2101	2343	2289
64	2101	42	38
65	2101	2291	2245
66	2101	3580	3513
67	2101	3030	2986
68	2101	3276	3225
69	2101	19	17
70	2101	5491	5398
71	2101	4544	4480
72	2101	3993	3913
73	2101	17	17
75	2101	9677	9522
76	2101	1	1
78	2101	6925	6817
79	2101	12	12
80	2101	750	736
81	2101	10056	9898
82	2101	7518	7372
83	2101	7625	7502
84	2101	16	15
85	2101	12385	12202
86	2101	9131	8972
87	2101	6	6
88	2101	3057	2991
89	2101	12	10
90	2101	1	1
91	2101	5	5
93	2101	3	3
95	2101	7	5
96	2101	2576	2538
97	2101	128	122
98	2101	7	7
99	2101	9	9
100	2101	2699	2658
101	2101	3	2
102	2101	2921	2885
103	2101	1218	1198
104	2101	1601	1576
105	2101	2741	2709
106	2101	1	1
107	2101	2737	2694
108	2101	2184	2143
109	2101	2006	1978
110	2101	2314	2279
112	2101	1364	1343
113	2101	3174	3133
114	2101	3544	3502
116	2101	2354	2326
117	2101	2101	2073
118	2101	1343	1328
119	2101	2314	2282
120	2101	122	118
121	2101	4485	4413
122	2101	4459	4391
123	2101	4098	4033
124	2101	3815	3745
125	2101	2	2
126	2101	3366	3324
127	2101	1699	1686
128	2101	4097	4051
129	2101	3043	3000
130	2101	98	95
131	2101	1789	1771
132	2101	3303	3258
133	2101	5	5
134	2101	2897	2841
136	2101	2928	2883
137	2101	2	2
138	2101	3397	3346
139	2101	1168	1150
140	2101	1	1
141	2101	3331	3276
142	2101	2519	2473
143	2101	1	1
145	2101	2159	2132
146	2101	2977	2926
147	2101	2512	2479
148	2101	2	2
149	2101	3032	2993
150	2101	1945	1920
151	2101	1980	1962
152	2101	1772	1747
153	2101	2293	2259
154	2101	2	2
155	2101	1	1
156	2101	1884	1861
157	2101	1	1
158	2101	4	4
159	2101	2677	2632
160	2101	2527	2486
161	2101	2602	2574
162	2101	3	3
163	2101	2547	2524
164	2101	3291	3254
165	2101	9	9
166	2101	1403	1381
167	2101	3488	3439
168	2101	1570	1536
169	2101	5066	4987
170	2101	68	66
171	2101	4657	4602
172	2101	3110	3074
173	2101	4324	4258
174	2101	3867	3809
175	2101	4080	4030
176	2101	4485	4422
177	2101	1	0
178	2101	7	7
179	2101	1	1
180	2101	1	1
181	2101	5	5
182	2101	2655	2623
183	2101	1866	1851
184	2101	1	1
0	2102	105399	92640
1	2102	13041	12867
2	2102	355	331
3	2102	921	870
4	2102	2459	2418
5	2102	2795	2737
6	2102	2060	2016
7	2102	26	26
8	2102	8068	7949
9	2102	7062	6977
10	2102	4643	4557
11	2102	3252	3199
12	2102	480	468
13	2102	4896	4835
14	2102	3664	3604
15	2102	4342	4279
16	2102	7609	7510
17	2102	20	18
18	2102	4801	4743
19	2102	4368	4315
20	2102	4517	4458
21	2102	4569	4519
22	2102	12	10
23	2102	3366	3329
24	2102	5542	5474
25	2102	408	404
26	2102	11	11
27	2102	3	3
28	2102	1	1
29	2102	44	44
30	2102	3961	3917
31	2102	1	1
32	2102	9309	9161
33	2102	2543	2500
34	2102	3124	3077
35	2102	84	83
36	2102	5709	5626
37	2102	3	3
38	2102	29	28
39	2102	4471	4411
40	2102	9089	8957
41	2102	1061	1048
42	2102	9053	8942
43	2102	1679	1657
44	2102	1	1
45	2102	2	2
46	2102	4721	4653
47	2102	3	3
48	2102	55	51
49	2102	2432	2409
50	2102	7272	7181
51	2102	2	2
52	2102	2995	2948
53	2102	5	5
54	2102	3448	3403
55	2102	2799	2759
56	2102	44	37
57	2102	2324	2302
58	2102	13	12
59	2102	1289	1279
60	2102	3924	3865
61	2102	3515	3472
62	2102	1892	1866
63	2102	2445	2409
64	2102	58	56
65	2102	2379	2347
66	2102	3461	3407
67	2102	2970	2934
68	2102	3346	3299
69	2102	7	6
70	2102	5441	5369
71	2102	4342	4283
72	2102	3808	3757
73	2102	18	18
74	2102	5	5
75	2102	9849	9731
76	2102	2	2
77	2102	5	5
78	2102	6787	6691
79	2102	18	15
80	2102	704	693
81	2102	10102	9978
82	2102	7466	7336
83	2102	7675	7583
84	2102	14	14
85	2102	12421	12270
86	2102	9199	9093
87	2102	6	6
88	2102	3120	3078
89	2102	5	5
90	2102	2	2
92	2102	1	1
94	2102	1	1
95	2102	7	7
96	2102	2525	2493
97	2102	133	126
98	2102	8	7
99	2102	5	5
100	2102	2432	2395
101	2102	4	3
102	2102	2959	2923
103	2102	1245	1218
104	2102	1637	1614
105	2102	2745	2718
106	2102	2	2
107	2102	2596	2564
108	2102	2225	2205
109	2102	2038	2018
110	2102	2396	2364
111	2102	2	2
112	2102	1545	1529
113	2102	3386	3342
114	2102	3546	3506
115	2102	3	3
116	2102	2362	2329
117	2102	1915	1887
118	2102	1485	1459
119	2102	2493	2468
120	2102	153	149
121	2102	4435	4379
122	2102	4769	4719
123	2102	4050	3994
124	2102	3973	3932
125	2102	2	2
126	2102	3239	3208
127	2102	1680	1667
128	2102	4089	4049
129	2102	2939	2894
130	2102	83	81
131	2102	1729	1712
132	2102	3268	3234
133	2102	3	3
134	2102	2871	2826
135	2102	2	2
136	2102	3009	2966
137	2102	1	1
138	2102	3270	3236
139	2102	1211	1196
140	2102	1	1
141	2102	3167	3119
142	2102	2480	2454
144	2102	5	5
145	2102	2032	2005
146	2102	2874	2844
147	2102	2565	2548
148	2102	2	2
149	2102	3258	3217
150	2102	1911	1892
151	2102	1954	1939
152	2102	1835	1816
153	2102	2262	2235
154	2102	1	1
156	2102	1881	1866
158	2102	6	6
159	2102	2746	2723
160	2102	2348	2313
161	2102	2541	2517
162	2102	4	4
163	2102	2469	2453
164	2102	3085	3049
165	2102	12	11
166	2102	1537	1519
167	2102	3619	3580
168	2102	1660	1646
169	2102	4941	4906
170	2102	74	73
171	2102	4959	4915
172	2102	3273	3231
173	2102	4138	4096
174	2102	4131	4075
175	2102	4201	4158
176	2102	4589	4530
177	2102	1	1
178	2102	7	6
182	2102	2490	2463
183	2102	1798	1780
184	2102	2	2
0	2103	105773	92931
1	2103	12814	12648
2	2103	393	355
3	2103	917	871
4	2103	2445	2406
5	2103	2798	2762
6	2103	2199	2148
7	2103	21	21
8	2103	7966	7845
9	2103	7341	7228
10	2103	4404	4328
11	2103	3120	3077
12	2103	478	472
13	2103	4889	4821
14	2103	3784	3737
15	2103	4638	4576
16	2103	7300	7210
17	2103	10	10
18	2103	4766	4703
19	2103	4233	4191
20	2103	4593	4527
21	2103	4525	4471
22	2103	11	10
23	2103	3487	3446
24	2103	5348	5268
25	2103	414	409
26	2103	6	6
27	2103	3	3
28	2103	1	1
29	2103	36	35
30	2103	3865	3811
32	2103	9075	8942
33	2103	2396	2360
34	2103	3163	3123
35	2103	77	76
36	2103	5430	5348
37	2103	2	2
38	2103	35	33
39	2103	4211	4159
40	2103	8974	8861
41	2103	1191	1177
42	2103	8696	8576
43	2103	1602	1584
44	2103	3	3
45	2103	1	1
46	2103	4649	4571
47	2103	9	9
48	2103	42	38
49	2103	2420	2385
50	2103	7523	7397
51	2103	7	7
52	2103	3089	3053
53	2103	4	4
54	2103	3624	3561
55	2103	2838	2801
56	2103	37	32
57	2103	2400	2364
58	2103	21	21
59	2103	1229	1217
60	2103	4009	3943
61	2103	3685	3629
62	2103	1957	1934
63	2103	2270	2250
64	2103	31	29
65	2103	2321	2283
66	2103	3553	3498
67	2103	3178	3126
68	2103	3136	3100
69	2103	18	18
70	2103	5554	5486
71	2103	4423	4379
72	2103	4046	3984
73	2103	12	11
74	2103	1	1
75	2103	9812	9683
76	2103	2	2
77	2103	3	3
78	2103	6897	6804
79	2103	14	12
80	2103	776	758
81	2103	10011	9894
82	2103	7722	7616
83	2103	7695	7589
84	2103	31	27
85	2103	12332	12183
86	2103	9521	9412
87	2103	11	11
88	2103	3075	3016
89	2103	8	6
90	2103	3	3
91	2103	5	4
92	2103	2	2
93	2103	1	1
94	2103	1	1
95	2103	4	3
96	2103	2568	2529
97	2103	138	131
98	2103	13	12
99	2103	3	3
100	2103	2683	2652
101	2103	3	3
102	2103	2804	2778
103	2103	1299	1276
104	2103	1644	1626
105	2103	2666	2630
106	2103	1	1
107	2103	2859	2826
108	2103	2226	2199
109	2103	2010	1989
110	2103	2388	2365
112	2103	1470	1449
113	2103	3221	3189
114	2103	3777	3735
115	2103	3	3
116	2103	2398	2373
117	2103	2072	2054
118	2103	1515	1499
119	2103	2503	2485
120	2103	152	143
121	2103	4674	4624
122	2103	4473	4423
123	2103	3938	3896
124	2103	3844	3812
125	2103	2	2
126	2103	3221	3201
127	2103	1802	1784
128	2103	4076	4033
129	2103	2941	2905
130	2103	75	72
131	2103	1697	1673
132	2103	3149	3119
133	2103	2	2
134	2103	3102	3060
135	2103	1	1
136	2103	3013	2971
137	2103	3	3
138	2103	3399	3353
139	2103	1203	1193
140	2103	1	1
141	2103	3310	3274
142	2103	2394	2366
143	2103	4	4
144	2103	5	5
145	2103	2192	2172
146	2103	2920	2876
147	2103	2557	2536
148	2103	5	5
149	2103	3110	3080
150	2103	1810	1795
151	2103	1925	1903
152	2103	1867	1849
153	2103	2357	2334
154	2103	2	2
156	2103	2024	2006
158	2103	5	5
159	2103	2748	2722
160	2103	2434	2413
161	2103	2403	2378
162	2103	5	5
163	2103	2413	2393
164	2103	3376	3337
165	2103	10	10
166	2103	1455	1438
167	2103	3565	3527
168	2103	1710	1694
169	2103	5110	5042
170	2103	51	48
171	2103	4839	4789
172	2103	3398	3356
173	2103	4151	4105
174	2103	3962	3905
175	2103	4271	4238
176	2103	4390	4342
177	2103	5	5
178	2103	3	3
179	2103	4	4
180	2103	1	1
182	2103	2632	2609
183	2103	1903	1879
0	2104	111955	98784
1	2104	12811	12636
2	2104	290	277
3	2104	910	864
4	2104	2355	2325
5	2104	2701	2665
6	2104	2061	2023
7	2104	28	28
8	2104	7891	7770
9	2104	7044	6940
10	2104	4299	4242
11	2104	2965	2915
12	2104	530	522
13	2104	4568	4501
14	2104	3575	3518
15	2104	4411	4358
16	2104	7358	7244
17	2104	18	18
18	2104	4697	4649
19	2104	4216	4144
20	2104	4437	4376
21	2104	4500	4445
22	2104	17	17
23	2104	3453	3416
24	2104	5696	5645
25	2104	448	442
26	2104	9	9
27	2104	2	2
28	2104	1	1
29	2104	41	40
30	2104	3716	3661
32	2104	9191	9049
33	2104	2437	2409
34	2104	3196	3159
35	2104	60	56
36	2104	5299	5236
37	2104	4	4
38	2104	29	27
39	2104	4306	4250
40	2104	8893	8766
41	2104	983	962
42	2104	9006	8898
43	2104	1769	1747
44	2104	7	7
45	2104	1	1
46	2104	4450	4393
47	2104	4	4
48	2104	48	45
49	2104	2508	2476
50	2104	7167	7059
51	2104	4	4
52	2104	3073	3020
53	2104	3	3
54	2104	3466	3403
55	2104	2911	2867
56	2104	37	34
57	2104	2345	2309
58	2104	18	15
59	2104	1245	1218
60	2104	3856	3800
61	2104	3337	3285
62	2104	1946	1914
63	2104	2352	2321
64	2104	36	31
65	2104	2262	2222
66	2104	3528	3488
67	2104	2965	2933
68	2104	3263	3229
69	2104	15	15
70	2104	5470	5403
71	2104	4079	4027
72	2104	3905	3866
73	2104	16	16
74	2104	2	2
75	2104	9443	9325
76	2104	5	5
77	2104	1	1
78	2104	6795	6718
79	2104	11	8
80	2104	674	668
81	2104	10236	10084
82	2104	7359	7246
83	2104	7599	7497
84	2104	27	27
85	2104	12087	11925
86	2104	9240	9115
87	2104	9	8
88	2104	3002	2964
89	2104	8	8
90	2104	1	1
91	2104	4	4
93	2104	2	2
94	2104	1	1
95	2104	10	8
96	2104	2525	2491
97	2104	93	86
98	2104	10	9
99	2104	7	6
100	2104	2557	2522
102	2104	2771	2744
103	2104	1224	1209
104	2104	1684	1664
105	2104	2734	2715
106	2104	4	4
107	2104	2835	2803
108	2104	2155	2137
109	2104	2069	2040
110	2104	2248	2218
111	2104	1	1
112	2104	1451	1431
113	2104	3113	3073
114	2104	3780	3741
115	2104	3	3
116	2104	2309	2289
117	2104	2016	1997
118	2104	1368	1355
119	2104	2399	2381
120	2104	118	118
121	2104	4373	4318
122	2104	4662	4598
123	2104	3922	3885
124	2104	3722	3679
125	2104	6	6
126	2104	3158	3122
127	2104	1570	1558
128	2104	3974	3931
129	2104	2879	2845
130	2104	110	107
131	2104	1684	1666
132	2104	3149	3113
133	2104	3	3
134	2104	2913	2869
136	2104	3001	2971
137	2104	1	1
138	2104	3269	3234
139	2104	1171	1156
140	2104	2	2
141	2104	3171	3127
142	2104	2419	2394
143	2104	3	3
144	2104	6	6
145	2104	2003	1976
146	2104	2914	2887
147	2104	2390	2358
148	2104	1	1
149	2104	3228	3185
150	2104	1761	1735
151	2104	1926	1907
152	2104	1800	1785
153	2104	2333	2298
154	2104	1	1
155	2104	2	2
156	2104	1920	1902
157	2104	2	2
158	2104	2	2
159	2104	2681	2650
160	2104	2464	2444
161	2104	2601	2576
162	2104	8	8
163	2104	2372	2346
164	2104	3245	3210
165	2104	17	17
166	2104	1371	1356
167	2104	3614	3566
168	2104	1582	1560
169	2104	4883	4821
170	2104	66	64
171	2104	4809	4751
172	2104	3387	3356
173	2104	4202	4157
174	2104	4022	3976
175	2104	4042	3997
176	2104	4539	4492
177	2104	4	4
178	2104	6	6
179	2104	4	4
180	2104	1	1
182	2104	2429	2403
183	2104	1935	1914
0	2105	105615	92343
1	2105	12572	12408
2	2105	386	353
3	2105	921	872
4	2105	2382	2343
5	2105	2653	2601
6	2105	2119	2072
7	2105	38	34
8	2105	8145	8015
9	2105	7114	6999
10	2105	4321	4252
11	2105	3312	3259
12	2105	535	523
13	2105	4841	4770
14	2105	3776	3710
15	2105	4501	4419
16	2105	7223	7080
17	2105	14	12
18	2105	4856	4797
19	2105	4232	4184
20	2105	4604	4532
21	2105	4514	4452
22	2105	16	16
23	2105	3325	3285
24	2105	5421	5344
25	2105	459	453
26	2105	19	18
27	2105	4	4
28	2105	4	4
29	2105	30	30
30	2105	3915	3857
31	2105	1	1
32	2105	9323	9186
33	2105	2482	2446
34	2105	3191	3133
35	2105	55	55
36	2105	5612	5539
37	2105	1	1
38	2105	26	25
39	2105	4287	4225
40	2105	9224	9072
41	2105	1013	1002
42	2105	8829	8705
43	2105	1753	1725
44	2105	4	4
45	2105	4	4
46	2105	4877	4817
47	2105	2	2
48	2105	45	43
49	2105	2530	2484
50	2105	7345	7220
51	2105	3	3
52	2105	3181	3127
53	2105	6	6
54	2105	3513	3458
55	2105	2803	2763
56	2105	34	27
57	2105	2286	2243
58	2105	8	7
59	2105	1361	1344
60	2105	3944	3877
61	2105	3518	3465
62	2105	1991	1970
63	2105	2456	2433
64	2105	47	44
65	2105	2332	2289
66	2105	3549	3499
67	2105	3023	2987
68	2105	3411	3359
69	2105	14	13
70	2105	5468	5388
71	2105	4415	4357
72	2105	3811	3764
73	2105	27	27
74	2105	9	8
75	2105	9763	9631
76	2105	2	2
78	2105	6974	6864
79	2105	17	15
80	2105	677	665
81	2105	10140	10011
82	2105	7482	7366
83	2105	7491	7362
84	2105	31	30
85	2105	12309	12156
86	2105	9227	9084
87	2105	5	5
88	2105	3172	3106
89	2105	7	7
90	2105	2	2
91	2105	1	1
95	2105	6	6
96	2105	2505	2465
97	2105	128	119
98	2105	6	6
99	2105	5	5
100	2105	2630	2610
102	2105	2930	2887
103	2105	1283	1259
104	2105	1624	1602
105	2105	2751	2718
107	2105	2764	2729
108	2105	2172	2151
109	2105	2026	1999
110	2105	2415	2368
111	2105	3	3
112	2105	1521	1493
113	2105	3031	3002
114	2105	3751	3695
115	2105	2	1
116	2105	2335	2307
117	2105	2004	1966
118	2105	1429	1411
119	2105	2397	2372
120	2105	157	152
121	2105	4396	4346
122	2105	4422	4353
123	2105	4048	4002
124	2105	3946	3908
125	2105	6	6
126	2105	3296	3254
127	2105	1619	1600
128	2105	4100	4042
129	2105	3094	3056
130	2105	91	89
131	2105	1674	1644
132	2105	3284	3237
133	2105	1	1
134	2105	3063	3007
136	2105	2916	2883
137	2105	2	2
138	2105	3432	3382
139	2105	1182	1169
141	2105	3296	3242
142	2105	2558	2529
144	2105	3	3
145	2105	2036	2015
146	2105	3214	3173
147	2105	2573	2543
148	2105	2	2
149	2105	3080	3051
150	2105	1821	1799
151	2105	1968	1945
152	2105	1835	1814
153	2105	2338	2300
154	2105	2	2
155	2105	1	1
156	2105	2013	1989
157	2105	2	2
158	2105	5	5
159	2105	2888	2851
160	2105	2495	2473
161	2105	2518	2487
162	2105	2	2
163	2105	2321	2299
164	2105	3350	3312
165	2105	12	12
166	2105	1338	1323
167	2105	3495	3455
168	2105	1706	1684
169	2105	4849	4786
170	2105	67	67
171	2105	4797	4748
172	2105	3420	3376
173	2105	4365	4312
174	2105	4001	3939
175	2105	4107	4057
176	2105	4626	4586
177	2105	4	4
178	2105	6	6
180	2105	1	1
181	2105	2	2
182	2105	2558	2518
183	2105	1989	1964
0	2106	105919	93146
1	2106	12993	12787
2	2106	325	297
3	2106	942	893
4	2106	2350	2307
5	2106	2745	2695
6	2106	2116	2074
7	2106	34	32
8	2106	7873	7768
9	2106	7313	7192
10	2106	4493	4434
11	2106	3165	3118
12	2106	491	482
13	2106	4671	4607
14	2106	3711	3673
15	2106	4397	4349
16	2106	7319	7219
17	2106	11	11
18	2106	4753	4702
19	2106	4263	4213
20	2106	4508	4452
21	2106	4579	4533
22	2106	14	13
23	2106	3451	3408
24	2106	5432	5351
25	2106	394	390
26	2106	11	11
27	2106	2	2
28	2106	4	4
29	2106	40	39
30	2106	3993	3937
32	2106	9273	9139
33	2106	2367	2335
34	2106	3320	3269
35	2106	70	70
36	2106	5597	5538
37	2106	1	1
38	2106	20	20
39	2106	4360	4316
40	2106	8939	8826
41	2106	1138	1122
42	2106	9044	8943
43	2106	1555	1537
44	2106	8	8
45	2106	1	1
46	2106	4632	4567
47	2106	1	1
48	2106	52	49
49	2106	2522	2487
50	2106	7415	7313
51	2106	4	4
52	2106	3100	3048
53	2106	5	5
54	2106	3569	3522
55	2106	2840	2798
56	2106	39	34
57	2106	2222	2195
58	2106	15	14
59	2106	1341	1322
60	2106	3853	3788
61	2106	3442	3399
62	2106	2040	2004
63	2106	2446	2415
64	2106	34	31
65	2106	2304	2281
66	2106	3515	3469
67	2106	2980	2933
68	2106	3227	3165
69	2106	13	13
70	2106	5527	5454
71	2106	4279	4234
72	2106	4067	4012
73	2106	18	17
74	2106	4	4
75	2106	9955	9816
76	2106	2	2
77	2106	1	1
78	2106	6774	6684
79	2106	13	11
80	2106	744	729
81	2106	10041	9905
82	2106	7291	7186
83	2106	7586	7484
84	2106	34	33
85	2106	12405	12251
86	2106	9543	9427
87	2106	6	6
88	2106	3219	3163
89	2106	10	9
90	2106	4	3
91	2106	2	2
92	2106	1	1
93	2106	4	4
94	2106	3	2
95	2106	4	4
96	2106	2508	2465
97	2106	118	116
98	2106	6	6
99	2106	1	1
100	2106	2677	2643
101	2106	2	2
102	2106	2832	2793
103	2106	1205	1189
104	2106	1634	1613
105	2106	2646	2618
107	2106	2654	2625
108	2106	2269	2247
109	2106	2031	2011
110	2106	2384	2358
111	2106	1	1
112	2106	1519	1504
113	2106	3072	3033
114	2106	3516	3469
115	2106	2	2
116	2106	2245	2222
117	2106	2102	2067
118	2106	1374	1355
119	2106	2489	2461
120	2106	128	124
121	2106	4541	4489
122	2106	4611	4567
123	2106	3950	3905
124	2106	4041	3995
125	2106	4	3
126	2106	3247	3205
127	2106	1644	1627
128	2106	4233	4177
129	2106	2878	2851
130	2106	87	86
131	2106	1785	1768
132	2106	3220	3176
133	2106	2	2
134	2106	2995	2962
135	2106	1	1
136	2106	2896	2862
137	2106	3	3
138	2106	3361	3324
139	2106	1143	1135
140	2106	2	2
141	2106	3153	3112
142	2106	2540	2507
143	2106	1	1
144	2106	5	4
145	2106	2102	2072
146	2106	2871	2842
147	2106	2391	2367
148	2106	2	2
149	2106	3134	3092
150	2106	1891	1865
151	2106	2035	2018
152	2106	1790	1777
153	2106	2437	2403
154	2106	1	1
155	2106	1	1
156	2106	2032	2009
158	2106	2	2
159	2106	2929	2901
160	2106	2435	2417
161	2106	2620	2596
162	2106	3	3
163	2106	2420	2398
164	2106	3191	3156
165	2106	10	10
166	2106	1408	1398
167	2106	3465	3412
168	2106	1648	1637
169	2106	4963	4912
170	2106	73	71
171	2106	4826	4777
172	2106	3262	3224
173	2106	4222	4185
174	2106	3892	3858
175	2106	4386	4344
176	2106	4386	4339
177	2106	1	1
178	2106	8	8
182	2106	2510	2479
183	2106	1902	1869
0	2107	105934	92832
1	2107	12595	12414
2	2107	339	319
3	2107	827	785
4	2107	2443	2403
5	2107	2677	2637
6	2107	2046	2012
7	2107	34	33
8	2107	7931	7791
9	2107	7188	7075
10	2107	4605	4529
11	2107	3280	3233
12	2107	431	407
13	2107	4523	4462
14	2107	3790	3742
15	2107	4391	4323
16	2107	7538	7402
17	2107	14	14
18	2107	4946	4885
19	2107	4247	4196
20	2107	4541	4469
21	2107	4655	4596
22	2107	16	16
23	2107	3344	3307
24	2107	5321	5245
25	2107	426	421
26	2107	16	15
27	2107	1	1
29	2107	29	28
30	2107	4058	4005
31	2107	4	4
32	2107	9112	8984
33	2107	2498	2468
34	2107	3302	3242
35	2107	86	84
36	2107	5568	5494
37	2107	5	5
38	2107	19	17
39	2107	4432	4381
40	2107	9074	8943
41	2107	1019	1005
42	2107	8879	8779
43	2107	1584	1569
44	2107	6	6
45	2107	2	2
46	2107	4588	4527
47	2107	2	2
48	2107	57	53
49	2107	2527	2483
50	2107	7494	7389
51	2107	6	6
52	2107	3109	3065
53	2107	3	3
54	2107	3602	3549
55	2107	2893	2848
56	2107	37	29
57	2107	2372	2342
58	2107	10	10
59	2107	1303	1288
60	2107	3997	3942
61	2107	3435	3391
62	2107	1936	1903
63	2107	2356	2333
64	2107	48	44
65	2107	2369	2329
66	2107	3466	3408
67	2107	3078	3039
68	2107	3271	3224
69	2107	21	18
70	2107	5349	5272
71	2107	4409	4348
72	2107	3770	3715
73	2107	17	16
74	2107	7	7
75	2107	9761	9640
76	2107	1	1
77	2107	3	3
78	2107	6817	6725
79	2107	12	11
80	2107	726	708
81	2107	10346	10194
82	2107	7756	7630
83	2107	7670	7558
84	2107	32	29
85	2107	12343	12183
86	2107	9590	9462
87	2107	14	13
88	2107	3110	3064
89	2107	11	9
90	2107	2	1
91	2107	7	7
93	2107	2	1
94	2107	4	4
95	2107	3	3
96	2107	2497	2457
97	2107	133	126
98	2107	4	4
99	2107	5	5
100	2107	2634	2612
101	2107	2	2
102	2107	2806	2778
103	2107	1227	1208
104	2107	1589	1574
105	2107	2767	2733
107	2107	2766	2742
108	2107	2267	2231
109	2107	1963	1934
110	2107	2297	2262
111	2107	1	1
112	2107	1545	1526
113	2107	3214	3181
114	2107	3735	3693
116	2107	2272	2235
117	2107	2081	2053
118	2107	1541	1524
119	2107	2429	2401
120	2107	124	122
121	2107	4537	4488
122	2107	4674	4615
123	2107	4157	4117
124	2107	3857	3814
125	2107	4	4
126	2107	3381	3340
127	2107	1780	1766
128	2107	4278	4204
129	2107	3049	3018
130	2107	90	87
131	2107	1655	1634
132	2107	3244	3209
133	2107	2	2
134	2107	2956	2923
135	2107	1	1
136	2107	2900	2875
137	2107	1	1
138	2107	3320	3281
139	2107	1072	1058
140	2107	2	2
141	2107	3223	3182
142	2107	2527	2498
144	2107	6	6
145	2107	2098	2070
146	2107	3049	3001
147	2107	2605	2569
148	2107	1	1
149	2107	3105	3078
150	2107	1958	1939
151	2107	1971	1945
152	2107	1765	1748
153	2107	2373	2326
156	2107	1912	1891
157	2107	1	1
158	2107	1	1
159	2107	2923	2892
160	2107	2472	2455
161	2107	2603	2571
162	2107	2	2
163	2107	2627	2598
164	2107	3415	3380
165	2107	12	12
166	2107	1538	1518
167	2107	3566	3520
168	2107	1580	1566
169	2107	5058	4991
170	2107	72	70
171	2107	4811	4767
172	2107	3300	3259
173	2107	4369	4322
174	2107	3926	3868
175	2107	4248	4210
176	2107	4544	4493
177	2107	3	2
178	2107	8	8
179	2107	2	2
181	2107	1	1
182	2107	2557	2524
183	2107	1983	1951
0	2108	110814	97603
1	2108	12841	12703
2	2108	370	338
3	2108	893	848
4	2108	2375	2341
5	2108	2758	2712
6	2108	2012	1981
7	2108	33	33
8	2108	7817	7700
9	2108	7041	6922
10	2108	4427	4366
11	2108	3130	3085
12	2108	482	467
13	2108	4575	4531
14	2108	3779	3709
15	2108	4394	4353
16	2108	7243	7145
17	2108	18	12
18	2108	4860	4800
19	2108	4130	4091
20	2108	4418	4367
21	2108	4389	4339
22	2108	13	13
23	2108	3299	3256
24	2108	5225	5171
25	2108	453	444
26	2108	13	12
29	2108	23	22
30	2108	3692	3645
31	2108	3	3
32	2108	8797	8661
33	2108	2417	2380
34	2108	3057	3022
35	2108	86	85
36	2108	5425	5357
38	2108	28	28
39	2108	4078	4039
40	2108	8571	8451
41	2108	1097	1084
42	2108	8813	8730
43	2108	1752	1736
46	2108	4681	4617
47	2108	13	13
48	2108	47	45
49	2108	2415	2375
50	2108	7134	7024
51	2108	1	1
52	2108	3070	3032
53	2108	3	3
54	2108	3370	3322
55	2108	2811	2774
56	2108	33	32
57	2108	2373	2347
58	2108	20	19
59	2108	1236	1219
60	2108	3893	3846
61	2108	3343	3305
62	2108	1883	1859
63	2108	2445	2419
64	2108	38	36
65	2108	2294	2256
66	2108	3468	3424
67	2108	3083	3056
68	2108	3204	3172
69	2108	8	7
70	2108	5370	5303
71	2108	4312	4253
72	2108	3962	3906
73	2108	11	10
74	2108	5	4
75	2108	9706	9591
76	2108	5	5
77	2108	2	2
78	2108	6892	6810
79	2108	13	11
80	2108	653	645
81	2108	10324	10188
82	2108	7483	7397
83	2108	7467	7372
84	2108	36	34
85	2108	11919	11793
86	2108	9199	9091
87	2108	8	8
88	2108	3053	3015
89	2108	2	2
90	2108	7	5
91	2108	3	3
92	2108	1	1
93	2108	4	4
94	2108	3	3
95	2108	5	5
96	2108	2517	2476
97	2108	121	113
98	2108	14	13
99	2108	3	2
100	2108	2467	2453
101	2108	3	3
102	2108	2922	2882
103	2108	1219	1200
104	2108	1696	1679
105	2108	2608	2579
106	2108	2	2
107	2108	2593	2564
108	2108	2146	2124
109	2108	2003	1981
110	2108	2288	2271
111	2108	1	1
112	2108	1415	1400
113	2108	3227	3196
114	2108	3511	3463
115	2108	1	1
116	2108	2122	2094
117	2108	2012	1984
118	2108	1385	1371
119	2108	2412	2392
120	2108	130	127
121	2108	4686	4639
122	2108	4676	4630
123	2108	4095	4050
124	2108	3804	3759
125	2108	6	6
126	2108	3193	3159
127	2108	1732	1715
128	2108	3985	3942
129	2108	2945	2923
130	2108	97	90
131	2108	1589	1568
132	2108	3263	3235
133	2108	2	2
134	2108	2944	2910
135	2108	1	1
136	2108	2902	2874
137	2108	2	2
138	2108	3385	3355
139	2108	1118	1103
140	2108	3	3
141	2108	3074	3036
142	2108	2483	2456
143	2108	3	3
144	2108	3	3
145	2108	2021	1999
146	2108	3043	2999
147	2108	2648	2623
148	2108	1	1
149	2108	3238	3211
150	2108	1866	1846
151	2108	1861	1840
152	2108	1801	1781
153	2108	2354	2324
154	2108	2	2
156	2108	1879	1864
158	2108	1	1
159	2108	2567	2545
160	2108	2602	2579
161	2108	2522	2499
162	2108	1	1
163	2108	2505	2477
164	2108	3317	3291
165	2108	16	16
166	2108	1395	1378
167	2108	3442	3400
168	2108	1728	1711
169	2108	5019	4980
170	2108	52	50
171	2108	4781	4744
172	2108	3249	3201
173	2108	4214	4168
174	2108	4042	4001
175	2108	4181	4147
176	2108	4380	4339
177	2108	3	3
178	2108	7	7
180	2108	1	1
182	2108	2453	2428
183	2108	1899	1887
184	2108	1	1
0	2109	116399	103002
1	2109	12647	12478
2	2109	315	292
3	2109	926	884
4	2109	2355	2314
5	2109	2702	2665
6	2109	1967	1923
7	2109	17	16
8	2109	7683	7582
9	2109	7014	6906
10	2109	4225	4169
11	2109	3173	3136
12	2109	499	485
13	2109	4508	4466
14	2109	3564	3525
15	2109	4483	4427
16	2109	7174	7074
17	2109	7	7
18	2109	4772	4713
19	2109	4064	4015
20	2109	4452	4396
21	2109	4331	4285
22	2109	11	11
23	2109	3446	3398
24	2109	5172	5110
25	2109	453	450
26	2109	14	14
27	2109	2	2
28	2109	4	4
29	2109	28	27
30	2109	3705	3652
31	2109	6	5
32	2109	8754	8642
33	2109	2464	2435
34	2109	3115	3060
35	2109	47	47
36	2109	5381	5324
37	2109	3	3
38	2109	29	28
39	2109	4230	4176
40	2109	8613	8503
41	2109	1072	1057
42	2109	8538	8418
43	2109	1619	1598
44	2109	1	1
46	2109	4607	4560
47	2109	2	2
48	2109	45	44
49	2109	2451	2422
50	2109	7143	7027
52	2109	2959	2919
54	2109	3469	3423
55	2109	2787	2756
56	2109	19	17
57	2109	2350	2319
58	2109	12	11
59	2109	1321	1304
60	2109	3687	3641
61	2109	3512	3471
62	2109	1939	1923
63	2109	2343	2321
64	2109	26	26
65	2109	2327	2285
66	2109	3352	3309
67	2109	2881	2839
68	2109	3242	3206
69	2109	16	16
70	2109	5236	5180
71	2109	4346	4307
72	2109	3846	3790
73	2109	19	19
74	2109	5	5
75	2109	9466	9358
76	2109	5	5
77	2109	2	2
78	2109	6882	6801
79	2109	11	11
80	2109	671	662
81	2109	10144	10001
82	2109	7316	7204
83	2109	7403	7314
84	2109	34	32
85	2109	11984	11849
86	2109	9121	9018
87	2109	8	8
88	2109	2932	2899
89	2109	11	11
90	2109	4	4
91	2109	4	3
94	2109	1	1
95	2109	15	14
96	2109	2545	2525
97	2109	126	121
98	2109	11	11
99	2109	3	3
100	2109	2445	2420
101	2109	7	7
102	2109	2907	2887
103	2109	1141	1124
104	2109	1509	1488
105	2109	2540	2510
106	2109	5	5
107	2109	2708	2683
108	2109	2109	2089
109	2109	1953	1934
110	2109	2274	2248
111	2109	1	1
112	2109	1389	1379
113	2109	3028	3001
114	2109	3601	3551
115	2109	3	3
116	2109	2217	2189
117	2109	2032	2005
118	2109	1448	1438
119	2109	2318	2289
120	2109	144	139
121	2109	4616	4550
122	2109	4618	4556
123	2109	3833	3799
124	2109	3791	3759
125	2109	3	3
126	2109	3256	3225
127	2109	1593	1576
128	2109	3958	3915
129	2109	2913	2881
130	2109	93	88
131	2109	1638	1631
132	2109	3016	2984
133	2109	1	1
134	2109	2850	2810
136	2109	2911	2881
137	2109	3	3
138	2109	3177	3143
139	2109	1142	1126
141	2109	3225	3181
142	2109	2542	2512
143	2109	8	8
144	2109	2	2
145	2109	1858	1841
146	2109	2790	2762
147	2109	2383	2365
148	2109	1	1
149	2109	3157	3136
150	2109	1957	1941
151	2109	1896	1881
152	2109	1768	1745
153	2109	2321	2294
154	2109	1	1
155	2109	2	2
156	2109	1743	1723
157	2109	1	1
158	2109	3	3
159	2109	2712	2684
160	2109	2496	2479
161	2109	2401	2376
162	2109	5	5
163	2109	2340	2320
164	2109	3151	3122
165	2109	16	16
166	2109	1494	1480
167	2109	3439	3403
168	2109	1635	1616
169	2109	4952	4897
170	2109	52	50
171	2109	4800	4758
172	2109	3137	3101
173	2109	4134	4085
174	2109	3867	3820
175	2109	3908	3868
176	2109	4444	4398
177	2109	1	1
178	2109	7	6
179	2109	1	1
182	2109	2463	2435
183	2109	1937	1918
184	2109	1	1
0	2110	113495	99805
1	2110	12433	12290
2	2110	340	311
3	2110	938	883
4	2110	2344	2308
5	2110	2741	2713
6	2110	2105	2054
7	2110	26	25
8	2110	7724	7617
9	2110	7117	7038
10	2110	4496	4431
11	2110	3144	3099
12	2110	494	483
13	2110	4682	4611
14	2110	3609	3553
15	2110	4509	4446
16	2110	7016	6927
17	2110	17	17
18	2110	4728	4653
19	2110	3987	3953
20	2110	4607	4545
21	2110	4605	4552
22	2110	8	7
23	2110	3351	3305
24	2110	5145	5089
25	2110	419	408
26	2110	12	11
27	2110	3	3
28	2110	1	1
29	2110	25	23
30	2110	3822	3780
31	2110	1	1
32	2110	8721	8587
33	2110	2509	2476
34	2110	3136	3078
35	2110	97	93
36	2110	5478	5410
37	2110	3	2
38	2110	19	18
39	2110	4148	4092
40	2110	8642	8529
41	2110	1048	1034
42	2110	8563	8444
43	2110	1630	1610
44	2110	1	1
45	2110	1	1
46	2110	4417	4354
47	2110	6	6
48	2110	32	31
49	2110	2376	2340
50	2110	7387	7282
51	2110	6	6
52	2110	3154	3095
53	2110	6	6
54	2110	3341	3287
55	2110	2801	2763
56	2110	27	25
57	2110	2447	2425
58	2110	14	14
59	2110	1288	1275
60	2110	3912	3849
61	2110	3330	3281
62	2110	1854	1819
63	2110	2291	2261
64	2110	34	33
65	2110	2339	2304
66	2110	3471	3409
67	2110	3028	2985
68	2110	3455	3411
69	2110	17	17
70	2110	5260	5193
71	2110	4199	4134
72	2110	3803	3744
73	2110	14	14
74	2110	6	6
75	2110	9785	9689
77	2110	4	4
78	2110	6810	6721
79	2110	15	14
80	2110	650	635
81	2110	10372	10249
82	2110	7279	7187
83	2110	7558	7442
84	2110	28	27
85	2110	12307	12159
86	2110	9125	8997
87	2110	11	11
88	2110	2930	2887
89	2110	13	13
90	2110	3	3
91	2110	5	5
92	2110	1	1
93	2110	2	2
94	2110	2	2
95	2110	6	5
96	2110	2467	2436
97	2110	110	101
98	2110	5	5
99	2110	4	3
100	2110	2541	2507
101	2110	2	2
102	2110	2833	2792
103	2110	1275	1253
104	2110	1542	1514
105	2110	2711	2687
106	2110	1	1
107	2110	2723	2697
108	2110	2268	2229
109	2110	2018	1995
110	2110	2351	2332
111	2110	1	1
112	2110	1542	1520
113	2110	3203	3165
114	2110	3594	3553
115	2110	2	2
116	2110	2155	2131
117	2110	1968	1947
118	2110	1357	1341
119	2110	2398	2370
120	2110	172	163
121	2110	4547	4499
122	2110	4693	4633
123	2110	3872	3822
124	2110	3836	3804
125	2110	2	2
126	2110	3286	3257
127	2110	1669	1652
128	2110	3991	3945
129	2110	2935	2902
130	2110	96	91
131	2110	1748	1731
132	2110	3044	3010
134	2110	3005	2965
136	2110	2920	2889
137	2110	3	3
138	2110	3287	3247
139	2110	1135	1132
140	2110	3	3
141	2110	3111	3072
142	2110	2452	2422
143	2110	1	1
144	2110	4	4
145	2110	2025	1999
146	2110	2984	2949
147	2110	2541	2523
148	2110	1	1
149	2110	3128	3090
150	2110	1939	1921
151	2110	1866	1846
152	2110	1877	1855
153	2110	2425	2401
154	2110	1	1
155	2110	2	2
156	2110	1972	1947
159	2110	2719	2695
160	2110	2553	2534
161	2110	2513	2493
162	2110	5	5
163	2110	2408	2376
164	2110	3093	3056
165	2110	12	11
166	2110	1457	1441
167	2110	3531	3496
168	2110	1600	1578
169	2110	4849	4791
170	2110	51	51
171	2110	4668	4611
172	2110	3125	3091
173	2110	4284	4239
174	2110	4037	3995
175	2110	4029	3982
176	2110	4538	4489
178	2110	6	6
179	2110	2	2
180	2110	2	2
181	2110	1	1
182	2110	2474	2456
183	2110	1875	1853
184	2110	3	3
0	2111	106620	93444
1	2111	12949	12772
2	2111	324	306
3	2111	873	813
4	2111	2453	2398
5	2111	2833	2775
6	2111	2123	2073
7	2111	24	17
8	2111	7807	7702
9	2111	7015	6909
10	2111	4496	4432
11	2111	3290	3241
12	2111	509	503
13	2111	4729	4661
14	2111	3603	3542
15	2111	4471	4403
16	2111	7345	7220
17	2111	9	9
18	2111	4930	4867
19	2111	4303	4252
20	2111	4507	4453
21	2111	4710	4654
22	2111	12	11
23	2111	3410	3362
24	2111	5373	5299
25	2111	452	442
26	2111	12	12
28	2111	3	3
29	2111	21	21
30	2111	3901	3853
31	2111	1	1
32	2111	9191	9049
33	2111	2488	2453
34	2111	3215	3174
35	2111	107	105
36	2111	5819	5732
37	2111	3	2
38	2111	42	41
39	2111	4274	4231
40	2111	8580	8442
41	2111	1111	1094
42	2111	8839	8723
43	2111	1662	1644
44	2111	1	1
45	2111	2	2
46	2111	4604	4535
47	2111	8	7
48	2111	57	57
49	2111	2639	2588
50	2111	7446	7329
51	2111	6	6
52	2111	3213	3157
53	2111	6	6
54	2111	3505	3446
55	2111	2981	2929
56	2111	36	32
57	2111	2430	2402
58	2111	13	11
59	2111	1377	1357
60	2111	3987	3920
61	2111	3577	3527
62	2111	1934	1908
63	2111	2353	2328
64	2111	37	34
65	2111	2485	2452
66	2111	3480	3422
67	2111	3122	3058
68	2111	3424	3365
69	2111	17	16
70	2111	5421	5341
71	2111	4268	4215
72	2111	3859	3795
73	2111	16	16
74	2111	4	4
75	2111	9596	9472
76	2111	2	2
77	2111	6	5
78	2111	6794	6698
79	2111	8	6
80	2111	608	597
81	2111	10179	10037
82	2111	7761	7629
83	2111	7829	7709
84	2111	28	24
85	2111	12624	12467
86	2111	9261	9119
87	2111	10	10
88	2111	3085	3027
89	2111	9	9
90	2111	3	3
91	2111	1	1
92	2111	1	1
93	2111	1	1
95	2111	2	2
96	2111	2554	2514
97	2111	140	133
98	2111	5	5
99	2111	2	2
100	2111	2635	2595
101	2111	3	3
102	2111	2911	2870
103	2111	1245	1225
104	2111	1590	1570
105	2111	2680	2645
106	2111	4	4
107	2111	2657	2628
108	2111	2107	2087
109	2111	1998	1977
110	2111	2472	2432
112	2111	1537	1519
113	2111	3142	3105
114	2111	3577	3519
115	2111	4	4
116	2111	2066	2041
117	2111	1975	1955
118	2111	1408	1387
119	2111	2456	2416
120	2111	138	127
121	2111	4530	4478
122	2111	4716	4665
123	2111	3920	3888
124	2111	3866	3816
125	2111	4	4
126	2111	3417	3378
127	2111	1695	1684
128	2111	4061	4018
129	2111	3092	3052
130	2111	94	89
131	2111	1679	1661
132	2111	3103	3050
133	2111	4	4
134	2111	2866	2828
135	2111	3	3
136	2111	2847	2815
137	2111	3	3
138	2111	3183	3139
139	2111	1150	1131
140	2111	2	2
141	2111	3154	3122
142	2111	2559	2523
143	2111	3	3
144	2111	6	6
145	2111	2089	2056
146	2111	2970	2933
147	2111	2576	2544
148	2111	4	4
149	2111	3317	3267
150	2111	1969	1951
151	2111	2137	2112
152	2111	1824	1810
153	2111	2373	2335
154	2111	1	1
155	2111	4	4
156	2111	1985	1965
159	2111	2768	2736
160	2111	2415	2395
161	2111	2540	2511
162	2111	1	1
163	2111	2392	2361
164	2111	3304	3265
165	2111	7	7
166	2111	1441	1424
167	2111	3456	3400
168	2111	1652	1635
169	2111	5003	4942
170	2111	66	65
171	2111	4723	4670
172	2111	3309	3273
173	2111	4346	4310
174	2111	3854	3798
175	2111	4162	4107
176	2111	4645	4588
177	2111	1	1
178	2111	3	3
180	2111	3	3
181	2111	1	1
182	2111	2533	2506
183	2111	2028	1999
184	2111	2	2
0	2112	106551	93562
1	2112	12736	12581
2	2112	344	315
3	2112	936	866
4	2112	2564	2520
5	2112	2810	2755
6	2112	2042	1997
7	2112	27	26
8	2112	7900	7776
9	2112	7354	7253
10	2112	4413	4344
11	2112	3484	3440
12	2112	522	514
13	2112	4892	4815
14	2112	3695	3631
15	2112	4437	4362
16	2112	7398	7276
17	2112	19	18
18	2112	5029	4961
19	2112	4130	4076
20	2112	4623	4557
21	2112	4675	4607
22	2112	10	10
23	2112	3476	3426
24	2112	5248	5164
25	2112	446	438
26	2112	11	11
27	2112	3	3
28	2112	2	2
29	2112	23	22
30	2112	3926	3871
31	2112	3	3
32	2112	8988	8833
33	2112	2509	2474
34	2112	3063	3014
35	2112	62	61
36	2112	5773	5706
37	2112	3	3
38	2112	22	22
39	2112	4276	4219
40	2112	8820	8671
41	2112	1101	1086
42	2112	8859	8739
43	2112	1725	1708
44	2112	6	6
45	2112	3	3
46	2112	4601	4531
47	2112	4	4
48	2112	48	42
49	2112	2528	2478
50	2112	7456	7335
51	2112	4	4
52	2112	3246	3204
53	2112	2	2
54	2112	3360	3303
55	2112	2951	2907
56	2112	38	32
57	2112	2346	2317
58	2112	14	14
59	2112	1278	1263
60	2112	3680	3630
61	2112	3504	3458
62	2112	1937	1903
63	2112	2406	2382
64	2112	42	39
65	2112	2334	2290
66	2112	3573	3511
67	2112	3078	3032
68	2112	3380	3337
69	2112	9	9
70	2112	5370	5276
71	2112	4306	4264
72	2112	3920	3867
73	2112	13	13
74	2112	4	3
75	2112	10250	10108
76	2112	2	2
77	2112	3	3
78	2112	6931	6828
79	2112	11	11
80	2112	572	551
81	2112	10194	10046
82	2112	7637	7538
83	2112	7685	7578
84	2112	27	26
85	2112	12717	12532
86	2112	9142	8991
87	2112	9	9
88	2112	3177	3125
89	2112	4	4
90	2112	1	1
91	2112	4	4
92	2112	1	1
93	2112	3	3
94	2112	3	3
95	2112	4	3
96	2112	2706	2661
97	2112	129	123
98	2112	8	8
99	2112	4	4
100	2112	2471	2448
101	2112	3	3
102	2112	2951	2931
103	2112	1303	1278
104	2112	1610	1583
105	2112	2690	2658
106	2112	1	1
107	2112	2638	2609
108	2112	2237	2210
109	2112	2145	2118
110	2112	2350	2319
111	2112	1	1
112	2112	1447	1428
113	2112	3326	3281
114	2112	3648	3607
116	2112	2013	1988
117	2112	2064	2034
118	2112	1392	1371
119	2112	2491	2469
120	2112	148	147
121	2112	4532	4473
122	2112	4773	4705
123	2112	3970	3925
124	2112	3865	3816
125	2112	5	5
126	2112	3279	3238
127	2112	1667	1651
128	2112	4246	4197
129	2112	2935	2909
130	2112	87	83
131	2112	1673	1662
132	2112	3177	3145
133	2112	2	2
134	2112	2986	2947
135	2112	1	1
136	2112	2932	2897
137	2112	3	3
138	2112	3431	3389
139	2112	1221	1203
140	2112	1	1
141	2112	3286	3251
142	2112	2463	2436
144	2112	2	2
145	2112	2030	2004
146	2112	2879	2838
147	2112	2636	2604
148	2112	4	4
149	2112	3152	3122
150	2112	1966	1949
151	2112	1994	1972
152	2112	1829	1814
153	2112	2334	2309
154	2112	2	2
155	2112	2	2
156	2112	1972	1946
158	2112	4	4
159	2112	2771	2734
160	2112	2479	2452
161	2112	2488	2465
162	2112	3	3
163	2112	2321	2307
164	2112	3300	3264
165	2112	9	9
166	2112	1397	1383
167	2112	3570	3523
168	2112	1718	1705
169	2112	4933	4878
170	2112	60	60
171	2112	4783	4734
172	2112	3133	3092
173	2112	4322	4273
174	2112	4089	4044
175	2112	4344	4293
176	2112	4728	4687
177	2112	3	3
178	2112	5	5
179	2112	3	3
181	2112	1	1
182	2112	2375	2346
183	2112	1952	1932
0	2113	106321	93319
1	2113	13313	13131
2	2113	320	284
3	2113	964	913
4	2113	2376	2333
5	2113	2804	2759
6	2113	1887	1846
7	2113	24	20
8	2113	7735	7634
9	2113	7410	7290
10	2113	4496	4417
11	2113	3270	3227
12	2113	524	512
13	2113	4643	4597
14	2113	3597	3556
15	2113	4727	4646
16	2113	7116	7018
17	2113	15	15
18	2113	4952	4883
19	2113	4263	4206
20	2113	4457	4396
21	2113	4592	4536
22	2113	11	11
23	2113	3533	3477
24	2113	5246	5176
25	2113	419	416
26	2113	8	8
28	2113	1	1
29	2113	29	28
30	2113	3781	3740
31	2113	1	0
32	2113	9075	8951
33	2113	2615	2575
34	2113	3109	3054
35	2113	52	50
36	2113	5717	5655
37	2113	3	3
38	2113	22	21
39	2113	4166	4098
40	2113	8620	8508
41	2113	1053	1038
42	2113	9021	8886
43	2113	1727	1702
44	2113	5	5
45	2113	1	1
46	2113	4400	4344
47	2113	1	1
48	2113	45	43
49	2113	2455	2418
50	2113	7247	7144
51	2113	10	10
52	2113	3018	2950
53	2113	2	2
54	2113	3553	3498
55	2113	2945	2899
56	2113	45	41
57	2113	2350	2315
58	2113	8	8
59	2113	1382	1361
60	2113	4021	3956
61	2113	3489	3445
62	2113	1985	1954
63	2113	2483	2443
64	2113	31	28
65	2113	2304	2259
66	2113	3353	3287
67	2113	3142	3098
68	2113	3334	3270
69	2113	10	10
70	2113	5172	5086
71	2113	4493	4434
72	2113	3896	3833
73	2113	15	15
75	2113	9957	9830
76	2113	4	4
77	2113	4	4
78	2113	6747	6646
79	2113	15	14
80	2113	599	587
81	2113	10395	10243
82	2113	7544	7427
83	2113	7831	7722
84	2113	25	25
85	2113	12768	12633
86	2113	9215	9105
87	2113	11	11
88	2113	3111	3056
89	2113	10	8
90	2113	5	5
91	2113	2	2
94	2113	1	1
95	2113	2	2
96	2113	2443	2402
97	2113	124	118
98	2113	20	20
99	2113	7	7
100	2113	2668	2622
101	2113	3	1
102	2113	2829	2795
103	2113	1274	1244
104	2113	1653	1633
105	2113	2593	2572
106	2113	2	2
107	2113	2708	2683
108	2113	2161	2141
109	2113	2098	2074
110	2113	2266	2232
111	2113	3	3
112	2113	1506	1487
113	2113	3088	3060
114	2113	3475	3442
115	2113	2	2
116	2113	1977	1945
117	2113	2068	2038
118	2113	1448	1427
119	2113	2406	2379
120	2113	141	134
121	2113	4399	4347
122	2113	4677	4616
123	2113	4046	3987
124	2113	3928	3883
125	2113	3	3
126	2113	3193	3156
127	2113	1828	1808
128	2113	4064	4019
129	2113	3086	3046
130	2113	98	90
131	2113	1814	1796
132	2113	3013	2969
133	2113	2	2
134	2113	2834	2813
136	2113	2960	2920
137	2113	1	1
138	2113	3148	3106
139	2113	1213	1197
140	2113	1	1
141	2113	3323	3292
142	2113	2537	2503
143	2113	7	5
144	2113	4	4
145	2113	1996	1969
146	2113	2987	2943
147	2113	2687	2652
148	2113	1	1
149	2113	3212	3178
150	2113	1860	1838
151	2113	1984	1951
152	2113	1808	1782
153	2113	2441	2412
155	2113	3	3
156	2113	1961	1927
158	2113	3	3
159	2113	2936	2910
160	2113	2516	2490
161	2113	2531	2498
162	2113	2	2
163	2113	2403	2371
164	2113	3305	3263
165	2113	13	13
166	2113	1404	1394
167	2113	3630	3584
168	2113	1717	1695
169	2113	5047	4994
170	2113	55	55
171	2113	4877	4831
172	2113	3182	3151
173	2113	4595	4537
174	2113	4113	4048
175	2113	4142	4089
176	2113	4488	4430
177	2113	4	4
178	2113	5	2
179	2113	1	1
181	2113	1	1
182	2113	2477	2447
183	2113	1985	1955
184	2113	1	1
0	2114	105975	92014
1	2114	12947	12754
2	2114	342	315
3	2114	912	868
4	2114	2359	2324
5	2114	2726	2682
6	2114	1994	1954
7	2114	15	14
8	2114	7990	7859
9	2114	7453	7334
10	2114	4606	4531
11	2114	3261	3218
12	2114	528	516
13	2114	4681	4604
14	2114	3653	3588
15	2114	4534	4455
16	2114	7267	7145
17	2114	9	8
18	2114	4976	4893
19	2114	4222	4161
20	2114	4571	4501
21	2114	4572	4509
22	2114	11	10
23	2114	3677	3627
24	2114	5330	5241
25	2114	448	438
26	2114	14	13
27	2114	7	7
29	2114	15	14
30	2114	3858	3802
31	2114	2	2
32	2114	9089	8962
33	2114	2520	2490
34	2114	3069	3010
35	2114	78	76
36	2114	5542	5465
37	2114	5	5
38	2114	19	18
39	2114	4200	4132
40	2114	8720	8563
41	2114	1128	1111
42	2114	9087	8927
43	2114	1673	1647
44	2114	7	7
45	2114	6	5
46	2114	4395	4325
47	2114	2	2
48	2114	42	39
49	2114	2575	2541
50	2114	7372	7248
51	2114	3	3
52	2114	3122	3084
53	2114	2	2
54	2114	3433	3359
55	2114	2849	2799
56	2114	36	32
57	2114	2351	2324
58	2114	12	11
59	2114	1409	1388
60	2114	3993	3914
61	2114	3567	3507
62	2114	1855	1827
63	2114	2595	2539
64	2114	39	37
65	2114	2298	2269
66	2114	3663	3606
67	2114	3156	3099
68	2114	3205	3156
69	2114	17	17
70	2114	5380	5293
71	2114	4407	4334
72	2114	3830	3763
73	2114	11	8
74	2114	1	0
75	2114	10214	10072
76	2114	1	1
77	2114	3	2
78	2114	6707	6593
79	2114	19	15
80	2114	603	583
81	2114	10463	10286
82	2114	7702	7579
83	2114	7913	7792
84	2114	30	29
85	2114	12773	12582
86	2114	9412	9265
87	2114	11	10
88	2114	3131	3090
89	2114	6	6
90	2114	2	2
91	2114	1	1
92	2114	1	0
93	2114	4	4
94	2114	2	2
95	2114	5	5
96	2114	2541	2501
97	2114	123	117
98	2114	17	16
99	2114	4	4
100	2114	2487	2447
101	2114	4	3
102	2114	2836	2806
103	2114	1350	1321
104	2114	1668	1644
105	2114	2576	2544
106	2114	3	3
107	2114	2794	2756
108	2114	2120	2085
109	2114	2133	2109
110	2114	2340	2308
111	2114	2	2
112	2114	1435	1412
113	2114	3082	3041
114	2114	3515	3453
115	2114	6	5
116	2114	1816	1778
117	2114	2024	1993
118	2114	1484	1469
119	2114	2562	2533
120	2114	136	133
121	2114	4678	4611
122	2114	4574	4510
123	2114	3995	3946
124	2114	3882	3832
125	2114	3	3
126	2114	3356	3322
127	2114	1712	1687
128	2114	4295	4238
129	2114	3067	3020
130	2114	105	98
131	2114	1634	1617
132	2114	2987	2942
133	2114	3	3
134	2114	2989	2946
135	2114	1	1
136	2114	2832	2786
137	2114	1	1
138	2114	3291	3219
139	2114	1191	1178
141	2114	3266	3218
142	2114	2638	2601
143	2114	2	2
144	2114	3	3
145	2114	1937	1911
146	2114	2873	2833
147	2114	2586	2549
148	2114	1	1
149	2114	3309	3254
150	2114	2029	2003
151	2114	1988	1963
152	2114	1856	1841
153	2114	2478	2450
155	2114	4	4
156	2114	2046	2027
157	2114	3	3
159	2114	2859	2816
160	2114	2570	2542
161	2114	2578	2550
162	2114	4	4
163	2114	2404	2369
164	2114	3254	3217
165	2114	6	6
166	2114	1441	1421
167	2114	3632	3580
168	2114	1596	1577
169	2114	5131	5081
170	2114	53	52
171	2114	4976	4926
172	2114	3223	3179
173	2114	4380	4321
174	2114	4019	3949
175	2114	4109	4065
176	2114	4574	4519
177	2114	2	2
178	2114	10	10
179	2114	1	1
180	2114	3	3
182	2114	2491	2458
183	2114	1774	1748
184	2114	2	2
0	2115	107199	93463
1	2115	13082	12894
2	2115	323	305
3	2115	943	889
4	2115	2506	2454
5	2115	2708	2655
6	2115	1942	1880
7	2115	25	24
8	2115	7615	7509
9	2115	7354	7248
10	2115	4464	4380
11	2115	3380	3318
12	2115	466	454
13	2115	4712	4651
14	2115	3726	3672
15	2115	4608	4537
16	2115	7504	7366
17	2115	13	13
18	2115	5167	5080
19	2115	4419	4375
20	2115	4820	4757
21	2115	4624	4556
22	2115	14	14
23	2115	3697	3643
24	2115	5585	5506
25	2115	421	418
26	2115	13	13
27	2115	1	1
29	2115	13	13
30	2115	3927	3853
31	2115	1	1
32	2115	9187	9020
33	2115	2517	2477
34	2115	3096	3045
35	2115	88	85
36	2115	5715	5631
37	2115	2	2
38	2115	21	21
39	2115	4074	4003
40	2115	8678	8538
41	2115	1062	1052
42	2115	9060	8932
43	2115	1621	1600
44	2115	4	4
46	2115	4305	4242
47	2115	4	4
48	2115	49	44
49	2115	2570	2530
50	2115	7524	7422
51	2115	2	2
52	2115	3080	3022
53	2115	2	2
54	2115	3366	3286
55	2115	2924	2871
56	2115	39	30
57	2115	2338	2306
58	2115	8	8
59	2115	1291	1280
60	2115	4028	3964
61	2115	3538	3491
62	2115	1915	1885
63	2115	2402	2354
64	2115	45	43
65	2115	2255	2205
66	2115	3433	3387
67	2115	3017	2975
68	2115	3308	3248
69	2115	13	12
70	2115	5105	5033
71	2115	4248	4189
72	2115	3888	3818
73	2115	11	11
74	2115	5	5
75	2115	10010	9880
76	2115	1	1
77	2115	3	3
78	2115	6913	6818
79	2115	11	10
80	2115	497	488
81	2115	10530	10381
82	2115	7716	7590
83	2115	7822	7708
84	2115	32	30
85	2115	12734	12562
86	2115	8825	8683
87	2115	21	18
88	2115	3115	3063
89	2115	3	3
90	2115	8	8
91	2115	8	8
93	2115	3	3
94	2115	2	2
95	2115	7	5
96	2115	2617	2568
97	2115	128	124
98	2115	7	7
99	2115	4	4
100	2115	2525	2481
101	2115	1	1
102	2115	2888	2852
103	2115	1407	1376
104	2115	1695	1668
105	2115	2731	2699
106	2115	2	2
107	2115	2882	2857
108	2115	2045	2032
109	2115	2145	2119
110	2115	2399	2369
111	2115	4	4
112	2115	1582	1555
113	2115	3289	3263
114	2115	3672	3609
116	2115	1642	1611
117	2115	2067	2035
118	2115	1538	1518
119	2115	2589	2568
120	2115	146	143
121	2115	4766	4716
122	2115	4614	4553
123	2115	4071	4022
124	2115	3894	3838
126	2115	3252	3210
127	2115	1784	1758
128	2115	4032	3979
129	2115	2943	2902
130	2115	94	85
131	2115	1659	1634
132	2115	2751	2724
133	2115	1	1
134	2115	3066	3024
136	2115	2923	2895
138	2115	3382	3339
139	2115	1197	1184
140	2115	1	1
141	2115	3304	3266
142	2115	2467	2428
143	2115	1	1
144	2115	5	5
145	2115	2051	2026
146	2115	2737	2704
147	2115	2539	2518
148	2115	3	3
149	2115	3384	3350
150	2115	1936	1917
151	2115	2050	2025
152	2115	1970	1941
153	2115	2425	2390
154	2115	5	3
155	2115	2	2
156	2115	1996	1972
158	2115	3	3
159	2115	2803	2766
160	2115	2424	2395
161	2115	2496	2455
162	2115	3	2
163	2115	2231	2201
164	2115	3163	3129
165	2115	9	8
166	2115	1424	1404
167	2115	3646	3598
168	2115	1690	1661
169	2115	4994	4934
170	2115	44	43
171	2115	5081	5017
172	2115	3213	3174
173	2115	4488	4442
174	2115	4243	4205
175	2115	4342	4286
176	2115	4531	4474
177	2115	1	1
178	2115	1	0
180	2115	1	1
182	2115	2470	2436
183	2115	1924	1912
0	2116	108368	94430
1	2116	13150	12976
2	2116	372	342
3	2116	906	849
4	2116	2527	2488
5	2116	2774	2732
6	2116	1766	1706
7	2116	26	23
8	2116	7868	7739
9	2116	7688	7538
10	2116	4600	4529
11	2116	3445	3385
12	2116	546	532
13	2116	4864	4784
14	2116	3659	3593
15	2116	4661	4588
16	2116	7540	7418
17	2116	10	10
18	2116	5184	5112
19	2116	4524	4452
20	2116	4530	4467
21	2116	4644	4584
22	2116	22	21
23	2116	3615	3562
24	2116	5251	5181
25	2116	458	453
26	2116	14	13
27	2116	1	1
29	2116	12	11
30	2116	3802	3746
31	2116	3	3
32	2116	9272	9102
33	2116	2570	2528
34	2116	3163	3121
35	2116	54	54
36	2116	5698	5646
37	2116	1	0
38	2116	12	12
39	2116	3911	3861
40	2116	8739	8584
41	2116	1128	1110
42	2116	8841	8716
43	2116	1809	1785
44	2116	2	2
46	2116	4190	4122
47	2116	6	5
48	2116	48	41
49	2116	2483	2449
50	2116	7729	7602
51	2116	1	1
52	2116	3252	3199
53	2116	5	5
54	2116	3359	3303
55	2116	2969	2925
56	2116	46	35
57	2116	2433	2392
58	2116	10	9
59	2116	1393	1366
60	2116	4010	3951
61	2116	3675	3630
62	2116	1970	1933
63	2116	2517	2482
64	2116	41	38
65	2116	2228	2192
66	2116	3507	3452
67	2116	3066	3033
68	2116	3544	3486
69	2116	9	9
70	2116	5334	5242
71	2116	4360	4298
72	2116	3780	3724
73	2116	8	8
74	2116	7	7
75	2116	10062	9927
76	2116	2	2
77	2116	2	2
78	2116	6771	6665
79	2116	8	8
80	2116	469	455
81	2116	10690	10544
82	2116	7465	7352
83	2116	8279	8163
84	2116	17	16
85	2116	13092	12931
86	2116	8922	8777
87	2116	17	17
88	2116	3052	2989
89	2116	7	6
90	2116	5	5
91	2116	3	3
92	2116	1	1
93	2116	2	1
94	2116	2	2
95	2116	8	6
96	2116	2575	2532
97	2116	99	94
98	2116	9	8
99	2116	2	2
100	2116	2719	2682
101	2116	1	1
102	2116	2956	2900
103	2116	1251	1223
104	2116	1697	1659
105	2116	2849	2820
106	2116	1	0
107	2116	2754	2710
108	2116	2212	2187
109	2116	2116	2088
110	2116	2467	2428
112	2116	1588	1568
113	2116	3223	3171
114	2116	3591	3536
115	2116	1	1
116	2116	1601	1558
117	2116	2123	2093
118	2116	1362	1350
119	2116	2386	2357
120	2116	127	114
121	2116	4585	4534
122	2116	4762	4701
123	2116	4165	4112
124	2116	3929	3886
125	2116	2	2
126	2116	3392	3354
127	2116	1825	1815
128	2116	4111	4057
129	2116	3058	3021
130	2116	78	73
131	2116	1740	1719
132	2116	2766	2722
133	2116	3	3
134	2116	3061	3005
135	2116	3	3
136	2116	3029	2987
137	2116	3	3
138	2116	3517	3465
139	2116	1104	1088
141	2116	3459	3416
142	2116	2549	2514
143	2116	1	1
144	2116	6	6
145	2116	2053	2029
146	2116	2764	2737
147	2116	2588	2559
148	2116	5	5
149	2116	3298	3259
150	2116	1966	1927
151	2116	2125	2105
152	2116	1883	1861
153	2116	2472	2435
154	2116	2	2
155	2116	1	1
156	2116	1917	1899
159	2116	3034	3001
160	2116	2666	2648
161	2116	2544	2512
162	2116	5	4
163	2116	2326	2294
164	2116	3353	3307
165	2116	11	10
166	2116	1470	1454
167	2116	3652	3601
168	2116	1657	1633
169	2116	5292	5217
170	2116	64	61
171	2116	4847	4787
172	2116	3292	3255
173	2116	4637	4586
174	2116	3988	3925
175	2116	4312	4257
176	2116	4572	4516
177	2116	3	3
178	2116	5	5
180	2116	2	2
181	2116	1	1
182	2116	2521	2483
183	2116	1934	1901
0	2117	110202	95690
1	2117	13139	12924
2	2117	391	359
3	2117	981	918
4	2117	2472	2422
5	2117	2758	2703
6	2117	1691	1626
7	2117	32	30
8	2117	7914	7758
9	2117	7619	7470
10	2117	4496	4423
11	2117	3341	3292
12	2117	473	463
13	2117	4858	4777
14	2117	3554	3483
15	2117	4797	4701
16	2117	7254	7116
17	2117	5	5
18	2117	5087	4988
19	2117	4503	4429
20	2117	4726	4633
21	2117	4617	4566
22	2117	11	9
23	2117	3699	3648
24	2117	5499	5414
25	2117	473	466
26	2117	15	14
27	2117	3	3
28	2117	1	1
29	2117	3	3
30	2117	3617	3545
31	2117	3	3
32	2117	9045	8870
33	2117	2673	2616
34	2117	3122	3047
35	2117	60	59
36	2117	5798	5713
37	2117	3	3
38	2117	30	28
39	2117	3856	3785
40	2117	8610	8447
41	2117	1035	1008
42	2117	8837	8690
43	2117	1715	1682
44	2117	4	4
45	2117	6	6
46	2117	3957	3873
47	2117	11	10
48	2117	42	39
49	2117	2548	2504
50	2117	7660	7514
51	2117	3	3
52	2117	3127	3080
53	2117	3	3
54	2117	3285	3205
55	2117	3080	3007
56	2117	36	30
57	2117	2274	2252
58	2117	5	5
59	2117	1379	1357
60	2117	4041	3961
61	2117	3739	3684
62	2117	1885	1840
63	2117	2462	2435
64	2117	34	30
65	2117	2205	2155
66	2117	3450	3373
67	2117	3035	2972
68	2117	3344	3278
69	2117	4	3
70	2117	5081	4998
71	2117	4409	4334
72	2117	3807	3752
73	2117	19	16
74	2117	6	6
75	2117	10692	10536
76	2117	3	3
77	2117	2	2
78	2117	6787	6685
79	2117	11	10
80	2117	419	408
81	2117	10845	10639
82	2117	7689	7569
83	2117	7969	7835
84	2117	27	25
85	2117	12840	12657
86	2117	8780	8630
87	2117	16	16
88	2117	3003	2940
89	2117	6	5
90	2117	4	4
92	2117	1	1
93	2117	2	2
94	2117	1	1
95	2117	6	6
96	2117	2659	2610
97	2117	123	118
98	2117	12	11
99	2117	4	3
100	2117	2545	2508
101	2117	1	1
102	2117	3067	3011
103	2117	1270	1239
104	2117	1572	1541
105	2117	2692	2664
106	2117	3	3
107	2117	2864	2817
108	2117	2228	2189
109	2117	2318	2284
110	2117	2481	2441
111	2117	1	1
112	2117	1468	1448
113	2117	3159	3116
114	2117	3304	3253
116	2117	1368	1325
117	2117	2065	2039
118	2117	1434	1418
119	2117	2436	2403
120	2117	140	138
121	2117	4590	4523
122	2117	4665	4587
123	2117	4169	4108
124	2117	3838	3768
125	2117	8	8
126	2117	3426	3371
127	2117	1871	1844
128	2117	4181	4122
129	2117	3029	2980
130	2117	81	76
131	2117	1747	1722
132	2117	2552	2497
133	2117	1	1
134	2117	2976	2919
136	2117	2780	2749
137	2117	3	3
138	2117	3352	3308
139	2117	1215	1193
140	2117	6	6
141	2117	3315	3265
142	2117	2649	2608
143	2117	3	3
144	2117	1	1
145	2117	1915	1891
146	2117	2842	2795
147	2117	2603	2568
148	2117	6	6
149	2117	3298	3256
150	2117	1922	1885
151	2117	2024	1993
152	2117	1893	1857
153	2117	2465	2436
154	2117	1	1
155	2117	1	1
156	2117	2060	2024
159	2117	2973	2917
160	2117	2499	2460
161	2117	2540	2518
162	2117	4	4
163	2117	2344	2300
164	2117	3348	3301
165	2117	5	5
166	2117	1504	1480
167	2117	3682	3612
168	2117	1669	1646
169	2117	5059	4985
170	2117	62	61
171	2117	4993	4929
172	2117	3157	3103
173	2117	4652	4591
174	2117	4215	4164
175	2117	4244	4191
176	2117	4497	4435
177	2117	3	3
178	2117	3	3
179	2117	3	3
180	2117	2	2
182	2117	2589	2532
183	2117	2063	2034
184	2117	2	2
0	2118	109666	93996
1	2118	13197	12934
2	2118	305	270
3	2118	877	806
4	2118	2422	2368
5	2118	2631	2565
6	2118	1620	1548
7	2118	26	24
8	2118	7843	7662
9	2118	7664	7473
10	2118	4484	4366
11	2118	3468	3362
12	2118	513	495
13	2118	5031	4919
14	2118	3561	3474
15	2118	4618	4520
16	2118	7444	7265
17	2118	5	3
18	2118	5178	5040
19	2118	4537	4439
20	2118	4894	4782
21	2118	4867	4766
22	2118	20	19
23	2118	3668	3604
24	2118	5338	5219
25	2118	492	476
26	2118	21	20
27	2118	2	2
28	2118	2	2
29	2118	2	2
30	2118	3721	3619
31	2118	2	2
32	2118	9036	8843
33	2118	2632	2585
34	2118	3099	3029
35	2118	71	69
36	2118	5945	5826
37	2118	1	1
38	2118	33	32
39	2118	3743	3640
40	2118	8422	8194
41	2118	1074	1051
42	2118	8754	8563
43	2118	1776	1738
45	2118	1	1
46	2118	3836	3733
47	2118	3	3
48	2118	40	36
49	2118	2521	2464
50	2118	7261	7092
51	2118	11	10
52	2118	3106	3036
53	2118	2	2
54	2118	3228	3148
55	2118	2902	2840
56	2118	26	17
57	2118	2217	2170
58	2118	10	10
59	2118	1390	1364
60	2118	3939	3848
61	2118	3701	3619
62	2118	1899	1845
63	2118	2451	2400
64	2118	35	30
65	2118	2101	2045
66	2118	3439	3357
67	2118	3159	3095
68	2118	3304	3228
69	2118	13	13
70	2118	4892	4787
71	2118	4267	4187
72	2118	3770	3688
73	2118	9	9
74	2118	4	3
75	2118	10485	10270
76	2118	1	1
77	2118	9	8
78	2118	6416	6249
79	2118	10	10
80	2118	353	337
81	2118	10569	10366
82	2118	7376	7205
83	2118	7751	7597
84	2118	21	21
85	2118	12852	12615
86	2118	8339	8149
87	2118	15	14
88	2118	2936	2867
89	2118	11	9
90	2118	2	1
91	2118	5	5
93	2118	3	3
94	2118	5	4
95	2118	2	2
96	2118	2465	2397
97	2118	139	133
98	2118	12	11
99	2118	2	2
100	2118	2515	2467
101	2118	2	2
102	2118	2914	2856
103	2118	1178	1145
104	2118	1595	1556
105	2118	2696	2644
106	2118	2	2
107	2118	2852	2792
108	2118	2176	2137
109	2118	2193	2156
110	2118	2423	2384
112	2118	1577	1548
113	2118	3041	2977
114	2118	3286	3205
115	2118	2	2
116	2118	1264	1211
117	2118	2152	2111
118	2118	1424	1403
119	2118	2375	2323
120	2118	110	105
121	2118	4668	4586
122	2118	4681	4606
123	2118	4122	4060
124	2118	4022	3958
125	2118	7	6
126	2118	3278	3214
127	2118	1834	1810
128	2118	4059	3991
129	2118	2940	2891
130	2118	90	83
131	2118	1683	1667
132	2118	2570	2502
133	2118	5	5
134	2118	2891	2816
135	2118	2	2
136	2118	2852	2804
137	2118	1	1
138	2118	3408	3343
139	2118	1142	1116
140	2118	1	1
141	2118	3579	3530
142	2118	2627	2568
143	2118	8	8
144	2118	5	5
145	2118	1908	1864
146	2118	2820	2741
147	2118	2521	2491
148	2118	3	3
149	2118	3351	3294
150	2118	1947	1913
151	2118	2061	2030
152	2118	1891	1866
153	2118	2497	2436
154	2118	3	2
155	2118	3	3
156	2118	1966	1929
157	2118	2	2
158	2118	1	1
159	2118	2898	2847
160	2118	2596	2556
161	2118	2568	2530
162	2118	8	8
163	2118	2469	2433
164	2118	3200	3156
165	2118	13	12
166	2118	1486	1466
167	2118	3753	3653
168	2118	1597	1569
169	2118	5122	5022
170	2118	60	58
171	2118	4955	4870
172	2118	3160	3102
173	2118	4369	4296
174	2118	4151	4067
175	2118	4347	4251
176	2118	4381	4292
177	2118	1	1
178	2118	3	2
180	2118	1	1
181	2118	1	1
182	2118	2704	2653
183	2118	1952	1915
184	2118	1	1
0	2119	109176	95181
1	2119	13018	12820
2	2119	316	284
3	2119	983	948
4	2119	2529	2479
5	2119	2680	2634
6	2119	1619	1565
7	2119	24	22
8	2119	7711	7559
9	2119	7676	7544
10	2119	4718	4637
11	2119	3511	3451
12	2119	506	491
13	2119	5164	5090
14	2119	3481	3419
15	2119	4694	4609
16	2119	7277	7168
17	2119	9	9
18	2119	5312	5209
19	2119	4464	4392
20	2119	4718	4649
21	2119	4766	4685
22	2119	20	19
23	2119	3741	3693
24	2119	5346	5241
25	2119	472	466
26	2119	19	18
27	2119	2	2
28	2119	1	1
29	2119	3	3
30	2119	3683	3613
31	2119	6	6
32	2119	8672	8507
33	2119	2571	2543
34	2119	2863	2816
35	2119	56	55
36	2119	5924	5837
37	2119	2	2
38	2119	37	37
39	2119	3723	3650
40	2119	8152	7984
41	2119	997	983
42	2119	8629	8501
43	2119	1748	1726
44	2119	2	2
45	2119	1	0
46	2119	3674	3604
47	2119	4	4
48	2119	50	48
49	2119	2627	2587
50	2119	7739	7575
51	2119	5	5
52	2119	3146	3094
53	2119	4	3
54	2119	3093	3021
55	2119	2864	2801
56	2119	37	24
57	2119	2217	2172
58	2119	13	10
59	2119	1441	1430
60	2119	3991	3915
61	2119	3833	3751
62	2119	1855	1813
63	2119	2553	2511
64	2119	40	37
65	2119	2058	2015
66	2119	3468	3386
67	2119	3132	3070
68	2119	3262	3199
69	2119	12	11
70	2119	4908	4815
71	2119	4401	4331
72	2119	3644	3575
73	2119	10	10
74	2119	4	4
75	2119	10644	10488
77	2119	1	1
78	2119	6260	6168
79	2119	5	4
80	2119	339	325
81	2119	10732	10564
82	2119	7344	7191
83	2119	8378	8231
84	2119	18	17
85	2119	12675	12499
86	2119	8312	8166
87	2119	11	11
88	2119	2959	2889
89	2119	5	5
90	2119	7	7
91	2119	1	1
92	2119	2	2
94	2119	1	1
95	2119	6	4
96	2119	2432	2385
97	2119	129	125
98	2119	12	12
99	2119	3	3
100	2119	2474	2446
101	2119	4	4
102	2119	2946	2898
103	2119	1218	1189
104	2119	1454	1432
105	2119	2694	2663
106	2119	7	7
107	2119	2807	2773
108	2119	2030	1998
109	2119	2146	2113
110	2119	2347	2321
112	2119	1375	1352
113	2119	3131	3083
114	2119	3243	3179
116	2119	1156	1113
117	2119	2131	2104
118	2119	1544	1517
119	2119	2452	2420
120	2119	121	116
121	2119	4940	4887
122	2119	4856	4780
123	2119	4276	4219
124	2119	3867	3805
125	2119	2	2
126	2119	3390	3327
127	2119	1899	1875
128	2119	4118	4070
129	2119	2983	2941
130	2119	69	63
131	2119	1750	1729
132	2119	2436	2385
133	2119	5	5
134	2119	2999	2941
136	2119	2730	2690
138	2119	3332	3278
139	2119	1169	1150
140	2119	3	3
141	2119	3571	3526
142	2119	2708	2671
143	2119	2	2
144	2119	10	10
145	2119	1919	1889
146	2119	2678	2635
147	2119	2620	2582
148	2119	1	1
149	2119	3575	3539
150	2119	1776	1748
151	2119	1876	1847
152	2119	1838	1815
153	2119	2505	2469
154	2119	2	2
155	2119	1	1
156	2119	1889	1851
157	2119	3	3
159	2119	2852	2816
160	2119	2373	2340
161	2119	2656	2623
162	2119	11	10
163	2119	2376	2335
164	2119	3019	2977
165	2119	8	8
166	2119	1495	1475
167	2119	3653	3610
168	2119	1610	1591
169	2119	4973	4907
170	2119	55	54
171	2119	5070	4993
172	2119	3155	3104
173	2119	4580	4519
174	2119	4165	4106
175	2119	4159	4121
176	2119	4518	4459
177	2119	2	2
178	2119	7	6
179	2119	3	3
180	2119	3	2
182	2119	2721	2677
183	2119	2012	1973
184	2119	1	1
