SampleNumber	Tile	NumberOfReadsRaw	NumberOfReadsPF
0	1101	93657	82790
1	1101	2110	2073
2	1101	1617	1582
3	1101	1990	1956
4	1101	1761	1702
5	1101	1725	1694
6	1101	67	61
7	1101	2252	2209
8	1101	1172	1144
9	1101	28	25
10	1101	2797	2729
11	1101	2116	2070
12	1101	2134	2077
13	1101	38	36
14	1101	2361	2314
15	1101	1490	1389
16	1101	2333	2283
17	1101	3306	3250
18	1101	2368	2317
19	1101	2268	2236
20	1101	3560	3482
21	1101	2470	2423
22	1101	2027	1980
23	1101	2030	1987
24	1101	2776	2727
25	1101	5364	5256
26	1101	476	458
27	1101	3269	3161
28	1101	3715	3648
29	1101	1795	1765
30	1101	1682	1643
31	1101	2218	2166
32	1101	1887	1842
33	1101	2267	2224
34	1101	2429	2382
35	1101	2339	2294
36	1101	150	144
37	1101	2484	2439
38	1101	3707	3647
39	1101	2278	2224
40	1101	1671	1634
41	1101	2376	2332
42	1101	2143	2100
43	1101	2019	1981
44	1101	2768	2715
45	1101	1685	1637
46	1101	2491	2436
47	1101	1816	1782
48	1101	2111	2076
49	1101	2192	2139
50	1101	1613	1564
51	1101	1853	1819
52	1101	2469	2412
53	1101	2751	2683
54	1101	2498	2443
55	1101	1751	1717
56	1101	1820	1779
57	1101	1798	1765
58	1101	2278	2229
59	1101	2017	1982
60	1101	2241	2198
61	1101	1142	1123
62	1101	1956	1918
63	1101	1938	1902
64	1101	1829	1784
65	1101	48	28
66	1101	2415	2364
67	1101	1864	1831
68	1101	2808	2750
69	1101	1158	1131
70	1101	2121	2078
71	1101	36	31
72	1101	2180	2130
73	1101	2306	2244
74	1101	2136	2099
75	1101	2251	2207
76	1101	2239	2197
77	1101	3093	3040
78	1101	2442	2402
79	1101	1832	1801
80	1101	1949	1901
81	1101	2581	2518
82	1101	2041	1997
83	1101	1631	1582
84	1101	2146	2110
85	1101	2077	2043
86	1101	2730	2678
87	1101	971	944
88	1101	1242	1220
89	1101	1175	1118
90	1101	2686	2626
91	1101	17	16
92	1101	2647	2593
93	1101	2764	2716
94	1101	2939	2880
95	1101	2460	2417
96	1101	1362	1331
97	1101	1628	1603
98	1101	2550	2488
99	1101	2500	2450
100	1101	2511	2461
101	1101	1882	1828
102	1101	2989	2927
103	1101	2656	2620
104	1101	1718	1680
105	1101	2150	2106
106	1101	2488	2435
107	1101	2107	2069
108	1101	2116	2083
109	1101	2360	2329
110	1101	2338	2289
111	1101	1995	1959
112	1101	1933	1895
113	1101	1260	1239
114	1101	2599	2545
115	1101	1973	1927
116	1101	1160	1140
117	1101	722	706
118	1101	1184	1159
119	1101	493	482
120	1101	269	258
121	1101	1872	1849
122	1101	1787	1696
123	1101	2536	2478
124	1101	2154	2117
125	1101	1957	1916
126	1101	1130	1109
127	1101	935	886
128	1101	2789	2737
129	1101	2000	1957
130	1101	2310	2258
131	1101	2434	2374
132	1101	2595	2545
133	1101	2572	2530
134	1101	2374	2324
135	1101	2022	1991
136	1101	1987	1941
137	1101	2156	2125
138	1101	2226	2179
139	1101	2301	2214
140	1101	2613	2583
141	1101	2220	2155
142	1101	2433	2383
143	1101	1776	1707
144	1101	2834	2750
145	1101	2328	2283
146	1101	1641	1595
147	1101	1797	1760
148	1101	964	946
149	1101	2187	2115
150	1101	2957	2904
151	1101	1948	1902
152	1101	2354	2300
153	1101	2078	2047
154	1101	1804	1757
155	1101	2272	2234
156	1101	2427	2388
157	1101	2467	2417
158	1101	2493	2462
159	1101	2031	2006
160	1101	853	835
161	1101	2078	2047
162	1101	1568	1534
163	1101	1677	1640
164	1101	1764	1738
165	1101	1734	1707
166	1101	2419	2375
167	1101	3435	3393
168	1101	1396	1363
169	1101	7	7
170	1101	12	10
171	1101	3	3
172	1101	4	4
173	1101	1270	1239
174	1101	1083	1062
175	1101	617	604
176	1101	1841	1806
177	1101	215	202
178	1101	692	672
179	1101	130	123
180	1101	251	245
181	1101	87	82
182	1101	539	527
183	1101	503	491
184	1101	1933	1893
185	1101	275	270
186	1101	1034	1009
187	1101	448	436
188	1101	16737	16474
189	1101	2349	2317
190	1101	1448	1423
191	1101	3749	3704
192	1101	889	875
193	1101	2772	2733
194	1101	451	444
195	1101	553	540
196	1101	540	533
197	1101	162	160
198	1101	211	206
199	1101	617	608
200	1101	5537	5451
201	1101	1911	1874
202	1101	2738	2702
203	1101	464	455
204	1101	65	61
205	1101	731	724
206	1101	6574	6471
207	1101	4982	4904
208	1101	1964	1922
209	1101	2172	2139
210	1101	1896	1865
211	1101	336	321
212	1101	251	240
213	1101	4543	4471
214	1101	926	909
215	1101	3639	3592
216	1101	5316	5235
217	1101	480	464
218	1101	12074	11859
219	1101	4553	4485
220	1101	4538	4459
221	1101	5227	5148
222	1101	2743	2697
223	1101	4640	4581
224	1101	2527	2493
225	1101	9071	8930
226	1101	1647	1626
227	1101	4664	4591
228	1101	4131	4076
229	1101	2437	2401
230	1101	1755	1725
231	1101	1426	1406
232	1101	822	804
233	1101	301	295
234	1101	711	698
235	1101	315	311
236	1101	536	528
237	1101	48	44
238	1101	962	930
239	1101	266	260
240	1101	2256	2219
241	1101	902	887
242	1101	745	736
243	1101	234	233
244	1101	5815	5711
245	1101	340	331
246	1101	1260	1245
247	1101	1705	1686
248	1101	3745	3678
249	1101	4091	4017
250	1101	260	254
251	1101	361	354
252	1101	811	794
253	1101	104	101
254	1101	105	103
255	1101	126	120
256	1101	2719	2667
257	1101	2336	2309
258	1101	3111	3055
259	1101	771	758
260	1101	685	675
261	1101	161	160
262	1101	262	258
263	1101	345	335
264	1101	374	365
265	1101	219	216
266	1101	2115	2080
267	1101	474	459
268	1101	385	373
269	1101	3390	3342
270	1101	713	700
271	1101	2701	2659
272	1101	1160	1141
273	1101	143	141
274	1101	3725	3660
275	1101	2237	2205
276	1101	4273	4211
277	1101	1939	1918
278	1101	3129	3086
279	1101	3338	3290
280	1101	1001	985
281	1101	3351	3310
282	1101	2939	2886
283	1101	4253	4196
284	1101	4113	4054
285	1101	226	226
286	1101	474	465
287	1101	632	621
288	1101	1551	1524
289	1101	71	71
290	1101	662	655
291	1101	745	738
292	1101	426	418
293	1101	40	37
294	1101	259	252
295	1101	452	444
296	1101	2196	2166
297	1101	949	942
298	1101	1298	1279
299	1101	245	242
300	1101	3924	3864
301	1101	774	758
302	1101	1016	999
303	1101	2733	2697
304	1101	705	685
305	1101	612	602
306	1101	600	589
307	1101	397	391
308	1101	749	740
309	1101	36	33
310	1101	50	45
311	1101	401	389
312	1101	1976	1957
313	1101	1117	1098
314	1101	1541	1521
315	1101	63	62
316	1101	203	197
317	1101	1449	1427
318	1101	4677	4606
319	1101	1937	1906
320	1101	535	522
321	1101	2508	2474
322	1101	1674	1643
323	1101	168	163
324	1101	349	340
325	1101	100	99
326	1101	571	560
327	1101	430	423
328	1101	495	483
329	1101	126	123
330	1101	7072	6973
331	1101	1322	1312
332	1101	2731	2689
333	1101	2649	2609
334	1101	4133	4059
335	1101	2986	2935
336	1101	1312	1292
337	1101	2512	2470
338	1101	5531	5440
339	1101	5145	5084
340	1101	9873	9717
341	1101	8	8
342	1101	9	9
343	1101	6	6
0	1102	93928	83363
1	1102	2111	2074
2	1102	1636	1596
3	1102	1881	1845
4	1102	1693	1649
5	1102	1764	1733
6	1102	57	52
7	1102	2340	2291
8	1102	1228	1199
9	1102	30	27
10	1102	2679	2611
11	1102	2324	2288
12	1102	2222	2185
13	1102	35	34
14	1102	2382	2337
15	1102	1536	1443
16	1102	2370	2322
17	1102	3208	3161
18	1102	2396	2367
19	1102	2035	1997
20	1102	3542	3469
21	1102	2412	2361
22	1102	1935	1910
23	1102	2112	2079
24	1102	2774	2726
25	1102	5439	5314
26	1102	549	530
27	1102	3334	3223
28	1102	3722	3636
29	1102	1813	1772
30	1102	1844	1801
31	1102	2226	2180
32	1102	1741	1717
33	1102	2493	2453
34	1102	2384	2344
35	1102	2366	2338
36	1102	159	153
37	1102	2474	2440
38	1102	3716	3642
39	1102	2310	2271
40	1102	1583	1547
41	1102	2490	2441
42	1102	2099	2054
43	1102	1934	1905
44	1102	2637	2572
45	1102	1650	1606
46	1102	2495	2449
47	1102	1880	1831
48	1102	2182	2142
49	1102	2127	2081
50	1102	1578	1535
51	1102	1866	1836
52	1102	2297	2256
53	1102	2568	2519
54	1102	2536	2477
55	1102	1686	1666
56	1102	1830	1781
57	1102	1765	1729
58	1102	2282	2241
59	1102	1992	1962
60	1102	2127	2094
61	1102	1140	1118
62	1102	1914	1880
63	1102	1901	1861
64	1102	1712	1659
65	1102	52	48
66	1102	2383	2339
67	1102	1953	1911
68	1102	2852	2795
69	1102	1191	1173
70	1102	1982	1933
71	1102	27	24
72	1102	2223	2185
73	1102	2298	2247
74	1102	2166	2134
75	1102	2193	2163
76	1102	2248	2208
77	1102	3104	3055
78	1102	2322	2287
79	1102	1756	1717
80	1102	1961	1918
81	1102	2703	2669
82	1102	1983	1934
83	1102	1664	1609
84	1102	2302	2255
85	1102	2008	1983
86	1102	2656	2607
87	1102	1071	1051
88	1102	1204	1181
89	1102	1286	1222
90	1102	2507	2469
91	1102	30	27
92	1102	2589	2540
93	1102	2629	2586
94	1102	2916	2859
95	1102	2379	2327
96	1102	1318	1281
97	1102	1682	1651
98	1102	2318	2270
99	1102	2496	2434
100	1102	2448	2415
101	1102	1927	1881
102	1102	2778	2727
103	1102	2509	2466
104	1102	1632	1595
105	1102	2139	2112
106	1102	2462	2410
107	1102	2139	2089
108	1102	2105	2065
109	1102	2459	2411
110	1102	2299	2261
111	1102	2099	2066
112	1102	1990	1948
113	1102	1240	1221
114	1102	2488	2416
115	1102	2009	1975
116	1102	1196	1183
117	1102	785	761
118	1102	1164	1145
119	1102	504	495
120	1102	197	186
121	1102	1776	1750
122	1102	1849	1760
123	1102	2741	2679
124	1102	2132	2097
125	1102	1843	1819
126	1102	1089	1066
127	1102	935	904
128	1102	2787	2733
129	1102	1901	1867
130	1102	2299	2251
131	1102	2449	2399
132	1102	2519	2481
133	1102	2714	2664
134	1102	2369	2326
135	1102	2055	2022
136	1102	1930	1893
137	1102	2158	2127
138	1102	2158	2107
139	1102	2209	2128
140	1102	2591	2544
141	1102	2263	2208
142	1102	2512	2466
143	1102	1729	1682
144	1102	2921	2844
145	1102	2310	2272
146	1102	1575	1539
147	1102	1664	1634
148	1102	995	982
149	1102	2258	2202
150	1102	2905	2854
151	1102	1959	1932
152	1102	2422	2374
153	1102	2148	2117
154	1102	1795	1745
155	1102	2264	2231
156	1102	2367	2330
157	1102	2368	2328
158	1102	2536	2494
159	1102	2063	2034
160	1102	851	840
161	1102	2066	2033
162	1102	1645	1608
163	1102	1674	1633
164	1102	1769	1737
165	1102	1757	1741
166	1102	2476	2445
167	1102	3335	3277
168	1102	1396	1367
169	1102	8	8
170	1102	10	9
171	1102	5	4
172	1102	4	4
173	1102	1262	1244
174	1102	1075	1048
175	1102	609	598
176	1102	1731	1699
177	1102	202	198
178	1102	754	742
179	1102	100	95
180	1102	280	276
181	1102	92	87
182	1102	490	480
183	1102	586	570
184	1102	1889	1862
185	1102	270	267
186	1102	1110	1082
187	1102	502	492
188	1102	17138	16886
189	1102	2272	2233
190	1102	1496	1480
191	1102	3808	3765
192	1102	943	928
193	1102	2926	2890
194	1102	397	391
195	1102	552	547
196	1102	520	519
197	1102	177	172
198	1102	211	205
199	1102	625	616
200	1102	5671	5600
201	1102	1798	1777
202	1102	2678	2645
203	1102	473	462
204	1102	80	73
205	1102	856	841
206	1102	6429	6336
207	1102	4830	4766
208	1102	1897	1860
209	1102	2075	2050
210	1102	1796	1772
211	1102	388	377
212	1102	313	301
213	1102	4635	4569
214	1102	895	882
215	1102	3618	3572
216	1102	5210	5134
217	1102	527	518
218	1102	11871	11706
219	1102	4450	4386
220	1102	4372	4299
221	1102	5069	5000
222	1102	2741	2713
223	1102	4674	4625
224	1102	2494	2458
225	1102	8901	8771
226	1102	1498	1477
227	1102	4602	4548
228	1102	3987	3928
229	1102	2329	2296
230	1102	1770	1743
231	1102	1435	1411
232	1102	795	784
233	1102	258	255
234	1102	774	762
235	1102	286	278
236	1102	581	575
237	1102	52	49
238	1102	931	910
239	1102	246	240
240	1102	2238	2194
241	1102	881	872
242	1102	735	718
243	1102	201	196
244	1102	5664	5588
245	1102	267	263
246	1102	1384	1361
247	1102	1837	1809
248	1102	3625	3577
249	1102	4103	4043
250	1102	258	252
251	1102	371	359
252	1102	866	853
253	1102	72	70
254	1102	115	115
255	1102	144	142
256	1102	2706	2658
257	1102	2174	2137
258	1102	3056	3006
259	1102	751	742
260	1102	761	755
261	1102	173	167
262	1102	255	253
263	1102	359	349
264	1102	327	325
265	1102	216	214
266	1102	2226	2195
267	1102	419	413
268	1102	408	402
269	1102	3322	3273
270	1102	658	646
271	1102	2822	2772
272	1102	1193	1179
273	1102	136	134
274	1102	3781	3720
275	1102	2108	2086
276	1102	4231	4187
277	1102	1878	1847
278	1102	2959	2923
279	1102	3296	3245
280	1102	934	924
281	1102	3385	3337
282	1102	2970	2934
283	1102	4178	4130
284	1102	4203	4155
285	1102	246	244
286	1102	526	518
287	1102	611	604
288	1102	1533	1517
289	1102	75	73
290	1102	603	592
291	1102	754	750
292	1102	419	409
293	1102	35	35
294	1102	264	263
295	1102	436	433
296	1102	2169	2141
297	1102	901	885
298	1102	1246	1223
299	1102	202	199
300	1102	3854	3790
301	1102	751	743
302	1102	949	926
303	1102	2685	2639
304	1102	730	716
305	1102	605	596
306	1102	608	597
307	1102	373	368
308	1102	763	753
309	1102	43	43
310	1102	52	51
311	1102	401	396
312	1102	1928	1905
313	1102	1151	1133
314	1102	1421	1401
315	1102	104	101
316	1102	184	182
317	1102	1446	1427
318	1102	4789	4716
319	1102	1982	1954
320	1102	496	483
321	1102	2443	2417
322	1102	1741	1715
323	1102	204	201
324	1102	320	314
325	1102	88	87
326	1102	541	532
327	1102	506	493
328	1102	518	512
329	1102	159	156
330	1102	7121	7019
331	1102	1334	1318
332	1102	2684	2646
333	1102	2682	2647
334	1102	4098	4023
335	1102	2857	2814
336	1102	1342	1328
337	1102	2451	2414
338	1102	5545	5473
339	1102	5386	5327
340	1102	9591	9462
341	1102	11	10
342	1102	10	8
343	1102	9	8
0	1103	94611	83544
1	1103	2018	1984
2	1103	1667	1629
3	1103	1949	1914
4	1103	1722	1673
5	1103	1773	1734
6	1103	63	58
7	1103	2274	2223
8	1103	1180	1141
9	1103	30	29
10	1103	2666	2597
11	1103	2083	2046
12	1103	2189	2141
13	1103	29	26
14	1103	2358	2302
15	1103	1525	1437
16	1103	2348	2299
17	1103	3246	3185
18	1103	2285	2259
19	1103	2184	2155
20	1103	3674	3610
21	1103	2527	2499
22	1103	1816	1777
23	1103	2125	2085
24	1103	2795	2756
25	1103	5296	5185
26	1103	504	473
27	1103	3419	3325
28	1103	3764	3709
29	1103	1729	1692
30	1103	1762	1718
31	1103	2187	2148
32	1103	1819	1773
33	1103	2316	2281
34	1103	2404	2353
35	1103	2352	2312
36	1103	182	174
37	1103	2434	2395
38	1103	3989	3921
39	1103	2240	2194
40	1103	1648	1609
41	1103	2401	2336
42	1103	2070	2032
43	1103	2039	2007
44	1103	2838	2777
45	1103	1668	1629
46	1103	2510	2457
47	1103	1854	1818
48	1103	2078	2045
49	1103	2144	2090
50	1103	1551	1518
51	1103	1824	1794
52	1103	2363	2312
53	1103	2628	2582
54	1103	2395	2344
55	1103	1694	1645
56	1103	1798	1760
57	1103	1773	1736
58	1103	2287	2244
59	1103	2016	1983
60	1103	2191	2148
61	1103	1137	1110
62	1103	2004	1954
63	1103	1940	1896
64	1103	1755	1704
65	1103	24	20
66	1103	2294	2250
67	1103	1813	1775
68	1103	2739	2677
69	1103	1226	1203
70	1103	1976	1932
71	1103	32	31
72	1103	2107	2074
73	1103	2268	2213
74	1103	2143	2101
75	1103	2230	2194
76	1103	2252	2213
77	1103	3084	3039
78	1103	2344	2309
79	1103	1741	1719
80	1103	2055	2013
81	1103	2610	2548
82	1103	2062	2007
83	1103	1651	1587
84	1103	2205	2160
85	1103	2111	2077
86	1103	2602	2543
87	1103	1064	1026
88	1103	1262	1234
89	1103	1218	1164
90	1103	2776	2738
91	1103	16	15
92	1103	2562	2508
93	1103	2738	2695
94	1103	2891	2836
95	1103	2458	2402
96	1103	1321	1287
97	1103	1617	1585
98	1103	2392	2351
99	1103	2506	2461
100	1103	2556	2512
101	1103	1874	1820
102	1103	2879	2827
103	1103	2478	2441
104	1103	1700	1668
105	1103	2202	2162
106	1103	2407	2348
107	1103	2025	1992
108	1103	2155	2119
109	1103	2244	2206
110	1103	2421	2377
111	1103	2050	2017
112	1103	1997	1961
113	1103	1331	1308
114	1103	2595	2542
115	1103	1966	1929
116	1103	1120	1103
117	1103	745	730
118	1103	1237	1216
119	1103	514	507
120	1103	238	225
121	1103	1853	1826
122	1103	1774	1698
123	1103	2623	2559
124	1103	2240	2201
125	1103	1879	1839
126	1103	1125	1111
127	1103	939	902
128	1103	2703	2664
129	1103	1944	1910
130	1103	2342	2283
131	1103	2426	2373
132	1103	2449	2406
133	1103	2670	2624
134	1103	2309	2274
135	1103	2097	2067
136	1103	1973	1948
137	1103	2187	2143
138	1103	2245	2197
139	1103	2206	2128
140	1103	2575	2535
141	1103	2295	2228
142	1103	2644	2602
143	1103	1684	1642
144	1103	2835	2750
145	1103	2264	2226
146	1103	1571	1539
147	1103	1667	1629
148	1103	1037	1012
149	1103	2255	2188
150	1103	2819	2772
151	1103	1912	1884
152	1103	2435	2394
153	1103	2118	2078
154	1103	1744	1690
155	1103	2293	2241
156	1103	2520	2474
157	1103	2466	2415
158	1103	2443	2398
159	1103	2045	2016
160	1103	844	820
161	1103	2046	2014
162	1103	1639	1609
163	1103	1679	1640
164	1103	1789	1758
165	1103	1699	1672
166	1103	2434	2400
167	1103	3452	3409
168	1103	1381	1360
169	1103	7	7
170	1103	12	12
171	1103	10	9
172	1103	12	11
173	1103	1213	1191
174	1103	1123	1095
175	1103	587	579
176	1103	1845	1820
177	1103	184	180
178	1103	711	691
179	1103	123	119
180	1103	305	300
181	1103	97	92
182	1103	513	494
183	1103	566	559
184	1103	1869	1852
185	1103	242	241
186	1103	1002	972
187	1103	452	442
188	1103	16606	16364
189	1103	2280	2253
190	1103	1479	1455
191	1103	3742	3695
192	1103	841	827
193	1103	2845	2814
194	1103	465	459
195	1103	527	522
196	1103	571	560
197	1103	184	178
198	1103	201	195
199	1103	682	674
200	1103	5520	5441
201	1103	1891	1869
202	1103	2630	2598
203	1103	508	504
204	1103	71	71
205	1103	822	807
206	1103	6453	6367
207	1103	4913	4832
208	1103	1897	1866
209	1103	2084	2056
210	1103	1832	1806
211	1103	399	388
212	1103	301	292
213	1103	4560	4490
214	1103	868	855
215	1103	3561	3511
216	1103	5346	5260
217	1103	481	467
218	1103	11716	11558
219	1103	4404	4341
220	1103	4296	4236
221	1103	5210	5143
222	1103	2687	2650
223	1103	4669	4609
224	1103	2455	2421
225	1103	8801	8704
226	1103	1529	1507
227	1103	4530	4478
228	1103	3999	3956
229	1103	2301	2259
230	1103	1702	1678
231	1103	1451	1427
232	1103	777	765
233	1103	294	290
234	1103	717	703
235	1103	273	266
236	1103	594	589
237	1103	49	45
238	1103	1025	992
239	1103	240	231
240	1103	2346	2311
241	1103	838	828
242	1103	738	716
243	1103	221	217
244	1103	5798	5687
245	1103	289	286
246	1103	1299	1282
247	1103	1824	1788
248	1103	3576	3528
249	1103	4052	3997
250	1103	258	250
251	1103	408	404
252	1103	900	887
253	1103	89	88
254	1103	112	109
255	1103	142	136
256	1103	2635	2583
257	1103	2235	2214
258	1103	3178	3115
259	1103	743	735
260	1103	696	683
261	1103	157	156
262	1103	262	259
263	1103	338	335
264	1103	335	331
265	1103	207	204
266	1103	2078	2056
267	1103	429	425
268	1103	394	389
269	1103	3382	3333
270	1103	703	683
271	1103	2729	2687
272	1103	1092	1075
273	1103	108	105
274	1103	3602	3558
275	1103	2108	2083
276	1103	4078	4023
277	1103	1810	1790
278	1103	2887	2832
279	1103	3353	3313
280	1103	969	957
281	1103	3484	3444
282	1103	2894	2859
283	1103	4317	4262
284	1103	4137	4085
285	1103	217	215
286	1103	555	544
287	1103	568	558
288	1103	1604	1578
289	1103	63	62
290	1103	640	630
291	1103	671	667
292	1103	449	443
293	1103	42	41
294	1103	261	255
295	1103	454	448
296	1103	2237	2204
297	1103	851	835
298	1103	1284	1269
299	1103	238	236
300	1103	3943	3894
301	1103	783	767
302	1103	979	963
303	1103	2680	2644
304	1103	728	716
305	1103	614	605
306	1103	585	569
307	1103	369	366
308	1103	740	727
309	1103	35	34
310	1103	67	66
311	1103	377	367
312	1103	2005	1969
313	1103	1148	1132
314	1103	1556	1538
315	1103	64	64
316	1103	220	215
317	1103	1391	1374
318	1103	4753	4685
319	1103	1863	1841
320	1103	539	527
321	1103	2554	2514
322	1103	1687	1659
323	1103	160	158
324	1103	343	337
325	1103	116	112
326	1103	556	547
327	1103	514	502
328	1103	458	454
329	1103	141	137
330	1103	7033	6950
331	1103	1244	1226
332	1103	2761	2724
333	1103	2687	2654
334	1103	4038	3981
335	1103	2888	2855
336	1103	1294	1271
337	1103	2575	2541
338	1103	5482	5398
339	1103	5321	5268
340	1103	9805	9669
341	1103	11	11
342	1103	10	10
343	1103	9	8
0	1104	100564	89653
1	1104	2023	1973
2	1104	1563	1527
3	1104	1913	1879
4	1104	1705	1656
5	1104	1713	1691
6	1104	76	70
7	1104	2310	2268
8	1104	1189	1155
9	1104	36	32
10	1104	2633	2577
11	1104	2226	2187
12	1104	2114	2076
13	1104	47	46
14	1104	2287	2239
15	1104	1456	1384
16	1104	2527	2457
17	1104	3111	3040
18	1104	2321	2283
19	1104	2261	2213
20	1104	3551	3483
21	1104	2556	2505
22	1104	1880	1830
23	1104	2172	2138
24	1104	2659	2621
25	1104	5289	5188
26	1104	538	510
27	1104	3529	3416
28	1104	3681	3606
29	1104	1685	1648
30	1104	1824	1784
31	1104	2135	2091
32	1104	1796	1759
33	1104	2365	2318
34	1104	2383	2336
35	1104	2128	2099
36	1104	160	153
37	1104	2344	2321
38	1104	3681	3612
39	1104	2293	2254
40	1104	1581	1550
41	1104	2297	2255
42	1104	2048	2007
43	1104	1925	1901
44	1104	2614	2563
45	1104	1741	1696
46	1104	2378	2329
47	1104	1746	1712
48	1104	2114	2071
49	1104	2199	2144
50	1104	1528	1499
51	1104	1781	1751
52	1104	2322	2280
53	1104	2556	2512
54	1104	2426	2369
55	1104	1780	1752
56	1104	1793	1756
57	1104	1772	1724
58	1104	2138	2087
59	1104	2018	1975
60	1104	2211	2161
61	1104	1114	1094
62	1104	1992	1947
63	1104	1900	1863
64	1104	1729	1680
65	1104	51	38
66	1104	2295	2254
67	1104	1829	1810
68	1104	2724	2676
69	1104	1145	1120
70	1104	1928	1902
71	1104	45	42
72	1104	2177	2154
73	1104	2274	2218
74	1104	2094	2057
75	1104	2173	2132
76	1104	2256	2219
77	1104	3010	2957
78	1104	2326	2289
79	1104	1836	1807
80	1104	1984	1930
81	1104	2589	2536
82	1104	1982	1935
83	1104	1551	1515
84	1104	2218	2179
85	1104	2003	1973
86	1104	2613	2576
87	1104	1159	1130
88	1104	1217	1193
89	1104	1199	1137
90	1104	2760	2708
91	1104	17	15
92	1104	2553	2494
93	1104	2708	2668
94	1104	2877	2828
95	1104	2400	2344
96	1104	1264	1231
97	1104	1613	1594
98	1104	2418	2379
99	1104	2430	2385
100	1104	2519	2473
101	1104	1792	1753
102	1104	2890	2842
103	1104	2596	2559
104	1104	1614	1586
105	1104	2131	2084
106	1104	2389	2331
107	1104	2111	2069
108	1104	2138	2090
109	1104	2484	2432
110	1104	2446	2410
111	1104	2092	2057
112	1104	1966	1922
113	1104	1255	1239
114	1104	2511	2457
115	1104	2015	1978
116	1104	1089	1070
117	1104	729	705
118	1104	1195	1173
119	1104	449	443
120	1104	250	233
121	1104	1766	1742
122	1104	1781	1684
123	1104	2620	2573
124	1104	2050	2017
125	1104	2006	1970
126	1104	1140	1124
127	1104	840	798
128	1104	2785	2729
129	1104	2021	1988
130	1104	2148	2102
131	1104	2402	2350
132	1104	2444	2407
133	1104	2596	2557
134	1104	2272	2232
135	1104	2004	1968
136	1104	1988	1954
137	1104	2086	2051
138	1104	2252	2197
139	1104	2138	2056
140	1104	2668	2612
141	1104	2223	2162
142	1104	2430	2391
143	1104	1610	1562
144	1104	2727	2672
145	1104	2227	2184
146	1104	1687	1643
147	1104	1707	1671
148	1104	965	945
149	1104	2240	2177
150	1104	2833	2775
151	1104	1931	1898
152	1104	2405	2347
153	1104	2096	2062
154	1104	1716	1670
155	1104	2351	2304
156	1104	2359	2324
157	1104	2489	2448
158	1104	2357	2320
159	1104	2127	2102
160	1104	836	824
161	1104	2045	2011
162	1104	1657	1623
163	1104	1580	1551
164	1104	1819	1797
165	1104	1740	1714
166	1104	2488	2449
167	1104	3407	3360
168	1104	1379	1348
169	1104	8	8
170	1104	13	13
171	1104	15	15
172	1104	7	7
173	1104	1262	1245
174	1104	1056	1041
175	1104	645	637
176	1104	1786	1754
177	1104	195	189
178	1104	702	686
179	1104	113	108
180	1104	310	299
181	1104	72	70
182	1104	471	458
183	1104	555	544
184	1104	1849	1821
185	1104	261	258
186	1104	1061	1045
187	1104	480	468
188	1104	16446	16206
189	1104	2149	2119
190	1104	1478	1457
191	1104	3786	3735
192	1104	874	856
193	1104	2734	2690
194	1104	484	477
195	1104	553	543
196	1104	556	548
197	1104	193	192
198	1104	174	168
199	1104	628	615
200	1104	5406	5325
201	1104	1818	1792
202	1104	2626	2580
203	1104	444	437
204	1104	72	69
205	1104	868	856
206	1104	6327	6219
207	1104	4843	4783
208	1104	2030	1986
209	1104	2075	2037
210	1104	1882	1848
211	1104	392	382
212	1104	300	287
213	1104	4490	4432
214	1104	885	871
215	1104	3607	3555
216	1104	5300	5214
217	1104	491	484
218	1104	11587	11424
219	1104	4432	4376
220	1104	4366	4308
221	1104	5107	5033
222	1104	2554	2530
223	1104	4523	4461
224	1104	2458	2429
225	1104	8745	8626
226	1104	1587	1567
227	1104	4658	4601
228	1104	3948	3894
229	1104	2394	2355
230	1104	1659	1633
231	1104	1402	1380
232	1104	819	804
233	1104	309	306
234	1104	759	747
235	1104	278	267
236	1104	536	525
237	1104	53	43
238	1104	1000	981
239	1104	244	239
240	1104	2269	2237
241	1104	830	812
242	1104	711	696
243	1104	224	221
244	1104	5753	5670
245	1104	274	267
246	1104	1303	1286
247	1104	1791	1773
248	1104	3653	3601
249	1104	3819	3763
250	1104	222	219
251	1104	360	359
252	1104	801	786
253	1104	73	71
254	1104	97	94
255	1104	150	144
256	1104	2635	2597
257	1104	2173	2142
258	1104	3144	3092
259	1104	797	785
260	1104	743	734
261	1104	156	154
262	1104	215	212
263	1104	341	334
264	1104	341	338
265	1104	192	191
266	1104	2110	2086
267	1104	411	408
268	1104	420	415
269	1104	3294	3261
270	1104	680	668
271	1104	2628	2583
272	1104	1231	1211
273	1104	141	136
274	1104	3694	3647
275	1104	2187	2163
276	1104	4167	4102
277	1104	1817	1800
278	1104	2903	2870
279	1104	3233	3181
280	1104	1040	1030
281	1104	3514	3463
282	1104	2980	2948
283	1104	4242	4187
284	1104	4160	4119
285	1104	293	286
286	1104	503	493
287	1104	608	598
288	1104	1504	1485
289	1104	72	71
290	1104	607	600
291	1104	752	740
292	1104	401	395
293	1104	27	26
294	1104	297	293
295	1104	423	416
296	1104	2188	2160
297	1104	853	841
298	1104	1158	1139
299	1104	212	208
300	1104	3924	3880
301	1104	771	761
302	1104	1078	1066
303	1104	2598	2555
304	1104	720	704
305	1104	614	602
306	1104	556	541
307	1104	371	366
308	1104	773	758
309	1104	47	46
310	1104	51	50
311	1104	414	408
312	1104	1997	1981
313	1104	1136	1121
314	1104	1417	1397
315	1104	87	83
316	1104	191	188
317	1104	1473	1447
318	1104	4697	4619
319	1104	1862	1840
320	1104	525	512
321	1104	2533	2484
322	1104	1675	1642
323	1104	169	166
324	1104	347	341
325	1104	92	89
326	1104	525	509
327	1104	465	461
328	1104	478	472
329	1104	159	155
330	1104	6850	6755
331	1104	1329	1320
332	1104	2711	2675
333	1104	2481	2445
334	1104	4097	4032
335	1104	2870	2825
336	1104	1357	1338
337	1104	2437	2396
338	1104	5551	5472
339	1104	5354	5293
340	1104	9774	9643
341	1104	6	5
342	1104	22	19
343	1104	8	6
0	1105	97974	87175
1	1105	1984	1956
2	1105	1595	1566
3	1105	1906	1873
4	1105	1767	1722
5	1105	1671	1639
6	1105	62	58
7	1105	2193	2147
8	1105	1205	1174
9	1105	34	30
10	1105	2618	2564
11	1105	2194	2156
12	1105	2223	2174
13	1105	46	45
14	1105	2224	2180
15	1105	1470	1398
16	1105	2470	2423
17	1105	3158	3112
18	1105	2356	2317
19	1105	2261	2216
20	1105	3643	3576
21	1105	2507	2456
22	1105	1875	1838
23	1105	2151	2112
24	1105	2725	2668
25	1105	5263	5173
26	1105	485	461
27	1105	3368	3263
28	1105	3669	3587
29	1105	1683	1645
30	1105	1688	1662
31	1105	2177	2128
32	1105	1886	1847
33	1105	2340	2303
34	1105	2393	2349
35	1105	2327	2288
36	1105	164	160
37	1105	2415	2365
38	1105	3871	3792
39	1105	2402	2348
40	1105	1632	1604
41	1105	2347	2289
42	1105	2190	2151
43	1105	1991	1957
44	1105	2607	2551
45	1105	1630	1576
46	1105	2476	2428
47	1105	1772	1725
48	1105	2129	2096
49	1105	2094	2051
50	1105	1563	1544
51	1105	1733	1700
52	1105	2376	2319
53	1105	2502	2469
54	1105	2497	2431
55	1105	1699	1665
56	1105	1803	1761
57	1105	1731	1702
58	1105	2187	2150
59	1105	2202	2159
60	1105	2120	2070
61	1105	1174	1156
62	1105	1913	1873
63	1105	1848	1811
64	1105	1881	1833
65	1105	37	25
66	1105	2441	2387
67	1105	1769	1735
68	1105	2753	2705
69	1105	1153	1136
70	1105	2009	1959
71	1105	30	28
72	1105	2138	2093
73	1105	2242	2197
74	1105	2197	2161
75	1105	2235	2197
76	1105	2331	2284
77	1105	2939	2883
78	1105	2349	2312
79	1105	1920	1886
80	1105	2039	1992
81	1105	2737	2681
82	1105	2005	1955
83	1105	1564	1529
84	1105	2224	2181
85	1105	1994	1958
86	1105	2759	2712
87	1105	1121	1096
88	1105	1265	1240
89	1105	1230	1176
90	1105	2553	2506
91	1105	19	16
92	1105	2496	2444
93	1105	2766	2731
94	1105	2892	2831
95	1105	2350	2315
96	1105	1282	1250
97	1105	1631	1599
98	1105	2491	2439
99	1105	2575	2524
100	1105	2498	2454
101	1105	1876	1824
102	1105	2852	2800
103	1105	2383	2343
104	1105	1635	1608
105	1105	2178	2124
106	1105	2407	2347
107	1105	2036	1998
108	1105	2128	2095
109	1105	2386	2348
110	1105	2422	2366
111	1105	2165	2124
112	1105	2040	1999
113	1105	1294	1265
114	1105	2516	2449
115	1105	1882	1843
116	1105	1123	1112
117	1105	761	749
118	1105	1132	1099
119	1105	506	499
120	1105	241	227
121	1105	1781	1745
122	1105	1744	1669
123	1105	2639	2586
124	1105	2014	1981
125	1105	1993	1960
126	1105	1166	1136
127	1105	936	899
128	1105	2585	2527
129	1105	2087	2045
130	1105	2329	2292
131	1105	2515	2452
132	1105	2579	2540
133	1105	2660	2627
134	1105	2243	2204
135	1105	2024	1987
136	1105	1940	1903
137	1105	2235	2198
138	1105	2213	2172
139	1105	2234	2173
140	1105	2569	2520
141	1105	2306	2257
142	1105	2604	2556
143	1105	1644	1588
144	1105	2781	2706
145	1105	2369	2327
146	1105	1588	1567
147	1105	1740	1697
148	1105	1012	995
149	1105	2228	2163
150	1105	2779	2720
151	1105	1988	1965
152	1105	2326	2274
153	1105	2083	2055
154	1105	1795	1758
155	1105	2206	2161
156	1105	2505	2474
157	1105	2398	2350
158	1105	2337	2302
159	1105	2008	1976
160	1105	847	834
161	1105	1997	1964
162	1105	1607	1575
163	1105	1667	1635
164	1105	1783	1747
165	1105	1838	1808
166	1105	2398	2364
167	1105	3345	3315
168	1105	1369	1340
169	1105	4	4
170	1105	16	14
171	1105	12	10
172	1105	10	9
173	1105	1257	1234
174	1105	1099	1079
175	1105	608	602
176	1105	1751	1722
177	1105	193	180
178	1105	776	763
179	1105	107	105
180	1105	289	278
181	1105	92	88
182	1105	527	512
183	1105	587	580
184	1105	1886	1865
185	1105	273	270
186	1105	1063	1041
187	1105	433	423
188	1105	16406	16133
189	1105	2203	2167
190	1105	1378	1356
191	1105	3741	3701
192	1105	859	849
193	1105	2773	2738
194	1105	421	411
195	1105	552	541
196	1105	543	539
197	1105	196	193
198	1105	187	184
199	1105	694	685
200	1105	5488	5415
201	1105	1822	1796
202	1105	2482	2441
203	1105	471	466
204	1105	65	63
205	1105	808	794
206	1105	6557	6459
207	1105	4688	4628
208	1105	1926	1872
209	1105	2219	2190
210	1105	1901	1880
211	1105	368	359
212	1105	275	264
213	1105	4527	4459
214	1105	833	818
215	1105	3589	3536
216	1105	5198	5117
217	1105	535	528
218	1105	11649	11483
219	1105	4488	4429
220	1105	4483	4430
221	1105	5144	5067
222	1105	2670	2630
223	1105	4583	4537
224	1105	2486	2448
225	1105	8742	8641
226	1105	1521	1501
227	1105	4594	4527
228	1105	4071	4010
229	1105	2288	2264
230	1105	1677	1646
231	1105	1342	1321
232	1105	811	802
233	1105	288	284
234	1105	713	697
235	1105	295	286
236	1105	485	477
237	1105	62	54
238	1105	946	925
239	1105	238	231
240	1105	2298	2260
241	1105	895	879
242	1105	722	703
243	1105	207	202
244	1105	5919	5835
245	1105	283	280
246	1105	1310	1294
247	1105	1839	1818
248	1105	3630	3604
249	1105	4091	4035
250	1105	252	248
251	1105	334	329
252	1105	884	873
253	1105	68	65
254	1105	98	97
255	1105	127	121
256	1105	2626	2581
257	1105	2123	2092
258	1105	3074	3026
259	1105	688	680
260	1105	750	743
261	1105	177	176
262	1105	278	274
263	1105	358	354
264	1105	317	312
265	1105	232	227
266	1105	2186	2153
267	1105	406	401
268	1105	373	368
269	1105	3350	3281
270	1105	720	710
271	1105	2777	2738
272	1105	1231	1219
273	1105	126	123
274	1105	3674	3618
275	1105	2199	2164
276	1105	4158	4098
277	1105	1911	1886
278	1105	2974	2926
279	1105	3373	3330
280	1105	957	941
281	1105	3512	3467
282	1105	2827	2785
283	1105	4183	4133
284	1105	4129	4088
285	1105	241	240
286	1105	532	522
287	1105	667	653
288	1105	1492	1467
289	1105	70	67
290	1105	686	673
291	1105	726	714
292	1105	448	442
293	1105	25	22
294	1105	261	252
295	1105	448	437
296	1105	2276	2252
297	1105	928	914
298	1105	1268	1257
299	1105	248	244
300	1105	3767	3713
301	1105	739	729
302	1105	1027	1011
303	1105	2704	2665
304	1105	682	668
305	1105	575	560
306	1105	542	535
307	1105	378	376
308	1105	729	724
309	1105	43	41
310	1105	70	65
311	1105	359	351
312	1105	1953	1936
313	1105	1151	1134
314	1105	1491	1475
315	1105	87	85
316	1105	205	201
317	1105	1474	1461
318	1105	4879	4810
319	1105	1826	1803
320	1105	509	503
321	1105	2452	2414
322	1105	1712	1679
323	1105	185	182
324	1105	347	342
325	1105	118	117
326	1105	544	541
327	1105	488	482
328	1105	403	399
329	1105	155	152
330	1105	6948	6851
331	1105	1327	1301
332	1105	2710	2678
333	1105	2610	2579
334	1105	3944	3888
335	1105	2896	2848
336	1105	1355	1331
337	1105	2559	2527
338	1105	5621	5541
339	1105	5328	5263
340	1105	9782	9671
341	1105	13	13
342	1105	17	17
343	1105	7	7
0	1106	95942	85179
1	1106	2031	1986
2	1106	1639	1600
3	1106	1883	1863
4	1106	1710	1656
5	1106	1668	1641
6	1106	63	58
7	1106	2287	2244
8	1106	1240	1214
9	1106	36	32
10	1106	2798	2735
11	1106	2285	2244
12	1106	2038	1996
13	1106	32	31
14	1106	2407	2352
15	1106	1520	1438
16	1106	2427	2378
17	1106	3212	3159
18	1106	2467	2431
19	1106	2054	2027
20	1106	3645	3586
21	1106	2394	2351
22	1106	1937	1899
23	1106	2054	2007
24	1106	2909	2846
25	1106	5518	5413
26	1106	495	477
27	1106	3254	3140
28	1106	3675	3599
29	1106	1645	1609
30	1106	1764	1728
31	1106	2086	2041
32	1106	1959	1922
33	1106	2439	2391
34	1106	2427	2388
35	1106	2382	2343
36	1106	167	163
37	1106	2422	2389
38	1106	3840	3767
39	1106	2382	2321
40	1106	1632	1594
41	1106	2384	2341
42	1106	2160	2120
43	1106	2109	2073
44	1106	2608	2543
45	1106	1660	1611
46	1106	2464	2419
47	1106	1821	1795
48	1106	2072	2031
49	1106	2113	2072
50	1106	1547	1511
51	1106	1949	1919
52	1106	2339	2274
53	1106	2495	2453
54	1106	2578	2517
55	1106	1677	1647
56	1106	1899	1851
57	1106	1783	1755
58	1106	2181	2146
59	1106	2038	2009
60	1106	2303	2256
61	1106	1153	1129
62	1106	1975	1937
63	1106	1966	1920
64	1106	1761	1704
65	1106	40	30
66	1106	2369	2338
67	1106	1900	1855
68	1106	2626	2569
69	1106	1168	1148
70	1106	2135	2097
71	1106	33	32
72	1106	2215	2175
73	1106	2208	2151
74	1106	2020	1975
75	1106	2367	2316
76	1106	2181	2136
77	1106	3000	2952
78	1106	2357	2319
79	1106	1804	1776
80	1106	2049	2016
81	1106	2630	2589
82	1106	2035	1978
83	1106	1656	1615
84	1106	2293	2247
85	1106	2004	1977
86	1106	2691	2639
87	1106	1120	1093
88	1106	1207	1185
89	1106	1210	1164
90	1106	2679	2628
91	1106	15	14
92	1106	2535	2498
93	1106	2839	2793
94	1106	3010	2955
95	1106	2362	2322
96	1106	1360	1324
97	1106	1577	1549
98	1106	2477	2429
99	1106	2415	2370
100	1106	2488	2438
101	1106	1818	1767
102	1106	2909	2845
103	1106	2590	2551
104	1106	1677	1648
105	1106	2201	2158
106	1106	2435	2383
107	1106	2078	2042
108	1106	2139	2101
109	1106	2542	2500
110	1106	2458	2416
111	1106	2047	2022
112	1106	2031	2000
113	1106	1204	1174
114	1106	2592	2542
115	1106	1935	1895
116	1106	1108	1099
117	1106	723	703
118	1106	1241	1211
119	1106	501	494
120	1106	194	185
121	1106	1763	1739
122	1106	1800	1718
123	1106	2641	2586
124	1106	2073	2045
125	1106	1965	1923
126	1106	1083	1068
127	1106	896	857
128	1106	2666	2611
129	1106	1974	1954
130	1106	2262	2205
131	1106	2383	2338
132	1106	2488	2452
133	1106	2578	2535
134	1106	2387	2338
135	1106	2051	2015
136	1106	2105	2068
137	1106	2055	2016
138	1106	2319	2264
139	1106	2360	2281
140	1106	2659	2617
141	1106	2348	2273
142	1106	2541	2490
143	1106	1663	1616
144	1106	2796	2713
145	1106	2325	2284
146	1106	1591	1566
147	1106	1781	1739
148	1106	996	977
149	1106	2265	2205
150	1106	2918	2872
151	1106	1905	1871
152	1106	2373	2311
153	1106	2064	2023
154	1106	1820	1778
155	1106	2212	2174
156	1106	2549	2504
157	1106	2302	2259
158	1106	2475	2428
159	1106	1971	1945
160	1106	867	853
161	1106	1956	1926
162	1106	1698	1641
163	1106	1707	1683
164	1106	1778	1740
165	1106	1734	1703
166	1106	2506	2465
167	1106	3364	3324
168	1106	1417	1400
169	1106	11	11
170	1106	10	9
171	1106	15	14
172	1106	4	4
173	1106	1211	1188
174	1106	1092	1063
175	1106	629	618
176	1106	1743	1701
177	1106	182	178
178	1106	676	660
179	1106	119	114
180	1106	256	250
181	1106	96	93
182	1106	477	463
183	1106	578	574
184	1106	1882	1852
185	1106	232	226
186	1106	1089	1061
187	1106	483	475
188	1106	16464	16178
189	1106	2186	2154
190	1106	1456	1427
191	1106	3639	3581
192	1106	913	895
193	1106	2874	2836
194	1106	482	470
195	1106	638	628
196	1106	551	543
197	1106	181	175
198	1106	199	193
199	1106	667	655
200	1106	5407	5327
201	1106	1849	1816
202	1106	2622	2585
203	1106	535	527
204	1106	82	78
205	1106	796	779
206	1106	6624	6511
207	1106	4974	4907
208	1106	1891	1843
209	1106	2229	2184
210	1106	1963	1934
211	1106	353	340
212	1106	317	310
213	1106	4631	4565
214	1106	877	857
215	1106	3759	3699
216	1106	5158	5057
217	1106	514	506
218	1106	11795	11609
219	1106	4584	4521
220	1106	4458	4386
221	1106	5142	5049
222	1106	2599	2564
223	1106	4430	4368
224	1106	2367	2330
225	1106	8822	8686
226	1106	1516	1484
227	1106	4617	4556
228	1106	3985	3944
229	1106	2395	2350
230	1106	1706	1683
231	1106	1407	1386
232	1106	803	788
233	1106	299	295
234	1106	738	721
235	1106	256	248
236	1106	550	538
237	1106	61	58
238	1106	900	883
239	1106	243	237
240	1106	2212	2178
241	1106	887	872
242	1106	705	689
243	1106	226	219
244	1106	5600	5527
245	1106	272	263
246	1106	1329	1316
247	1106	1803	1790
248	1106	3725	3666
249	1106	4020	3952
250	1106	240	235
251	1106	399	393
252	1106	846	833
253	1106	85	84
254	1106	88	86
255	1106	112	110
256	1106	2513	2471
257	1106	2278	2246
258	1106	3064	3005
259	1106	804	787
260	1106	717	707
261	1106	177	173
262	1106	190	185
263	1106	350	345
264	1106	346	342
265	1106	232	230
266	1106	2252	2221
267	1106	414	406
268	1106	431	425
269	1106	3371	3320
270	1106	671	656
271	1106	2674	2617
272	1106	1204	1181
273	1106	86	86
274	1106	3734	3671
275	1106	2139	2113
276	1106	4137	4072
277	1106	1879	1858
278	1106	3026	2981
279	1106	3135	3080
280	1106	965	939
281	1106	3489	3447
282	1106	2866	2826
283	1106	4300	4249
284	1106	4154	4088
285	1106	263	259
286	1106	511	499
287	1106	602	589
288	1106	1457	1438
289	1106	71	67
290	1106	603	592
291	1106	748	740
292	1106	396	392
293	1106	27	25
294	1106	227	224
295	1106	402	392
296	1106	2333	2307
297	1106	962	953
298	1106	1257	1241
299	1106	206	202
300	1106	3941	3874
301	1106	764	745
302	1106	1095	1070
303	1106	2655	2607
304	1106	711	705
305	1106	582	572
306	1106	600	589
307	1106	383	375
308	1106	732	722
309	1106	32	30
310	1106	54	50
311	1106	346	334
312	1106	1964	1934
313	1106	1161	1144
314	1106	1445	1414
315	1106	67	67
316	1106	181	177
317	1106	1429	1410
318	1106	4784	4705
319	1106	1885	1857
320	1106	505	492
321	1106	2576	2539
322	1106	1716	1688
323	1106	170	165
324	1106	347	339
325	1106	96	94
326	1106	568	555
327	1106	494	490
328	1106	434	429
329	1106	182	180
330	1106	7072	6968
331	1106	1313	1290
332	1106	2702	2670
333	1106	2614	2569
334	1106	4081	4014
335	1106	2970	2931
336	1106	1269	1244
337	1106	2469	2430
338	1106	5411	5336
339	1106	5282	5214
340	1106	9731	9605
341	1106	11	11
342	1106	19	18
343	1106	13	13
0	1107	96470	85966
1	1107	1974	1941
2	1107	1717	1682
3	1107	1926	1893
4	1107	1734	1685
5	1107	1687	1661
6	1107	75	71
7	1107	2208	2172
8	1107	1158	1128
9	1107	39	34
10	1107	2656	2602
11	1107	2240	2197
12	1107	2114	2068
13	1107	45	41
14	1107	2318	2282
15	1107	1521	1448
16	1107	2409	2352
17	1107	3325	3253
18	1107	2459	2406
19	1107	2228	2186
20	1107	3654	3583
21	1107	2346	2308
22	1107	1938	1891
23	1107	2131	2089
24	1107	2752	2697
25	1107	5486	5372
26	1107	475	449
27	1107	3394	3268
28	1107	3635	3565
29	1107	1594	1558
30	1107	1718	1681
31	1107	2217	2188
32	1107	1815	1777
33	1107	2325	2286
34	1107	2373	2325
35	1107	2295	2260
36	1107	190	185
37	1107	2385	2342
38	1107	3744	3670
39	1107	2337	2294
40	1107	1673	1627
41	1107	2367	2311
42	1107	2173	2123
43	1107	2089	2043
44	1107	2768	2713
45	1107	1616	1562
46	1107	2464	2419
47	1107	1785	1747
48	1107	2156	2118
49	1107	2156	2114
50	1107	1619	1592
51	1107	1932	1899
52	1107	2358	2285
53	1107	2509	2462
54	1107	2474	2423
55	1107	1741	1705
56	1107	1757	1717
57	1107	1763	1737
58	1107	2403	2358
59	1107	2030	1997
60	1107	2250	2193
61	1107	1215	1190
62	1107	1952	1909
63	1107	1950	1899
64	1107	1734	1695
65	1107	36	27
66	1107	2398	2352
67	1107	1886	1852
68	1107	2748	2695
69	1107	1119	1092
70	1107	2044	1998
71	1107	46	42
72	1107	2205	2155
73	1107	2278	2226
74	1107	2086	2058
75	1107	2326	2286
76	1107	2256	2219
77	1107	3041	2990
78	1107	2401	2353
79	1107	1779	1754
80	1107	2126	2079
81	1107	2681	2633
82	1107	2080	2013
83	1107	1623	1566
84	1107	2258	2222
85	1107	2007	1982
86	1107	2711	2656
87	1107	1051	1020
88	1107	1174	1150
89	1107	1178	1123
90	1107	2647	2612
91	1107	25	23
92	1107	2603	2556
93	1107	2776	2728
94	1107	2888	2835
95	1107	2477	2429
96	1107	1330	1291
97	1107	1706	1675
98	1107	2513	2465
99	1107	2572	2524
100	1107	2455	2426
101	1107	1870	1833
102	1107	2918	2861
103	1107	2486	2440
104	1107	1676	1645
105	1107	2127	2081
106	1107	2554	2498
107	1107	2092	2049
108	1107	2077	2040
109	1107	2333	2295
110	1107	2314	2282
111	1107	2118	2089
112	1107	2088	2043
113	1107	1299	1270
114	1107	2583	2521
115	1107	1881	1844
116	1107	1101	1085
117	1107	775	761
118	1107	1169	1152
119	1107	508	502
120	1107	266	246
121	1107	1895	1867
122	1107	1811	1720
123	1107	2522	2463
124	1107	2114	2082
125	1107	1904	1868
126	1107	1179	1159
127	1107	922	875
128	1107	2675	2631
129	1107	2086	2050
130	1107	2283	2237
131	1107	2451	2400
132	1107	2534	2487
133	1107	2637	2586
134	1107	2328	2290
135	1107	1948	1921
136	1107	1999	1971
137	1107	2155	2126
138	1107	2233	2182
139	1107	2215	2109
140	1107	2543	2498
141	1107	2357	2291
142	1107	2603	2556
143	1107	1663	1619
144	1107	2886	2800
145	1107	2266	2218
146	1107	1600	1573
147	1107	1788	1750
148	1107	1019	998
149	1107	2286	2218
150	1107	2880	2827
151	1107	2038	1996
152	1107	2339	2293
153	1107	2107	2078
154	1107	1759	1710
155	1107	2208	2169
156	1107	2466	2427
157	1107	2357	2315
158	1107	2451	2387
159	1107	2079	2050
160	1107	853	835
161	1107	2039	1994
162	1107	1647	1615
163	1107	1631	1607
164	1107	1867	1831
165	1107	1774	1735
166	1107	2448	2407
167	1107	3547	3499
168	1107	1332	1301
169	1107	4	3
170	1107	10	8
171	1107	14	14
172	1107	4	4
173	1107	1211	1182
174	1107	1132	1111
175	1107	630	623
176	1107	1840	1810
177	1107	194	184
178	1107	708	690
179	1107	141	133
180	1107	298	293
181	1107	96	93
182	1107	538	520
183	1107	629	615
184	1107	1943	1913
185	1107	268	264
186	1107	1081	1050
187	1107	486	475
188	1107	16372	16077
189	1107	2242	2213
190	1107	1402	1389
191	1107	3841	3794
192	1107	836	825
193	1107	2779	2737
194	1107	478	471
195	1107	604	594
196	1107	549	543
197	1107	208	207
198	1107	219	209
199	1107	699	695
200	1107	5503	5432
201	1107	1870	1847
202	1107	2626	2591
203	1107	542	532
204	1107	53	52
205	1107	786	775
206	1107	6392	6297
207	1107	4911	4840
208	1107	1968	1933
209	1107	2185	2152
210	1107	1901	1869
211	1107	381	368
212	1107	293	287
213	1107	4653	4583
214	1107	938	930
215	1107	3817	3764
216	1107	5284	5201
217	1107	529	517
218	1107	11992	11822
219	1107	4509	4450
220	1107	4503	4445
221	1107	5157	5098
222	1107	2671	2630
223	1107	4532	4470
224	1107	2478	2442
225	1107	8897	8785
226	1107	1508	1491
227	1107	4430	4380
228	1107	4107	4048
229	1107	2397	2357
230	1107	1730	1705
231	1107	1372	1352
232	1107	776	764
233	1107	298	294
234	1107	732	717
235	1107	292	278
236	1107	567	558
237	1107	69	61
238	1107	991	964
239	1107	286	280
240	1107	2199	2154
241	1107	869	862
242	1107	749	735
243	1107	221	217
244	1107	5714	5644
245	1107	296	290
246	1107	1315	1292
247	1107	1859	1822
248	1107	3631	3587
249	1107	4127	4076
250	1107	284	280
251	1107	356	353
252	1107	844	825
253	1107	67	63
254	1107	110	108
255	1107	132	129
256	1107	2647	2602
257	1107	2105	2079
258	1107	3159	3110
259	1107	859	846
260	1107	639	628
261	1107	173	169
262	1107	233	227
263	1107	344	340
264	1107	321	318
265	1107	211	208
266	1107	2292	2262
267	1107	432	425
268	1107	399	393
269	1107	3310	3257
270	1107	708	695
271	1107	2707	2680
272	1107	1159	1141
273	1107	144	141
274	1107	3825	3777
275	1107	2140	2111
276	1107	4186	4134
277	1107	1932	1906
278	1107	2941	2894
279	1107	3278	3236
280	1107	972	951
281	1107	3399	3363
282	1107	2812	2765
283	1107	4134	4095
284	1107	4140	4100
285	1107	252	248
286	1107	519	512
287	1107	626	620
288	1107	1524	1504
289	1107	95	93
290	1107	628	615
291	1107	690	679
292	1107	434	433
293	1107	32	31
294	1107	266	264
295	1107	447	439
296	1107	2194	2178
297	1107	899	884
298	1107	1272	1259
299	1107	269	266
300	1107	3753	3700
301	1107	739	722
302	1107	1031	1018
303	1107	2673	2618
304	1107	718	709
305	1107	613	604
306	1107	598	586
307	1107	408	406
308	1107	700	688
309	1107	47	46
310	1107	46	41
311	1107	381	375
312	1107	1950	1916
313	1107	1088	1067
314	1107	1578	1559
315	1107	85	84
316	1107	208	206
317	1107	1443	1428
318	1107	4532	4466
319	1107	1861	1832
320	1107	480	475
321	1107	2542	2505
322	1107	1803	1774
323	1107	184	179
324	1107	306	300
325	1107	81	80
326	1107	543	535
327	1107	468	462
328	1107	478	469
329	1107	166	161
330	1107	6917	6826
331	1107	1271	1252
332	1107	2772	2736
333	1107	2595	2562
334	1107	4007	3940
335	1107	2949	2923
336	1107	1299	1277
337	1107	2523	2488
338	1107	5458	5379
339	1107	5378	5315
340	1107	9996	9864
341	1107	10	10
342	1107	15	13
343	1107	5	5
0	1108	96674	85866
1	1108	2004	1966
2	1108	1656	1628
3	1108	1994	1967
4	1108	1745	1687
5	1108	1697	1670
6	1108	63	57
7	1108	2152	2117
8	1108	1281	1246
9	1108	31	31
10	1108	2750	2696
11	1108	2154	2121
12	1108	2215	2168
13	1108	39	37
14	1108	2336	2288
15	1108	1470	1376
16	1108	2446	2400
17	1108	3306	3242
18	1108	2326	2283
19	1108	2344	2296
20	1108	3788	3716
21	1108	2424	2392
22	1108	1959	1908
23	1108	2062	2027
24	1108	2752	2697
25	1108	5473	5359
26	1108	468	441
27	1108	3265	3155
28	1108	3819	3736
29	1108	1505	1453
30	1108	1807	1768
31	1108	2288	2244
32	1108	1805	1775
33	1108	2375	2326
34	1108	2421	2378
35	1108	2324	2283
36	1108	162	157
37	1108	2521	2478
38	1108	3762	3692
39	1108	2310	2271
40	1108	1615	1571
41	1108	2424	2390
42	1108	2124	2072
43	1108	2103	2063
44	1108	2715	2667
45	1108	1647	1604
46	1108	2528	2467
47	1108	1798	1777
48	1108	2151	2106
49	1108	2176	2121
50	1108	1553	1509
51	1108	1897	1859
52	1108	2362	2292
53	1108	2514	2476
54	1108	2413	2360
55	1108	1657	1617
56	1108	1709	1669
57	1108	1814	1779
58	1108	2228	2190
59	1108	2057	2032
60	1108	2291	2253
61	1108	1143	1122
62	1108	1962	1911
63	1108	1944	1899
64	1108	1885	1829
65	1108	43	35
66	1108	2374	2329
67	1108	1896	1858
68	1108	2721	2662
69	1108	1215	1196
70	1108	2068	2032
71	1108	38	38
72	1108	2108	2061
73	1108	2393	2325
74	1108	2164	2122
75	1108	2263	2212
76	1108	2240	2191
77	1108	3035	2983
78	1108	2339	2299
79	1108	1869	1832
80	1108	1961	1920
81	1108	2622	2564
82	1108	2155	2099
83	1108	1681	1630
84	1108	2243	2189
85	1108	2171	2135
86	1108	2659	2609
87	1108	1055	1028
88	1108	1171	1144
89	1108	1207	1152
90	1108	2631	2589
91	1108	30	28
92	1108	2590	2537
93	1108	2626	2583
94	1108	2911	2845
95	1108	2494	2438
96	1108	1303	1269
97	1108	1599	1565
98	1108	2551	2496
99	1108	2590	2534
100	1108	2576	2530
101	1108	1934	1882
102	1108	2802	2757
103	1108	2436	2408
104	1108	1710	1689
105	1108	2116	2069
106	1108	2391	2339
107	1108	2201	2149
108	1108	2080	2046
109	1108	2473	2419
110	1108	2478	2433
111	1108	2115	2089
112	1108	2017	1991
113	1108	1320	1302
114	1108	2530	2469
115	1108	2048	2007
116	1108	1051	1027
117	1108	699	688
118	1108	1181	1159
119	1108	489	482
120	1108	276	265
121	1108	1835	1811
122	1108	1879	1782
123	1108	2592	2525
124	1108	2063	2029
125	1108	1970	1937
126	1108	1139	1111
127	1108	865	808
128	1108	2725	2662
129	1108	1949	1920
130	1108	2297	2245
131	1108	2410	2361
132	1108	2696	2657
133	1108	2686	2652
134	1108	2289	2239
135	1108	2053	2013
136	1108	2090	2057
137	1108	2120	2083
138	1108	2305	2248
139	1108	2220	2125
140	1108	2722	2666
141	1108	2235	2174
142	1108	2620	2560
143	1108	1551	1505
144	1108	2867	2781
145	1108	2415	2373
146	1108	1580	1537
147	1108	1754	1721
148	1108	1101	1075
149	1108	2250	2189
150	1108	2941	2894
151	1108	1968	1939
152	1108	2411	2356
153	1108	2200	2162
154	1108	1815	1770
155	1108	2245	2202
156	1108	2488	2445
157	1108	2453	2406
158	1108	2468	2422
159	1108	2037	1997
160	1108	845	827
161	1108	2020	1987
162	1108	1680	1644
163	1108	1738	1711
164	1108	1813	1780
165	1108	1729	1705
166	1108	2499	2450
167	1108	3408	3365
168	1108	1429	1405
169	1108	6	6
170	1108	18	17
171	1108	10	9
172	1108	8	8
173	1108	1135	1115
174	1108	1065	1038
175	1108	624	617
176	1108	1791	1764
177	1108	211	203
178	1108	704	689
179	1108	123	121
180	1108	287	282
181	1108	84	83
182	1108	509	490
183	1108	550	538
184	1108	1908	1875
185	1108	226	224
186	1108	1111	1079
187	1108	433	425
188	1108	16287	16053
189	1108	2174	2145
190	1108	1499	1476
191	1108	3787	3742
192	1108	912	904
193	1108	2874	2835
194	1108	491	485
195	1108	540	533
196	1108	540	536
197	1108	193	188
198	1108	204	203
199	1108	699	689
200	1108	5725	5653
201	1108	1832	1814
202	1108	2597	2547
203	1108	524	518
204	1108	83	78
205	1108	774	759
206	1108	6504	6427
207	1108	4973	4904
208	1108	1949	1916
209	1108	2173	2126
210	1108	1873	1831
211	1108	321	314
212	1108	298	287
213	1108	4458	4389
214	1108	875	865
215	1108	3649	3601
216	1108	5355	5282
217	1108	522	514
218	1108	11529	11348
219	1108	4384	4329
220	1108	4412	4342
221	1108	5098	5033
222	1108	2704	2675
223	1108	4630	4573
224	1108	2523	2478
225	1108	8766	8666
226	1108	1566	1540
227	1108	4486	4428
228	1108	4049	3996
229	1108	2451	2411
230	1108	1733	1707
231	1108	1417	1398
232	1108	800	792
233	1108	295	289
234	1108	730	717
235	1108	271	270
236	1108	601	592
237	1108	59	56
238	1108	1031	1004
239	1108	269	262
240	1108	2402	2376
241	1108	878	865
242	1108	719	704
243	1108	222	219
244	1108	5637	5557
245	1108	281	276
246	1108	1340	1320
247	1108	1910	1880
248	1108	3608	3560
249	1108	4059	4013
250	1108	233	229
251	1108	377	372
252	1108	837	823
253	1108	76	74
254	1108	112	111
255	1108	136	134
256	1108	2578	2529
257	1108	2219	2188
258	1108	3151	3107
259	1108	763	755
260	1108	713	701
261	1108	183	181
262	1108	231	225
263	1108	334	329
264	1108	325	323
265	1108	194	189
266	1108	2288	2261
267	1108	405	400
268	1108	410	403
269	1108	3312	3265
270	1108	749	730
271	1108	2808	2775
272	1108	1265	1245
273	1108	140	137
274	1108	3687	3634
275	1108	2197	2164
276	1108	4104	4047
277	1108	1813	1796
278	1108	3027	2987
279	1108	3326	3287
280	1108	997	983
281	1108	3499	3467
282	1108	2929	2894
283	1108	4265	4213
284	1108	4158	4113
285	1108	205	201
286	1108	555	541
287	1108	641	635
288	1108	1552	1530
289	1108	76	72
290	1108	564	559
291	1108	737	731
292	1108	435	431
293	1108	32	32
294	1108	284	274
295	1108	403	392
296	1108	2325	2304
297	1108	951	939
298	1108	1236	1218
299	1108	237	233
300	1108	3831	3785
301	1108	791	782
302	1108	1044	1030
303	1108	2717	2675
304	1108	701	692
305	1108	637	619
306	1108	647	632
307	1108	401	393
308	1108	853	839
309	1108	54	51
310	1108	48	42
311	1108	413	403
312	1108	1954	1929
313	1108	1118	1102
314	1108	1502	1484
315	1108	89	87
316	1108	192	189
317	1108	1503	1488
318	1108	4869	4798
319	1108	1919	1888
320	1108	551	543
321	1108	2524	2490
322	1108	1690	1662
323	1108	152	150
324	1108	360	351
325	1108	109	108
326	1108	567	560
327	1108	486	479
328	1108	454	450
329	1108	149	149
330	1108	6982	6901
331	1108	1303	1289
332	1108	2830	2789
333	1108	2593	2558
334	1108	4129	4062
335	1108	2970	2930
336	1108	1397	1369
337	1108	2465	2429
338	1108	5561	5478
339	1108	5476	5423
340	1108	9892	9756
341	1108	11	10
342	1108	15	15
343	1108	3	3
0	1109	97131	86468
1	1109	1998	1952
2	1109	1639	1603
3	1109	1906	1869
4	1109	1723	1682
5	1109	1711	1674
6	1109	58	55
7	1109	2157	2122
8	1109	1243	1217
9	1109	31	28
10	1109	2735	2671
11	1109	2315	2276
12	1109	2220	2166
13	1109	36	35
14	1109	2258	2219
15	1109	1467	1386
16	1109	2484	2418
17	1109	3332	3272
18	1109	2375	2332
19	1109	2117	2090
20	1109	3707	3635
21	1109	2322	2278
22	1109	1932	1887
23	1109	2011	1971
24	1109	2719	2656
25	1109	5458	5360
26	1109	547	523
27	1109	3317	3216
28	1109	3701	3624
29	1109	1468	1420
30	1109	1795	1758
31	1109	2221	2180
32	1109	1825	1784
33	1109	2337	2305
34	1109	2422	2388
35	1109	2283	2252
36	1109	214	208
37	1109	2464	2420
38	1109	3917	3847
39	1109	2375	2335
40	1109	1588	1565
41	1109	2374	2329
42	1109	2155	2110
43	1109	2095	2071
44	1109	2703	2631
45	1109	1752	1706
46	1109	2486	2439
47	1109	1869	1836
48	1109	2151	2113
49	1109	2254	2212
50	1109	1565	1532
51	1109	1892	1856
52	1109	2404	2358
53	1109	2616	2558
54	1109	2544	2501
55	1109	1770	1732
56	1109	1932	1896
57	1109	1768	1731
58	1109	2178	2141
59	1109	2091	2060
60	1109	2231	2181
61	1109	1157	1135
62	1109	2007	1963
63	1109	1965	1917
64	1109	1786	1741
65	1109	44	30
66	1109	2340	2294
67	1109	1849	1800
68	1109	2927	2891
69	1109	1193	1168
70	1109	2053	2021
71	1109	36	32
72	1109	2182	2144
73	1109	2308	2251
74	1109	2153	2107
75	1109	2185	2144
76	1109	2405	2352
77	1109	3075	3021
78	1109	2481	2435
79	1109	1816	1777
80	1109	2001	1949
81	1109	2651	2599
82	1109	2047	2010
83	1109	1658	1600
84	1109	2238	2185
85	1109	2032	1985
86	1109	2724	2679
87	1109	1146	1112
88	1109	1195	1176
89	1109	1258	1198
90	1109	2742	2684
91	1109	27	26
92	1109	2564	2520
93	1109	2906	2844
94	1109	2896	2837
95	1109	2550	2479
96	1109	1270	1239
97	1109	1583	1552
98	1109	2501	2450
99	1109	2578	2538
100	1109	2546	2501
101	1109	1900	1848
102	1109	2842	2788
103	1109	2514	2478
104	1109	1623	1598
105	1109	2119	2096
106	1109	2461	2403
107	1109	2162	2120
108	1109	2170	2137
109	1109	2356	2316
110	1109	2362	2317
111	1109	2128	2093
112	1109	1825	1792
113	1109	1289	1268
114	1109	2463	2401
115	1109	1934	1898
116	1109	1169	1150
117	1109	687	675
118	1109	1194	1174
119	1109	515	504
120	1109	279	265
121	1109	1818	1782
122	1109	1870	1782
123	1109	2683	2633
124	1109	2034	1989
125	1109	2090	2050
126	1109	1132	1120
127	1109	864	837
128	1109	2533	2489
129	1109	1887	1860
130	1109	2360	2312
131	1109	2459	2390
132	1109	2535	2484
133	1109	2527	2487
134	1109	2356	2315
135	1109	2033	1992
136	1109	2055	2014
137	1109	2217	2182
138	1109	2165	2112
139	1109	2117	2051
140	1109	2636	2596
141	1109	2310	2254
142	1109	2651	2590
143	1109	1731	1678
144	1109	2828	2748
145	1109	2331	2270
146	1109	1590	1555
147	1109	1788	1749
148	1109	1043	1017
149	1109	2208	2130
150	1109	3015	2958
151	1109	2022	1992
152	1109	2380	2340
153	1109	2062	2025
154	1109	1682	1647
155	1109	2267	2228
156	1109	2484	2454
157	1109	2432	2393
158	1109	2527	2489
159	1109	2048	2018
160	1109	884	872
161	1109	2009	1978
162	1109	1647	1616
163	1109	1630	1594
164	1109	1848	1816
165	1109	1760	1730
166	1109	2415	2388
167	1109	3422	3382
168	1109	1378	1345
169	1109	2	2
170	1109	9	7
171	1109	13	10
172	1109	6	6
173	1109	1255	1236
174	1109	1181	1159
175	1109	629	613
176	1109	1786	1747
177	1109	213	203
178	1109	707	691
179	1109	93	90
180	1109	319	312
181	1109	111	108
182	1109	481	467
183	1109	566	551
184	1109	1901	1879
185	1109	280	275
186	1109	1010	992
187	1109	480	473
188	1109	15735	15467
189	1109	2195	2165
190	1109	1469	1453
191	1109	3784	3736
192	1109	887	874
193	1109	2786	2752
194	1109	497	485
195	1109	582	573
196	1109	517	510
197	1109	184	180
198	1109	255	251
199	1109	733	727
200	1109	5492	5420
201	1109	1938	1919
202	1109	2551	2514
203	1109	494	488
204	1109	75	72
205	1109	798	786
206	1109	6592	6497
207	1109	4790	4746
208	1109	1926	1900
209	1109	2185	2158
210	1109	1884	1856
211	1109	369	361
212	1109	300	288
213	1109	4525	4455
214	1109	947	932
215	1109	3648	3613
216	1109	5246	5173
217	1109	525	515
218	1109	11658	11467
219	1109	4573	4503
220	1109	4330	4283
221	1109	5348	5274
222	1109	2734	2691
223	1109	4578	4530
224	1109	2446	2411
225	1109	9050	8925
226	1109	1444	1420
227	1109	4496	4444
228	1109	4136	4085
229	1109	2490	2451
230	1109	1828	1808
231	1109	1323	1306
232	1109	790	776
233	1109	306	296
234	1109	709	698
235	1109	283	277
236	1109	592	578
237	1109	65	58
238	1109	906	883
239	1109	231	225
240	1109	2316	2265
241	1109	894	882
242	1109	758	743
243	1109	219	212
244	1109	5771	5692
245	1109	310	304
246	1109	1252	1233
247	1109	1872	1831
248	1109	3689	3648
249	1109	4145	4086
250	1109	261	253
251	1109	339	332
252	1109	891	880
253	1109	79	77
254	1109	95	92
255	1109	137	134
256	1109	2626	2586
257	1109	2265	2239
258	1109	3116	3079
259	1109	787	777
260	1109	757	744
261	1109	201	195
262	1109	222	216
263	1109	342	336
264	1109	340	339
265	1109	240	234
266	1109	2196	2171
267	1109	438	433
268	1109	388	386
269	1109	3248	3206
270	1109	685	675
271	1109	2646	2621
272	1109	1172	1153
273	1109	159	155
274	1109	3742	3682
275	1109	2170	2148
276	1109	4259	4215
277	1109	1807	1790
278	1109	2982	2948
279	1109	3559	3510
280	1109	967	952
281	1109	3449	3401
282	1109	2998	2963
283	1109	4308	4260
284	1109	4275	4230
285	1109	235	234
286	1109	498	490
287	1109	614	605
288	1109	1475	1450
289	1109	91	88
290	1109	698	683
291	1109	715	707
292	1109	410	404
293	1109	41	40
294	1109	255	248
295	1109	461	452
296	1109	2184	2159
297	1109	829	817
298	1109	1253	1240
299	1109	225	219
300	1109	3954	3918
301	1109	780	766
302	1109	986	974
303	1109	2642	2603
304	1109	717	703
305	1109	603	593
306	1109	571	558
307	1109	371	368
308	1109	704	689
309	1109	51	50
310	1109	53	50
311	1109	411	402
312	1109	1896	1886
313	1109	1193	1181
314	1109	1481	1470
315	1109	69	68
316	1109	198	195
317	1109	1440	1423
318	1109	4781	4700
319	1109	1889	1871
320	1109	550	543
321	1109	2467	2429
322	1109	1751	1724
323	1109	184	178
324	1109	350	344
325	1109	106	104
326	1109	545	541
327	1109	461	448
328	1109	464	454
329	1109	183	182
330	1109	6889	6800
331	1109	1370	1357
332	1109	2933	2894
333	1109	2716	2692
334	1109	4005	3943
335	1109	3018	2966
336	1109	1335	1319
337	1109	2589	2555
338	1109	5561	5479
339	1109	5519	5461
340	1109	10011	9893
341	1109	9	9
342	1109	11	11
343	1109	6	5
0	1110	97986	87036
1	1110	2051	2004
2	1110	1622	1585
3	1110	1995	1976
4	1110	1753	1694
5	1110	1786	1752
6	1110	76	70
7	1110	2212	2169
8	1110	1297	1261
9	1110	39	37
10	1110	2846	2767
11	1110	2272	2236
12	1110	2266	2208
13	1110	55	54
14	1110	2268	2216
15	1110	1554	1459
16	1110	2269	2227
17	1110	3330	3283
18	1110	2356	2314
19	1110	2319	2276
20	1110	3629	3552
21	1110	2479	2442
22	1110	1954	1920
23	1110	2070	2025
24	1110	2745	2690
25	1110	5349	5250
26	1110	524	500
27	1110	3373	3266
28	1110	3629	3544
29	1110	1401	1358
30	1110	1863	1817
31	1110	2312	2280
32	1110	1846	1813
33	1110	2373	2331
34	1110	2519	2465
35	1110	2306	2269
36	1110	186	178
37	1110	2429	2389
38	1110	3876	3792
39	1110	2258	2213
40	1110	1635	1601
41	1110	2346	2309
42	1110	2121	2077
43	1110	2082	2044
44	1110	2820	2751
45	1110	1681	1620
46	1110	2487	2443
47	1110	1863	1827
48	1110	2140	2096
49	1110	2257	2194
50	1110	1639	1598
51	1110	1847	1803
52	1110	2430	2362
53	1110	2570	2526
54	1110	2539	2478
55	1110	1715	1683
56	1110	1821	1778
57	1110	1800	1761
58	1110	2332	2279
59	1110	2168	2132
60	1110	2256	2190
61	1110	1204	1181
62	1110	2059	2021
63	1110	1925	1875
64	1110	1779	1732
65	1110	49	42
66	1110	2344	2304
67	1110	1830	1795
68	1110	2880	2818
69	1110	1212	1192
70	1110	2112	2052
71	1110	22	21
72	1110	2231	2182
73	1110	2412	2358
74	1110	2168	2129
75	1110	2354	2308
76	1110	2248	2203
77	1110	2930	2880
78	1110	2373	2323
79	1110	1842	1799
80	1110	1952	1904
81	1110	2745	2692
82	1110	1957	1910
83	1110	1659	1608
84	1110	2377	2333
85	1110	2070	2042
86	1110	2614	2564
87	1110	1076	1050
88	1110	1216	1197
89	1110	1284	1226
90	1110	2621	2570
91	1110	21	17
92	1110	2587	2536
93	1110	2803	2745
94	1110	2922	2863
95	1110	2387	2344
96	1110	1259	1231
97	1110	1649	1619
98	1110	2428	2390
99	1110	2587	2533
100	1110	2503	2449
101	1110	1900	1850
102	1110	3070	3026
103	1110	2519	2463
104	1110	1593	1558
105	1110	2133	2092
106	1110	2473	2418
107	1110	2140	2084
108	1110	2162	2115
109	1110	2542	2502
110	1110	2428	2377
111	1110	2047	2007
112	1110	1995	1957
113	1110	1276	1244
114	1110	2517	2454
115	1110	1870	1833
116	1110	1148	1128
117	1110	696	684
118	1110	1243	1213
119	1110	484	475
120	1110	264	250
121	1110	1859	1834
122	1110	1718	1647
123	1110	2618	2551
124	1110	2206	2173
125	1110	1895	1863
126	1110	1121	1106
127	1110	906	869
128	1110	2858	2810
129	1110	2057	2014
130	1110	2365	2321
131	1110	2453	2402
132	1110	2575	2524
133	1110	2837	2784
134	1110	2384	2326
135	1110	2075	2028
136	1110	2096	2061
137	1110	2294	2260
138	1110	2253	2196
139	1110	2304	2197
140	1110	2647	2600
141	1110	2422	2360
142	1110	2583	2528
143	1110	1723	1667
144	1110	2899	2797
145	1110	2299	2257
146	1110	1641	1597
147	1110	1718	1672
148	1110	1043	1018
149	1110	2345	2275
150	1110	2865	2820
151	1110	1997	1963
152	1110	2440	2369
153	1110	2119	2075
154	1110	1773	1732
155	1110	2283	2226
156	1110	2476	2427
157	1110	2396	2355
158	1110	2460	2406
159	1110	1958	1918
160	1110	854	835
161	1110	2123	2078
162	1110	1681	1637
163	1110	1813	1777
164	1110	1822	1784
165	1110	1804	1765
166	1110	2442	2409
167	1110	3449	3399
168	1110	1388	1368
169	1110	6	6
170	1110	9	8
171	1110	10	9
172	1110	6	6
173	1110	1258	1232
174	1110	1187	1159
175	1110	636	629
176	1110	1801	1784
177	1110	185	180
178	1110	742	721
179	1110	147	141
180	1110	296	286
181	1110	79	76
182	1110	516	502
183	1110	568	557
184	1110	2051	2013
185	1110	269	266
186	1110	1111	1074
187	1110	490	485
188	1110	15785	15487
189	1110	2222	2186
190	1110	1506	1490
191	1110	3916	3859
192	1110	876	862
193	1110	2836	2786
194	1110	490	479
195	1110	603	594
196	1110	577	568
197	1110	172	168
198	1110	163	159
199	1110	659	647
200	1110	5709	5638
201	1110	1885	1870
202	1110	2556	2523
203	1110	445	444
204	1110	92	85
205	1110	870	859
206	1110	6430	6351
207	1110	4963	4896
208	1110	1871	1845
209	1110	2150	2128
210	1110	1834	1802
211	1110	372	366
212	1110	300	291
213	1110	4691	4621
214	1110	945	933
215	1110	3682	3640
216	1110	5245	5172
217	1110	465	458
218	1110	11776	11599
219	1110	4625	4568
220	1110	4293	4240
221	1110	5112	5040
222	1110	2723	2694
223	1110	4559	4506
224	1110	2485	2461
225	1110	8968	8858
226	1110	1572	1549
227	1110	4516	4453
228	1110	4062	4020
229	1110	2365	2331
230	1110	1732	1703
231	1110	1535	1518
232	1110	783	772
233	1110	270	264
234	1110	729	719
235	1110	310	305
236	1110	599	590
237	1110	53	49
238	1110	1028	997
239	1110	244	238
240	1110	2342	2305
241	1110	935	923
242	1110	732	716
243	1110	226	220
244	1110	5801	5729
245	1110	280	274
246	1110	1323	1308
247	1110	1885	1857
248	1110	3704	3648
249	1110	4127	4074
250	1110	239	231
251	1110	387	382
252	1110	877	864
253	1110	74	74
254	1110	89	85
255	1110	143	139
256	1110	2561	2516
257	1110	2183	2144
258	1110	3018	2972
259	1110	742	732
260	1110	734	727
261	1110	196	191
262	1110	276	269
263	1110	375	375
264	1110	332	329
265	1110	201	200
266	1110	2192	2163
267	1110	436	430
268	1110	389	388
269	1110	3435	3394
270	1110	762	750
271	1110	2780	2749
272	1110	1127	1112
273	1110	139	133
274	1110	3759	3708
275	1110	2291	2264
276	1110	4282	4228
277	1110	1879	1862
278	1110	2928	2895
279	1110	3474	3429
280	1110	957	942
281	1110	3718	3673
282	1110	2946	2914
283	1110	4437	4373
284	1110	4308	4250
285	1110	243	240
286	1110	589	576
287	1110	599	582
288	1110	1460	1444
289	1110	68	65
290	1110	657	653
291	1110	765	759
292	1110	440	434
293	1110	29	28
294	1110	251	246
295	1110	496	487
296	1110	2248	2223
297	1110	908	902
298	1110	1300	1289
299	1110	227	224
300	1110	3943	3888
301	1110	777	767
302	1110	1020	1004
303	1110	2881	2832
304	1110	780	766
305	1110	556	542
306	1110	582	570
307	1110	380	376
308	1110	786	771
309	1110	47	44
310	1110	56	53
311	1110	419	414
312	1110	2009	1978
313	1110	1148	1128
314	1110	1538	1519
315	1110	91	88
316	1110	195	191
317	1110	1497	1482
318	1110	4727	4648
319	1110	1984	1957
320	1110	543	532
321	1110	2531	2508
322	1110	1696	1677
323	1110	190	185
324	1110	363	357
325	1110	118	113
326	1110	556	547
327	1110	494	480
328	1110	510	505
329	1110	186	184
330	1110	7107	7001
331	1110	1430	1408
332	1110	2749	2716
333	1110	2600	2564
334	1110	4042	3989
335	1110	2915	2869
336	1110	1294	1272
337	1110	2502	2462
338	1110	5623	5527
339	1110	5549	5490
340	1110	9980	9859
341	1110	5	5
342	1110	15	15
343	1110	4	4
0	1111	98854	87421
1	1111	2036	2002
2	1111	1573	1543
3	1111	2008	1972
4	1111	1728	1679
5	1111	1799	1767
6	1111	82	76
7	1111	2357	2317
8	1111	1186	1148
9	1111	26	26
10	1111	2721	2662
11	1111	2439	2396
12	1111	2165	2123
13	1111	43	40
14	1111	2367	2326
15	1111	1529	1440
16	1111	2318	2262
17	1111	3227	3159
18	1111	2479	2433
19	1111	2310	2270
20	1111	3642	3561
21	1111	2474	2430
22	1111	2049	2009
23	1111	2242	2204
24	1111	2734	2679
25	1111	5493	5403
26	1111	570	542
27	1111	3264	3146
28	1111	3767	3696
29	1111	1205	1153
30	1111	1746	1710
31	1111	2256	2205
32	1111	1859	1813
33	1111	2475	2431
34	1111	2437	2397
35	1111	2326	2296
36	1111	218	209
37	1111	2483	2432
38	1111	3835	3753
39	1111	2292	2238
40	1111	1620	1584
41	1111	2437	2389
42	1111	2148	2099
43	1111	2081	2047
44	1111	2818	2748
45	1111	1611	1574
46	1111	2365	2319
47	1111	1815	1790
48	1111	2088	2042
49	1111	2198	2154
50	1111	1666	1636
51	1111	1879	1829
52	1111	2439	2386
53	1111	2619	2574
54	1111	2498	2435
55	1111	1757	1722
56	1111	1913	1864
57	1111	1829	1788
58	1111	2294	2255
59	1111	2040	2004
60	1111	2326	2263
61	1111	1124	1102
62	1111	2001	1953
63	1111	2017	1965
64	1111	1791	1744
65	1111	44	34
66	1111	2389	2353
67	1111	1962	1921
68	1111	2717	2657
69	1111	1200	1177
70	1111	2094	2038
71	1111	43	41
72	1111	2434	2376
73	1111	2341	2292
74	1111	2035	1992
75	1111	2220	2167
76	1111	2280	2223
77	1111	3124	3059
78	1111	2397	2345
79	1111	1726	1681
80	1111	1877	1837
81	1111	2788	2716
82	1111	2082	2030
83	1111	1613	1565
84	1111	2210	2162
85	1111	2125	2088
86	1111	2796	2713
87	1111	1163	1114
88	1111	1234	1204
89	1111	1252	1197
90	1111	2729	2671
91	1111	21	19
92	1111	2722	2665
93	1111	2781	2733
94	1111	2813	2757
95	1111	2507	2466
96	1111	1369	1335
97	1111	1633	1607
98	1111	2455	2396
99	1111	2645	2589
100	1111	2519	2474
101	1111	1993	1945
102	1111	2864	2827
103	1111	2575	2520
104	1111	1699	1664
105	1111	2201	2168
106	1111	2449	2398
107	1111	2195	2142
108	1111	2141	2102
109	1111	2428	2377
110	1111	2464	2425
111	1111	2173	2147
112	1111	1945	1925
113	1111	1307	1279
114	1111	2510	2441
115	1111	1876	1833
116	1111	1068	1039
117	1111	707	701
118	1111	1221	1192
119	1111	546	535
120	1111	236	223
121	1111	1857	1831
122	1111	1858	1780
123	1111	2556	2513
124	1111	2105	2072
125	1111	2054	2014
126	1111	1195	1166
127	1111	941	903
128	1111	2682	2628
129	1111	2022	1986
130	1111	2234	2187
131	1111	2502	2437
132	1111	2477	2433
133	1111	2656	2601
134	1111	2366	2308
135	1111	1987	1950
136	1111	2072	2031
137	1111	2071	2027
138	1111	2301	2246
139	1111	2237	2143
140	1111	2694	2654
141	1111	2341	2280
142	1111	2708	2655
143	1111	1739	1678
144	1111	2789	2721
145	1111	2275	2229
146	1111	1672	1630
147	1111	1767	1737
148	1111	1014	989
149	1111	2211	2143
150	1111	2919	2869
151	1111	2009	1971
152	1111	2464	2402
153	1111	2123	2088
154	1111	1760	1705
155	1111	2295	2243
156	1111	2472	2440
157	1111	2393	2345
158	1111	2542	2507
159	1111	2056	2021
160	1111	901	886
161	1111	2042	2005
162	1111	1567	1527
163	1111	1756	1721
164	1111	1874	1839
165	1111	1877	1846
166	1111	2505	2460
167	1111	3409	3361
168	1111	1408	1382
169	1111	7	7
170	1111	8	6
171	1111	13	13
172	1111	9	8
173	1111	1224	1202
174	1111	1092	1072
175	1111	635	618
176	1111	1779	1740
177	1111	207	193
178	1111	660	641
179	1111	104	99
180	1111	285	266
181	1111	93	88
182	1111	509	491
183	1111	514	506
184	1111	1929	1894
185	1111	272	265
186	1111	1084	1067
187	1111	431	423
188	1111	15258	14931
189	1111	2276	2239
190	1111	1442	1418
191	1111	3806	3754
192	1111	899	893
193	1111	2878	2843
194	1111	500	484
195	1111	551	540
196	1111	553	548
197	1111	191	186
198	1111	208	203
199	1111	734	724
200	1111	5591	5523
201	1111	1921	1891
202	1111	2695	2657
203	1111	506	499
204	1111	80	73
205	1111	805	788
206	1111	6486	6376
207	1111	4997	4930
208	1111	1918	1876
209	1111	2262	2228
210	1111	1820	1788
211	1111	331	325
212	1111	326	310
213	1111	4755	4679
214	1111	851	841
215	1111	3806	3746
216	1111	5334	5250
217	1111	516	504
218	1111	12050	11850
219	1111	4655	4584
220	1111	4459	4396
221	1111	5224	5134
222	1111	2679	2641
223	1111	4609	4554
224	1111	2495	2447
225	1111	9353	9227
226	1111	1617	1586
227	1111	4510	4446
228	1111	4230	4167
229	1111	2319	2280
230	1111	1692	1665
231	1111	1539	1524
232	1111	808	789
233	1111	319	314
234	1111	781	768
235	1111	292	289
236	1111	599	589
237	1111	53	49
238	1111	993	963
239	1111	262	256
240	1111	2327	2295
241	1111	929	919
242	1111	750	740
243	1111	221	216
244	1111	5641	5552
245	1111	281	276
246	1111	1354	1331
247	1111	1921	1892
248	1111	3545	3488
249	1111	3919	3868
250	1111	287	284
251	1111	392	388
252	1111	880	870
253	1111	78	76
254	1111	96	92
255	1111	111	105
256	1111	2569	2524
257	1111	2327	2290
258	1111	3182	3105
259	1111	763	749
260	1111	800	790
261	1111	183	180
262	1111	240	238
263	1111	394	388
264	1111	338	333
265	1111	199	197
266	1111	2302	2266
267	1111	416	413
268	1111	393	390
269	1111	3248	3194
270	1111	800	789
271	1111	2746	2704
272	1111	1216	1200
273	1111	113	110
274	1111	3828	3754
275	1111	2271	2238
276	1111	4205	4147
277	1111	2015	1988
278	1111	2989	2941
279	1111	3427	3379
280	1111	962	946
281	1111	3497	3442
282	1111	2853	2809
283	1111	4360	4310
284	1111	4251	4204
285	1111	244	240
286	1111	520	508
287	1111	671	665
288	1111	1410	1388
289	1111	84	81
290	1111	655	644
291	1111	736	725
292	1111	396	387
293	1111	28	28
294	1111	277	274
295	1111	494	489
296	1111	2335	2302
297	1111	938	927
298	1111	1286	1259
299	1111	251	247
300	1111	3812	3755
301	1111	760	751
302	1111	1006	986
303	1111	2704	2652
304	1111	680	665
305	1111	627	612
306	1111	583	573
307	1111	386	377
308	1111	756	748
309	1111	55	52
310	1111	59	57
311	1111	383	372
312	1111	2043	2027
313	1111	1201	1185
314	1111	1463	1445
315	1111	80	79
316	1111	200	198
317	1111	1509	1490
318	1111	4747	4660
319	1111	1921	1892
320	1111	508	502
321	1111	2473	2432
322	1111	1695	1674
323	1111	182	176
324	1111	389	381
325	1111	117	115
326	1111	507	498
327	1111	508	496
328	1111	487	480
329	1111	140	133
330	1111	7051	6938
331	1111	1384	1364
332	1111	2916	2877
333	1111	2667	2628
334	1111	3890	3839
335	1111	3058	2998
336	1111	1345	1331
337	1111	2562	2530
338	1111	5706	5611
339	1111	5421	5354
340	1111	10045	9900
341	1111	7	7
342	1111	10	9
343	1111	13	13
0	1112	102862	90766
1	1112	2091	2053
2	1112	1617	1574
3	1112	1975	1942
4	1112	1735	1692
5	1112	1741	1708
6	1112	69	61
7	1112	2258	2208
8	1112	1196	1157
9	1112	33	33
10	1112	2681	2612
11	1112	2376	2331
12	1112	2233	2189
13	1112	51	48
14	1112	2309	2253
15	1112	1529	1442
16	1112	2423	2358
17	1112	3182	3123
18	1112	2488	2437
19	1112	2282	2249
20	1112	3784	3713
21	1112	2503	2451
22	1112	1855	1822
23	1112	2121	2075
24	1112	2812	2764
25	1112	5612	5502
26	1112	530	509
27	1112	3118	2996
28	1112	3623	3532
29	1112	1048	994
30	1112	1787	1744
31	1112	2207	2149
32	1112	1854	1826
33	1112	2342	2289
34	1112	2559	2500
35	1112	2348	2309
36	1112	184	175
37	1112	2470	2420
38	1112	3847	3777
39	1112	2307	2259
40	1112	1708	1671
41	1112	2418	2369
42	1112	2142	2097
43	1112	2120	2080
44	1112	2831	2744
45	1112	1591	1551
46	1112	2399	2346
47	1112	1842	1808
48	1112	2131	2091
49	1112	2173	2129
50	1112	1648	1610
51	1112	2022	1982
52	1112	2511	2451
53	1112	2702	2643
54	1112	2475	2400
55	1112	1813	1775
56	1112	1809	1756
57	1112	1815	1767
58	1112	2259	2213
59	1112	2059	2019
60	1112	2239	2190
61	1112	1212	1191
62	1112	1889	1839
63	1112	2065	2020
64	1112	1795	1737
65	1112	49	40
66	1112	2328	2279
67	1112	1846	1811
68	1112	2729	2675
69	1112	1217	1192
70	1112	2092	2046
71	1112	34	33
72	1112	2163	2114
73	1112	2279	2231
74	1112	2113	2076
75	1112	2297	2246
76	1112	2291	2244
77	1112	3240	3185
78	1112	2383	2320
79	1112	1841	1804
80	1112	1939	1889
81	1112	2666	2601
82	1112	2041	1987
83	1112	1659	1610
84	1112	2284	2240
85	1112	2127	2102
86	1112	2780	2728
87	1112	1112	1068
88	1112	1190	1177
89	1112	1354	1283
90	1112	2707	2650
91	1112	17	16
92	1112	2643	2592
93	1112	2831	2768
94	1112	2820	2759
95	1112	2449	2388
96	1112	1256	1227
97	1112	1743	1709
98	1112	2508	2449
99	1112	2570	2526
100	1112	2545	2501
101	1112	2035	1986
102	1112	2878	2820
103	1112	2570	2529
104	1112	1693	1660
105	1112	2153	2111
106	1112	2409	2346
107	1112	2121	2074
108	1112	2199	2161
109	1112	2468	2421
110	1112	2440	2391
111	1112	2139	2106
112	1112	1984	1945
113	1112	1233	1200
114	1112	2565	2519
115	1112	1894	1846
116	1112	1116	1100
117	1112	759	737
118	1112	1273	1245
119	1112	474	469
120	1112	282	270
121	1112	1830	1796
122	1112	1768	1678
123	1112	2733	2664
124	1112	2167	2144
125	1112	1993	1957
126	1112	1206	1177
127	1112	919	879
128	1112	2772	2717
129	1112	2022	1994
130	1112	2265	2210
131	1112	2429	2379
132	1112	2552	2506
133	1112	2578	2532
134	1112	2388	2349
135	1112	2109	2062
136	1112	2073	2043
137	1112	2218	2176
138	1112	2281	2223
139	1112	2254	2159
140	1112	2590	2551
141	1112	2334	2271
142	1112	2650	2598
143	1112	1671	1621
144	1112	2882	2808
145	1112	2402	2361
146	1112	1632	1591
147	1112	1877	1828
148	1112	1013	987
149	1112	2318	2243
150	1112	2874	2817
151	1112	2053	2011
152	1112	2412	2351
153	1112	2073	2039
154	1112	1731	1680
155	1112	2291	2243
156	1112	2541	2499
157	1112	2413	2362
158	1112	2586	2534
159	1112	2043	2015
160	1112	864	848
161	1112	1913	1880
162	1112	1692	1662
163	1112	1802	1770
164	1112	1808	1769
165	1112	1803	1774
166	1112	2444	2388
167	1112	3491	3439
168	1112	1392	1361
169	1112	12	11
170	1112	9	9
171	1112	11	10
172	1112	5	5
173	1112	1266	1248
174	1112	1134	1121
175	1112	647	638
176	1112	1846	1816
177	1112	189	178
178	1112	681	665
179	1112	109	106
180	1112	274	267
181	1112	117	113
182	1112	476	457
183	1112	540	534
184	1112	2012	1984
185	1112	263	259
186	1112	1000	980
187	1112	434	427
188	1112	14827	14483
189	1112	2257	2218
190	1112	1364	1343
191	1112	3881	3830
192	1112	912	899
193	1112	2809	2763
194	1112	457	445
195	1112	604	599
196	1112	540	529
197	1112	209	205
198	1112	228	224
199	1112	730	719
200	1112	5701	5617
201	1112	1902	1881
202	1112	2633	2600
203	1112	504	497
204	1112	69	68
205	1112	840	828
206	1112	6646	6541
207	1112	5029	4948
208	1112	1914	1892
209	1112	2118	2077
210	1112	1965	1930
211	1112	420	411
212	1112	293	285
213	1112	4875	4825
214	1112	906	893
215	1112	3762	3696
216	1112	5416	5338
217	1112	485	479
218	1112	11679	11492
219	1112	4383	4332
220	1112	4462	4407
221	1112	5239	5166
222	1112	2733	2689
223	1112	4832	4784
224	1112	2616	2579
225	1112	9076	8964
226	1112	1497	1470
227	1112	4835	4781
228	1112	4060	4006
229	1112	2446	2409
230	1112	1764	1734
231	1112	1369	1356
232	1112	821	808
233	1112	274	267
234	1112	753	738
235	1112	364	357
236	1112	562	556
237	1112	70	63
238	1112	1030	1004
239	1112	291	284
240	1112	2351	2306
241	1112	941	928
242	1112	737	719
243	1112	207	199
244	1112	5818	5730
245	1112	286	278
246	1112	1346	1324
247	1112	1946	1918
248	1112	3791	3731
249	1112	4097	4026
250	1112	266	258
251	1112	389	386
252	1112	793	782
253	1112	93	90
254	1112	107	104
255	1112	141	138
256	1112	2578	2520
257	1112	2355	2313
258	1112	3130	3076
259	1112	771	764
260	1112	723	710
261	1112	202	200
262	1112	231	226
263	1112	343	339
264	1112	319	314
265	1112	242	240
266	1112	2305	2274
267	1112	434	428
268	1112	385	377
269	1112	3436	3399
270	1112	704	698
271	1112	2744	2717
272	1112	1207	1187
273	1112	154	150
274	1112	3852	3805
275	1112	2195	2171
276	1112	4096	4034
277	1112	1838	1818
278	1112	3116	3073
279	1112	3416	3368
280	1112	985	968
281	1112	3662	3610
282	1112	3022	2985
283	1112	4386	4329
284	1112	4238	4189
285	1112	223	223
286	1112	527	519
287	1112	654	642
288	1112	1431	1408
289	1112	83	83
290	1112	647	639
291	1112	751	739
292	1112	422	411
293	1112	23	23
294	1112	310	306
295	1112	463	454
296	1112	2207	2182
297	1112	902	891
298	1112	1417	1396
299	1112	250	246
300	1112	3937	3885
301	1112	842	834
302	1112	1033	1009
303	1112	2786	2726
304	1112	698	685
305	1112	661	649
306	1112	645	634
307	1112	364	359
308	1112	773	754
309	1112	44	41
310	1112	72	70
311	1112	391	384
312	1112	1952	1926
313	1112	1187	1168
314	1112	1571	1540
315	1112	93	90
316	1112	194	191
317	1112	1444	1422
318	1112	5029	4959
319	1112	1894	1874
320	1112	524	510
321	1112	2595	2544
322	1112	1761	1734
323	1112	159	155
324	1112	403	396
325	1112	130	129
326	1112	560	548
327	1112	513	500
328	1112	499	492
329	1112	131	130
330	1112	7227	7127
331	1112	1349	1328
332	1112	2894	2849
333	1112	2598	2557
334	1112	4037	3980
335	1112	3028	2989
336	1112	1294	1277
337	1112	2529	2507
338	1112	5680	5598
339	1112	5460	5403
340	1112	10198	10062
341	1112	12	11
342	1112	11	11
343	1112	3	3
0	1113	105085	93526
1	1113	2075	2034
2	1113	1672	1640
3	1113	1963	1922
4	1113	1727	1691
5	1113	1760	1721
6	1113	89	81
7	1113	2224	2186
8	1113	1194	1166
9	1113	31	28
10	1113	2725	2656
11	1113	2244	2201
12	1113	2247	2203
13	1113	47	44
14	1113	2309	2262
15	1113	1629	1538
16	1113	2495	2443
17	1113	3345	3267
18	1113	2444	2395
19	1113	2288	2232
20	1113	3770	3700
21	1113	2495	2454
22	1113	1988	1949
23	1113	2138	2105
24	1113	2807	2760
25	1113	5578	5468
26	1113	531	505
27	1113	3057	2936
28	1113	3877	3803
29	1113	880	840
30	1113	1773	1727
31	1113	2284	2239
32	1113	1877	1835
33	1113	2441	2397
34	1113	2496	2446
35	1113	2370	2335
36	1113	164	155
37	1113	2393	2365
38	1113	3906	3815
39	1113	2263	2222
40	1113	1656	1630
41	1113	2359	2305
42	1113	2138	2086
43	1113	2110	2059
44	1113	2704	2631
45	1113	1663	1599
46	1113	2316	2269
47	1113	1864	1826
48	1113	2110	2071
49	1113	2179	2137
50	1113	1588	1550
51	1113	1829	1804
52	1113	2411	2357
53	1113	2567	2526
54	1113	2462	2385
55	1113	1735	1697
56	1113	1809	1759
57	1113	1835	1797
58	1113	2253	2205
59	1113	2174	2140
60	1113	2342	2283
61	1113	1198	1180
62	1113	1921	1875
63	1113	1964	1920
64	1113	1859	1801
65	1113	40	31
66	1113	2402	2352
67	1113	1927	1892
68	1113	2827	2781
69	1113	1223	1201
70	1113	2098	2050
71	1113	34	33
72	1113	2148	2101
73	1113	2345	2290
74	1113	2051	1995
75	1113	2342	2300
76	1113	2378	2319
77	1113	3230	3177
78	1113	2391	2332
79	1113	1870	1825
80	1113	1809	1752
81	1113	2789	2722
82	1113	2050	1999
83	1113	1609	1545
84	1113	2211	2170
85	1113	2201	2156
86	1113	2755	2704
87	1113	1092	1056
88	1113	1225	1201
89	1113	1196	1148
90	1113	2540	2485
91	1113	29	24
92	1113	2567	2523
93	1113	2927	2870
94	1113	2946	2892
95	1113	2443	2394
96	1113	1281	1251
97	1113	1599	1561
98	1113	2447	2389
99	1113	2564	2515
100	1113	2540	2503
101	1113	2050	1991
102	1113	2961	2913
103	1113	2471	2427
104	1113	1713	1675
105	1113	2120	2080
106	1113	2466	2403
107	1113	2209	2168
108	1113	2140	2106
109	1113	2498	2455
110	1113	2456	2415
111	1113	2192	2169
112	1113	2001	1973
113	1113	1315	1295
114	1113	2701	2640
115	1113	1876	1827
116	1113	1121	1099
117	1113	748	727
118	1113	1236	1198
119	1113	491	486
120	1113	293	280
121	1113	1765	1738
122	1113	1797	1705
123	1113	2814	2751
124	1113	2145	2104
125	1113	1998	1973
126	1113	1167	1143
127	1113	915	882
128	1113	2789	2741
129	1113	1963	1940
130	1113	2262	2204
131	1113	2500	2444
132	1113	2576	2539
133	1113	2755	2707
134	1113	2368	2320
135	1113	2037	1995
136	1113	1986	1950
137	1113	2166	2115
138	1113	2240	2185
139	1113	2285	2190
140	1113	2580	2521
141	1113	2287	2228
142	1113	2631	2567
143	1113	1622	1580
144	1113	2839	2769
145	1113	2287	2240
146	1113	1651	1616
147	1113	1750	1713
148	1113	1025	1012
149	1113	2232	2166
150	1113	2979	2917
151	1113	2140	2086
152	1113	2357	2292
153	1113	2055	2026
154	1113	1830	1787
155	1113	2214	2169
156	1113	2444	2412
157	1113	2417	2363
158	1113	2567	2531
159	1113	1951	1918
160	1113	854	841
161	1113	1968	1931
162	1113	1700	1662
163	1113	1713	1684
164	1113	1853	1821
165	1113	1785	1752
166	1113	2470	2436
167	1113	3514	3460
168	1113	1388	1356
169	1113	8	7
170	1113	10	10
171	1113	11	11
172	1113	7	6
173	1113	1307	1285
174	1113	1203	1182
175	1113	636	624
176	1113	1851	1818
177	1113	187	181
178	1113	766	750
179	1113	114	110
180	1113	277	273
181	1113	118	111
182	1113	529	502
183	1113	562	553
184	1113	1937	1908
185	1113	223	219
186	1113	1068	1034
187	1113	428	416
188	1113	14266	13954
189	1113	2306	2280
190	1113	1460	1439
191	1113	3863	3818
192	1113	997	980
193	1113	2846	2804
194	1113	509	502
195	1113	577	570
196	1113	570	558
197	1113	202	201
198	1113	203	200
199	1113	709	695
200	1113	5567	5485
201	1113	1869	1841
202	1113	2541	2503
203	1113	515	511
204	1113	69	66
205	1113	841	830
206	1113	6710	6613
207	1113	5021	4946
208	1113	1926	1890
209	1113	2277	2248
210	1113	1810	1781
211	1113	356	346
212	1113	336	325
213	1113	4707	4642
214	1113	930	916
215	1113	3770	3714
216	1113	5325	5243
217	1113	526	518
218	1113	11758	11587
219	1113	4673	4607
220	1113	4407	4347
221	1113	5365	5281
222	1113	2646	2603
223	1113	4641	4582
224	1113	2511	2466
225	1113	9106	9004
226	1113	1515	1486
227	1113	4765	4690
228	1113	4192	4132
229	1113	2391	2361
230	1113	1734	1708
231	1113	1423	1410
232	1113	788	773
233	1113	314	309
234	1113	744	727
235	1113	275	262
236	1113	553	542
237	1113	61	59
238	1113	931	910
239	1113	278	274
240	1113	2368	2335
241	1113	955	940
242	1113	707	689
243	1113	225	223
244	1113	5774	5708
245	1113	262	257
246	1113	1327	1305
247	1113	1831	1807
248	1113	3838	3792
249	1113	4233	4178
250	1113	269	265
251	1113	419	414
252	1113	871	856
253	1113	78	77
254	1113	86	84
255	1113	162	159
256	1113	2491	2440
257	1113	2282	2251
258	1113	3209	3152
259	1113	777	769
260	1113	707	694
261	1113	212	206
262	1113	262	258
263	1113	382	377
264	1113	308	304
265	1113	212	210
266	1113	2181	2152
267	1113	393	387
268	1113	390	388
269	1113	3349	3299
270	1113	775	762
271	1113	2789	2741
272	1113	1224	1206
273	1113	152	150
274	1113	3933	3877
275	1113	2217	2177
276	1113	4283	4215
277	1113	1938	1911
278	1113	3062	3020
279	1113	3384	3334
280	1113	1015	1000
281	1113	3759	3718
282	1113	2955	2909
283	1113	4328	4276
284	1113	4102	4050
285	1113	234	231
286	1113	537	531
287	1113	662	648
288	1113	1381	1343
289	1113	79	76
290	1113	664	653
291	1113	770	761
292	1113	414	406
293	1113	28	27
294	1113	264	257
295	1113	432	424
296	1113	2429	2389
297	1113	889	872
298	1113	1276	1254
299	1113	213	210
300	1113	3976	3932
301	1113	724	711
302	1113	1096	1072
303	1113	2821	2773
304	1113	688	681
305	1113	593	583
306	1113	552	542
307	1113	414	406
308	1113	759	750
309	1113	50	49
310	1113	74	70
311	1113	405	392
312	1113	2099	2061
313	1113	1239	1223
314	1113	1526	1504
315	1113	94	90
316	1113	189	184
317	1113	1523	1505
318	1113	4993	4914
319	1113	1758	1728
320	1113	552	545
321	1113	2549	2523
322	1113	1787	1763
323	1113	175	170
324	1113	332	326
325	1113	80	76
326	1113	590	579
327	1113	510	496
328	1113	519	513
329	1113	188	184
330	1113	7152	7045
331	1113	1332	1318
332	1113	2829	2790
333	1113	2616	2589
334	1113	4254	4181
335	1113	2998	2966
336	1113	1301	1283
337	1113	2525	2493
338	1113	5605	5513
339	1113	5454	5400
340	1113	10314	10187
341	1113	10	10
342	1113	13	12
343	1113	8	6
0	1114	103529	91430
1	1114	2078	2034
2	1114	1699	1661
3	1114	1918	1878
4	1114	1858	1805
5	1114	1686	1664
6	1114	76	69
7	1114	2186	2142
8	1114	1239	1212
9	1114	29	22
10	1114	2765	2703
11	1114	2217	2183
12	1114	2286	2240
13	1114	41	39
14	1114	2288	2230
15	1114	1598	1507
16	1114	2461	2409
17	1114	3306	3238
18	1114	2433	2392
19	1114	2363	2323
20	1114	3759	3688
21	1114	2584	2540
22	1114	1966	1923
23	1114	2169	2121
24	1114	2735	2686
25	1114	5579	5457
26	1114	503	488
27	1114	3006	2892
28	1114	3717	3641
29	1114	675	627
30	1114	1765	1720
31	1114	2240	2193
32	1114	1799	1758
33	1114	2546	2499
34	1114	2480	2429
35	1114	2392	2349
36	1114	165	162
37	1114	2583	2541
38	1114	4038	3963
39	1114	2214	2166
40	1114	1669	1640
41	1114	2394	2362
42	1114	2277	2225
43	1114	2111	2074
44	1114	2765	2697
45	1114	1715	1662
46	1114	2441	2381
47	1114	1823	1788
48	1114	2167	2118
49	1114	2329	2278
50	1114	1691	1637
51	1114	1888	1841
52	1114	2396	2334
53	1114	2744	2697
54	1114	2487	2434
55	1114	1796	1756
56	1114	1844	1790
57	1114	1786	1752
58	1114	2338	2291
59	1114	2193	2156
60	1114	2284	2229
61	1114	1259	1238
62	1114	1968	1930
63	1114	1994	1949
64	1114	1789	1739
65	1114	44	40
66	1114	2381	2326
67	1114	1891	1846
68	1114	2803	2744
69	1114	1268	1242
70	1114	2093	2045
71	1114	31	27
72	1114	2160	2127
73	1114	2471	2408
74	1114	1974	1937
75	1114	2251	2205
76	1114	2276	2236
77	1114	3036	2978
78	1114	2366	2314
79	1114	1905	1863
80	1114	1682	1617
81	1114	2807	2753
82	1114	2099	2057
83	1114	1579	1527
84	1114	2396	2358
85	1114	2107	2072
86	1114	2642	2579
87	1114	1122	1088
88	1114	1201	1172
89	1114	1258	1206
90	1114	2733	2674
91	1114	24	22
92	1114	2573	2512
93	1114	2817	2774
94	1114	2928	2866
95	1114	2473	2419
96	1114	1327	1299
97	1114	1684	1660
98	1114	2544	2479
99	1114	2581	2522
100	1114	2503	2452
101	1114	1937	1885
102	1114	2979	2918
103	1114	2390	2342
104	1114	1729	1698
105	1114	2144	2101
106	1114	2537	2476
107	1114	2253	2203
108	1114	2126	2083
109	1114	2470	2436
110	1114	2507	2449
111	1114	2124	2088
112	1114	2124	2082
113	1114	1349	1319
114	1114	2733	2664
115	1114	1832	1782
116	1114	1148	1133
117	1114	722	702
118	1114	1210	1172
119	1114	521	513
120	1114	246	232
121	1114	1841	1811
122	1114	1916	1825
123	1114	2760	2708
124	1114	2103	2066
125	1114	2077	2036
126	1114	1200	1173
127	1114	914	877
128	1114	2697	2650
129	1114	2059	2026
130	1114	2250	2190
131	1114	2541	2468
132	1114	2623	2584
133	1114	2766	2713
134	1114	2455	2408
135	1114	2012	1986
136	1114	2059	2015
137	1114	2312	2260
138	1114	2139	2085
139	1114	2293	2188
140	1114	2674	2619
141	1114	2418	2346
142	1114	2777	2722
143	1114	1714	1669
144	1114	2903	2810
145	1114	2337	2283
146	1114	1616	1582
147	1114	1819	1779
148	1114	965	948
149	1114	2334	2270
150	1114	2881	2830
151	1114	2004	1975
152	1114	2495	2440
153	1114	2062	2021
154	1114	1760	1719
155	1114	2226	2191
156	1114	2597	2543
157	1114	2491	2450
158	1114	2582	2536
159	1114	2091	2056
160	1114	830	812
161	1114	1994	1961
162	1114	1639	1599
163	1114	1778	1756
164	1114	1783	1755
165	1114	1875	1846
166	1114	2503	2463
167	1114	3565	3511
168	1114	1381	1364
169	1114	8	8
170	1114	11	9
171	1114	17	15
172	1114	14	13
173	1114	1238	1211
174	1114	1130	1105
175	1114	630	621
176	1114	1866	1834
177	1114	186	176
178	1114	776	759
179	1114	118	113
180	1114	287	282
181	1114	95	86
182	1114	494	475
183	1114	552	537
184	1114	1960	1928
185	1114	269	265
186	1114	1069	1045
187	1114	464	454
188	1114	13669	13342
189	1114	2282	2256
190	1114	1546	1519
191	1114	4023	3967
192	1114	873	858
193	1114	2930	2893
194	1114	437	429
195	1114	573	563
196	1114	592	580
197	1114	210	206
198	1114	243	236
199	1114	686	676
200	1114	5756	5685
201	1114	1851	1834
202	1114	2751	2722
203	1114	521	512
204	1114	73	69
205	1114	819	805
206	1114	6780	6688
207	1114	5016	4946
208	1114	1826	1795
209	1114	2215	2180
210	1114	1863	1840
211	1114	348	333
212	1114	312	294
213	1114	4886	4806
214	1114	936	927
215	1114	3873	3822
216	1114	5316	5238
217	1114	491	483
218	1114	11918	11757
219	1114	4566	4502
220	1114	4520	4451
221	1114	5398	5331
222	1114	2739	2701
223	1114	4820	4768
224	1114	2539	2501
225	1114	9057	8943
226	1114	1500	1473
227	1114	4860	4804
228	1114	4049	3986
229	1114	2504	2459
230	1114	1791	1765
231	1114	1475	1451
232	1114	878	865
233	1114	290	289
234	1114	777	766
235	1114	281	274
236	1114	583	576
237	1114	56	50
238	1114	979	947
239	1114	278	271
240	1114	2417	2369
241	1114	895	875
242	1114	743	718
243	1114	263	252
244	1114	5843	5769
245	1114	290	287
246	1114	1361	1343
247	1114	1986	1961
248	1114	3836	3782
249	1114	4156	4089
250	1114	277	270
251	1114	376	370
252	1114	871	857
253	1114	85	84
254	1114	116	114
255	1114	132	129
256	1114	2308	2254
257	1114	2244	2217
258	1114	3147	3099
259	1114	810	800
260	1114	769	755
261	1114	158	155
262	1114	216	213
263	1114	361	359
264	1114	372	363
265	1114	230	227
266	1114	2226	2189
267	1114	386	380
268	1114	387	382
269	1114	3398	3337
270	1114	746	732
271	1114	2746	2706
272	1114	1209	1197
273	1114	154	152
274	1114	3823	3776
275	1114	2198	2156
276	1114	4453	4396
277	1114	1852	1829
278	1114	3109	3058
279	1114	3494	3449
280	1114	1019	1006
281	1114	3728	3683
282	1114	3070	3029
283	1114	4432	4375
284	1114	4260	4217
285	1114	241	237
286	1114	537	526
287	1114	601	593
288	1114	1354	1323
289	1114	99	97
290	1114	717	710
291	1114	772	760
292	1114	414	407
293	1114	31	31
294	1114	291	285
295	1114	416	413
296	1114	2369	2339
297	1114	980	971
298	1114	1303	1289
299	1114	239	234
300	1114	3881	3837
301	1114	743	737
302	1114	954	927
303	1114	2781	2743
304	1114	716	699
305	1114	626	615
306	1114	601	587
307	1114	413	409
308	1114	752	738
309	1114	46	44
310	1114	54	50
311	1114	425	417
312	1114	2083	2057
313	1114	1248	1231
314	1114	1634	1615
315	1114	81	79
316	1114	179	177
317	1114	1476	1456
318	1114	5006	4902
319	1114	1964	1942
320	1114	502	494
321	1114	2528	2491
322	1114	1766	1748
323	1114	175	167
324	1114	340	330
325	1114	98	95
326	1114	544	534
327	1114	488	486
328	1114	490	480
329	1114	198	196
330	1114	7122	7014
331	1114	1463	1450
332	1114	2933	2886
333	1114	2787	2752
334	1114	4151	4085
335	1114	2987	2947
336	1114	1401	1386
337	1114	2706	2674
338	1114	5834	5751
339	1114	5594	5526
340	1114	10158	10041
341	1114	10	9
342	1114	7	5
343	1114	7	6
0	1115	99674	88510
1	1115	2020	1962
2	1115	1716	1679
3	1115	2054	2008
4	1115	1843	1791
5	1115	1803	1772
6	1115	74	62
7	1115	2302	2259
8	1115	1249	1209
9	1115	27	27
10	1115	2775	2722
11	1115	2357	2319
12	1115	2171	2127
13	1115	40	35
14	1115	2256	2196
15	1115	1600	1512
16	1115	2446	2389
17	1115	3363	3305
18	1115	2460	2413
19	1115	2354	2313
20	1115	3818	3745
21	1115	2547	2495
22	1115	2012	1975
23	1115	2238	2203
24	1115	2753	2683
25	1115	5650	5524
26	1115	543	525
27	1115	3005	2886
28	1115	3800	3696
29	1115	506	460
30	1115	1760	1717
31	1115	2281	2246
32	1115	1810	1781
33	1115	2562	2519
34	1115	2487	2441
35	1115	2415	2374
36	1115	214	210
37	1115	2468	2425
38	1115	3884	3793
39	1115	2241	2193
40	1115	1620	1584
41	1115	2494	2443
42	1115	2226	2169
43	1115	2158	2118
44	1115	2809	2734
45	1115	1743	1702
46	1115	2272	2215
47	1115	1774	1741
48	1115	2152	2110
49	1115	2263	2210
50	1115	1655	1619
51	1115	1926	1880
52	1115	2389	2338
53	1115	2767	2717
54	1115	2378	2310
55	1115	1827	1783
56	1115	1874	1833
57	1115	1812	1761
58	1115	2363	2315
59	1115	2213	2169
60	1115	2326	2272
61	1115	1214	1193
62	1115	1988	1946
63	1115	2068	2021
64	1115	1847	1782
65	1115	35	31
66	1115	2474	2425
67	1115	1887	1848
68	1115	2795	2733
69	1115	1181	1161
70	1115	2039	1993
71	1115	39	38
72	1115	2195	2164
73	1115	2370	2306
74	1115	2110	2052
75	1115	2422	2373
76	1115	2320	2263
77	1115	3120	3064
78	1115	2367	2320
79	1115	1813	1776
80	1115	1575	1513
81	1115	2832	2787
82	1115	2050	1997
83	1115	1713	1656
84	1115	2390	2340
85	1115	2136	2097
86	1115	2504	2449
87	1115	1078	1045
88	1115	1244	1215
89	1115	1305	1240
90	1115	2711	2653
91	1115	19	16
92	1115	2703	2641
93	1115	2813	2763
94	1115	2828	2756
95	1115	2606	2550
96	1115	1354	1320
97	1115	1817	1780
98	1115	2493	2443
99	1115	2702	2651
100	1115	2533	2493
101	1115	2034	1969
102	1115	3075	3027
103	1115	2348	2292
104	1115	1638	1608
105	1115	2282	2233
106	1115	2535	2480
107	1115	2269	2220
108	1115	2276	2238
109	1115	2581	2534
110	1115	2498	2449
111	1115	2148	2114
112	1115	2097	2069
113	1115	1340	1321
114	1115	2603	2545
115	1115	1803	1752
116	1115	1103	1085
117	1115	829	813
118	1115	1161	1146
119	1115	505	496
120	1115	289	275
121	1115	1902	1880
122	1115	1868	1776
123	1115	2876	2815
124	1115	2171	2139
125	1115	2125	2088
126	1115	1202	1183
127	1115	951	918
128	1115	2696	2650
129	1115	2033	1996
130	1115	2293	2248
131	1115	2528	2458
132	1115	2556	2505
133	1115	2698	2647
134	1115	2447	2400
135	1115	1976	1934
136	1115	2034	2003
137	1115	2249	2207
138	1115	2298	2254
139	1115	2298	2215
140	1115	2654	2594
141	1115	2368	2292
142	1115	2592	2540
143	1115	1774	1714
144	1115	2899	2812
145	1115	2345	2296
146	1115	1624	1580
147	1115	1749	1715
148	1115	1023	1001
149	1115	2359	2295
150	1115	3044	2984
151	1115	2034	2005
152	1115	2593	2543
153	1115	2140	2107
154	1115	1749	1709
155	1115	2283	2231
156	1115	2516	2468
157	1115	2507	2453
158	1115	2441	2378
159	1115	2100	2060
160	1115	857	847
161	1115	2107	2072
162	1115	1643	1598
163	1115	1761	1730
164	1115	1896	1863
165	1115	1942	1903
166	1115	2501	2447
167	1115	3621	3577
168	1115	1457	1427
169	1115	3	3
170	1115	13	13
171	1115	11	11
172	1115	5	5
173	1115	1338	1322
174	1115	1153	1128
175	1115	634	623
176	1115	1873	1839
177	1115	223	211
178	1115	716	691
179	1115	122	119
180	1115	349	340
181	1115	113	103
182	1115	484	478
183	1115	562	552
184	1115	2151	2122
185	1115	295	287
186	1115	1022	996
187	1115	429	419
188	1115	12598	12243
189	1115	2338	2296
190	1115	1396	1371
191	1115	3962	3911
192	1115	904	884
193	1115	2868	2832
194	1115	530	518
195	1115	508	501
196	1115	566	561
197	1115	175	171
198	1115	221	217
199	1115	783	770
200	1115	5930	5868
201	1115	1896	1879
202	1115	2636	2585
203	1115	542	536
204	1115	71	69
205	1115	840	827
206	1115	6679	6590
207	1115	5288	5214
208	1115	1964	1919
209	1115	2187	2151
210	1115	1779	1742
211	1115	410	398
212	1115	289	274
213	1115	4862	4812
214	1115	849	833
215	1115	3818	3779
216	1115	5429	5336
217	1115	504	501
218	1115	11902	11738
219	1115	4742	4675
220	1115	4535	4476
221	1115	5408	5313
222	1115	2702	2675
223	1115	4831	4762
224	1115	2520	2490
225	1115	9159	9042
226	1115	1562	1532
227	1115	4771	4723
228	1115	4036	3976
229	1115	2514	2472
230	1115	1873	1849
231	1115	1530	1515
232	1115	779	770
233	1115	328	321
234	1115	758	744
235	1115	320	313
236	1115	625	616
237	1115	77	71
238	1115	1026	999
239	1115	302	298
240	1115	2419	2380
241	1115	824	813
242	1115	696	687
243	1115	250	242
244	1115	5754	5671
245	1115	310	307
246	1115	1410	1390
247	1115	1885	1861
248	1115	3823	3777
249	1115	4246	4182
250	1115	227	223
251	1115	405	395
252	1115	846	832
253	1115	72	71
254	1115	96	96
255	1115	125	123
256	1115	2182	2137
257	1115	2275	2235
258	1115	3159	3098
259	1115	850	842
260	1115	688	679
261	1115	192	189
262	1115	270	266
263	1115	367	359
264	1115	376	372
265	1115	207	205
266	1115	2267	2242
267	1115	418	404
268	1115	371	365
269	1115	3422	3368
270	1115	685	677
271	1115	2778	2746
272	1115	1210	1189
273	1115	155	152
274	1115	3896	3845
275	1115	2252	2225
276	1115	4391	4320
277	1115	1925	1895
278	1115	3168	3124
279	1115	3611	3559
280	1115	1057	1043
281	1115	3704	3664
282	1115	3090	3048
283	1115	4515	4465
284	1115	4544	4488
285	1115	261	257
286	1115	525	516
287	1115	589	585
288	1115	1252	1222
289	1115	71	70
290	1115	678	667
291	1115	738	732
292	1115	393	387
293	1115	27	27
294	1115	261	257
295	1115	469	462
296	1115	2378	2346
297	1115	921	908
298	1115	1329	1315
299	1115	221	217
300	1115	4073	4003
301	1115	792	783
302	1115	1096	1065
303	1115	2729	2688
304	1115	648	642
305	1115	653	644
306	1115	652	636
307	1115	406	399
308	1115	811	799
309	1115	38	37
310	1115	75	73
311	1115	377	370
312	1115	2030	2011
313	1115	1158	1143
314	1115	1611	1582
315	1115	77	76
316	1115	224	217
317	1115	1463	1440
318	1115	4944	4875
319	1115	1982	1965
320	1115	515	513
321	1115	2722	2686
322	1115	1790	1763
323	1115	185	179
324	1115	401	394
325	1115	132	129
326	1115	576	564
327	1115	555	543
328	1115	504	495
329	1115	162	158
330	1115	7270	7158
331	1115	1425	1419
332	1115	3001	2962
333	1115	2672	2642
334	1115	4137	4057
335	1115	3070	3022
336	1115	1405	1382
337	1115	2669	2636
338	1115	5671	5582
339	1115	5560	5499
340	1115	10270	10161
341	1115	15	14
342	1115	14	13
343	1115	9	7
0	1116	102407	90639
1	1116	2013	1961
2	1116	1658	1616
3	1116	2029	1988
4	1116	1918	1862
5	1116	1821	1787
6	1116	58	51
7	1116	2380	2330
8	1116	1304	1276
9	1116	30	28
10	1116	2854	2781
11	1116	2437	2386
12	1116	2382	2317
13	1116	37	35
14	1116	2332	2284
15	1116	1647	1547
16	1116	2481	2433
17	1116	3416	3361
18	1116	2489	2447
19	1116	2366	2315
20	1116	3944	3860
21	1116	2635	2589
22	1116	2039	2002
23	1116	2280	2236
24	1116	2754	2700
25	1116	5677	5542
26	1116	508	480
27	1116	2956	2834
28	1116	3859	3766
29	1116	355	315
30	1116	1708	1671
31	1116	2242	2197
32	1116	1876	1831
33	1116	2522	2476
34	1116	2411	2370
35	1116	2492	2448
36	1116	157	153
37	1116	2583	2537
38	1116	4067	3967
39	1116	2144	2081
40	1116	1633	1580
41	1116	2403	2365
42	1116	2096	2051
43	1116	2315	2267
44	1116	2855	2783
45	1116	1765	1719
46	1116	2338	2257
47	1116	1873	1829
48	1116	2124	2079
49	1116	2286	2233
50	1116	1682	1646
51	1116	1989	1939
52	1116	2534	2470
53	1116	2589	2527
54	1116	2439	2380
55	1116	1847	1810
56	1116	1848	1814
57	1116	1847	1800
58	1116	2268	2206
59	1116	2124	2080
60	1116	2419	2372
61	1116	1282	1260
62	1116	1981	1941
63	1116	2129	2065
64	1116	1836	1774
65	1116	40	30
66	1116	2461	2399
67	1116	1967	1932
68	1116	2944	2875
69	1116	1211	1183
70	1116	2089	2041
71	1116	26	23
72	1116	2255	2196
73	1116	2449	2385
74	1116	1996	1935
75	1116	2380	2345
76	1116	2358	2312
77	1116	3102	3040
78	1116	2352	2302
79	1116	1755	1719
80	1116	1450	1383
81	1116	2861	2800
82	1116	2084	2043
83	1116	1769	1708
84	1116	2346	2288
85	1116	2228	2191
86	1116	2723	2661
87	1116	1113	1073
88	1116	1216	1187
89	1116	1346	1276
90	1116	2848	2778
91	1116	24	21
92	1116	2607	2556
93	1116	2914	2851
94	1116	2852	2785
95	1116	2521	2470
96	1116	1346	1314
97	1116	1670	1636
98	1116	2574	2503
99	1116	2592	2530
100	1116	2614	2565
101	1116	1992	1934
102	1116	2976	2918
103	1116	2458	2399
104	1116	1728	1698
105	1116	2330	2284
106	1116	2652	2586
107	1116	2231	2188
108	1116	2295	2261
109	1116	2484	2433
110	1116	2611	2559
111	1116	2254	2218
112	1116	2075	2036
113	1116	1333	1306
114	1116	2599	2537
115	1116	1712	1661
116	1116	1164	1145
117	1116	707	693
118	1116	1216	1192
119	1116	497	482
120	1116	275	265
121	1116	1873	1847
122	1116	2006	1903
123	1116	2912	2863
124	1116	2215	2186
125	1116	2099	2060
126	1116	1136	1118
127	1116	935	876
128	1116	2687	2634
129	1116	2084	2037
130	1116	2319	2256
131	1116	2339	2277
132	1116	2650	2595
133	1116	2727	2665
134	1116	2353	2295
135	1116	1923	1868
136	1116	2111	2069
137	1116	2172	2120
138	1116	2282	2209
139	1116	2273	2173
140	1116	2702	2657
141	1116	2421	2355
142	1116	2646	2588
143	1116	1806	1746
144	1116	3019	2921
145	1116	2449	2398
146	1116	1709	1670
147	1116	1789	1749
148	1116	1032	1014
149	1116	2494	2423
150	1116	3192	3107
151	1116	2073	2033
152	1116	2558	2495
153	1116	2137	2090
154	1116	1782	1730
155	1116	2239	2186
156	1116	2544	2500
157	1116	2471	2424
158	1116	2615	2567
159	1116	2155	2121
160	1116	939	919
161	1116	2130	2092
162	1116	1636	1595
163	1116	1747	1701
164	1116	1906	1873
165	1116	1990	1966
166	1116	2578	2519
167	1116	3685	3619
168	1116	1522	1494
169	1116	8	8
170	1116	14	12
171	1116	14	14
172	1116	4	4
173	1116	1252	1224
174	1116	1123	1098
175	1116	665	653
176	1116	1874	1844
177	1116	191	177
178	1116	684	655
179	1116	111	107
180	1116	268	259
181	1116	95	93
182	1116	498	481
183	1116	596	579
184	1116	2104	2068
185	1116	239	236
186	1116	1049	1021
187	1116	495	483
188	1116	11901	11490
189	1116	2312	2280
190	1116	1452	1426
191	1116	3949	3893
192	1116	937	927
193	1116	2917	2880
194	1116	474	466
195	1116	546	535
196	1116	584	574
197	1116	191	187
198	1116	242	237
199	1116	774	766
200	1116	5883	5813
201	1116	2030	2006
202	1116	2649	2599
203	1116	504	495
204	1116	73	71
205	1116	801	793
206	1116	6846	6737
207	1116	5304	5232
208	1116	1881	1849
209	1116	2278	2239
210	1116	1961	1910
211	1116	406	387
212	1116	326	311
213	1116	4893	4821
214	1116	915	900
215	1116	3973	3915
216	1116	5406	5320
217	1116	524	515
218	1116	11725	11480
219	1116	4677	4620
220	1116	4577	4522
221	1116	5379	5299
222	1116	2877	2838
223	1116	4966	4907
224	1116	2480	2452
225	1116	9522	9407
226	1116	1566	1533
227	1116	5035	4966
228	1116	4106	4042
229	1116	2527	2488
230	1116	1860	1836
231	1116	1496	1476
232	1116	839	818
233	1116	315	304
234	1116	727	714
235	1116	336	326
236	1116	574	569
237	1116	67	64
238	1116	1037	1009
239	1116	312	303
240	1116	2436	2404
241	1116	884	870
242	1116	700	673
243	1116	208	207
244	1116	5974	5885
245	1116	272	264
246	1116	1303	1283
247	1116	1943	1920
248	1116	3911	3858
249	1116	4212	4155
250	1116	321	315
251	1116	437	431
252	1116	877	862
253	1116	74	74
254	1116	104	101
255	1116	133	132
256	1116	2227	2162
257	1116	2289	2258
258	1116	3105	3038
259	1116	830	821
260	1116	692	679
261	1116	189	187
262	1116	235	231
263	1116	328	323
264	1116	370	365
265	1116	222	220
266	1116	2304	2263
267	1116	444	433
268	1116	423	415
269	1116	3520	3474
270	1116	764	756
271	1116	3004	2967
272	1116	1244	1229
273	1116	151	148
274	1116	3993	3921
275	1116	2202	2166
276	1116	4401	4327
277	1116	1965	1929
278	1116	3164	3111
279	1116	3657	3601
280	1116	1042	1028
281	1116	3733	3687
282	1116	3075	3030
283	1116	4589	4514
284	1116	4495	4444
285	1116	256	249
286	1116	510	502
287	1116	589	587
288	1116	1066	1039
289	1116	81	81
290	1116	684	665
291	1116	738	728
292	1116	421	419
293	1116	37	37
294	1116	273	266
295	1116	477	470
296	1116	2349	2327
297	1116	969	964
298	1116	1414	1393
299	1116	202	199
300	1116	4149	4089
301	1116	852	842
302	1116	1022	1002
303	1116	2913	2856
304	1116	705	689
305	1116	727	712
306	1116	652	640
307	1116	429	421
308	1116	779	764
309	1116	44	44
310	1116	64	61
311	1116	337	330
312	1116	2139	2110
313	1116	1203	1190
314	1116	1553	1536
315	1116	67	66
316	1116	195	191
317	1116	1514	1488
318	1116	4949	4858
319	1116	2022	2003
320	1116	539	530
321	1116	2687	2651
322	1116	1811	1775
323	1116	182	181
324	1116	354	350
325	1116	88	87
326	1116	539	532
327	1116	505	498
328	1116	519	514
329	1116	185	178
330	1116	7633	7535
331	1116	1473	1453
332	1116	2884	2856
333	1116	2684	2644
334	1116	4228	4161
335	1116	3066	3021
336	1116	1355	1331
337	1116	2718	2686
338	1116	5850	5761
339	1116	5666	5591
340	1116	10511	10353
341	1116	10	10
342	1116	8	6
343	1116	7	7
0	1117	99657	88633
1	1117	2105	2052
2	1117	1686	1639
3	1117	2044	2010
4	1117	1808	1760
5	1117	1869	1828
6	1117	59	50
7	1117	2345	2293
8	1117	1260	1227
9	1117	33	30
10	1117	2778	2708
11	1117	2300	2263
12	1117	2370	2308
13	1117	48	47
14	1117	2252	2206
15	1117	1719	1642
16	1117	2403	2342
17	1117	3412	3339
18	1117	2470	2430
19	1117	2345	2311
20	1117	3983	3910
21	1117	2699	2644
22	1117	1988	1949
23	1117	2286	2244
24	1117	2859	2812
25	1117	5794	5693
26	1117	554	531
27	1117	2783	2669
28	1117	3938	3844
29	1117	276	250
30	1117	1752	1703
31	1117	2199	2160
32	1117	1852	1819
33	1117	2596	2543
34	1117	2343	2292
35	1117	2417	2360
36	1117	178	173
37	1117	2696	2640
38	1117	3876	3794
39	1117	2224	2160
40	1117	1601	1555
41	1117	2377	2326
42	1117	2182	2137
43	1117	2157	2126
44	1117	2622	2557
45	1117	1691	1641
46	1117	2282	2202
47	1117	1886	1845
48	1117	2140	2088
49	1117	2238	2195
50	1117	1664	1633
51	1117	2027	1994
52	1117	2557	2504
53	1117	2655	2604
54	1117	2306	2253
55	1117	1793	1750
56	1117	1994	1940
57	1117	1722	1679
58	1117	2358	2308
59	1117	2306	2282
60	1117	2376	2326
61	1117	1234	1214
62	1117	1858	1814
63	1117	2135	2093
64	1117	1830	1772
65	1117	32	27
66	1117	2403	2358
67	1117	1974	1937
68	1117	2912	2842
69	1117	1230	1206
70	1117	2070	2000
71	1117	28	26
72	1117	2170	2127
73	1117	2524	2455
74	1117	1928	1865
75	1117	2385	2347
76	1117	2490	2442
77	1117	3171	3107
78	1117	2346	2275
79	1117	1837	1793
80	1117	1242	1172
81	1117	2925	2857
82	1117	2053	2009
83	1117	1683	1608
84	1117	2270	2217
85	1117	2205	2173
86	1117	2614	2543
87	1117	1069	1046
88	1117	1299	1262
89	1117	1292	1234
90	1117	2727	2680
91	1117	21	20
92	1117	2697	2643
93	1117	2916	2861
94	1117	2929	2863
95	1117	2592	2526
96	1117	1362	1322
97	1117	1759	1729
98	1117	2483	2423
99	1117	2539	2486
100	1117	2633	2588
101	1117	2049	1991
102	1117	3002	2941
103	1117	2395	2339
104	1117	1823	1787
105	1117	2293	2233
106	1117	2428	2367
107	1117	2297	2258
108	1117	2319	2284
109	1117	2580	2532
110	1117	2496	2452
111	1117	2302	2252
112	1117	2074	2025
113	1117	1291	1265
114	1117	2622	2562
115	1117	1658	1603
116	1117	1149	1138
117	1117	753	737
118	1117	1260	1235
119	1117	510	500
120	1117	241	233
121	1117	1937	1908
122	1117	1919	1833
123	1117	2873	2807
124	1117	2174	2137
125	1117	2156	2118
126	1117	1250	1229
127	1117	943	890
128	1117	2937	2885
129	1117	2087	2057
130	1117	2180	2132
131	1117	2477	2418
132	1117	2729	2680
133	1117	2797	2760
134	1117	2350	2306
135	1117	2138	2093
136	1117	2085	2054
137	1117	2252	2213
138	1117	2261	2197
139	1117	2240	2136
140	1117	2694	2628
141	1117	2280	2224
142	1117	2677	2629
143	1117	1733	1682
144	1117	2989	2916
145	1117	2266	2209
146	1117	1625	1581
147	1117	1797	1753
148	1117	1041	1023
149	1117	2478	2411
150	1117	3047	2994
151	1117	2160	2123
152	1117	2451	2396
153	1117	2164	2129
154	1117	1816	1764
155	1117	2247	2206
156	1117	2609	2560
157	1117	2573	2507
158	1117	2607	2562
159	1117	2162	2126
160	1117	900	883
161	1117	2063	2017
162	1117	1704	1663
163	1117	1819	1781
164	1117	1821	1790
165	1117	1900	1872
166	1117	2481	2438
167	1117	3749	3685
168	1117	1487	1455
169	1117	4	4
170	1117	12	10
171	1117	9	8
172	1117	7	5
173	1117	1378	1354
174	1117	1112	1094
175	1117	693	682
176	1117	1809	1771
177	1117	223	215
178	1117	701	685
179	1117	123	117
180	1117	303	295
181	1117	101	98
182	1117	492	475
183	1117	605	594
184	1117	2114	2081
185	1117	231	226
186	1117	1004	985
187	1117	397	385
188	1117	10889	10488
189	1117	2373	2346
190	1117	1389	1361
191	1117	4205	4152
192	1117	813	793
193	1117	2964	2912
194	1117	472	457
195	1117	565	558
196	1117	560	555
197	1117	208	204
198	1117	239	237
199	1117	775	767
200	1117	5836	5757
201	1117	1942	1927
202	1117	2587	2539
203	1117	549	536
204	1117	72	72
205	1117	850	844
206	1117	6851	6766
207	1117	5264	5201
208	1117	1894	1854
209	1117	2292	2254
210	1117	1893	1859
211	1117	359	354
212	1117	276	265
213	1117	4947	4887
214	1117	929	917
215	1117	3954	3911
216	1117	5339	5243
217	1117	532	523
218	1117	11951	11746
219	1117	4775	4707
220	1117	4418	4356
221	1117	5508	5427
222	1117	2822	2776
223	1117	4901	4828
224	1117	2582	2546
225	1117	9594	9470
226	1117	1570	1549
227	1117	5072	5005
228	1117	4200	4132
229	1117	2661	2625
230	1117	1926	1898
231	1117	1579	1555
232	1117	860	842
233	1117	331	327
234	1117	775	752
235	1117	258	252
236	1117	569	557
237	1117	58	48
238	1117	1002	983
239	1117	353	346
240	1117	2507	2471
241	1117	824	807
242	1117	710	689
243	1117	237	230
244	1117	5856	5790
245	1117	292	290
246	1117	1273	1252
247	1117	1910	1889
248	1117	3935	3878
249	1117	4178	4116
250	1117	246	239
251	1117	382	380
252	1117	876	868
253	1117	66	65
254	1117	134	128
255	1117	149	148
256	1117	2091	2023
257	1117	2377	2350
258	1117	3112	3047
259	1117	774	761
260	1117	748	738
261	1117	215	210
262	1117	246	241
263	1117	420	416
264	1117	328	321
265	1117	213	208
266	1117	2131	2100
267	1117	400	394
268	1117	411	407
269	1117	3459	3429
270	1117	758	747
271	1117	2886	2848
272	1117	1210	1191
273	1117	168	163
274	1117	3888	3830
275	1117	2277	2235
276	1117	4263	4194
277	1117	1904	1885
278	1117	3221	3179
279	1117	3618	3566
280	1117	986	975
281	1117	3807	3774
282	1117	3106	3060
283	1117	4587	4544
284	1117	4470	4416
285	1117	230	226
286	1117	520	511
287	1117	739	724
288	1117	1074	1041
289	1117	108	100
290	1117	638	626
291	1117	863	856
292	1117	378	369
293	1117	24	24
294	1117	273	269
295	1117	480	471
296	1117	2423	2383
297	1117	1015	1004
298	1117	1407	1380
299	1117	232	230
300	1117	4237	4187
301	1117	810	790
302	1117	1022	1000
303	1117	2865	2818
304	1117	622	608
305	1117	686	672
306	1117	592	582
307	1117	433	429
308	1117	815	804
309	1117	56	55
310	1117	61	58
311	1117	392	385
312	1117	2079	2054
313	1117	1277	1261
314	1117	1545	1522
315	1117	65	64
316	1117	206	205
317	1117	1524	1496
318	1117	4839	4766
319	1117	2028	2009
320	1117	548	544
321	1117	2634	2604
322	1117	1846	1816
323	1117	167	166
324	1117	349	342
325	1117	135	131
326	1117	619	609
327	1117	562	556
328	1117	513	509
329	1117	173	170
330	1117	7652	7553
331	1117	1351	1326
332	1117	2956	2917
333	1117	2686	2643
334	1117	4026	3951
335	1117	2922	2859
336	1117	1267	1251
337	1117	2872	2837
338	1117	5720	5630
339	1117	5699	5633
340	1117	10420	10288
341	1117	19	19
342	1117	18	16
343	1117	4	3
0	1118	100909	89555
1	1118	1999	1956
2	1118	1698	1665
3	1118	2101	2060
4	1118	1855	1814
5	1118	1784	1731
6	1118	69	63
7	1118	2261	2200
8	1118	1257	1220
9	1118	21	18
10	1118	2787	2736
11	1118	2504	2460
12	1118	2438	2384
13	1118	49	47
14	1118	2252	2211
15	1118	1699	1602
16	1118	2398	2353
17	1118	3511	3459
18	1118	2636	2597
19	1118	2393	2352
20	1118	3765	3693
21	1118	2581	2544
22	1118	1958	1908
23	1118	2297	2258
24	1118	2890	2827
25	1118	5795	5686
26	1118	498	472
27	1118	2789	2666
28	1118	3826	3753
29	1118	256	228
30	1118	1721	1673
31	1118	2343	2309
32	1118	1863	1832
33	1118	2689	2640
34	1118	2370	2321
35	1118	2405	2361
36	1118	185	179
37	1118	2779	2733
38	1118	3919	3808
39	1118	2145	2087
40	1118	1664	1608
41	1118	2392	2350
42	1118	2142	2097
43	1118	2136	2096
44	1118	2818	2752
45	1118	1692	1636
46	1118	2151	2086
47	1118	1988	1941
48	1118	2180	2127
49	1118	2409	2350
50	1118	1630	1589
51	1118	2041	2005
52	1118	2397	2340
53	1118	2517	2472
54	1118	2417	2341
55	1118	1796	1751
56	1118	1904	1852
57	1118	1805	1759
58	1118	2373	2315
59	1118	2363	2330
60	1118	2381	2322
61	1118	1296	1273
62	1118	1848	1811
63	1118	1988	1933
64	1118	1767	1712
65	1118	42	35
66	1118	2430	2383
67	1118	2019	1987
68	1118	2891	2839
69	1118	1199	1179
70	1118	1905	1853
71	1118	24	23
72	1118	2117	2054
73	1118	2413	2348
74	1118	2036	1974
75	1118	2327	2294
76	1118	2318	2257
77	1118	3250	3190
78	1118	2255	2198
79	1118	1787	1748
80	1118	1113	1048
81	1118	2881	2810
82	1118	2055	1998
83	1118	1732	1684
84	1118	2350	2280
85	1118	2227	2194
86	1118	2514	2439
87	1118	1124	1075
88	1118	1187	1152
89	1118	1283	1215
90	1118	2816	2754
91	1118	25	23
92	1118	2751	2693
93	1118	2873	2811
94	1118	2769	2687
95	1118	2677	2619
96	1118	1327	1293
97	1118	1735	1696
98	1118	2358	2301
99	1118	2559	2497
100	1118	2511	2472
101	1118	1918	1855
102	1118	2955	2890
103	1118	2476	2404
104	1118	1750	1710
105	1118	2218	2176
106	1118	2516	2466
107	1118	2288	2244
108	1118	2234	2201
109	1118	2547	2505
110	1118	2491	2436
111	1118	2266	2233
112	1118	2071	2030
113	1118	1350	1319
114	1118	2727	2671
115	1118	1672	1615
116	1118	1190	1174
117	1118	803	786
118	1118	1247	1224
119	1118	467	460
120	1118	266	251
121	1118	1927	1890
122	1118	2046	1945
123	1118	2876	2820
124	1118	2175	2134
125	1118	2146	2113
126	1118	1191	1174
127	1118	986	927
128	1118	2953	2903
129	1118	2002	1954
130	1118	2152	2107
131	1118	2504	2431
132	1118	2544	2492
133	1118	2707	2659
134	1118	2355	2313
135	1118	2052	2004
136	1118	2060	2024
137	1118	2250	2208
138	1118	2225	2174
139	1118	2237	2140
140	1118	2731	2677
141	1118	2596	2523
142	1118	2636	2566
143	1118	1703	1640
144	1118	2882	2794
145	1118	2358	2313
146	1118	1601	1554
147	1118	1798	1749
148	1118	1028	1008
149	1118	2419	2348
150	1118	3145	3090
151	1118	2179	2136
152	1118	2584	2520
153	1118	2223	2185
154	1118	1772	1721
155	1118	2277	2229
156	1118	2406	2364
157	1118	2578	2528
158	1118	2622	2587
159	1118	2131	2105
160	1118	904	885
161	1118	2096	2064
162	1118	1612	1571
163	1118	1748	1713
164	1118	1867	1831
165	1118	1880	1857
166	1118	2591	2543
167	1118	3703	3643
168	1118	1501	1468
169	1118	6	5
170	1118	13	10
171	1118	10	10
172	1118	9	8
173	1118	1315	1288
174	1118	1218	1192
175	1118	644	632
176	1118	1835	1807
177	1118	232	224
178	1118	714	689
179	1118	113	108
180	1118	298	289
181	1118	85	82
182	1118	508	495
183	1118	628	619
184	1118	2069	2036
185	1118	286	281
186	1118	1040	1014
187	1118	393	387
188	1118	10110	9617
189	1118	2401	2364
190	1118	1311	1287
191	1118	4176	4102
192	1118	873	856
193	1118	3062	3015
194	1118	465	457
195	1118	563	553
196	1118	527	515
197	1118	179	173
198	1118	239	228
199	1118	771	757
200	1118	6030	5945
201	1118	2000	1973
202	1118	2453	2403
203	1118	485	477
204	1118	69	67
205	1118	903	888
206	1118	6833	6742
207	1118	5243	5194
208	1118	2044	2005
209	1118	2278	2246
210	1118	1803	1758
211	1118	351	341
212	1118	354	345
213	1118	4917	4836
214	1118	954	945
215	1118	3996	3947
216	1118	5463	5374
217	1118	551	535
218	1118	11833	11613
219	1118	4760	4698
220	1118	4533	4467
221	1118	5662	5563
222	1118	2944	2909
223	1118	5044	5004
224	1118	2524	2493
225	1118	9521	9400
226	1118	1544	1509
227	1118	5074	5013
228	1118	4161	4106
229	1118	2621	2589
230	1118	1908	1875
231	1118	1560	1545
232	1118	860	851
233	1118	296	293
234	1118	728	721
235	1118	320	308
236	1118	576	564
237	1118	40	38
238	1118	1007	978
239	1118	298	294
240	1118	2426	2388
241	1118	920	900
242	1118	632	613
243	1118	192	191
244	1118	6025	5931
245	1118	307	300
246	1118	1343	1329
247	1118	2056	2029
248	1118	3664	3621
249	1118	4027	3978
250	1118	271	262
251	1118	426	423
252	1118	843	835
253	1118	64	64
254	1118	110	109
255	1118	163	158
256	1118	2005	1945
257	1118	2378	2340
258	1118	3099	3032
259	1118	889	884
260	1118	776	761
261	1118	165	162
262	1118	226	222
263	1118	372	365
264	1118	308	306
265	1118	203	201
266	1118	2255	2201
267	1118	403	397
268	1118	369	363
269	1118	3394	3346
270	1118	724	706
271	1118	2837	2792
272	1118	1182	1170
273	1118	153	151
274	1118	4026	3969
275	1118	2159	2134
276	1118	4362	4283
277	1118	1930	1907
278	1118	3155	3107
279	1118	3653	3602
280	1118	1073	1056
281	1118	3774	3740
282	1118	3092	3048
283	1118	4521	4470
284	1118	4399	4351
285	1118	211	206
286	1118	539	529
287	1118	605	597
288	1118	1036	1001
289	1118	77	76
290	1118	677	661
291	1118	814	804
292	1118	380	371
293	1118	40	40
294	1118	266	257
295	1118	467	460
296	1118	2546	2511
297	1118	1026	1011
298	1118	1328	1312
299	1118	217	215
300	1118	4116	4055
301	1118	803	787
302	1118	1033	1011
303	1118	2954	2914
304	1118	704	688
305	1118	692	681
306	1118	690	683
307	1118	411	404
308	1118	832	811
309	1118	39	35
310	1118	61	58
311	1118	426	418
312	1118	2174	2138
313	1118	1210	1196
314	1118	1571	1552
315	1118	61	59
316	1118	243	239
317	1118	1495	1470
318	1118	4656	4558
319	1118	2049	2024
320	1118	527	519
321	1118	2816	2785
322	1118	1787	1764
323	1118	173	173
324	1118	363	356
325	1118	104	103
326	1118	557	547
327	1118	575	566
328	1118	536	524
329	1118	188	185
330	1118	7550	7465
331	1118	1483	1468
332	1118	2967	2932
333	1118	2762	2730
334	1118	4281	4228
335	1118	3062	3017
336	1118	1372	1355
337	1118	2784	2737
338	1118	5741	5663
339	1118	5531	5470
340	1118	10401	10267
341	1118	9	8
342	1118	11	10
343	1118	5	5
0	1119	106075	93345
1	1119	2141	2099
2	1119	1737	1683
3	1119	2090	2055
4	1119	1832	1776
5	1119	1709	1682
6	1119	66	60
7	1119	2309	2262
8	1119	1231	1202
9	1119	35	32
10	1119	2960	2901
11	1119	2489	2439
12	1119	2400	2344
13	1119	26	22
14	1119	2186	2117
15	1119	1787	1690
16	1119	2488	2422
17	1119	3520	3461
18	1119	2697	2647
19	1119	2455	2418
20	1119	4012	3931
21	1119	2585	2536
22	1119	2004	1950
23	1119	2308	2254
24	1119	2732	2674
25	1119	5915	5794
26	1119	561	527
27	1119	2759	2590
28	1119	3772	3670
29	1119	229	201
30	1119	1652	1612
31	1119	2195	2145
32	1119	1737	1691
33	1119	2749	2691
34	1119	2374	2311
35	1119	2398	2349
36	1119	213	202
37	1119	2603	2564
38	1119	3961	3868
39	1119	2109	2034
40	1119	1624	1564
41	1119	2399	2352
42	1119	2213	2160
43	1119	2171	2140
44	1119	2791	2706
45	1119	1681	1621
46	1119	2128	2049
47	1119	1870	1836
48	1119	2067	2021
49	1119	2395	2334
50	1119	1625	1575
51	1119	2013	1969
52	1119	2498	2422
53	1119	2608	2548
54	1119	2280	2216
55	1119	1866	1827
56	1119	1899	1835
57	1119	1740	1676
58	1119	2307	2252
59	1119	2316	2274
60	1119	2322	2275
61	1119	1273	1247
62	1119	1784	1730
63	1119	2096	2044
64	1119	1822	1774
65	1119	35	31
66	1119	2419	2365
67	1119	1945	1918
68	1119	2945	2877
69	1119	1170	1152
70	1119	1889	1831
71	1119	39	31
72	1119	2104	2059
73	1119	2378	2308
74	1119	1793	1728
75	1119	2436	2390
76	1119	2363	2315
77	1119	3168	3116
78	1119	2334	2268
79	1119	1704	1663
80	1119	1049	984
81	1119	3002	2944
82	1119	2038	1985
83	1119	1876	1806
84	1119	2363	2300
85	1119	2242	2204
86	1119	2463	2385
87	1119	1089	1059
88	1119	1227	1196
89	1119	1331	1286
90	1119	2879	2816
91	1119	23	21
92	1119	2666	2618
93	1119	2876	2822
94	1119	2719	2641
95	1119	2695	2642
96	1119	1367	1341
97	1119	1804	1765
98	1119	2466	2398
99	1119	2571	2497
100	1119	2620	2555
101	1119	1933	1886
102	1119	3008	2955
103	1119	2464	2395
104	1119	1710	1664
105	1119	2284	2235
106	1119	2539	2462
107	1119	2328	2290
108	1119	2235	2200
109	1119	2740	2697
110	1119	2678	2631
111	1119	2265	2236
112	1119	2115	2068
113	1119	1348	1325
114	1119	2553	2492
115	1119	1604	1564
116	1119	1085	1074
117	1119	791	780
118	1119	1180	1155
119	1119	528	511
120	1119	236	225
121	1119	1910	1873
122	1119	2081	1963
123	1119	2956	2906
124	1119	2262	2227
125	1119	2253	2211
126	1119	1264	1232
127	1119	967	921
128	1119	2805	2747
129	1119	2017	1969
130	1119	2118	2047
131	1119	2495	2423
132	1119	2620	2561
133	1119	2861	2800
134	1119	2605	2553
135	1119	2093	2039
136	1119	2131	2093
137	1119	2370	2318
138	1119	2197	2126
139	1119	2382	2278
140	1119	2672	2617
141	1119	2548	2489
142	1119	2673	2612
143	1119	1819	1752
144	1119	2790	2699
145	1119	2310	2253
146	1119	1651	1609
147	1119	1848	1811
148	1119	1077	1067
149	1119	2479	2413
150	1119	3108	3044
151	1119	2115	2073
152	1119	2572	2504
153	1119	2226	2193
154	1119	1837	1779
155	1119	2285	2226
156	1119	2510	2474
157	1119	2643	2594
158	1119	2474	2436
159	1119	2060	2024
160	1119	905	884
161	1119	1996	1944
162	1119	1687	1638
163	1119	1695	1657
164	1119	1870	1842
165	1119	1957	1927
166	1119	2505	2451
167	1119	3758	3689
168	1119	1407	1376
169	1119	6	6
170	1119	17	16
171	1119	18	16
172	1119	8	7
173	1119	1342	1309
174	1119	1155	1129
175	1119	723	706
176	1119	1862	1814
177	1119	189	182
178	1119	690	667
179	1119	114	105
180	1119	347	342
181	1119	97	94
182	1119	548	523
183	1119	575	567
184	1119	2019	1993
185	1119	275	266
186	1119	1001	969
187	1119	383	372
188	1119	9315	8764
189	1119	2296	2260
190	1119	1458	1431
191	1119	4206	4157
192	1119	838	821
193	1119	3028	2985
194	1119	401	391
195	1119	588	572
196	1119	555	547
197	1119	226	222
198	1119	237	230
199	1119	779	767
200	1119	6053	5950
201	1119	1951	1916
202	1119	2550	2507
203	1119	501	491
204	1119	68	62
205	1119	854	839
206	1119	6921	6813
207	1119	5333	5240
208	1119	1836	1802
209	1119	2300	2264
210	1119	1669	1629
211	1119	421	402
212	1119	321	311
213	1119	4973	4907
214	1119	985	969
215	1119	4177	4123
216	1119	5414	5310
217	1119	497	484
218	1119	11570	11328
219	1119	4773	4702
220	1119	4728	4671
221	1119	5552	5482
222	1119	2921	2868
223	1119	5066	4993
224	1119	2626	2587
225	1119	9587	9480
226	1119	1525	1501
227	1119	4987	4913
228	1119	4223	4172
229	1119	2630	2599
230	1119	1883	1857
231	1119	1619	1593
232	1119	916	883
233	1119	286	283
234	1119	755	744
235	1119	319	311
236	1119	592	586
237	1119	50	42
238	1119	957	935
239	1119	279	273
240	1119	2486	2450
241	1119	857	836
242	1119	677	652
243	1119	264	260
244	1119	5726	5636
245	1119	339	329
246	1119	1352	1332
247	1119	2026	1999
248	1119	3839	3767
249	1119	4316	4243
250	1119	235	232
251	1119	370	364
252	1119	856	842
253	1119	90	87
254	1119	102	98
255	1119	159	156
256	1119	1831	1754
257	1119	2293	2258
258	1119	3058	3005
259	1119	842	825
260	1119	713	706
261	1119	184	180
262	1119	260	253
263	1119	408	400
264	1119	347	341
265	1119	213	211
266	1119	2181	2145
267	1119	462	454
268	1119	405	402
269	1119	3572	3508
270	1119	728	712
271	1119	2802	2761
272	1119	1216	1192
273	1119	167	160
274	1119	4079	4012
275	1119	2203	2173
276	1119	4370	4294
277	1119	1963	1925
278	1119	3310	3274
279	1119	3692	3640
280	1119	1071	1056
281	1119	3815	3751
282	1119	3120	3084
283	1119	4719	4661
284	1119	4378	4323
285	1119	263	262
286	1119	490	477
287	1119	690	674
288	1119	939	907
289	1119	97	96
290	1119	680	668
291	1119	770	759
292	1119	375	371
293	1119	29	28
294	1119	310	304
295	1119	496	485
296	1119	2327	2295
297	1119	966	957
298	1119	1385	1365
299	1119	256	249
300	1119	4286	4223
301	1119	789	774
302	1119	1055	1033
303	1119	2896	2847
304	1119	693	667
305	1119	671	667
306	1119	640	627
307	1119	408	400
308	1119	806	793
309	1119	61	58
310	1119	74	70
311	1119	409	394
312	1119	1983	1960
313	1119	1303	1283
314	1119	1683	1657
315	1119	75	74
316	1119	217	212
317	1119	1493	1468
318	1119	4775	4672
319	1119	2031	2000
320	1119	515	509
321	1119	2849	2797
322	1119	1796	1761
323	1119	176	174
324	1119	358	354
325	1119	119	116
326	1119	559	546
327	1119	524	519
328	1119	469	462
329	1119	219	213
330	1119	7409	7304
331	1119	1409	1388
332	1119	3001	2959
333	1119	2652	2615
334	1119	4098	4015
335	1119	3012	2941
336	1119	1369	1352
337	1119	2777	2744
338	1119	5721	5636
339	1119	5681	5620
340	1119	10452	10305
341	1119	10	9
342	1119	15	12
343	1119	4	4
0	2101	104307	90291
1	2101	2103	2053
2	2101	1766	1713
3	2101	1916	1877
4	2101	1760	1705
5	2101	1798	1743
6	2101	62	58
7	2101	2349	2273
8	2101	1233	1183
9	2101	17	14
10	2101	2935	2846
11	2101	2423	2356
12	2101	2259	2182
13	2101	37	34
14	2101	2378	2318
15	2101	1574	1440
16	2101	2537	2476
17	2101	3344	3242
18	2101	2460	2400
19	2101	2350	2299
20	2101	3753	3655
21	2101	2558	2487
22	2101	1980	1929
23	2101	2244	2191
24	2101	2799	2736
25	2101	5781	5642
26	2101	565	530
27	2101	3707	3540
28	2101	3678	3583
29	2101	1879	1831
30	2101	1854	1790
31	2101	2168	2095
32	2101	1871	1830
33	2101	2314	2253
34	2101	2436	2366
35	2101	2383	2320
36	2101	171	162
37	2101	2509	2462
38	2101	4041	3922
39	2101	2328	2256
40	2101	1672	1628
41	2101	2390	2336
42	2101	2211	2156
43	2101	2077	2027
44	2101	2862	2770
45	2101	1709	1644
46	2101	2648	2577
47	2101	1873	1828
48	2101	2178	2120
49	2101	2196	2135
50	2101	1580	1540
51	2101	1939	1888
52	2101	2452	2385
53	2101	2644	2581
54	2101	2611	2539
55	2101	1802	1746
56	2101	1837	1772
57	2101	1848	1796
58	2101	2350	2275
59	2101	2056	2007
60	2101	2274	2204
61	2101	1159	1116
62	2101	1967	1909
63	2101	1977	1929
64	2101	1940	1877
65	2101	37	30
66	2101	2376	2310
67	2101	1871	1826
68	2101	2801	2725
69	2101	1239	1201
70	2101	2179	2112
71	2101	32	31
72	2101	2174	2112
73	2101	2485	2422
74	2101	2187	2144
75	2101	2268	2200
76	2101	2380	2313
77	2101	3081	3002
78	2101	2314	2257
79	2101	1898	1846
80	2101	2115	2050
81	2101	2911	2826
82	2101	2040	1973
83	2101	1729	1661
84	2101	2355	2289
85	2101	2140	2088
86	2101	2861	2779
87	2101	1098	1061
88	2101	1223	1198
89	2101	1351	1274
90	2101	2845	2753
91	2101	16	15
92	2101	2709	2625
93	2101	2998	2920
94	2101	3039	2946
95	2101	2496	2434
96	2101	1331	1284
97	2101	1697	1647
98	2101	2660	2586
99	2101	2625	2568
100	2101	2633	2568
101	2101	1926	1863
102	2101	2998	2919
103	2101	2618	2557
104	2101	1723	1678
105	2101	2324	2268
106	2101	2506	2434
107	2101	2259	2191
108	2101	2140	2089
109	2101	2524	2460
110	2101	2419	2348
111	2101	2086	2036
112	2101	2016	1954
113	2101	1252	1223
114	2101	2527	2439
115	2101	2042	1984
116	2101	1087	1058
117	2101	742	715
118	2101	1220	1176
119	2101	558	546
120	2101	238	225
121	2101	1835	1795
122	2101	1991	1874
123	2101	2650	2587
124	2101	2225	2173
125	2101	2024	1970
126	2101	1142	1117
127	2101	902	857
128	2101	2825	2757
129	2101	2104	2041
130	2101	2560	2489
131	2101	2482	2412
132	2101	2657	2576
133	2101	2793	2706
134	2101	2427	2359
135	2101	2115	2055
136	2101	2026	1982
137	2101	2221	2167
138	2101	2292	2215
139	2101	2423	2333
140	2101	2607	2544
141	2101	2383	2294
142	2101	2600	2530
143	2101	1799	1729
144	2101	2916	2817
145	2101	2379	2321
146	2101	1631	1584
147	2101	1848	1802
148	2101	1039	1015
149	2101	2282	2207
150	2101	3053	2972
151	2101	2006	1958
152	2101	2502	2428
153	2101	2174	2118
154	2101	1645	1599
155	2101	2257	2209
156	2101	2666	2588
157	2101	2531	2465
158	2101	2588	2519
159	2101	2150	2104
160	2101	899	877
161	2101	2048	2000
162	2101	1706	1653
163	2101	1711	1677
164	2101	1903	1867
165	2101	1815	1777
166	2101	2467	2407
167	2101	3492	3424
168	2101	1443	1413
169	2101	2	2
170	2101	9	9
171	2101	12	11
172	2101	4	4
173	2101	1287	1260
174	2101	1133	1103
175	2101	605	589
176	2101	1869	1819
177	2101	208	201
178	2101	755	735
179	2101	121	115
180	2101	320	307
181	2101	74	68
182	2101	531	514
183	2101	606	592
184	2101	1970	1942
185	2101	227	224
186	2101	1016	972
187	2101	487	476
188	2101	17468	17046
189	2101	2268	2221
190	2101	1560	1526
191	2101	4052	3965
192	2101	895	879
193	2101	2948	2889
194	2101	486	476
195	2101	588	572
196	2101	516	509
197	2101	224	217
198	2101	216	210
199	2101	733	718
200	2101	5552	5452
201	2101	1888	1850
202	2101	2699	2648
203	2101	522	514
204	2101	81	78
205	2101	806	784
206	2101	6905	6761
207	2101	5019	4910
208	2101	2072	2033
209	2101	2353	2304
210	2101	1962	1916
211	2101	349	340
212	2101	310	291
213	2101	4839	4731
214	2101	898	883
215	2101	3947	3861
216	2101	5525	5414
217	2101	508	495
218	2101	12405	12158
219	2101	4852	4755
220	2101	4653	4565
221	2101	5500	5390
222	2101	2783	2729
223	2101	4961	4863
224	2101	2469	2431
225	2101	9235	9072
226	2101	1631	1595
227	2101	4775	4687
228	2101	4255	4181
229	2101	2464	2409
230	2101	1913	1876
231	2101	1392	1368
232	2101	773	751
233	2101	284	273
234	2101	819	799
235	2101	270	260
236	2101	563	553
237	2101	59	57
238	2101	994	960
239	2101	251	246
240	2101	2262	2228
241	2101	872	854
242	2101	789	765
243	2101	225	217
244	2101	5991	5854
245	2101	269	264
246	2101	1360	1332
247	2101	1942	1896
248	2101	3920	3854
249	2101	4227	4135
250	2101	256	252
251	2101	392	384
252	2101	884	872
253	2101	91	87
254	2101	131	125
255	2101	135	131
256	2101	2890	2829
257	2101	2364	2314
258	2101	3355	3281
259	2101	782	771
260	2101	745	730
261	2101	207	204
262	2101	255	246
263	2101	327	317
264	2101	326	323
265	2101	219	217
266	2101	2332	2278
267	2101	446	434
268	2101	402	388
269	2101	3643	3572
270	2101	725	706
271	2101	2798	2736
272	2101	1208	1182
273	2101	125	119
274	2101	3973	3896
275	2101	2214	2183
276	2101	4428	4336
277	2101	1877	1857
278	2101	3138	3056
279	2101	3521	3467
280	2101	983	959
281	2101	3846	3780
282	2101	3005	2944
283	2101	4420	4333
284	2101	4370	4269
285	2101	233	227
286	2101	570	548
287	2101	612	607
288	2101	1521	1500
289	2101	72	71
290	2101	701	684
291	2101	794	781
292	2101	407	400
293	2101	25	25
294	2101	258	251
295	2101	462	454
296	2101	2296	2257
297	2101	936	921
298	2101	1284	1259
299	2101	240	235
300	2101	4068	3982
301	2101	832	812
302	2101	1066	1041
303	2101	2861	2804
304	2101	708	692
305	2101	609	595
306	2101	572	550
307	2101	423	418
308	2101	839	816
309	2101	30	29
310	2101	58	57
311	2101	374	362
312	2101	2168	2137
313	2101	1266	1241
314	2101	1728	1679
315	2101	89	87
316	2101	193	189
317	2101	1629	1594
318	2101	5063	4966
319	2101	2018	1961
320	2101	517	506
321	2101	2640	2591
322	2101	1840	1804
323	2101	166	159
324	2101	350	341
325	2101	126	121
326	2101	526	519
327	2101	480	476
328	2101	476	461
329	2101	195	189
330	2101	7319	7169
331	2101	1366	1332
332	2101	2970	2897
333	2101	2850	2787
334	2101	4335	4225
335	2101	3135	3079
336	2101	1306	1281
337	2101	2450	2406
338	2101	5861	5716
339	2101	5552	5450
340	2101	10357	10136
341	2101	14	13
342	2101	11	9
343	2101	5	4
0	2102	107222	92664
1	2102	2093	2052
2	2102	1741	1701
3	2102	1937	1896
4	2102	1730	1660
5	2102	1799	1759
6	2102	67	58
7	2102	2284	2229
8	2102	1274	1231
9	2102	34	33
10	2102	2739	2670
11	2102	2361	2300
12	2102	2324	2254
13	2102	39	38
14	2102	2383	2330
15	2102	1623	1507
16	2102	2473	2416
17	2102	3292	3207
18	2102	2496	2444
19	2102	2255	2210
20	2102	3821	3703
21	2102	2513	2463
22	2102	1916	1863
23	2102	2158	2101
24	2102	2809	2740
25	2102	5521	5384
26	2102	517	490
27	2102	3627	3470
28	2102	3799	3699
29	2102	1855	1808
30	2102	1791	1737
31	2102	2336	2266
32	2102	1936	1895
33	2102	2461	2404
34	2102	2471	2399
35	2102	2421	2362
36	2102	188	181
37	2102	2570	2501
38	2102	3883	3789
39	2102	2304	2240
40	2102	1719	1665
41	2102	2473	2413
42	2102	2249	2208
43	2102	2029	1984
44	2102	2741	2655
45	2102	1748	1687
46	2102	2512	2435
47	2102	1896	1850
48	2102	2148	2109
49	2102	2161	2090
50	2102	1643	1591
51	2102	1933	1889
52	2102	2413	2337
53	2102	2674	2619
54	2102	2545	2473
55	2102	1800	1749
56	2102	1795	1747
57	2102	1806	1741
58	2102	2308	2258
59	2102	2116	2063
60	2102	2192	2136
61	2102	1208	1188
62	2102	2066	2015
63	2102	2105	2033
64	2102	1822	1755
65	2102	32	22
66	2102	2392	2330
67	2102	1893	1836
68	2102	2754	2694
69	2102	1200	1176
70	2102	2113	2067
71	2102	24	23
72	2102	2174	2126
73	2102	2415	2337
74	2102	2065	2007
75	2102	2351	2293
76	2102	2310	2248
77	2102	3038	2952
78	2102	2452	2384
79	2102	1758	1717
80	2102	2138	2073
81	2102	2808	2731
82	2102	2121	2057
83	2102	1733	1670
84	2102	2270	2214
85	2102	2178	2128
86	2102	2792	2727
87	2102	1100	1071
88	2102	1131	1098
89	2102	1275	1193
90	2102	2698	2635
91	2102	18	18
92	2102	2630	2559
93	2102	2804	2752
94	2102	3070	2984
95	2102	2436	2376
96	2102	1253	1217
97	2102	1703	1663
98	2102	2649	2588
99	2102	2638	2572
100	2102	2577	2506
101	2102	2023	1946
102	2102	2972	2895
103	2102	2449	2395
104	2102	1760	1725
105	2102	2182	2126
106	2102	2542	2478
107	2102	2238	2186
108	2102	2271	2231
109	2102	2508	2448
110	2102	2427	2379
111	2102	2126	2078
112	2102	2036	1985
113	2102	1261	1227
114	2102	2759	2679
115	2102	1983	1933
116	2102	1162	1136
117	2102	806	782
118	2102	1206	1169
119	2102	481	463
120	2102	263	245
121	2102	1809	1768
122	2102	2020	1918
123	2102	2716	2649
124	2102	2045	2001
125	2102	1985	1942
126	2102	1201	1185
127	2102	995	949
128	2102	2715	2658
129	2102	2091	2047
130	2102	2409	2353
131	2102	2579	2519
132	2102	2685	2607
133	2102	2745	2676
134	2102	2448	2397
135	2102	2084	2042
136	2102	2119	2061
137	2102	2203	2147
138	2102	2374	2292
139	2102	2360	2248
140	2102	2708	2648
141	2102	2465	2389
142	2102	2651	2571
143	2102	1778	1727
144	2102	2891	2779
145	2102	2444	2389
146	2102	1688	1655
147	2102	1779	1723
148	2102	1085	1056
149	2102	2366	2275
150	2102	3032	2971
151	2102	2033	1991
152	2102	2469	2402
153	2102	2185	2135
154	2102	1788	1725
155	2102	2330	2277
156	2102	2617	2567
157	2102	2338	2271
158	2102	2609	2545
159	2102	2176	2137
160	2102	888	869
161	2102	2149	2111
162	2102	1713	1655
163	2102	1679	1633
164	2102	1933	1885
165	2102	1813	1774
166	2102	2358	2309
167	2102	3578	3512
168	2102	1451	1412
169	2102	6	6
170	2102	9	8
171	2102	11	10
172	2102	3	3
173	2102	1366	1345
174	2102	1213	1189
175	2102	651	638
176	2102	1751	1714
177	2102	205	199
178	2102	753	734
179	2102	122	117
180	2102	332	324
181	2102	105	101
182	2102	498	483
183	2102	565	547
184	2102	2098	2056
185	2102	247	238
186	2102	1123	1092
187	2102	440	432
188	2102	17568	17165
189	2102	2277	2229
190	2102	1578	1547
191	2102	3822	3751
192	2102	930	903
193	2102	2761	2706
194	2102	479	458
195	2102	592	574
196	2102	603	584
197	2102	210	204
198	2102	215	212
199	2102	704	694
200	2102	5604	5488
201	2102	1919	1874
202	2102	2762	2705
203	2102	448	438
204	2102	76	71
205	2102	795	768
206	2102	6923	6770
207	2102	5240	5126
208	2102	2021	1971
209	2102	2201	2155
210	2102	2035	1989
211	2102	365	352
212	2102	297	282
213	2102	4864	4751
214	2102	922	897
215	2102	3743	3667
216	2102	5615	5500
217	2102	497	482
218	2102	12220	11940
219	2102	4533	4449
220	2102	4653	4564
221	2102	5493	5391
222	2102	2817	2758
223	2102	4770	4674
224	2102	2412	2360
225	2102	9377	9190
226	2102	1558	1528
227	2102	4938	4866
228	2102	4279	4194
229	2102	2409	2363
230	2102	1765	1727
231	2102	1465	1440
232	2102	834	824
233	2102	302	297
234	2102	744	730
235	2102	319	310
236	2102	584	570
237	2102	57	55
238	2102	1015	983
239	2102	277	268
240	2102	2298	2250
241	2102	832	813
242	2102	749	731
243	2102	258	252
244	2102	5950	5833
245	2102	327	318
246	2102	1425	1395
247	2102	1849	1814
248	2102	3882	3812
249	2102	4221	4143
250	2102	260	253
251	2102	390	384
252	2102	843	819
253	2102	83	80
254	2102	127	120
255	2102	129	129
256	2102	2742	2687
257	2102	2189	2141
258	2102	3330	3258
259	2102	764	754
260	2102	686	677
261	2102	166	162
262	2102	270	267
263	2102	374	363
264	2102	349	343
265	2102	226	219
266	2102	2313	2263
267	2102	432	417
268	2102	390	386
269	2102	3471	3413
270	2102	770	749
271	2102	2903	2847
272	2102	1258	1226
273	2102	142	140
274	2102	3839	3751
275	2102	2295	2246
276	2102	4463	4369
277	2102	1949	1913
278	2102	3112	3050
279	2102	3521	3447
280	2102	1000	987
281	2102	3673	3595
282	2102	2913	2857
283	2102	4539	4468
284	2102	4408	4330
285	2102	259	252
286	2102	593	583
287	2102	624	618
288	2102	1527	1495
289	2102	79	76
290	2102	677	659
291	2102	738	724
292	2102	430	421
293	2102	25	25
294	2102	274	268
295	2102	430	424
296	2102	2306	2265
297	2102	994	976
298	2102	1295	1273
299	2102	227	224
300	2102	4049	3968
301	2102	829	806
302	2102	1073	1038
303	2102	2811	2745
304	2102	717	701
305	2102	587	565
306	2102	681	669
307	2102	330	323
308	2102	748	731
309	2102	50	48
310	2102	62	58
311	2102	385	369
312	2102	2146	2106
313	2102	1223	1194
314	2102	1554	1514
315	2102	85	80
316	2102	189	186
317	2102	1528	1499
318	2102	5114	5006
319	2102	1950	1908
320	2102	551	541
321	2102	2604	2553
322	2102	1782	1745
323	2102	203	199
324	2102	371	364
325	2102	105	104
326	2102	595	583
327	2102	557	542
328	2102	453	441
329	2102	167	163
330	2102	7322	7195
331	2102	1406	1379
332	2102	2919	2841
333	2102	2720	2658
334	2102	4294	4185
335	2102	3157	3104
336	2102	1361	1335
337	2102	2712	2677
338	2102	5783	5654
339	2102	5585	5495
340	2102	10269	10048
341	2102	8	7
342	2102	10	9
343	2102	1	1
0	2103	109768	94831
1	2103	2069	2008
2	2103	1763	1717
3	2103	1989	1945
4	2103	1842	1784
5	2103	1733	1688
6	2103	90	82
7	2103	2275	2228
8	2103	1227	1180
9	2103	29	22
10	2103	2761	2671
11	2103	2345	2283
12	2103	2371	2296
13	2103	25	22
14	2103	2341	2270
15	2103	1619	1503
16	2103	2487	2411
17	2103	3270	3189
18	2103	2364	2296
19	2103	2313	2263
20	2103	3602	3520
21	2103	2495	2431
22	2103	2040	1990
23	2103	2106	2058
24	2103	2839	2766
25	2103	5487	5339
26	2103	590	565
27	2103	3484	3318
28	2103	3704	3608
29	2103	1746	1693
30	2103	1880	1815
31	2103	2229	2154
32	2103	1990	1933
33	2103	2496	2414
34	2103	2674	2599
35	2103	2306	2251
36	2103	196	186
37	2103	2480	2413
38	2103	3903	3791
39	2103	2385	2324
40	2103	1663	1616
41	2103	2387	2328
42	2103	2239	2184
43	2103	2071	2014
44	2103	2669	2589
45	2103	1765	1698
46	2103	2568	2481
47	2103	1767	1717
48	2103	2173	2110
49	2103	2282	2216
50	2103	1599	1544
51	2103	1842	1788
52	2103	2392	2317
53	2103	2681	2604
54	2103	2513	2428
55	2103	1847	1800
56	2103	1827	1769
57	2103	1816	1750
58	2103	2289	2214
59	2103	2019	1955
60	2103	2184	2140
61	2103	1160	1127
62	2103	1939	1889
63	2103	1916	1867
64	2103	1824	1760
65	2103	39	32
66	2103	2316	2262
67	2103	2044	1992
68	2103	2735	2671
69	2103	1174	1149
70	2103	2023	1966
71	2103	34	34
72	2103	2205	2143
73	2103	2407	2330
74	2103	2244	2184
75	2103	2244	2174
76	2103	2404	2342
77	2103	3031	2958
78	2103	2507	2440
79	2103	1894	1832
80	2103	2048	1994
81	2103	2841	2771
82	2103	2063	2009
83	2103	1733	1651
84	2103	2250	2190
85	2103	2085	2030
86	2103	2774	2702
87	2103	1082	1036
88	2103	1142	1105
89	2103	1288	1214
90	2103	2758	2678
91	2103	24	24
92	2103	2713	2643
93	2103	2886	2802
94	2103	2976	2904
95	2103	2472	2402
96	2103	1409	1366
97	2103	1668	1638
98	2103	2520	2444
99	2103	2443	2369
100	2103	2435	2364
101	2103	1921	1847
102	2103	2924	2855
103	2103	2595	2540
104	2103	1675	1631
105	2103	2119	2067
106	2103	2649	2577
107	2103	2220	2158
108	2103	2209	2147
109	2103	2535	2466
110	2103	2378	2321
111	2103	2203	2163
112	2103	2044	1980
113	2103	1334	1305
114	2103	2654	2584
115	2103	1956	1903
116	2103	1077	1053
117	2103	768	741
118	2103	1225	1180
119	2103	524	512
120	2103	280	268
121	2103	1849	1809
122	2103	1935	1804
123	2103	2664	2591
124	2103	2135	2080
125	2103	2027	1987
126	2103	1124	1085
127	2103	988	921
128	2103	2704	2637
129	2103	1971	1930
130	2103	2371	2307
131	2103	2417	2359
132	2103	2627	2553
133	2103	2797	2714
134	2103	2525	2454
135	2103	2004	1964
136	2103	2026	1970
137	2103	2135	2076
138	2103	2374	2301
139	2103	2293	2205
140	2103	2633	2566
141	2103	2398	2328
142	2103	2617	2541
143	2103	1739	1671
144	2103	2830	2708
145	2103	2453	2390
146	2103	1630	1577
147	2103	1837	1784
148	2103	923	897
149	2103	2428	2349
150	2103	2925	2845
151	2103	2108	2051
152	2103	2399	2320
153	2103	2178	2134
154	2103	1870	1818
155	2103	2333	2269
156	2103	2593	2544
157	2103	2556	2486
158	2103	2523	2462
159	2103	2096	2052
160	2103	912	895
161	2103	2104	2056
162	2103	1675	1631
163	2103	1688	1655
164	2103	1840	1810
165	2103	1752	1708
166	2103	2483	2427
167	2103	3642	3561
168	2103	1426	1393
169	2103	5	5
170	2103	15	13
171	2103	11	10
172	2103	5	5
173	2103	1339	1299
174	2103	1178	1155
175	2103	675	658
176	2103	1797	1762
177	2103	215	205
178	2103	766	752
179	2103	132	128
180	2103	294	284
181	2103	103	97
182	2103	521	498
183	2103	572	558
184	2103	1927	1878
185	2103	273	268
186	2103	1044	1015
187	2103	447	434
188	2103	17263	16892
189	2103	2298	2252
190	2103	1460	1439
191	2103	3943	3872
192	2103	901	889
193	2103	2944	2890
194	2103	523	509
195	2103	621	606
196	2103	592	582
197	2103	195	192
198	2103	245	243
199	2103	707	689
200	2103	5518	5415
201	2103	1925	1895
202	2103	2750	2681
203	2103	535	528
204	2103	91	89
205	2103	826	809
206	2103	6934	6813
207	2103	5171	5065
208	2103	1997	1944
209	2103	2257	2213
210	2103	1957	1920
211	2103	415	401
212	2103	299	279
213	2103	4710	4611
214	2103	907	886
215	2103	3944	3854
216	2103	5464	5352
217	2103	521	500
218	2103	12182	11933
219	2103	4667	4589
220	2103	4514	4403
221	2103	5564	5447
222	2103	2724	2681
223	2103	4848	4766
224	2103	2433	2396
225	2103	9108	8964
226	2103	1591	1564
227	2103	4828	4733
228	2103	4153	4076
229	2103	2463	2416
230	2103	1782	1743
231	2103	1523	1494
232	2103	891	879
233	2103	289	284
234	2103	797	775
235	2103	329	316
236	2103	562	552
237	2103	48	45
238	2103	1041	1009
239	2103	305	294
240	2103	2320	2266
241	2103	928	911
242	2103	708	695
243	2103	256	251
244	2103	5893	5798
245	2103	287	278
246	2103	1417	1399
247	2103	2022	1979
248	2103	3825	3761
249	2103	4049	3969
250	2103	251	248
251	2103	402	398
252	2103	922	907
253	2103	78	76
254	2103	136	131
255	2103	147	145
256	2103	2837	2775
257	2103	2358	2313
258	2103	3218	3139
259	2103	802	789
260	2103	723	705
261	2103	192	187
262	2103	244	241
263	2103	388	382
264	2103	326	322
265	2103	222	219
266	2103	2265	2218
267	2103	475	466
268	2103	455	445
269	2103	3510	3439
270	2103	727	710
271	2103	2854	2796
272	2103	1192	1167
273	2103	147	144
274	2103	3908	3814
275	2103	2182	2138
276	2103	4411	4322
277	2103	1936	1903
278	2103	3188	3101
279	2103	3583	3517
280	2103	999	979
281	2103	3684	3614
282	2103	2978	2921
283	2103	4517	4440
284	2103	4366	4278
285	2103	256	251
286	2103	609	592
287	2103	612	602
288	2103	1574	1536
289	2103	87	84
290	2103	728	709
291	2103	707	697
292	2103	452	449
293	2103	43	41
294	2103	268	262
295	2103	458	451
296	2103	2348	2313
297	2103	984	969
298	2103	1338	1321
299	2103	262	255
300	2103	3976	3908
301	2103	862	845
302	2103	1175	1152
303	2103	2878	2826
304	2103	759	742
305	2103	648	642
306	2103	638	618
307	2103	378	367
308	2103	763	743
309	2103	59	56
310	2103	69	64
311	2103	381	370
312	2103	2049	2018
313	2103	1226	1200
314	2103	1527	1488
315	2103	70	70
316	2103	191	187
317	2103	1464	1432
318	2103	5019	4924
319	2103	2020	1980
320	2103	580	568
321	2103	2650	2600
322	2103	1826	1783
323	2103	157	154
324	2103	361	354
325	2103	111	110
326	2103	564	552
327	2103	505	495
328	2103	455	451
329	2103	169	163
330	2103	7135	6995
331	2103	1439	1424
332	2103	2898	2854
333	2103	2636	2590
334	2103	4286	4191
335	2103	3134	3082
336	2103	1309	1280
337	2103	2636	2590
338	2103	5828	5715
339	2103	5638	5557
340	2103	10316	10116
341	2103	8	7
342	2103	18	14
343	2103	7	6
0	2104	111292	95731
1	2104	2027	1958
2	2104	1806	1755
3	2104	1986	1933
4	2104	1756	1689
5	2104	1886	1844
6	2104	62	56
7	2104	2297	2236
8	2104	1253	1206
9	2104	39	30
10	2104	2735	2653
11	2104	2282	2217
12	2104	2254	2173
13	2104	38	35
14	2104	2326	2261
15	2104	1638	1518
16	2104	2458	2385
17	2104	3395	3289
18	2104	2464	2389
19	2104	2324	2269
20	2104	3685	3565
21	2104	2487	2427
22	2104	1981	1919
23	2104	2091	2044
24	2104	2715	2648
25	2104	5626	5482
26	2104	559	533
27	2104	3425	3256
28	2104	3721	3608
29	2104	1761	1696
30	2104	1788	1733
31	2104	2287	2217
32	2104	1865	1804
33	2104	2502	2440
34	2104	2405	2345
35	2104	2259	2209
36	2104	178	173
37	2104	2504	2431
38	2104	4131	4016
39	2104	2315	2243
40	2104	1731	1656
41	2104	2304	2238
42	2104	2216	2148
43	2104	2166	2110
44	2104	2768	2688
45	2104	1760	1686
46	2104	2539	2465
47	2104	1900	1851
48	2104	2173	2115
49	2104	2265	2198
50	2104	1613	1566
51	2104	1937	1883
52	2104	2426	2339
53	2104	2778	2704
54	2104	2529	2451
55	2104	1726	1669
56	2104	1903	1847
57	2104	1799	1734
58	2104	2353	2275
59	2104	2110	2035
60	2104	2253	2185
61	2104	1058	1029
62	2104	2095	2035
63	2104	2058	1995
64	2104	1782	1700
65	2104	37	31
66	2104	2457	2385
67	2104	1930	1879
68	2104	2818	2717
69	2104	1285	1251
70	2104	2104	2047
71	2104	36	32
72	2104	2227	2169
73	2104	2515	2437
74	2104	2158	2099
75	2104	2389	2307
76	2104	2471	2386
77	2104	3231	3145
78	2104	2515	2450
79	2104	1915	1854
80	2104	2031	1955
81	2104	2754	2669
82	2104	2076	2013
83	2104	1598	1521
84	2104	2302	2217
85	2104	2108	2059
86	2104	2884	2803
87	2104	1149	1096
88	2104	1241	1204
89	2104	1268	1212
90	2104	2809	2727
91	2104	11	10
92	2104	2686	2601
93	2104	2856	2789
94	2104	2987	2892
95	2104	2470	2395
96	2104	1372	1321
97	2104	1731	1693
98	2104	2505	2425
99	2104	2587	2494
100	2104	2546	2495
101	2104	1935	1859
102	2104	2880	2808
103	2104	2548	2493
104	2104	1742	1692
105	2104	2245	2182
106	2104	2453	2383
107	2104	2236	2163
108	2104	2299	2239
109	2104	2459	2389
110	2104	2382	2330
111	2104	2117	2057
112	2104	2220	2154
113	2104	1304	1265
114	2104	2642	2558
115	2104	2115	2052
116	2104	1108	1075
117	2104	721	696
118	2104	1209	1174
119	2104	532	514
120	2104	282	266
121	2104	1789	1737
122	2104	1970	1846
123	2104	2666	2580
124	2104	2136	2071
125	2104	2095	2030
126	2104	1205	1175
127	2104	1054	994
128	2104	2804	2735
129	2104	2070	2015
130	2104	2414	2339
131	2104	2551	2464
132	2104	2597	2534
133	2104	2679	2608
134	2104	2439	2379
135	2104	2097	2046
136	2104	2031	1967
137	2104	2203	2151
138	2104	2295	2198
139	2104	2320	2195
140	2104	2695	2622
141	2104	2311	2230
142	2104	2645	2571
143	2104	1802	1723
144	2104	2808	2697
145	2104	2320	2254
146	2104	1683	1627
147	2104	1769	1722
148	2104	1024	991
149	2104	2352	2251
150	2104	2947	2859
151	2104	2017	1968
152	2104	2478	2402
153	2104	2255	2197
154	2104	1902	1829
155	2104	2335	2265
156	2104	2519	2460
157	2104	2452	2376
158	2104	2634	2560
159	2104	2088	2036
160	2104	936	914
161	2104	2114	2058
162	2104	1659	1607
163	2104	1810	1757
164	2104	1837	1793
165	2104	1783	1738
166	2104	2438	2370
167	2104	3612	3540
168	2104	1357	1329
169	2104	6	6
170	2104	13	11
171	2104	16	13
172	2104	8	8
173	2104	1399	1373
174	2104	1167	1134
175	2104	662	638
176	2104	1880	1836
177	2104	200	190
178	2104	716	698
179	2104	105	104
180	2104	303	292
181	2104	101	97
182	2104	529	506
183	2104	560	540
184	2104	2111	2070
185	2104	310	299
186	2104	1135	1090
187	2104	467	452
188	2104	17202	16817
189	2104	2315	2263
190	2104	1483	1464
191	2104	3926	3855
192	2104	921	903
193	2104	2839	2782
194	2104	437	420
195	2104	612	604
196	2104	580	569
197	2104	223	215
198	2104	215	211
199	2104	749	732
200	2104	5700	5580
201	2104	1988	1936
202	2104	2704	2657
203	2104	484	473
204	2104	91	83
205	2104	864	834
206	2104	6789	6651
207	2104	5231	5120
208	2104	1931	1879
209	2104	2244	2181
210	2104	1961	1907
211	2104	377	368
212	2104	290	275
213	2104	4765	4646
214	2104	887	867
215	2104	4046	3961
216	2104	5540	5429
217	2104	480	466
218	2104	12091	11816
219	2104	4591	4500
220	2104	4666	4584
221	2104	5515	5415
222	2104	3038	2976
223	2104	4963	4848
224	2104	2430	2390
225	2104	8986	8813
226	2104	1618	1582
227	2104	4816	4732
228	2104	4229	4133
229	2104	2586	2524
230	2104	1694	1657
231	2104	1439	1408
232	2104	763	742
233	2104	334	327
234	2104	805	791
235	2104	308	294
236	2104	559	551
237	2104	59	55
238	2104	1089	1057
239	2104	311	302
240	2104	2317	2269
241	2104	946	919
242	2104	775	765
243	2104	240	236
244	2104	6012	5871
245	2104	268	262
246	2104	1402	1367
247	2104	1983	1934
248	2104	3752	3678
249	2104	4228	4126
250	2104	261	256
251	2104	347	337
252	2104	914	897
253	2104	71	69
254	2104	109	103
255	2104	139	135
256	2104	2761	2708
257	2104	2286	2234
258	2104	3308	3220
259	2104	797	780
260	2104	795	776
261	2104	200	198
262	2104	251	245
263	2104	397	387
264	2104	321	310
265	2104	201	199
266	2104	2192	2140
267	2104	414	406
268	2104	397	389
269	2104	3586	3514
270	2104	764	746
271	2104	2818	2752
272	2104	1274	1253
273	2104	130	126
274	2104	3931	3853
275	2104	2357	2318
276	2104	4423	4350
277	2104	2071	2040
278	2104	3075	3006
279	2104	3545	3481
280	2104	989	958
281	2104	3611	3545
282	2104	3035	2969
283	2104	4490	4397
284	2104	4364	4289
285	2104	276	264
286	2104	612	594
287	2104	654	636
288	2104	1569	1531
289	2104	103	101
290	2104	641	627
291	2104	739	725
292	2104	475	470
293	2104	44	44
294	2104	310	302
295	2104	486	473
296	2104	2324	2280
297	2104	959	940
298	2104	1267	1241
299	2104	207	200
300	2104	4064	3978
301	2104	826	816
302	2104	1084	1054
303	2104	2807	2745
304	2104	779	764
305	2104	615	602
306	2104	626	613
307	2104	440	431
308	2104	856	834
309	2104	50	48
310	2104	76	69
311	2104	368	363
312	2104	1920	1878
313	2104	1157	1121
314	2104	1559	1522
315	2104	87	82
316	2104	168	166
317	2104	1544	1510
318	2104	5055	4936
319	2104	2018	1985
320	2104	536	518
321	2104	2608	2532
322	2104	1823	1782
323	2104	176	169
324	2104	348	338
325	2104	104	100
326	2104	559	539
327	2104	511	493
328	2104	502	480
329	2104	164	158
330	2104	7320	7157
331	2104	1413	1379
332	2104	2900	2852
333	2104	2577	2526
334	2104	4173	4091
335	2104	3206	3135
336	2104	1328	1303
337	2104	2681	2615
338	2104	5780	5648
339	2104	5685	5599
340	2104	10183	9994
341	2104	8	7
342	2104	23	19
343	2104	8	8
0	2105	112667	97582
1	2105	2141	2101
2	2105	1704	1665
3	2105	2071	2020
4	2105	1819	1742
5	2105	1764	1718
6	2105	80	74
7	2105	2281	2228
8	2105	1262	1218
9	2105	34	31
10	2105	2774	2685
11	2105	2397	2337
12	2105	2218	2155
13	2105	51	42
14	2105	2410	2345
15	2105	1667	1550
16	2105	2433	2366
17	2105	3323	3221
18	2105	2503	2438
19	2105	2380	2312
20	2105	3705	3600
21	2105	2570	2504
22	2105	1991	1926
23	2105	2275	2225
24	2105	2739	2667
25	2105	5535	5401
26	2105	540	509
27	2105	3460	3319
28	2105	3862	3755
29	2105	1785	1730
30	2105	1776	1722
31	2105	2258	2197
32	2105	1858	1813
33	2105	2399	2346
34	2105	2458	2405
35	2105	2359	2295
36	2105	176	166
37	2105	2515	2466
38	2105	4121	4012
39	2105	2402	2328
40	2105	1670	1618
41	2105	2345	2288
42	2105	2146	2090
43	2105	2037	1993
44	2105	2870	2787
45	2105	1753	1686
46	2105	2448	2381
47	2105	1825	1776
48	2105	2153	2104
49	2105	2197	2145
50	2105	1696	1639
51	2105	1908	1879
52	2105	2448	2361
53	2105	2558	2510
54	2105	2640	2564
55	2105	1807	1760
56	2105	1951	1880
57	2105	1827	1778
58	2105	2299	2235
59	2105	2132	2080
60	2105	2178	2121
61	2105	1185	1152
62	2105	1944	1896
63	2105	1988	1930
64	2105	1671	1617
65	2105	53	46
66	2105	2450	2397
67	2105	1841	1801
68	2105	2879	2812
69	2105	1183	1155
70	2105	2130	2061
71	2105	25	24
72	2105	2387	2319
73	2105	2422	2360
74	2105	2255	2204
75	2105	2266	2207
76	2105	2300	2234
77	2105	3161	3063
78	2105	2386	2319
79	2105	1889	1841
80	2105	2114	2051
81	2105	2711	2638
82	2105	2184	2115
83	2105	1739	1654
84	2105	2240	2173
85	2105	2048	2001
86	2105	2749	2669
87	2105	1160	1122
88	2105	1204	1175
89	2105	1259	1199
90	2105	2692	2629
91	2105	28	26
92	2105	2701	2629
93	2105	2735	2671
94	2105	2999	2898
95	2105	2525	2453
96	2105	1319	1273
97	2105	1647	1617
98	2105	2566	2506
99	2105	2605	2542
100	2105	2518	2465
101	2105	1962	1892
102	2105	3014	2941
103	2105	2653	2588
104	2105	1691	1652
105	2105	2231	2184
106	2105	2577	2485
107	2105	2365	2308
108	2105	2203	2146
109	2105	2557	2510
110	2105	2356	2299
111	2105	2114	2065
112	2105	2045	2006
113	2105	1271	1252
114	2105	2699	2636
115	2105	2018	1967
116	2105	1096	1061
117	2105	731	705
118	2105	1158	1127
119	2105	493	486
120	2105	271	252
121	2105	1856	1813
122	2105	1918	1807
123	2105	2703	2640
124	2105	2148	2092
125	2105	2123	2069
126	2105	1257	1221
127	2105	961	906
128	2105	2881	2796
129	2105	2092	2043
130	2105	2412	2348
131	2105	2391	2333
132	2105	2554	2498
133	2105	2772	2719
134	2105	2395	2321
135	2105	1991	1938
136	2105	2092	2033
137	2105	2122	2087
138	2105	2432	2357
139	2105	2320	2224
140	2105	2752	2688
141	2105	2332	2254
142	2105	2660	2596
143	2105	1779	1725
144	2105	2941	2821
145	2105	2348	2295
146	2105	1650	1605
147	2105	1757	1722
148	2105	1066	1035
149	2105	2426	2337
150	2105	2951	2881
151	2105	1995	1934
152	2105	2472	2401
153	2105	2085	2039
154	2105	1790	1736
155	2105	2192	2150
156	2105	2461	2402
157	2105	2491	2420
158	2105	2416	2355
159	2105	2134	2084
160	2105	922	892
161	2105	2106	2057
162	2105	1713	1668
163	2105	1745	1716
164	2105	1830	1791
165	2105	1801	1765
166	2105	2549	2477
167	2105	3566	3483
168	2105	1436	1401
169	2105	6	6
170	2105	16	13
171	2105	13	13
172	2105	8	6
173	2105	1345	1321
174	2105	1145	1117
175	2105	715	697
176	2105	1882	1836
177	2105	204	193
178	2105	734	705
179	2105	123	114
180	2105	296	289
181	2105	96	92
182	2105	580	565
183	2105	605	593
184	2105	2122	2072
185	2105	286	277
186	2105	1088	1045
187	2105	499	487
188	2105	17325	16862
189	2105	2248	2206
190	2105	1602	1575
191	2105	3784	3713
192	2105	967	947
193	2105	2946	2873
194	2105	475	457
195	2105	645	631
196	2105	579	568
197	2105	202	199
198	2105	216	213
199	2105	690	676
200	2105	5632	5508
201	2105	1992	1952
202	2105	2722	2669
203	2105	476	466
204	2105	96	90
205	2105	867	849
206	2105	6801	6652
207	2105	5042	4937
208	2105	1907	1855
209	2105	2282	2233
210	2105	1944	1888
211	2105	418	397
212	2105	264	259
213	2105	4802	4675
214	2105	936	917
215	2105	3925	3841
216	2105	5333	5223
217	2105	517	498
218	2105	12331	12063
219	2105	4735	4628
220	2105	4635	4545
221	2105	5578	5455
222	2105	2819	2761
223	2105	5086	5006
224	2105	2519	2464
225	2105	9413	9237
226	2105	1538	1494
227	2105	4942	4861
228	2105	4170	4088
229	2105	2536	2490
230	2105	1817	1780
231	2105	1561	1535
232	2105	786	771
233	2105	303	296
234	2105	702	682
235	2105	275	269
236	2105	546	531
237	2105	70	58
238	2105	1029	1001
239	2105	303	297
240	2105	2342	2299
241	2105	865	844
242	2105	788	761
243	2105	247	239
244	2105	5804	5685
245	2105	299	291
246	2105	1488	1458
247	2105	1962	1923
248	2105	3873	3797
249	2105	4236	4143
250	2105	267	260
251	2105	413	401
252	2105	887	870
253	2105	92	88
254	2105	108	107
255	2105	129	127
256	2105	2916	2857
257	2105	2282	2238
258	2105	3309	3234
259	2105	768	756
260	2105	736	710
261	2105	185	181
262	2105	210	208
263	2105	358	345
264	2105	323	315
265	2105	201	198
266	2105	2295	2240
267	2105	427	413
268	2105	372	366
269	2105	3537	3476
270	2105	723	704
271	2105	2853	2797
272	2105	1226	1208
273	2105	139	135
274	2105	3891	3808
275	2105	2297	2251
276	2105	4328	4236
277	2105	2088	2050
278	2105	3108	3063
279	2105	3462	3397
280	2105	1048	1027
281	2105	3676	3593
282	2105	3015	2965
283	2105	4412	4343
284	2105	4321	4250
285	2105	243	236
286	2105	558	549
287	2105	632	627
288	2105	1501	1467
289	2105	70	67
290	2105	688	674
291	2105	731	712
292	2105	395	390
293	2105	35	33
294	2105	281	273
295	2105	431	422
296	2105	2338	2290
297	2105	1017	988
298	2105	1340	1313
299	2105	217	210
300	2105	4086	4011
301	2105	790	772
302	2105	1023	1004
303	2105	2760	2714
304	2105	730	716
305	2105	645	629
306	2105	637	621
307	2105	425	413
308	2105	735	714
309	2105	47	45
310	2105	63	59
311	2105	365	355
312	2105	1989	1949
313	2105	1173	1156
314	2105	1685	1648
315	2105	100	94
316	2105	196	190
317	2105	1529	1496
318	2105	5105	4996
319	2105	2129	2094
320	2105	542	528
321	2105	2648	2600
322	2105	1816	1775
323	2105	177	171
324	2105	356	344
325	2105	120	116
326	2105	580	566
327	2105	453	440
328	2105	473	460
329	2105	168	164
330	2105	7303	7142
331	2105	1338	1313
332	2105	2923	2861
333	2105	2639	2583
334	2105	4187	4094
335	2105	3123	3069
336	2105	1403	1379
337	2105	2597	2548
338	2105	5703	5585
339	2105	5694	5585
340	2105	10251	10033
341	2105	8	8
342	2105	21	20
343	2105	10	10
0	2106	110766	95948
1	2106	2050	2002
2	2106	1752	1710
3	2106	2065	2016
4	2106	1843	1781
5	2106	1852	1812
6	2106	82	74
7	2106	2273	2219
8	2106	1149	1108
9	2106	27	26
10	2106	2818	2726
11	2106	2254	2200
12	2106	2203	2129
13	2106	37	35
14	2106	2380	2319
15	2106	1584	1476
16	2106	2375	2309
17	2106	3175	3103
18	2106	2444	2389
19	2106	2241	2189
20	2106	3732	3636
21	2106	2590	2515
22	2106	1949	1907
23	2106	2180	2128
24	2106	2744	2662
25	2106	5463	5323
26	2106	580	550
27	2106	3574	3428
28	2106	3839	3710
29	2106	1757	1682
30	2106	1808	1747
31	2106	2191	2142
32	2106	1740	1693
33	2106	2400	2348
34	2106	2609	2544
35	2106	2319	2267
36	2106	170	159
37	2106	2436	2374
38	2106	3846	3759
39	2106	2324	2256
40	2106	1615	1566
41	2106	2310	2241
42	2106	2297	2226
43	2106	2144	2094
44	2106	2823	2751
45	2106	1775	1699
46	2106	2549	2497
47	2106	1807	1757
48	2106	2116	2071
49	2106	2239	2176
50	2106	1604	1554
51	2106	1882	1846
52	2106	2434	2371
53	2106	2690	2623
54	2106	2630	2549
55	2106	1725	1666
56	2106	1885	1820
57	2106	1789	1739
58	2106	2354	2301
59	2106	2106	2051
60	2106	2222	2143
61	2106	1257	1224
62	2106	2051	2004
63	2106	1976	1906
64	2106	1899	1826
65	2106	45	37
66	2106	2446	2372
67	2106	1962	1920
68	2106	2880	2788
69	2106	1097	1073
70	2106	2101	2056
71	2106	30	29
72	2106	2269	2217
73	2106	2316	2260
74	2106	2120	2050
75	2106	2188	2140
76	2106	2269	2204
77	2106	3186	3101
78	2106	2408	2351
79	2106	1845	1811
80	2106	2083	2021
81	2106	2840	2760
82	2106	2112	2039
83	2106	1779	1712
84	2106	2367	2296
85	2106	2143	2095
86	2106	2852	2781
87	2106	1166	1122
88	2106	1255	1215
89	2106	1319	1246
90	2106	2645	2573
91	2106	23	22
92	2106	2618	2552
93	2106	2644	2587
94	2106	3014	2913
95	2106	2398	2320
96	2106	1303	1251
97	2106	1632	1601
98	2106	2526	2444
99	2106	2502	2440
100	2106	2563	2500
101	2106	1875	1814
102	2106	2962	2883
103	2106	2578	2532
104	2106	1602	1566
105	2106	2291	2241
106	2106	2659	2590
107	2106	2227	2160
108	2106	2194	2162
109	2106	2409	2356
110	2106	2425	2366
111	2106	2114	2074
112	2106	2064	2012
113	2106	1374	1344
114	2106	2682	2596
115	2106	1983	1935
116	2106	1160	1124
117	2106	706	691
118	2106	1219	1181
119	2106	521	512
120	2106	278	261
121	2106	1908	1861
122	2106	1994	1875
123	2106	2712	2642
124	2106	2286	2242
125	2106	2093	2042
126	2106	1117	1085
127	2106	928	879
128	2106	2732	2667
129	2106	2046	1995
130	2106	2295	2223
131	2106	2530	2468
132	2106	2601	2515
133	2106	2735	2677
134	2106	2380	2315
135	2106	2164	2108
136	2106	1998	1952
137	2106	2244	2195
138	2106	2320	2266
139	2106	2379	2273
140	2106	2695	2633
141	2106	2478	2400
142	2106	2568	2513
143	2106	1798	1722
144	2106	2771	2671
145	2106	2398	2342
146	2106	1624	1578
147	2106	1799	1738
148	2106	997	969
149	2106	2282	2212
150	2106	3070	3006
151	2106	1896	1857
152	2106	2487	2413
153	2106	2122	2083
154	2106	1840	1790
155	2106	2378	2316
156	2106	2639	2580
157	2106	2497	2427
158	2106	2597	2545
159	2106	2160	2117
160	2106	945	914
161	2106	2048	2000
162	2106	1776	1716
163	2106	1832	1796
164	2106	1935	1888
165	2106	1844	1791
166	2106	2638	2560
167	2106	3575	3499
168	2106	1428	1389
169	2106	6	6
170	2106	12	12
171	2106	12	11
172	2106	9	9
173	2106	1315	1282
174	2106	1139	1114
175	2106	651	638
176	2106	1876	1843
177	2106	194	179
178	2106	729	715
179	2106	123	114
180	2106	279	270
181	2106	83	82
182	2106	563	535
183	2106	552	537
184	2106	2143	2096
185	2106	249	244
186	2106	1035	1005
187	2106	477	465
188	2106	17295	16908
189	2106	2337	2307
190	2106	1523	1496
191	2106	3860	3794
192	2106	942	916
193	2106	2914	2852
194	2106	507	500
195	2106	604	588
196	2106	544	533
197	2106	220	210
198	2106	220	214
199	2106	735	721
200	2106	5732	5634
201	2106	1948	1917
202	2106	2752	2694
203	2106	457	449
204	2106	88	85
205	2106	848	826
206	2106	6659	6532
207	2106	5051	4943
208	2106	1893	1846
209	2106	2124	2080
210	2106	1981	1942
211	2106	359	347
212	2106	301	293
213	2106	4710	4610
214	2106	927	907
215	2106	3808	3743
216	2106	5453	5326
217	2106	534	519
218	2106	12287	12043
219	2106	4658	4581
220	2106	4608	4526
221	2106	5297	5203
222	2106	2809	2764
223	2106	4834	4743
224	2106	2571	2521
225	2106	9083	8922
226	2106	1565	1531
227	2106	4721	4630
228	2106	4239	4176
229	2106	2501	2447
230	2106	1758	1727
231	2106	1512	1485
232	2106	845	827
233	2106	285	277
234	2106	765	743
235	2106	319	311
236	2106	552	542
237	2106	75	69
238	2106	1021	986
239	2106	279	277
240	2106	2308	2271
241	2106	937	916
242	2106	754	736
243	2106	232	231
244	2106	6004	5894
245	2106	271	265
246	2106	1367	1346
247	2106	1860	1827
248	2106	3764	3691
249	2106	4075	4008
250	2106	299	284
251	2106	406	394
252	2106	849	833
253	2106	72	70
254	2106	115	113
255	2106	140	136
256	2106	2639	2574
257	2106	2391	2344
258	2106	3275	3216
259	2106	697	687
260	2106	754	746
261	2106	199	194
262	2106	256	246
263	2106	358	347
264	2106	322	317
265	2106	217	213
266	2106	2307	2268
267	2106	471	463
268	2106	382	376
269	2106	3357	3293
270	2106	744	722
271	2106	2815	2773
272	2106	1203	1178
273	2106	160	159
274	2106	3924	3854
275	2106	2292	2254
276	2106	4193	4120
277	2106	1985	1961
278	2106	3212	3145
279	2106	3544	3472
280	2106	1054	1024
281	2106	3627	3563
282	2106	2900	2855
283	2106	4377	4308
284	2106	4379	4302
285	2106	312	309
286	2106	583	569
287	2106	593	584
288	2106	1655	1617
289	2106	93	91
290	2106	595	582
291	2106	767	758
292	2106	480	468
293	2106	33	31
294	2106	231	227
295	2106	472	463
296	2106	2245	2211
297	2106	931	918
298	2106	1307	1274
299	2106	228	221
300	2106	4041	3977
301	2106	788	773
302	2106	1107	1084
303	2106	2861	2808
304	2106	729	713
305	2106	654	641
306	2106	611	596
307	2106	372	367
308	2106	805	796
309	2106	43	41
310	2106	58	54
311	2106	377	365
312	2106	2042	2008
313	2106	1157	1137
314	2106	1586	1559
315	2106	92	88
316	2106	194	188
317	2106	1541	1518
318	2106	5099	4997
319	2106	1927	1889
320	2106	513	502
321	2106	2640	2589
322	2106	1831	1790
323	2106	189	185
324	2106	372	361
325	2106	122	121
326	2106	575	571
327	2106	542	529
328	2106	485	476
329	2106	160	157
330	2106	7311	7174
331	2106	1319	1289
332	2106	2881	2824
333	2106	2773	2722
334	2106	4244	4170
335	2106	3154	3101
336	2106	1349	1320
337	2106	2554	2505
338	2106	5600	5488
339	2106	5665	5580
340	2106	10350	10142
341	2106	5	5
342	2106	17	16
343	2106	10	10
0	2107	115115	99394
1	2107	2013	1960
2	2107	1625	1582
3	2107	2022	1976
4	2107	1762	1702
5	2107	1781	1734
6	2107	77	72
7	2107	2343	2282
8	2107	1283	1233
9	2107	40	38
10	2107	2801	2725
11	2107	2319	2259
12	2107	2394	2326
13	2107	49	46
14	2107	2295	2241
15	2107	1654	1539
16	2107	2585	2493
17	2107	3413	3319
18	2107	2473	2397
19	2107	2250	2195
20	2107	3817	3712
21	2107	2468	2403
22	2107	2011	1952
23	2107	2271	2209
24	2107	2856	2774
25	2107	5700	5561
26	2107	559	536
27	2107	3540	3369
28	2107	3854	3753
29	2107	1735	1669
30	2107	1835	1783
31	2107	2404	2349
32	2107	1884	1833
33	2107	2418	2353
34	2107	2431	2371
35	2107	2360	2297
36	2107	174	170
37	2107	2523	2464
38	2107	4056	3945
39	2107	2386	2315
40	2107	1632	1586
41	2107	2474	2409
42	2107	2192	2128
43	2107	2100	2052
44	2107	2927	2846
45	2107	1721	1651
46	2107	2546	2460
47	2107	1878	1818
48	2107	2089	2021
49	2107	2297	2235
50	2107	1677	1608
51	2107	1796	1761
52	2107	2472	2403
53	2107	2590	2523
54	2107	2652	2562
55	2107	1786	1739
56	2107	1960	1892
57	2107	1846	1788
58	2107	2353	2286
59	2107	2042	1995
60	2107	2214	2139
61	2107	1233	1210
62	2107	1946	1893
63	2107	2018	1930
64	2107	1899	1841
65	2107	48	41
66	2107	2447	2354
67	2107	1921	1874
68	2107	2834	2762
69	2107	1155	1129
70	2107	2073	2000
71	2107	36	35
72	2107	2287	2233
73	2107	2525	2434
74	2107	2143	2074
75	2107	2397	2337
76	2107	2420	2358
77	2107	3139	3047
78	2107	2540	2472
79	2107	1946	1888
80	2107	2114	2030
81	2107	2860	2777
82	2107	2144	2077
83	2107	1672	1588
84	2107	2254	2212
85	2107	2171	2125
86	2107	2735	2663
87	2107	1085	1055
88	2107	1260	1237
89	2107	1264	1190
90	2107	2778	2688
91	2107	10	10
92	2107	2728	2644
93	2107	2774	2713
94	2107	2974	2884
95	2107	2573	2496
96	2107	1337	1299
97	2107	1710	1670
98	2107	2736	2636
99	2107	2634	2565
100	2107	2562	2500
101	2107	2047	1964
102	2107	2965	2888
103	2107	2498	2428
104	2107	1661	1623
105	2107	2208	2150
106	2107	2635	2562
107	2107	2217	2154
108	2107	2197	2138
109	2107	2523	2456
110	2107	2575	2503
111	2107	2197	2153
112	2107	2190	2133
113	2107	1353	1316
114	2107	2636	2565
115	2107	1949	1905
116	2107	1200	1172
117	2107	781	756
118	2107	1348	1303
119	2107	473	469
120	2107	249	226
121	2107	1884	1843
122	2107	1955	1840
123	2107	2728	2639
124	2107	2166	2099
125	2107	2108	2052
126	2107	1068	1038
127	2107	1007	945
128	2107	2762	2683
129	2107	2053	1995
130	2107	2457	2385
131	2107	2528	2458
132	2107	2650	2583
133	2107	2751	2680
134	2107	2374	2309
135	2107	2133	2071
136	2107	1975	1919
137	2107	2340	2287
138	2107	2341	2261
139	2107	2337	2225
140	2107	2757	2681
141	2107	2354	2273
142	2107	2652	2584
143	2107	1802	1729
144	2107	3011	2908
145	2107	2475	2419
146	2107	1687	1632
147	2107	1887	1829
148	2107	1135	1099
149	2107	2291	2191
150	2107	2984	2898
151	2107	2130	2078
152	2107	2539	2470
153	2107	2318	2267
154	2107	1778	1722
155	2107	2381	2329
156	2107	2549	2498
157	2107	2471	2393
158	2107	2537	2479
159	2107	2162	2103
160	2107	889	867
161	2107	2131	2084
162	2107	1705	1635
163	2107	1735	1684
164	2107	1801	1767
165	2107	1845	1811
166	2107	2635	2565
167	2107	3533	3463
168	2107	1476	1436
169	2107	4	4
170	2107	13	12
171	2107	14	12
172	2107	8	7
173	2107	1293	1255
174	2107	1212	1168
175	2107	685	670
176	2107	1880	1831
177	2107	209	204
178	2107	759	721
179	2107	132	126
180	2107	309	300
181	2107	136	129
182	2107	536	521
183	2107	555	538
184	2107	1983	1946
185	2107	263	255
186	2107	1055	1032
187	2107	549	535
188	2107	16975	16515
189	2107	2251	2202
190	2107	1499	1469
191	2107	3991	3899
192	2107	922	900
193	2107	3017	2949
194	2107	541	523
195	2107	588	576
196	2107	547	537
197	2107	195	188
198	2107	235	226
199	2107	751	731
200	2107	5557	5428
201	2107	1924	1876
202	2107	2844	2767
203	2107	530	512
204	2107	58	54
205	2107	837	820
206	2107	6890	6731
207	2107	5153	5017
208	2107	1932	1879
209	2107	2274	2216
210	2107	2100	2057
211	2107	355	345
212	2107	320	302
213	2107	4728	4610
214	2107	932	907
215	2107	3827	3736
216	2107	5578	5444
217	2107	493	478
218	2107	12160	11882
219	2107	4710	4633
220	2107	4659	4558
221	2107	5446	5347
222	2107	2758	2693
223	2107	4879	4787
224	2107	2487	2432
225	2107	9118	8913
226	2107	1679	1631
227	2107	4905	4796
228	2107	4233	4129
229	2107	2459	2399
230	2107	1849	1810
231	2107	1478	1439
232	2107	851	829
233	2107	279	271
234	2107	749	723
235	2107	327	317
236	2107	560	548
237	2107	71	66
238	2107	1035	999
239	2107	266	259
240	2107	2365	2311
241	2107	878	857
242	2107	752	729
243	2107	237	229
244	2107	5887	5762
245	2107	287	283
246	2107	1394	1357
247	2107	1996	1955
248	2107	3829	3757
249	2107	4170	4080
250	2107	246	239
251	2107	405	399
252	2107	900	878
253	2107	88	87
254	2107	107	105
255	2107	143	137
256	2107	2782	2720
257	2107	2350	2307
258	2107	3343	3245
259	2107	821	806
260	2107	752	734
261	2107	182	175
262	2107	233	230
263	2107	346	336
264	2107	333	327
265	2107	201	193
266	2107	2352	2298
267	2107	379	371
268	2107	382	380
269	2107	3526	3441
270	2107	753	730
271	2107	2823	2761
272	2107	1227	1198
273	2107	146	140
274	2107	3946	3842
275	2107	2230	2177
276	2107	4467	4371
277	2107	1932	1889
278	2107	2998	2925
279	2107	3467	3401
280	2107	1045	1028
281	2107	3631	3548
282	2107	3095	3023
283	2107	4451	4384
284	2107	4468	4398
285	2107	230	225
286	2107	601	589
287	2107	616	603
288	2107	1498	1464
289	2107	86	85
290	2107	642	627
291	2107	765	750
292	2107	421	411
293	2107	39	38
294	2107	293	282
295	2107	421	406
296	2107	2308	2261
297	2107	931	912
298	2107	1355	1319
299	2107	236	232
300	2107	4014	3948
301	2107	799	793
302	2107	1057	1026
303	2107	2855	2796
304	2107	716	699
305	2107	643	626
306	2107	608	583
307	2107	402	392
308	2107	859	839
309	2107	57	53
310	2107	65	56
311	2107	377	362
312	2107	2039	2002
313	2107	1172	1141
314	2107	1560	1525
315	2107	72	69
316	2107	222	218
317	2107	1578	1539
318	2107	4994	4889
319	2107	2098	2053
320	2107	586	574
321	2107	2609	2551
322	2107	1823	1785
323	2107	170	165
324	2107	390	381
325	2107	110	104
326	2107	636	617
327	2107	555	543
328	2107	499	489
329	2107	201	198
330	2107	7338	7142
331	2107	1400	1368
332	2107	2863	2811
333	2107	2655	2597
334	2107	4296	4186
335	2107	3084	3013
336	2107	1388	1357
337	2107	2592	2522
338	2107	5880	5738
339	2107	5610	5509
340	2107	10761	10539
341	2107	14	12
342	2107	11	11
343	2107	10	9
0	2108	114318	98695
1	2108	2178	2120
2	2108	1693	1644
3	2108	1899	1844
4	2108	1698	1629
5	2108	1744	1701
6	2108	74	70
7	2108	2303	2230
8	2108	1270	1210
9	2108	36	30
10	2108	2881	2778
11	2108	2319	2258
12	2108	2308	2233
13	2108	34	31
14	2108	2417	2349
15	2108	1617	1506
16	2108	2475	2393
17	2108	3397	3310
18	2108	2465	2393
19	2108	2315	2247
20	2108	3561	3461
21	2108	2577	2511
22	2108	1926	1879
23	2108	2207	2143
24	2108	2832	2757
25	2108	5599	5431
26	2108	646	604
27	2108	3565	3411
28	2108	3847	3738
29	2108	1609	1541
30	2108	1818	1756
31	2108	2229	2171
32	2108	1947	1879
33	2108	2640	2569
34	2108	2531	2450
35	2108	2547	2482
36	2108	208	198
37	2108	2605	2546
38	2108	3933	3811
39	2108	2393	2333
40	2108	1672	1619
41	2108	2396	2329
42	2108	2151	2101
43	2108	2142	2089
44	2108	2732	2643
45	2108	1751	1671
46	2108	2524	2447
47	2108	1835	1774
48	2108	2160	2090
49	2108	2364	2296
50	2108	1691	1620
51	2108	1978	1942
52	2108	2460	2387
53	2108	2792	2719
54	2108	2452	2369
55	2108	1825	1772
56	2108	1833	1771
57	2108	1923	1865
58	2108	2346	2265
59	2108	2194	2142
60	2108	2376	2302
61	2108	1187	1158
62	2108	2015	1960
63	2108	2003	1938
64	2108	1858	1793
65	2108	49	39
66	2108	2466	2381
67	2108	1889	1844
68	2108	2853	2764
69	2108	1203	1171
70	2108	2024	1955
71	2108	36	35
72	2108	2243	2180
73	2108	2416	2337
74	2108	2207	2150
75	2108	2186	2127
76	2108	2336	2272
77	2108	3191	3102
78	2108	2419	2373
79	2108	1850	1802
80	2108	2084	2011
81	2108	2806	2736
82	2108	2082	2016
83	2108	1690	1619
84	2108	2271	2203
85	2108	2322	2266
86	2108	2960	2873
87	2108	1189	1135
88	2108	1291	1254
89	2108	1269	1203
90	2108	2809	2728
91	2108	23	21
92	2108	2667	2590
93	2108	2809	2751
94	2108	3026	2913
95	2108	2694	2608
96	2108	1345	1294
97	2108	1696	1655
98	2108	2626	2560
99	2108	2616	2541
100	2108	2448	2386
101	2108	1992	1921
102	2108	2980	2910
103	2108	2598	2547
104	2108	1776	1731
105	2108	2279	2229
106	2108	2600	2529
107	2108	2184	2132
108	2108	2204	2153
109	2108	2487	2422
110	2108	2375	2303
111	2108	2279	2216
112	2108	2051	2000
113	2108	1385	1351
114	2108	2700	2627
115	2108	2061	1997
116	2108	1153	1134
117	2108	713	693
118	2108	1259	1239
119	2108	473	459
120	2108	270	254
121	2108	1932	1875
122	2108	1975	1851
123	2108	2832	2740
124	2108	2225	2170
125	2108	2173	2106
126	2108	1144	1111
127	2108	1003	937
128	2108	2841	2747
129	2108	2133	2070
130	2108	2374	2300
131	2108	2450	2389
132	2108	2701	2626
133	2108	2784	2715
134	2108	2449	2372
135	2108	1997	1951
136	2108	2049	1997
137	2108	2232	2173
138	2108	2371	2286
139	2108	2422	2302
140	2108	2740	2674
141	2108	2350	2259
142	2108	2749	2682
143	2108	1779	1715
144	2108	2945	2824
145	2108	2426	2365
146	2108	1636	1584
147	2108	1845	1783
148	2108	1063	1032
149	2108	2378	2285
150	2108	3019	2940
151	2108	2087	2032
152	2108	2477	2405
153	2108	2210	2168
154	2108	1815	1749
155	2108	2308	2239
156	2108	2442	2382
157	2108	2537	2468
158	2108	2663	2605
159	2108	2123	2079
160	2108	849	831
161	2108	2101	2035
162	2108	1751	1697
163	2108	1804	1762
164	2108	1838	1795
165	2108	1803	1764
166	2108	2665	2586
167	2108	3548	3469
168	2108	1468	1419
169	2108	8	8
170	2108	15	14
171	2108	10	9
172	2108	9	7
173	2108	1337	1309
174	2108	1214	1185
175	2108	604	588
176	2108	1812	1773
177	2108	177	166
178	2108	789	759
179	2108	114	110
180	2108	284	274
181	2108	99	93
182	2108	500	481
183	2108	597	584
184	2108	2001	1960
185	2108	241	232
186	2108	1105	1070
187	2108	517	501
188	2108	16201	15819
189	2108	2308	2260
190	2108	1561	1534
191	2108	3904	3831
192	2108	915	903
193	2108	2819	2766
194	2108	435	418
195	2108	562	552
196	2108	621	607
197	2108	226	211
198	2108	202	199
199	2108	719	705
200	2108	5773	5673
201	2108	1921	1894
202	2108	2724	2668
203	2108	540	529
204	2108	77	74
205	2108	916	900
206	2108	6754	6598
207	2108	5164	5060
208	2108	1960	1924
209	2108	2292	2230
210	2108	1985	1939
211	2108	393	381
212	2108	286	263
213	2108	4828	4735
214	2108	1020	992
215	2108	3981	3890
216	2108	5364	5254
217	2108	489	474
218	2108	12327	12066
219	2108	4708	4612
220	2108	4510	4424
221	2108	5515	5400
222	2108	2812	2763
223	2108	4928	4838
224	2108	2508	2448
225	2108	9251	9065
226	2108	1557	1523
227	2108	4744	4648
228	2108	4250	4179
229	2108	2428	2381
230	2108	1888	1860
231	2108	1534	1501
232	2108	801	782
233	2108	276	270
234	2108	774	753
235	2108	287	277
236	2108	630	617
237	2108	58	54
238	2108	1002	955
239	2108	255	244
240	2108	2483	2432
241	2108	896	888
242	2108	795	776
243	2108	231	228
244	2108	5965	5852
245	2108	256	249
246	2108	1455	1420
247	2108	1954	1913
248	2108	3762	3699
249	2108	4163	4083
250	2108	249	240
251	2108	393	385
252	2108	840	829
253	2108	71	66
254	2108	100	99
255	2108	147	142
256	2108	2724	2663
257	2108	2389	2326
258	2108	3303	3208
259	2108	861	842
260	2108	769	752
261	2108	208	205
262	2108	266	257
263	2108	347	341
264	2108	338	330
265	2108	236	228
266	2108	2359	2313
267	2108	453	441
268	2108	440	435
269	2108	3593	3519
270	2108	774	754
271	2108	2823	2767
272	2108	1236	1209
273	2108	124	122
274	2108	3956	3856
275	2108	2186	2142
276	2108	4470	4371
277	2108	1976	1950
278	2108	3233	3151
279	2108	3486	3420
280	2108	911	903
281	2108	3780	3707
282	2108	2950	2891
283	2108	4331	4269
284	2108	4447	4362
285	2108	286	278
286	2108	597	579
287	2108	626	617
288	2108	1570	1539
289	2108	90	87
290	2108	659	646
291	2108	825	812
292	2108	434	423
293	2108	28	26
294	2108	290	283
295	2108	459	454
296	2108	2397	2350
297	2108	967	948
298	2108	1193	1172
299	2108	267	261
300	2108	4115	4034
301	2108	814	795
302	2108	1089	1070
303	2108	2788	2736
304	2108	785	759
305	2108	648	643
306	2108	602	582
307	2108	408	399
308	2108	811	790
309	2108	52	48
310	2108	54	51
311	2108	395	383
312	2108	1994	1961
313	2108	1180	1164
314	2108	1588	1553
315	2108	70	70
316	2108	220	209
317	2108	1580	1541
318	2108	5118	4994
319	2108	2081	2028
320	2108	554	537
321	2108	2682	2635
322	2108	1760	1726
323	2108	210	207
324	2108	304	298
325	2108	102	100
326	2108	593	579
327	2108	494	487
328	2108	491	479
329	2108	162	158
330	2108	7281	7130
331	2108	1410	1381
332	2108	2967	2897
333	2108	2755	2705
334	2108	4271	4174
335	2108	3082	3013
336	2108	1346	1315
337	2108	2667	2632
338	2108	5510	5402
339	2108	5571	5477
340	2108	10486	10265
341	2108	19	17
342	2108	11	10
343	2108	10	9
0	2109	113749	98510
1	2109	2066	2034
2	2109	1732	1684
3	2109	1944	1891
4	2109	1783	1727
5	2109	1752	1723
6	2109	85	75
7	2109	2256	2194
8	2109	1322	1279
9	2109	37	31
10	2109	2782	2689
11	2109	2364	2309
12	2109	2380	2307
13	2109	26	26
14	2109	2325	2267
15	2109	1590	1502
16	2109	2445	2373
17	2109	3408	3330
18	2109	2464	2401
19	2109	2260	2217
20	2109	3813	3719
21	2109	2677	2619
22	2109	1981	1933
23	2109	2195	2142
24	2109	2821	2750
25	2109	5798	5643
26	2109	537	508
27	2109	3549	3377
28	2109	3908	3802
29	2109	1568	1508
30	2109	1794	1747
31	2109	2381	2311
32	2109	2029	1984
33	2109	2584	2519
34	2109	2447	2388
35	2109	2318	2272
36	2109	168	157
37	2109	2577	2518
38	2109	3940	3849
39	2109	2352	2277
40	2109	1799	1740
41	2109	2399	2338
42	2109	2210	2167
43	2109	2159	2112
44	2109	2726	2658
45	2109	1757	1705
46	2109	2623	2551
47	2109	1935	1890
48	2109	2244	2184
49	2109	2307	2241
50	2109	1653	1610
51	2109	2073	2023
52	2109	2510	2446
53	2109	2652	2595
54	2109	2586	2519
55	2109	1849	1797
56	2109	1991	1933
57	2109	1779	1727
58	2109	2303	2259
59	2109	2078	2033
60	2109	2440	2385
61	2109	1163	1143
62	2109	1994	1943
63	2109	2054	2003
64	2109	1811	1744
65	2109	54	41
66	2109	2426	2352
67	2109	1927	1878
68	2109	2930	2850
69	2109	1221	1199
70	2109	2099	2042
71	2109	37	34
72	2109	2217	2162
73	2109	2438	2381
74	2109	2213	2148
75	2109	2378	2324
76	2109	2381	2309
77	2109	3197	3112
78	2109	2473	2409
79	2109	1972	1938
80	2109	2047	1969
81	2109	2857	2784
82	2109	2175	2122
83	2109	1680	1618
84	2109	2452	2385
85	2109	2198	2147
86	2109	2786	2706
87	2109	1182	1139
88	2109	1196	1161
89	2109	1350	1264
90	2109	2772	2698
91	2109	17	16
92	2109	2798	2731
93	2109	2926	2854
94	2109	3072	2984
95	2109	2591	2522
96	2109	1520	1468
97	2109	1636	1595
98	2109	2529	2463
99	2109	2574	2503
100	2109	2526	2464
101	2109	1967	1906
102	2109	3013	2942
103	2109	2624	2570
104	2109	1823	1792
105	2109	2168	2127
106	2109	2536	2483
107	2109	2257	2186
108	2109	2201	2138
109	2109	2548	2492
110	2109	2423	2366
111	2109	2147	2096
112	2109	2133	2078
113	2109	1353	1315
114	2109	2756	2689
115	2109	2081	2023
116	2109	1161	1138
117	2109	769	747
118	2109	1342	1314
119	2109	520	504
120	2109	287	275
121	2109	1890	1837
122	2109	1970	1862
123	2109	2796	2718
124	2109	2163	2116
125	2109	2100	2051
126	2109	1223	1190
127	2109	999	942
128	2109	2750	2667
129	2109	2070	2022
130	2109	2343	2279
131	2109	2559	2498
132	2109	2601	2542
133	2109	2640	2583
134	2109	2431	2357
135	2109	2143	2095
136	2109	2122	2074
137	2109	2200	2153
138	2109	2436	2358
139	2109	2405	2301
140	2109	2765	2708
141	2109	2444	2348
142	2109	2689	2632
143	2109	1880	1806
144	2109	2929	2841
145	2109	2332	2270
146	2109	1659	1614
147	2109	1827	1793
148	2109	994	970
149	2109	2324	2254
150	2109	3059	2977
151	2109	2218	2172
152	2109	2473	2408
153	2109	2186	2142
154	2109	1763	1724
155	2109	2337	2276
156	2109	2453	2396
157	2109	2452	2386
158	2109	2551	2494
159	2109	2143	2107
160	2109	888	867
161	2109	2074	2034
162	2109	1751	1685
163	2109	1710	1686
164	2109	1883	1832
165	2109	1857	1823
166	2109	2646	2598
167	2109	3665	3601
168	2109	1421	1385
169	2109	5	5
170	2109	11	10
171	2109	10	9
172	2109	10	10
173	2109	1243	1209
174	2109	1122	1096
175	2109	700	677
176	2109	1798	1749
177	2109	208	196
178	2109	769	734
179	2109	112	101
180	2109	327	312
181	2109	100	97
182	2109	538	519
183	2109	600	580
184	2109	2072	2027
185	2109	274	267
186	2109	1028	990
187	2109	470	456
188	2109	16636	16247
189	2109	2367	2331
190	2109	1480	1449
191	2109	3915	3847
192	2109	864	842
193	2109	2822	2757
194	2109	509	493
195	2109	623	610
196	2109	616	604
197	2109	242	234
198	2109	237	233
199	2109	747	734
200	2109	5817	5728
201	2109	1974	1930
202	2109	2815	2750
203	2109	491	482
204	2109	77	75
205	2109	759	743
206	2109	6779	6637
207	2109	5144	5041
208	2109	1966	1927
209	2109	2300	2244
210	2109	1979	1935
211	2109	401	394
212	2109	328	314
213	2109	4844	4755
214	2109	915	891
215	2109	3923	3840
216	2109	5484	5367
217	2109	517	500
218	2109	12353	12114
219	2109	4718	4630
220	2109	4455	4357
221	2109	5591	5486
222	2109	2866	2816
223	2109	4720	4646
224	2109	2477	2425
225	2109	9182	9020
226	2109	1605	1568
227	2109	4846	4762
228	2109	4107	4040
229	2109	2559	2524
230	2109	1843	1794
231	2109	1527	1505
232	2109	783	767
233	2109	266	259
234	2109	749	731
235	2109	257	251
236	2109	614	600
237	2109	73	66
238	2109	1046	1011
239	2109	291	278
240	2109	2395	2351
241	2109	870	853
242	2109	732	714
243	2109	238	225
244	2109	6080	5953
245	2109	277	275
246	2109	1427	1394
247	2109	1928	1894
248	2109	3985	3908
249	2109	4236	4164
250	2109	278	273
251	2109	363	360
252	2109	889	875
253	2109	84	80
254	2109	100	100
255	2109	148	145
256	2109	2764	2711
257	2109	2352	2300
258	2109	3241	3173
259	2109	745	731
260	2109	682	669
261	2109	191	187
262	2109	211	205
263	2109	351	346
264	2109	392	383
265	2109	215	211
266	2109	2281	2224
267	2109	450	442
268	2109	397	392
269	2109	3436	3372
270	2109	794	784
271	2109	2885	2828
272	2109	1222	1196
273	2109	152	150
274	2109	4120	4035
275	2109	2232	2197
276	2109	4369	4281
277	2109	1893	1860
278	2109	3246	3179
279	2109	3603	3556
280	2109	979	960
281	2109	3651	3589
282	2109	3052	2996
283	2109	4623	4551
284	2109	4410	4318
285	2109	258	253
286	2109	601	592
287	2109	631	623
288	2109	1448	1417
289	2109	78	78
290	2109	679	653
291	2109	803	788
292	2109	402	392
293	2109	43	43
294	2109	300	294
295	2109	467	455
296	2109	2332	2291
297	2109	928	913
298	2109	1360	1338
299	2109	219	216
300	2109	4160	4069
301	2109	791	773
302	2109	1134	1097
303	2109	2898	2845
304	2109	796	781
305	2109	656	639
306	2109	677	656
307	2109	455	450
308	2109	814	795
309	2109	50	49
310	2109	77	71
311	2109	414	399
312	2109	2124	2098
313	2109	1203	1181
314	2109	1659	1620
315	2109	95	91
316	2109	220	213
317	2109	1604	1574
318	2109	5113	4999
319	2109	2034	1997
320	2109	571	561
321	2109	2638	2592
322	2109	1704	1665
323	2109	165	160
324	2109	341	329
325	2109	121	119
326	2109	578	567
327	2109	531	521
328	2109	505	496
329	2109	143	135
330	2109	7309	7153
331	2109	1391	1368
332	2109	2934	2862
333	2109	2897	2845
334	2109	4261	4183
335	2109	3058	3007
336	2109	1372	1351
337	2109	2648	2586
338	2109	5752	5615
339	2109	5662	5561
340	2109	10491	10304
341	2109	12	11
342	2109	9	7
343	2109	5	5
0	2110	113138	98566
1	2110	2082	2042
2	2110	1730	1682
3	2110	2012	1965
4	2110	1852	1786
5	2110	1953	1909
6	2110	73	69
7	2110	2297	2241
8	2110	1245	1208
9	2110	31	29
10	2110	2897	2798
11	2110	2357	2309
12	2110	2361	2295
13	2110	43	41
14	2110	2311	2246
15	2110	1633	1539
16	2110	2477	2406
17	2110	3418	3340
18	2110	2461	2401
19	2110	2253	2212
20	2110	3726	3612
21	2110	2452	2402
22	2110	2023	1970
23	2110	2188	2138
24	2110	2790	2725
25	2110	5574	5442
26	2110	590	556
27	2110	3409	3273
28	2110	3804	3713
29	2110	1463	1390
30	2110	1923	1875
31	2110	2222	2166
32	2110	1889	1842
33	2110	2454	2401
34	2110	2477	2417
35	2110	2421	2361
36	2110	204	197
37	2110	2594	2537
38	2110	4105	3996
39	2110	2354	2274
40	2110	1745	1700
41	2110	2476	2419
42	2110	2207	2160
43	2110	2151	2105
44	2110	2796	2713
45	2110	1709	1647
46	2110	2482	2415
47	2110	1904	1857
48	2110	2030	1974
49	2110	2313	2240
50	2110	1579	1528
51	2110	1948	1905
52	2110	2489	2427
53	2110	2586	2529
54	2110	2640	2575
55	2110	1784	1737
56	2110	1885	1837
57	2110	1757	1719
58	2110	2321	2243
59	2110	2098	2059
60	2110	2240	2185
61	2110	1193	1167
62	2110	1942	1895
63	2110	2039	1972
64	2110	1829	1772
65	2110	60	49
66	2110	2501	2440
67	2110	1788	1735
68	2110	2854	2782
69	2110	1312	1279
70	2110	2131	2084
71	2110	30	26
72	2110	2250	2194
73	2110	2334	2266
74	2110	2132	2074
75	2110	2339	2276
76	2110	2298	2248
77	2110	3260	3184
78	2110	2535	2478
79	2110	1856	1812
80	2110	2029	1968
81	2110	2857	2782
82	2110	2026	1977
83	2110	1605	1545
84	2110	2335	2275
85	2110	2173	2138
86	2110	2777	2693
87	2110	1149	1110
88	2110	1228	1192
89	2110	1270	1188
90	2110	2767	2705
91	2110	28	27
92	2110	2672	2612
93	2110	2983	2921
94	2110	2864	2801
95	2110	2546	2482
96	2110	1297	1257
97	2110	1607	1578
98	2110	2599	2522
99	2110	2663	2608
100	2110	2476	2417
101	2110	1935	1865
102	2110	3088	3033
103	2110	2453	2402
104	2110	1753	1730
105	2110	2210	2155
106	2110	2690	2617
107	2110	2223	2172
108	2110	2173	2118
109	2110	2464	2401
110	2110	2433	2369
111	2110	2191	2142
112	2110	2141	2087
113	2110	1394	1362
114	2110	2638	2562
115	2110	1923	1863
116	2110	1117	1098
117	2110	789	764
118	2110	1362	1331
119	2110	502	494
120	2110	262	245
121	2110	1884	1857
122	2110	1932	1828
123	2110	2694	2618
124	2110	2200	2145
125	2110	2070	2033
126	2110	1267	1240
127	2110	957	910
128	2110	2696	2627
129	2110	2146	2098
130	2110	2418	2354
131	2110	2523	2470
132	2110	2576	2530
133	2110	2680	2604
134	2110	2392	2329
135	2110	2020	1974
136	2110	2108	2058
137	2110	2260	2214
138	2110	2428	2354
139	2110	2281	2189
140	2110	2659	2603
141	2110	2381	2302
142	2110	2541	2475
143	2110	1763	1704
144	2110	2817	2727
145	2110	2322	2268
146	2110	1688	1633
147	2110	1856	1808
148	2110	1128	1099
149	2110	2314	2240
150	2110	2934	2865
151	2110	2070	2020
152	2110	2495	2422
153	2110	2204	2157
154	2110	1845	1787
155	2110	2267	2207
156	2110	2470	2421
157	2110	2311	2261
158	2110	2416	2365
159	2110	2076	2033
160	2110	897	880
161	2110	2056	2002
162	2110	1753	1700
163	2110	1798	1743
164	2110	1804	1753
165	2110	1788	1740
166	2110	2666	2596
167	2110	3739	3658
168	2110	1449	1419
169	2110	10	9
170	2110	17	15
171	2110	16	16
172	2110	4	4
173	2110	1294	1266
174	2110	1215	1189
175	2110	680	668
176	2110	1903	1878
177	2110	218	207
178	2110	727	709
179	2110	128	122
180	2110	254	247
181	2110	106	97
182	2110	553	539
183	2110	564	549
184	2110	1922	1884
185	2110	274	265
186	2110	1004	981
187	2110	491	473
188	2110	16024	15719
189	2110	2325	2288
190	2110	1499	1465
191	2110	3878	3823
192	2110	885	873
193	2110	2897	2855
194	2110	520	509
195	2110	550	540
196	2110	525	518
197	2110	165	163
198	2110	233	228
199	2110	668	653
200	2110	5855	5777
201	2110	1963	1935
202	2110	2724	2666
203	2110	550	540
204	2110	82	80
205	2110	863	846
206	2110	6893	6772
207	2110	5020	4925
208	2110	1959	1917
209	2110	2132	2083
210	2110	1951	1923
211	2110	356	345
212	2110	337	327
213	2110	4631	4549
214	2110	1005	978
215	2110	3997	3923
216	2110	5555	5459
217	2110	518	509
218	2110	12264	12048
219	2110	4792	4723
220	2110	4435	4365
221	2110	5455	5386
222	2110	2862	2812
223	2110	4899	4825
224	2110	2432	2387
225	2110	9398	9266
226	2110	1640	1603
227	2110	4883	4830
228	2110	4194	4143
229	2110	2416	2379
230	2110	1848	1814
231	2110	1467	1444
232	2110	745	736
233	2110	284	276
234	2110	789	774
235	2110	288	284
236	2110	581	570
237	2110	65	60
238	2110	1034	991
239	2110	250	242
240	2110	2426	2376
241	2110	970	951
242	2110	706	689
243	2110	274	265
244	2110	5889	5781
245	2110	322	317
246	2110	1427	1397
247	2110	1990	1958
248	2110	3913	3850
249	2110	4131	4052
250	2110	240	237
251	2110	440	430
252	2110	865	854
253	2110	82	79
254	2110	124	120
255	2110	120	118
256	2110	2645	2602
257	2110	2356	2320
258	2110	3306	3239
259	2110	852	839
260	2110	710	696
261	2110	199	196
262	2110	255	248
263	2110	389	386
264	2110	349	342
265	2110	202	201
266	2110	2310	2263
267	2110	457	445
268	2110	392	385
269	2110	3559	3490
270	2110	816	795
271	2110	2836	2785
272	2110	1258	1237
273	2110	137	132
274	2110	3950	3882
275	2110	2268	2233
276	2110	4482	4394
277	2110	1998	1963
278	2110	3164	3110
279	2110	3592	3530
280	2110	954	943
281	2110	3696	3628
282	2110	2992	2944
283	2110	4482	4416
284	2110	4379	4301
285	2110	241	238
286	2110	592	583
287	2110	669	657
288	2110	1466	1435
289	2110	72	69
290	2110	722	706
291	2110	740	730
292	2110	401	392
293	2110	35	33
294	2110	270	264
295	2110	500	485
296	2110	2314	2283
297	2110	1024	1009
298	2110	1234	1214
299	2110	244	238
300	2110	3980	3915
301	2110	827	813
302	2110	1050	1031
303	2110	2788	2751
304	2110	756	739
305	2110	601	595
306	2110	648	641
307	2110	394	388
308	2110	752	736
309	2110	48	46
310	2110	56	54
311	2110	381	375
312	2110	1981	1945
313	2110	1193	1176
314	2110	1588	1559
315	2110	80	78
316	2110	224	220
317	2110	1509	1474
318	2110	4932	4861
319	2110	1888	1853
320	2110	542	533
321	2110	2605	2560
322	2110	1824	1798
323	2110	206	202
324	2110	346	334
325	2110	98	96
326	2110	551	533
327	2110	538	527
328	2110	491	483
329	2110	189	185
330	2110	7355	7224
331	2110	1390	1367
332	2110	2910	2878
333	2110	2723	2680
334	2110	4265	4186
335	2110	3098	3047
336	2110	1301	1275
337	2110	2673	2619
338	2110	5723	5620
339	2110	5577	5501
340	2110	10261	10091
341	2110	10	8
342	2110	12	11
343	2110	13	12
0	2111	117026	101037
1	2111	2188	2133
2	2111	1676	1633
3	2111	1949	1897
4	2111	1785	1725
5	2111	1742	1690
6	2111	75	65
7	2111	2368	2307
8	2111	1264	1215
9	2111	44	42
10	2111	2793	2691
11	2111	2314	2258
12	2111	2325	2254
13	2111	47	45
14	2111	2383	2311
15	2111	1612	1498
16	2111	2491	2404
17	2111	3470	3386
18	2111	2408	2342
19	2111	2316	2268
20	2111	3773	3673
21	2111	2503	2429
22	2111	2057	1998
23	2111	2221	2157
24	2111	2817	2742
25	2111	5731	5589
26	2111	553	525
27	2111	3442	3257
28	2111	3908	3781
29	2111	1447	1367
30	2111	1868	1806
31	2111	2246	2185
32	2111	1824	1764
33	2111	2546	2468
34	2111	2601	2542
35	2111	2532	2469
36	2111	177	171
37	2111	2535	2475
38	2111	4052	3911
39	2111	2316	2247
40	2111	1603	1547
41	2111	2411	2353
42	2111	2261	2205
43	2111	2126	2056
44	2111	2857	2760
45	2111	1868	1810
46	2111	2627	2551
47	2111	1864	1820
48	2111	2230	2175
49	2111	2289	2231
50	2111	1652	1606
51	2111	1893	1840
52	2111	2496	2424
53	2111	2663	2600
54	2111	2588	2493
55	2111	1804	1752
56	2111	1840	1782
57	2111	1920	1868
58	2111	2426	2351
59	2111	2219	2163
60	2111	2292	2236
61	2111	1205	1179
62	2111	1971	1913
63	2111	2080	2016
64	2111	1892	1820
65	2111	45	35
66	2111	2381	2313
67	2111	1942	1894
68	2111	2883	2799
69	2111	1280	1253
70	2111	2042	1983
71	2111	40	31
72	2111	2116	2047
73	2111	2460	2372
74	2111	2295	2237
75	2111	2467	2408
76	2111	2404	2339
77	2111	3105	3025
78	2111	2549	2465
79	2111	1857	1818
80	2111	1935	1862
81	2111	2950	2872
82	2111	2133	2063
83	2111	1657	1586
84	2111	2386	2319
85	2111	2299	2237
86	2111	2889	2823
87	2111	1164	1118
88	2111	1220	1187
89	2111	1290	1217
90	2111	2775	2675
91	2111	16	14
92	2111	2594	2508
93	2111	2714	2626
94	2111	2986	2897
95	2111	2544	2478
96	2111	1307	1266
97	2111	1719	1665
98	2111	2651	2563
99	2111	2537	2474
100	2111	2532	2462
101	2111	2021	1941
102	2111	2962	2869
103	2111	2615	2559
104	2111	1829	1784
105	2111	2204	2142
106	2111	2659	2584
107	2111	2259	2195
108	2111	2373	2296
109	2111	2632	2577
110	2111	2522	2432
111	2111	2236	2186
112	2111	2045	1982
113	2111	1364	1329
114	2111	2738	2653
115	2111	1912	1852
116	2111	1151	1127
117	2111	835	809
118	2111	1210	1173
119	2111	460	448
120	2111	282	259
121	2111	1881	1841
122	2111	1936	1808
123	2111	2735	2646
124	2111	2177	2134
125	2111	2168	2118
126	2111	1187	1156
127	2111	941	878
128	2111	2832	2750
129	2111	2067	2018
130	2111	2411	2330
131	2111	2610	2545
132	2111	2620	2555
133	2111	2643	2585
134	2111	2500	2411
135	2111	2132	2072
136	2111	2012	1951
137	2111	2322	2266
138	2111	2503	2435
139	2111	2319	2199
140	2111	2754	2685
141	2111	2435	2338
142	2111	2770	2700
143	2111	1897	1820
144	2111	2918	2794
145	2111	2383	2331
146	2111	1678	1615
147	2111	1769	1720
148	2111	1008	976
149	2111	2394	2288
150	2111	3076	2983
151	2111	2133	2075
152	2111	2542	2455
153	2111	2277	2226
154	2111	1742	1674
155	2111	2268	2219
156	2111	2538	2486
157	2111	2408	2336
158	2111	2627	2549
159	2111	2152	2091
160	2111	928	911
161	2111	2134	2091
162	2111	1803	1755
163	2111	1858	1812
164	2111	1907	1871
165	2111	1852	1815
166	2111	2571	2495
167	2111	3635	3560
168	2111	1436	1389
169	2111	8	7
170	2111	14	12
171	2111	14	13
172	2111	4	4
173	2111	1282	1261
174	2111	1170	1140
175	2111	583	564
176	2111	1949	1899
177	2111	223	209
178	2111	803	780
179	2111	119	114
180	2111	324	315
181	2111	104	100
182	2111	536	510
183	2111	596	584
184	2111	2060	2019
185	2111	297	293
186	2111	1121	1078
187	2111	501	483
188	2111	15859	15414
189	2111	2334	2275
190	2111	1624	1586
191	2111	3953	3881
192	2111	895	878
193	2111	2992	2930
194	2111	438	426
195	2111	623	610
196	2111	544	530
197	2111	176	168
198	2111	260	256
199	2111	760	747
200	2111	5812	5692
201	2111	1910	1859
202	2111	2775	2704
203	2111	510	494
204	2111	67	65
205	2111	859	840
206	2111	7065	6916
207	2111	5275	5170
208	2111	1972	1930
209	2111	2250	2194
210	2111	2001	1959
211	2111	368	356
212	2111	325	308
213	2111	4806	4705
214	2111	915	888
215	2111	3984	3910
216	2111	5526	5418
217	2111	507	494
218	2111	12448	12186
219	2111	4790	4700
220	2111	4621	4544
221	2111	5493	5398
222	2111	2783	2721
223	2111	4955	4860
224	2111	2644	2587
225	2111	9443	9273
226	2111	1627	1589
227	2111	4815	4734
228	2111	4251	4173
229	2111	2543	2486
230	2111	1896	1858
231	2111	1495	1472
232	2111	913	894
233	2111	317	310
234	2111	810	791
235	2111	313	303
236	2111	616	602
237	2111	73	68
238	2111	1067	1029
239	2111	273	264
240	2111	2497	2449
241	2111	942	930
242	2111	771	746
243	2111	232	226
244	2111	5912	5796
245	2111	317	314
246	2111	1296	1273
247	2111	1991	1948
248	2111	3924	3850
249	2111	4216	4132
250	2111	299	294
251	2111	399	386
252	2111	844	833
253	2111	86	84
254	2111	118	117
255	2111	128	124
256	2111	2666	2588
257	2111	2335	2287
258	2111	3269	3201
259	2111	853	836
260	2111	743	728
261	2111	207	203
262	2111	254	248
263	2111	384	380
264	2111	357	349
265	2111	263	257
266	2111	2325	2277
267	2111	428	418
268	2111	387	369
269	2111	3495	3427
270	2111	778	758
271	2111	2953	2896
272	2111	1218	1194
273	2111	185	176
274	2111	3925	3835
275	2111	2260	2220
276	2111	4451	4367
277	2111	1903	1872
278	2111	3273	3214
279	2111	3527	3465
280	2111	998	973
281	2111	3703	3644
282	2111	3092	3033
283	2111	4556	4469
284	2111	4465	4378
285	2111	239	238
286	2111	549	532
287	2111	622	610
288	2111	1459	1422
289	2111	92	90
290	2111	687	668
291	2111	817	800
292	2111	362	355
293	2111	26	26
294	2111	276	266
295	2111	433	427
296	2111	2351	2299
297	2111	1032	1009
298	2111	1290	1259
299	2111	255	251
300	2111	4072	3988
301	2111	826	804
302	2111	1083	1052
303	2111	3089	3031
304	2111	665	652
305	2111	657	640
306	2111	642	625
307	2111	404	390
308	2111	788	764
309	2111	55	51
310	2111	67	65
311	2111	378	368
312	2111	2055	2022
313	2111	1273	1251
314	2111	1529	1502
315	2111	81	79
316	2111	199	192
317	2111	1552	1514
318	2111	5148	5036
319	2111	2065	2037
320	2111	556	541
321	2111	2799	2745
322	2111	1870	1823
323	2111	166	161
324	2111	375	364
325	2111	126	120
326	2111	601	591
327	2111	552	539
328	2111	499	492
329	2111	176	169
330	2111	7485	7336
331	2111	1455	1426
332	2111	2890	2835
333	2111	2772	2728
334	2111	4456	4368
335	2111	3199	3121
336	2111	1393	1370
337	2111	2759	2700
338	2111	5742	5613
339	2111	5596	5505
340	2111	10614	10417
341	2111	14	14
342	2111	16	15
343	2111	11	11
0	2112	115055	99305
1	2112	2066	2009
2	2112	1753	1692
3	2112	1970	1918
4	2112	1864	1786
5	2112	1824	1776
6	2112	73	67
7	2112	2357	2290
8	2112	1247	1205
9	2112	32	31
10	2112	2815	2716
11	2112	2425	2350
12	2112	2414	2335
13	2112	41	39
14	2112	2394	2325
15	2112	1676	1546
16	2112	2448	2367
17	2112	3538	3448
18	2112	2579	2513
19	2112	2420	2372
20	2112	3770	3667
21	2112	2593	2548
22	2112	2061	2008
23	2112	2244	2183
24	2112	2736	2664
25	2112	5807	5644
26	2112	544	509
27	2112	3644	3470
28	2112	3880	3766
29	2112	1280	1183
30	2112	1866	1800
31	2112	2336	2275
32	2112	1914	1852
33	2112	2490	2430
34	2112	2604	2537
35	2112	2469	2415
36	2112	192	184
37	2112	2550	2502
38	2112	4108	3992
39	2112	2365	2302
40	2112	1654	1583
41	2112	2403	2335
42	2112	2261	2190
43	2112	2133	2078
44	2112	2779	2696
45	2112	1680	1605
46	2112	2611	2532
47	2112	1965	1918
48	2112	2317	2242
49	2112	2297	2235
50	2112	1797	1752
51	2112	2070	2025
52	2112	2544	2446
53	2112	2747	2666
54	2112	2588	2509
55	2112	1789	1734
56	2112	1827	1766
57	2112	2010	1959
58	2112	2443	2390
59	2112	2196	2140
60	2112	2398	2327
61	2112	1262	1226
62	2112	2038	1974
63	2112	2003	1945
64	2112	1879	1808
65	2112	56	49
66	2112	2519	2452
67	2112	1916	1872
68	2112	2912	2826
69	2112	1243	1221
70	2112	2195	2125
71	2112	42	39
72	2112	2237	2181
73	2112	2557	2489
74	2112	2172	2107
75	2112	2448	2387
76	2112	2456	2382
77	2112	3267	3173
78	2112	2511	2441
79	2112	1906	1848
80	2112	1878	1815
81	2112	2869	2782
82	2112	2092	2023
83	2112	1754	1670
84	2112	2335	2270
85	2112	2231	2175
86	2112	2778	2695
87	2112	1147	1113
88	2112	1185	1132
89	2112	1319	1246
90	2112	2799	2716
91	2112	19	17
92	2112	2768	2696
93	2112	2933	2863
94	2112	3168	3068
95	2112	2584	2503
96	2112	1367	1311
97	2112	1682	1635
98	2112	2578	2499
99	2112	2669	2603
100	2112	2591	2522
101	2112	2001	1930
102	2112	3072	2970
103	2112	2688	2620
104	2112	1703	1653
105	2112	2252	2195
106	2112	2705	2607
107	2112	2377	2318
108	2112	2295	2248
109	2112	2545	2483
110	2112	2599	2508
111	2112	2217	2174
112	2112	2104	2044
113	2112	1291	1256
114	2112	2838	2759
115	2112	1975	1906
116	2112	1086	1067
117	2112	773	757
118	2112	1275	1238
119	2112	541	534
120	2112	261	243
121	2112	1896	1854
122	2112	1943	1815
123	2112	2798	2715
124	2112	2248	2194
125	2112	2121	2065
126	2112	1243	1208
127	2112	911	864
128	2112	2978	2903
129	2112	2043	2001
130	2112	2441	2365
131	2112	2543	2465
132	2112	2588	2520
133	2112	2733	2648
134	2112	2445	2364
135	2112	2081	2021
136	2112	2077	2025
137	2112	2390	2336
138	2112	2399	2314
139	2112	2382	2278
140	2112	2832	2755
141	2112	2414	2327
142	2112	2755	2692
143	2112	1830	1748
144	2112	2922	2829
145	2112	2458	2393
146	2112	1776	1720
147	2112	1875	1824
148	2112	1058	1024
149	2112	2397	2310
150	2112	3055	2983
151	2112	2162	2096
152	2112	2516	2426
153	2112	2210	2160
154	2112	1851	1778
155	2112	2263	2199
156	2112	2542	2475
157	2112	2615	2546
158	2112	2619	2550
159	2112	2168	2115
160	2112	877	860
161	2112	2077	2027
162	2112	1739	1681
163	2112	1929	1883
164	2112	1870	1822
165	2112	1908	1853
166	2112	2533	2465
167	2112	3754	3654
168	2112	1438	1395
169	2112	6	5
170	2112	12	12
171	2112	14	11
172	2112	5	5
173	2112	1309	1284
174	2112	1191	1169
175	2112	687	667
176	2112	1969	1934
177	2112	218	208
178	2112	775	753
179	2112	128	118
180	2112	273	267
181	2112	114	108
182	2112	576	554
183	2112	560	542
184	2112	2163	2129
185	2112	265	259
186	2112	1080	1039
187	2112	452	441
188	2112	15625	15141
189	2112	2398	2353
190	2112	1564	1537
191	2112	4170	4068
192	2112	959	931
193	2112	2978	2921
194	2112	467	457
195	2112	618	603
196	2112	554	538
197	2112	159	154
198	2112	251	245
199	2112	768	747
200	2112	6033	5926
201	2112	1958	1918
202	2112	2810	2745
203	2112	545	532
204	2112	91	89
205	2112	856	828
206	2112	6904	6771
207	2112	5231	5117
208	2112	1994	1959
209	2112	2320	2261
210	2112	2001	1951
211	2112	393	379
212	2112	314	302
213	2112	4840	4739
214	2112	895	871
215	2112	4003	3924
216	2112	5576	5448
217	2112	515	501
218	2112	12259	12008
219	2112	4719	4627
220	2112	4630	4523
221	2112	5476	5368
222	2112	2849	2799
223	2112	5169	5066
224	2112	2596	2545
225	2112	9474	9304
226	2112	1650	1617
227	2112	4908	4817
228	2112	4135	4056
229	2112	2596	2540
230	2112	1959	1924
231	2112	1487	1459
232	2112	828	802
233	2112	328	322
234	2112	797	786
235	2112	350	339
236	2112	541	527
237	2112	80	75
238	2112	1077	1041
239	2112	262	256
240	2112	2498	2453
241	2112	936	916
242	2112	765	748
243	2112	261	256
244	2112	6065	5911
245	2112	306	299
246	2112	1398	1369
247	2112	2088	2042
248	2112	3955	3877
249	2112	4249	4163
250	2112	282	274
251	2112	464	458
252	2112	858	842
253	2112	77	77
254	2112	127	122
255	2112	139	136
256	2112	2753	2692
257	2112	2466	2414
258	2112	3302	3223
259	2112	765	752
260	2112	638	620
261	2112	210	210
262	2112	248	245
263	2112	360	349
264	2112	349	342
265	2112	233	230
266	2112	2425	2369
267	2112	453	443
268	2112	432	417
269	2112	3473	3415
270	2112	847	825
271	2112	2906	2826
272	2112	1270	1249
273	2112	141	140
274	2112	3985	3907
275	2112	2328	2287
276	2112	4478	4397
277	2112	1969	1935
278	2112	3183	3128
279	2112	3591	3509
280	2112	1013	999
281	2112	3874	3804
282	2112	3190	3115
283	2112	4485	4413
284	2112	4433	4349
285	2112	273	270
286	2112	553	540
287	2112	613	600
288	2112	1368	1330
289	2112	102	99
290	2112	713	695
291	2112	770	760
292	2112	362	352
293	2112	37	33
294	2112	269	265
295	2112	461	449
296	2112	2334	2300
297	2112	1024	1002
298	2112	1344	1308
299	2112	222	218
300	2112	4156	4067
301	2112	824	807
302	2112	1111	1090
303	2112	3041	2967
304	2112	749	726
305	2112	638	615
306	2112	644	625
307	2112	428	417
308	2112	842	824
309	2112	53	49
310	2112	54	51
311	2112	423	411
312	2112	2122	2075
313	2112	1276	1255
314	2112	1598	1561
315	2112	66	64
316	2112	219	216
317	2112	1537	1502
318	2112	5207	5097
319	2112	1995	1955
320	2112	556	549
321	2112	2698	2642
322	2112	1868	1834
323	2112	193	184
324	2112	372	363
325	2112	107	105
326	2112	629	614
327	2112	529	521
328	2112	602	595
329	2112	167	163
330	2112	7486	7347
331	2112	1379	1357
332	2112	2913	2866
333	2112	2813	2756
334	2112	4266	4178
335	2112	3201	3145
336	2112	1388	1369
337	2112	2653	2599
338	2112	5743	5625
339	2112	5801	5701
340	2112	10737	10534
341	2112	9	8
342	2112	13	13
343	2112	11	11
0	2113	113789	98796
1	2113	2062	2017
2	2113	1735	1695
3	2113	2009	1965
4	2113	1764	1711
5	2113	1756	1719
6	2113	66	64
7	2113	2354	2286
8	2113	1210	1171
9	2113	40	35
10	2113	2895	2815
11	2113	2430	2369
12	2113	2388	2316
13	2113	46	43
14	2113	2388	2325
15	2113	1594	1463
16	2113	2432	2361
17	2113	3421	3356
18	2113	2655	2587
19	2113	2371	2325
20	2113	3805	3729
21	2113	2530	2453
22	2113	2046	2000
23	2113	2239	2190
24	2113	2765	2697
25	2113	5401	5253
26	2113	548	518
27	2113	3296	3156
28	2113	4026	3932
29	2113	1098	1002
30	2113	1914	1863
31	2113	2232	2189
32	2113	1917	1860
33	2113	2551	2484
34	2113	2498	2450
35	2113	2396	2332
36	2113	168	157
37	2113	2562	2510
38	2113	4113	4008
39	2113	2404	2322
40	2113	1709	1659
41	2113	2385	2325
42	2113	2176	2115
43	2113	2106	2063
44	2113	2846	2766
45	2113	1707	1649
46	2113	2568	2492
47	2113	1944	1896
48	2113	2150	2091
49	2113	2269	2220
50	2113	1679	1632
51	2113	2007	1952
52	2113	2501	2431
53	2113	2855	2789
54	2113	2683	2601
55	2113	1831	1785
56	2113	1944	1883
57	2113	1931	1873
58	2113	2567	2489
59	2113	2307	2259
60	2113	2314	2253
61	2113	1294	1268
62	2113	2005	1945
63	2113	2038	1985
64	2113	1836	1772
65	2113	51	42
66	2113	2388	2315
67	2113	1991	1944
68	2113	2916	2849
69	2113	1240	1216
70	2113	2148	2087
71	2113	30	28
72	2113	2158	2094
73	2113	2381	2312
74	2113	2177	2102
75	2113	2376	2325
76	2113	2459	2386
77	2113	3285	3214
78	2113	2509	2447
79	2113	1915	1880
80	2113	1845	1769
81	2113	2940	2861
82	2113	2128	2057
83	2113	1755	1678
84	2113	2404	2339
85	2113	2348	2302
86	2113	2783	2713
87	2113	1196	1153
88	2113	1222	1188
89	2113	1354	1287
90	2113	2672	2604
91	2113	19	15
92	2113	2864	2789
93	2113	2796	2746
94	2113	3084	3010
95	2113	2597	2526
96	2113	1381	1338
97	2113	1608	1573
98	2113	2602	2519
99	2113	2688	2618
100	2113	2503	2443
101	2113	2002	1945
102	2113	3044	2976
103	2113	2573	2523
104	2113	1874	1824
105	2113	2204	2155
106	2113	2606	2529
107	2113	2216	2165
108	2113	2273	2229
109	2113	2610	2548
110	2113	2499	2442
111	2113	2295	2251
112	2113	2111	2056
113	2113	1372	1340
114	2113	2756	2698
115	2113	1977	1926
116	2113	1114	1096
117	2113	769	747
118	2113	1299	1265
119	2113	582	569
120	2113	236	222
121	2113	1787	1753
122	2113	2052	1932
123	2113	2798	2721
124	2113	2209	2161
125	2113	2171	2121
126	2113	1235	1200
127	2113	1012	963
128	2113	2864	2793
129	2113	2121	2077
130	2113	2446	2388
131	2113	2578	2523
132	2113	2648	2594
133	2113	2833	2751
134	2113	2534	2472
135	2113	2123	2079
136	2113	2057	2003
137	2113	2288	2236
138	2113	2483	2413
139	2113	2355	2250
140	2113	2751	2692
141	2113	2460	2393
142	2113	2699	2632
143	2113	1774	1710
144	2113	2962	2859
145	2113	2375	2309
146	2113	1678	1621
147	2113	1796	1758
148	2113	1087	1059
149	2113	2424	2334
150	2113	3126	3042
151	2113	2102	2072
152	2113	2499	2421
153	2113	2200	2136
154	2113	1827	1775
155	2113	2402	2328
156	2113	2545	2488
157	2113	2465	2416
158	2113	2656	2602
159	2113	2088	2048
160	2113	972	954
161	2113	2170	2122
162	2113	1764	1708
163	2113	1772	1730
164	2113	1812	1770
165	2113	1893	1842
166	2113	2718	2650
167	2113	3735	3666
168	2113	1531	1494
169	2113	3	3
170	2113	10	10
171	2113	17	13
172	2113	11	8
173	2113	1386	1358
174	2113	1125	1101
175	2113	632	618
176	2113	1892	1851
177	2113	226	214
178	2113	687	659
179	2113	105	104
180	2113	323	311
181	2113	90	86
182	2113	538	524
183	2113	592	581
184	2113	2202	2163
185	2113	274	271
186	2113	1180	1148
187	2113	469	458
188	2113	14596	14206
189	2113	2360	2323
190	2113	1435	1409
191	2113	4118	4048
192	2113	966	948
193	2113	2896	2848
194	2113	486	477
195	2113	618	603
196	2113	569	559
197	2113	194	187
198	2113	249	238
199	2113	714	700
200	2113	6080	5987
201	2113	2031	2005
202	2113	2706	2654
203	2113	574	565
204	2113	81	77
205	2113	902	875
206	2113	6902	6770
207	2113	5089	5016
208	2113	2118	2071
209	2113	2275	2225
210	2113	2017	1973
211	2113	380	368
212	2113	331	313
213	2113	4905	4829
214	2113	911	890
215	2113	4011	3938
216	2113	5633	5541
217	2113	474	457
218	2113	12580	12328
219	2113	4637	4562
220	2113	4531	4438
221	2113	5481	5381
222	2113	2857	2823
223	2113	5078	5013
224	2113	2590	2546
225	2113	9774	9624
226	2113	1586	1564
227	2113	4892	4824
228	2113	4176	4126
229	2113	2641	2595
230	2113	1924	1895
231	2113	1600	1574
232	2113	849	830
233	2113	311	305
234	2113	828	815
235	2113	351	340
236	2113	543	531
237	2113	61	52
238	2113	1021	1004
239	2113	264	258
240	2113	2509	2473
241	2113	988	970
242	2113	760	744
243	2113	241	234
244	2113	5955	5848
245	2113	340	329
246	2113	1418	1386
247	2113	2127	2089
248	2113	3945	3859
249	2113	4357	4254
250	2113	263	256
251	2113	440	433
252	2113	838	824
253	2113	92	89
254	2113	143	136
255	2113	129	127
256	2113	2527	2463
257	2113	2387	2346
258	2113	3249	3184
259	2113	818	803
260	2113	728	712
261	2113	209	208
262	2113	284	280
263	2113	383	371
264	2113	359	354
265	2113	231	228
266	2113	2381	2342
267	2113	453	441
268	2113	413	406
269	2113	3585	3515
270	2113	804	787
271	2113	2880	2830
272	2113	1245	1231
273	2113	155	150
274	2113	4075	3996
275	2113	2291	2260
276	2113	4330	4264
277	2113	2016	1986
278	2113	3088	3028
279	2113	3723	3664
280	2113	975	958
281	2113	3969	3912
282	2113	3033	2981
283	2113	4520	4451
284	2113	4687	4603
285	2113	276	273
286	2113	613	595
287	2113	658	643
288	2113	1392	1361
289	2113	82	81
290	2113	664	651
291	2113	795	783
292	2113	410	401
293	2113	34	31
294	2113	306	298
295	2113	440	433
296	2113	2371	2340
297	2113	914	901
298	2113	1314	1287
299	2113	217	213
300	2113	4097	4026
301	2113	829	808
302	2113	1067	1057
303	2113	2890	2839
304	2113	715	704
305	2113	627	614
306	2113	672	661
307	2113	448	443
308	2113	830	817
309	2113	45	44
310	2113	59	56
311	2113	435	422
312	2113	1971	1935
313	2113	1232	1214
314	2113	1535	1513
315	2113	69	67
316	2113	222	221
317	2113	1555	1536
318	2113	5083	4991
319	2113	2116	2080
320	2113	539	528
321	2113	2665	2611
322	2113	1880	1851
323	2113	170	163
324	2113	339	329
325	2113	126	122
326	2113	563	547
327	2113	561	551
328	2113	466	459
329	2113	184	181
330	2113	7412	7277
331	2113	1378	1349
332	2113	3068	3014
333	2113	2748	2704
334	2113	4301	4230
335	2113	3234	3178
336	2113	1414	1390
337	2113	2798	2743
338	2113	5894	5787
339	2113	5677	5573
340	2113	10554	10384
341	2113	13	12
342	2113	9	8
343	2113	8	7
0	2114	114477	99373
1	2114	2155	2107
2	2114	1837	1793
3	2114	2113	2064
4	2114	1748	1680
5	2114	1897	1846
6	2114	84	70
7	2114	2413	2343
8	2114	1304	1264
9	2114	37	31
10	2114	2945	2853
11	2114	2451	2383
12	2114	2311	2251
13	2114	54	50
14	2114	2534	2472
15	2114	1599	1489
16	2114	2459	2380
17	2114	3525	3436
18	2114	2564	2509
19	2114	2462	2408
20	2114	3876	3768
21	2114	2515	2460
22	2114	2112	2041
23	2114	2291	2243
24	2114	2844	2785
25	2114	5669	5524
26	2114	602	569
27	2114	3438	3262
28	2114	3716	3624
29	2114	917	818
30	2114	1831	1786
31	2114	2415	2345
32	2114	1829	1782
33	2114	2650	2592
34	2114	2438	2368
35	2114	2491	2428
36	2114	185	173
37	2114	2683	2629
38	2114	4152	4051
39	2114	2384	2321
40	2114	1646	1581
41	2114	2467	2405
42	2114	2256	2189
43	2114	2239	2180
44	2114	2830	2752
45	2114	1634	1577
46	2114	2638	2553
47	2114	1961	1907
48	2114	2191	2121
49	2114	2383	2326
50	2114	1675	1608
51	2114	2010	1964
52	2114	2520	2450
53	2114	2766	2692
54	2114	2674	2581
55	2114	1824	1782
56	2114	1879	1818
57	2114	1829	1774
58	2114	2436	2365
59	2114	2390	2333
60	2114	2361	2313
61	2114	1244	1225
62	2114	1922	1883
63	2114	2028	1966
64	2114	1866	1792
65	2114	39	35
66	2114	2482	2412
67	2114	1970	1929
68	2114	2816	2756
69	2114	1268	1229
70	2114	2246	2200
71	2114	26	23
72	2114	2248	2185
73	2114	2447	2373
74	2114	2242	2180
75	2114	2368	2305
76	2114	2408	2355
77	2114	3295	3220
78	2114	2525	2469
79	2114	1919	1871
80	2114	1798	1736
81	2114	2860	2803
82	2114	2165	2097
83	2114	1833	1761
84	2114	2439	2380
85	2114	2306	2256
86	2114	2893	2812
87	2114	1106	1068
88	2114	1186	1158
89	2114	1233	1152
90	2114	2792	2711
91	2114	36	35
92	2114	2702	2618
93	2114	2850	2784
94	2114	3135	3042
95	2114	2541	2470
96	2114	1370	1340
97	2114	1708	1673
98	2114	2686	2593
99	2114	2745	2678
100	2114	2563	2522
101	2114	2005	1934
102	2114	3082	3013
103	2114	2667	2596
104	2114	1832	1800
105	2114	2266	2207
106	2114	2715	2639
107	2114	2325	2271
108	2114	2206	2161
109	2114	2480	2402
110	2114	2624	2548
111	2114	2315	2261
112	2114	2124	2079
113	2114	1381	1345
114	2114	2674	2613
115	2114	1973	1918
116	2114	1227	1203
117	2114	729	715
118	2114	1301	1267
119	2114	516	505
120	2114	279	260
121	2114	1894	1845
122	2114	2050	1925
123	2114	2819	2734
124	2114	2262	2215
125	2114	2174	2133
126	2114	1222	1184
127	2114	1015	969
128	2114	2801	2745
129	2114	2189	2139
130	2114	2403	2334
131	2114	2571	2486
132	2114	2557	2493
133	2114	2951	2871
134	2114	2530	2456
135	2114	2131	2066
136	2114	2085	2031
137	2114	2435	2377
138	2114	2386	2308
139	2114	2402	2281
140	2114	2738	2684
141	2114	2639	2555
142	2114	2826	2745
143	2114	1807	1735
144	2114	3020	2913
145	2114	2411	2356
146	2114	1720	1676
147	2114	1794	1744
148	2114	1091	1067
149	2114	2494	2412
150	2114	3068	2995
151	2114	2112	2065
152	2114	2434	2366
153	2114	2220	2173
154	2114	1883	1824
155	2114	2313	2246
156	2114	2510	2442
157	2114	2490	2436
158	2114	2713	2657
159	2114	2155	2118
160	2114	901	878
161	2114	2203	2141
162	2114	1730	1681
163	2114	1769	1724
164	2114	1828	1791
165	2114	1941	1890
166	2114	2586	2521
167	2114	3711	3646
168	2114	1385	1351
169	2114	7	7
170	2114	13	12
171	2114	9	8
172	2114	9	8
173	2114	1341	1318
174	2114	1292	1262
175	2114	669	646
176	2114	2006	1963
177	2114	213	201
178	2114	789	766
179	2114	127	124
180	2114	314	300
181	2114	112	103
182	2114	587	563
183	2114	654	644
184	2114	2132	2082
185	2114	288	283
186	2114	1127	1095
187	2114	498	480
188	2114	14169	13711
189	2114	2398	2347
190	2114	1552	1519
191	2114	4143	4063
192	2114	1009	981
193	2114	2920	2851
194	2114	522	509
195	2114	642	628
196	2114	558	547
197	2114	204	196
198	2114	268	261
199	2114	777	759
200	2114	5969	5873
201	2114	2063	2024
202	2114	2830	2762
203	2114	560	550
204	2114	69	65
205	2114	875	858
206	2114	6997	6851
207	2114	5353	5225
208	2114	2054	2016
209	2114	2335	2282
210	2114	1957	1899
211	2114	424	419
212	2114	355	343
213	2114	4997	4888
214	2114	929	912
215	2114	4088	4011
216	2114	5754	5635
217	2114	557	547
218	2114	12563	12272
219	2114	4837	4749
220	2114	4600	4510
221	2114	5483	5378
222	2114	2925	2866
223	2114	5020	4934
224	2114	2670	2619
225	2114	9605	9414
226	2114	1623	1573
227	2114	4899	4813
228	2114	4348	4271
229	2114	2675	2632
230	2114	1867	1831
231	2114	1565	1534
232	2114	902	883
233	2114	288	281
234	2114	823	808
235	2114	306	297
236	2114	619	596
237	2114	71	63
238	2114	1048	1019
239	2114	284	279
240	2114	2458	2408
241	2114	962	939
242	2114	731	704
243	2114	231	225
244	2114	5936	5812
245	2114	283	278
246	2114	1466	1422
247	2114	2067	2018
248	2114	3958	3861
249	2114	4469	4368
250	2114	276	264
251	2114	435	424
252	2114	923	901
253	2114	79	77
254	2114	116	113
255	2114	138	135
256	2114	2647	2564
257	2114	2353	2310
258	2114	3354	3282
259	2114	837	826
260	2114	731	718
261	2114	185	181
262	2114	304	295
263	2114	392	382
264	2114	364	359
265	2114	235	221
266	2114	2382	2330
267	2114	410	403
268	2114	417	406
269	2114	3603	3535
270	2114	826	811
271	2114	2941	2885
272	2114	1249	1219
273	2114	168	165
274	2114	4002	3918
275	2114	2486	2445
276	2114	4588	4507
277	2114	1870	1842
278	2114	3338	3247
279	2114	3727	3661
280	2114	996	984
281	2114	3788	3721
282	2114	3079	3024
283	2114	4505	4433
284	2114	4569	4487
285	2114	265	264
286	2114	559	544
287	2114	631	615
288	2114	1380	1344
289	2114	74	72
290	2114	752	739
291	2114	769	759
292	2114	393	382
293	2114	33	32
294	2114	310	298
295	2114	430	420
296	2114	2403	2372
297	2114	945	929
298	2114	1313	1287
299	2114	232	228
300	2114	4265	4178
301	2114	848	829
302	2114	1050	1029
303	2114	2892	2844
304	2114	687	665
305	2114	690	674
306	2114	666	653
307	2114	444	432
308	2114	838	823
309	2114	49	48
310	2114	67	66
311	2114	446	433
312	2114	2122	2092
313	2114	1238	1216
314	2114	1571	1545
315	2114	75	74
316	2114	193	185
317	2114	1558	1516
318	2114	5360	5245
319	2114	2080	2031
320	2114	527	519
321	2114	2859	2810
322	2114	1785	1744
323	2114	198	192
324	2114	408	398
325	2114	100	96
326	2114	546	530
327	2114	556	544
328	2114	528	517
329	2114	172	169
330	2114	7719	7556
331	2114	1469	1437
332	2114	3064	3007
333	2114	2766	2719
334	2114	4331	4256
335	2114	3115	3050
336	2114	1437	1411
337	2114	2826	2768
338	2114	5805	5690
339	2114	5850	5743
340	2114	10469	10280
341	2114	10	9
342	2114	11	10
343	2114	8	7
0	2115	119730	103425
1	2115	2211	2167
2	2115	1781	1728
3	2115	2109	2061
4	2115	1848	1769
5	2115	1855	1795
6	2115	64	60
7	2115	2378	2309
8	2115	1191	1148
9	2115	43	40
10	2115	2786	2693
11	2115	2433	2376
12	2115	2405	2328
13	2115	34	29
14	2115	2481	2401
15	2115	1714	1604
16	2115	2418	2320
17	2115	3481	3381
18	2115	2658	2588
19	2115	2479	2428
20	2115	3813	3728
21	2115	2631	2574
22	2115	2055	1996
23	2115	2226	2161
24	2115	2790	2701
25	2115	5856	5696
26	2115	570	535
27	2115	3333	3124
28	2115	3871	3769
29	2115	688	591
30	2115	1828	1771
31	2115	2331	2264
32	2115	1946	1873
33	2115	2578	2501
34	2115	2539	2459
35	2115	2383	2327
36	2115	194	185
37	2115	2647	2592
38	2115	4127	4015
39	2115	2399	2312
40	2115	1688	1631
41	2115	2524	2451
42	2115	2269	2205
43	2115	2356	2296
44	2115	2761	2679
45	2115	1654	1598
46	2115	2486	2393
47	2115	1954	1905
48	2115	2102	2039
49	2115	2263	2201
50	2115	1783	1702
51	2115	1954	1906
52	2115	2663	2591
53	2115	2791	2718
54	2115	2566	2470
55	2115	1821	1774
56	2115	1897	1834
57	2115	1883	1826
58	2115	2400	2334
59	2115	2299	2238
60	2115	2394	2335
61	2115	1276	1248
62	2115	2151	2078
63	2115	2116	2068
64	2115	1925	1847
65	2115	49	43
66	2115	2433	2378
67	2115	1956	1916
68	2115	2935	2842
69	2115	1202	1164
70	2115	2076	2007
71	2115	39	34
72	2115	2145	2081
73	2115	2414	2338
74	2115	2145	2091
75	2115	2315	2251
76	2115	2502	2433
77	2115	3339	3248
78	2115	2456	2375
79	2115	1893	1841
80	2115	1737	1655
81	2115	3018	2920
82	2115	2178	2080
83	2115	1938	1856
84	2115	2347	2268
85	2115	2235	2188
86	2115	2953	2869
87	2115	1208	1150
88	2115	1251	1212
89	2115	1350	1278
90	2115	2825	2757
91	2115	13	12
92	2115	2805	2721
93	2115	3032	2951
94	2115	3056	2955
95	2115	2770	2684
96	2115	1369	1316
97	2115	1688	1658
98	2115	2639	2562
99	2115	2638	2563
100	2115	2610	2535
101	2115	2105	2026
102	2115	3067	2987
103	2115	2538	2470
104	2115	1819	1768
105	2115	2322	2259
106	2115	2671	2581
107	2115	2310	2253
108	2115	2225	2167
109	2115	2742	2659
110	2115	2642	2575
111	2115	2371	2307
112	2115	2120	2055
113	2115	1344	1320
114	2115	2830	2741
115	2115	1805	1736
116	2115	1150	1126
117	2115	769	740
118	2115	1354	1316
119	2115	507	490
120	2115	212	201
121	2115	1991	1941
122	2115	2099	1949
123	2115	3011	2913
124	2115	2352	2289
125	2115	2236	2181
126	2115	1221	1181
127	2115	998	934
128	2115	2940	2855
129	2115	2107	2043
130	2115	2367	2310
131	2115	2536	2456
132	2115	2486	2414
133	2115	2804	2721
134	2115	2424	2349
135	2115	2179	2113
136	2115	2062	2012
137	2115	2301	2241
138	2115	2488	2407
139	2115	2556	2424
140	2115	2706	2646
141	2115	2598	2495
142	2115	2813	2728
143	2115	1856	1743
144	2115	3024	2928
145	2115	2667	2596
146	2115	1714	1672
147	2115	1776	1725
148	2115	1092	1062
149	2115	2579	2457
150	2115	3099	3031
151	2115	2131	2068
152	2115	2640	2548
153	2115	2242	2181
154	2115	1825	1751
155	2115	2344	2282
156	2115	2592	2526
157	2115	2548	2482
158	2115	2684	2613
159	2115	2103	2037
160	2115	954	934
161	2115	2179	2116
162	2115	1789	1730
163	2115	1842	1800
164	2115	1883	1838
165	2115	1988	1926
166	2115	2731	2671
167	2115	3529	3448
168	2115	1503	1466
169	2115	5	5
170	2115	9	8
171	2115	8	8
172	2115	12	9
173	2115	1388	1358
174	2115	1226	1191
175	2115	612	596
176	2115	2086	2041
177	2115	262	252
178	2115	788	765
179	2115	148	135
180	2115	267	257
181	2115	98	91
182	2115	487	455
183	2115	611	590
184	2115	2219	2176
185	2115	266	259
186	2115	1075	1037
187	2115	425	412
188	2115	13697	13124
189	2115	2377	2338
190	2115	1526	1479
191	2115	4261	4180
192	2115	944	917
193	2115	2992	2927
194	2115	465	456
195	2115	646	628
196	2115	505	492
197	2115	200	194
198	2115	248	240
199	2115	809	794
200	2115	6064	5956
201	2115	2043	2008
202	2115	2844	2782
203	2115	531	512
204	2115	61	59
205	2115	908	884
206	2115	6941	6791
207	2115	5390	5289
208	2115	2051	1995
209	2115	2304	2237
210	2115	1913	1864
211	2115	467	450
212	2115	335	316
213	2115	5044	4936
214	2115	983	961
215	2115	4119	4050
216	2115	5672	5551
217	2115	538	526
218	2115	12727	12449
219	2115	5006	4913
220	2115	4747	4662
221	2115	5766	5664
222	2115	3021	2958
223	2115	5157	5064
224	2115	2707	2641
225	2115	9669	9498
226	2115	1694	1657
227	2115	5084	5017
228	2115	4235	4160
229	2115	2693	2634
230	2115	1962	1917
231	2115	1586	1550
232	2115	843	826
233	2115	321	316
234	2115	788	770
235	2115	304	290
236	2115	608	596
237	2115	65	58
238	2115	962	927
239	2115	248	237
240	2115	2605	2558
241	2115	968	942
242	2115	701	679
243	2115	244	231
244	2115	5970	5843
245	2115	322	317
246	2115	1446	1413
247	2115	2141	2086
248	2115	3965	3880
249	2115	4341	4258
250	2115	282	268
251	2115	474	467
252	2115	871	851
253	2115	96	90
254	2115	119	115
255	2115	165	163
256	2115	2490	2412
257	2115	2428	2382
258	2115	3347	3267
259	2115	865	851
260	2115	706	686
261	2115	181	179
262	2115	246	239
263	2115	407	401
264	2115	374	367
265	2115	240	236
266	2115	2356	2299
267	2115	507	499
268	2115	403	388
269	2115	3672	3610
270	2115	782	766
271	2115	2945	2869
272	2115	1248	1225
273	2115	144	141
274	2115	4169	4093
275	2115	2334	2283
276	2115	4418	4327
277	2115	1992	1955
278	2115	3349	3270
279	2115	3709	3639
280	2115	1075	1062
281	2115	3768	3697
282	2115	3144	3091
283	2115	4612	4542
284	2115	4721	4635
285	2115	267	263
286	2115	537	520
287	2115	689	676
288	2115	1263	1212
289	2115	97	96
290	2115	691	671
291	2115	770	758
292	2115	415	405
293	2115	30	30
294	2115	315	304
295	2115	469	454
296	2115	2430	2381
297	2115	1102	1086
298	2115	1350	1327
299	2115	231	226
300	2115	4341	4250
301	2115	879	855
302	2115	1063	1036
303	2115	2934	2870
304	2115	693	669
305	2115	678	674
306	2115	721	706
307	2115	393	385
308	2115	813	797
309	2115	46	46
310	2115	55	52
311	2115	411	402
312	2115	2160	2120
313	2115	1324	1298
314	2115	1747	1714
315	2115	82	79
316	2115	221	216
317	2115	1583	1558
318	2115	5321	5188
319	2115	2095	2060
320	2115	566	556
321	2115	2784	2734
322	2115	1867	1817
323	2115	167	162
324	2115	374	368
325	2115	98	94
326	2115	599	580
327	2115	515	504
328	2115	509	500
329	2115	168	160
330	2115	7446	7299
331	2115	1408	1385
332	2115	2939	2885
333	2115	2861	2813
334	2115	4435	4345
335	2115	3261	3185
336	2115	1396	1363
337	2115	2905	2852
338	2115	6001	5867
339	2115	5863	5769
340	2115	10916	10692
341	2115	10	10
342	2115	10	9
343	2115	8	7
0	2116	118526	101891
1	2116	2285	2221
2	2116	1691	1638
3	2116	2111	2053
4	2116	1923	1845
5	2116	1868	1825
6	2116	54	47
7	2116	2303	2239
8	2116	1302	1254
9	2116	31	26
10	2116	2989	2897
11	2116	2451	2382
12	2116	2510	2434
13	2116	56	53
14	2116	2299	2234
15	2116	1739	1623
16	2116	2488	2413
17	2116	3625	3515
18	2116	2659	2577
19	2116	2528	2457
20	2116	3958	3847
21	2116	2648	2577
22	2116	1994	1930
23	2116	2385	2321
24	2116	2832	2754
25	2116	5917	5746
26	2116	516	496
27	2116	3138	2913
28	2116	3955	3840
29	2116	495	413
30	2116	1901	1823
31	2116	2247	2194
32	2116	1901	1844
33	2116	2516	2457
34	2116	2556	2466
35	2116	2478	2420
36	2116	191	184
37	2116	2716	2644
38	2116	4043	3918
39	2116	2217	2141
40	2116	1675	1605
41	2116	2512	2443
42	2116	2240	2190
43	2116	2208	2148
44	2116	2857	2759
45	2116	1752	1665
46	2116	2529	2439
47	2116	1932	1871
48	2116	2159	2099
49	2116	2345	2278
50	2116	1722	1660
51	2116	2157	2092
52	2116	2539	2477
53	2116	2815	2763
54	2116	2516	2415
55	2116	1874	1829
56	2116	1910	1847
57	2116	1990	1905
58	2116	2472	2390
59	2116	2428	2356
60	2116	2395	2320
61	2116	1214	1190
62	2116	2038	1967
63	2116	2157	2101
64	2116	1837	1758
65	2116	37	30
66	2116	2507	2421
67	2116	1921	1872
68	2116	2876	2801
69	2116	1150	1116
70	2116	2165	2103
71	2116	37	34
72	2116	2227	2158
73	2116	2496	2403
74	2116	2097	2024
75	2116	2418	2355
76	2116	2487	2420
77	2116	3310	3202
78	2116	2496	2405
79	2116	1846	1797
80	2116	1567	1473
81	2116	3028	2944
82	2116	2203	2124
83	2116	1688	1594
84	2116	2409	2334
85	2116	2372	2312
86	2116	2769	2668
87	2116	1238	1191
88	2116	1319	1281
89	2116	1366	1306
90	2116	2984	2898
91	2116	23	20
92	2116	2933	2835
93	2116	3035	2958
94	2116	3130	3026
95	2116	2736	2657
96	2116	1274	1230
97	2116	1697	1656
98	2116	2650	2567
99	2116	2606	2527
100	2116	2550	2480
101	2116	1967	1901
102	2116	2939	2866
103	2116	2571	2491
104	2116	1800	1753
105	2116	2428	2365
106	2116	2627	2535
107	2116	2289	2218
108	2116	2352	2313
109	2116	2621	2547
110	2116	2637	2564
111	2116	2292	2220
112	2116	2186	2127
113	2116	1304	1260
114	2116	2764	2690
115	2116	1851	1789
116	2116	1157	1139
117	2116	787	759
118	2116	1299	1257
119	2116	537	515
120	2116	272	254
121	2116	1987	1931
122	2116	2094	1945
123	2116	3008	2931
124	2116	2274	2220
125	2116	2242	2185
126	2116	1222	1191
127	2116	971	905
128	2116	2886	2809
129	2116	2122	2066
130	2116	2329	2256
131	2116	2584	2501
132	2116	2548	2474
133	2116	2788	2711
134	2116	2524	2446
135	2116	2132	2086
136	2116	2100	2036
137	2116	2401	2354
138	2116	2359	2277
139	2116	2439	2305
140	2116	2761	2688
141	2116	2579	2483
142	2116	2773	2699
143	2116	1775	1681
144	2116	2969	2855
145	2116	2469	2399
146	2116	1758	1693
147	2116	1864	1796
148	2116	1059	1029
149	2116	2539	2436
150	2116	3122	3031
151	2116	2216	2169
152	2116	2591	2503
153	2116	2231	2183
154	2116	1818	1746
155	2116	2408	2342
156	2116	2595	2529
157	2116	2625	2553
158	2116	2605	2532
159	2116	2167	2108
160	2116	851	826
161	2116	2182	2138
162	2116	1778	1719
163	2116	1856	1818
164	2116	1976	1931
165	2116	2004	1963
166	2116	2725	2648
167	2116	3719	3636
168	2116	1378	1341
169	2116	3	2
170	2116	11	9
171	2116	6	5
172	2116	7	7
173	2116	1310	1272
174	2116	1217	1179
175	2116	656	638
176	2116	1903	1853
177	2116	192	186
178	2116	750	733
179	2116	129	122
180	2116	295	280
181	2116	105	97
182	2116	554	530
183	2116	566	552
184	2116	2164	2122
185	2116	279	273
186	2116	1061	1019
187	2116	444	428
188	2116	12698	12058
189	2116	2403	2360
190	2116	1547	1502
191	2116	4263	4197
192	2116	919	907
193	2116	3013	2955
194	2116	450	436
195	2116	582	567
196	2116	524	514
197	2116	209	203
198	2116	220	217
199	2116	800	784
200	2116	6261	6154
201	2116	1964	1931
202	2116	2889	2831
203	2116	567	550
204	2116	80	78
205	2116	901	888
206	2116	7250	7084
207	2116	5461	5342
208	2116	1968	1923
209	2116	2323	2259
210	2116	1992	1938
211	2116	382	368
212	2116	298	281
213	2116	4970	4873
214	2116	940	920
215	2116	4235	4143
216	2116	5576	5446
217	2116	551	543
218	2116	12451	12188
219	2116	4866	4758
220	2116	4626	4523
221	2116	5700	5596
222	2116	2954	2904
223	2116	5160	5064
224	2116	2765	2712
225	2116	9975	9798
226	2116	1711	1655
227	2116	5131	5044
228	2116	4297	4225
229	2116	2590	2526
230	2116	1983	1944
231	2116	1548	1520
232	2116	853	831
233	2116	274	268
234	2116	772	752
235	2116	381	365
236	2116	603	584
237	2116	60	53
238	2116	1085	1033
239	2116	300	289
240	2116	2588	2533
241	2116	959	935
242	2116	710	690
243	2116	312	302
244	2116	6071	5962
245	2116	326	321
246	2116	1455	1426
247	2116	2198	2154
248	2116	4158	4080
249	2116	4574	4483
250	2116	285	275
251	2116	458	448
252	2116	932	918
253	2116	66	63
254	2116	100	97
255	2116	127	126
256	2116	2189	2111
257	2116	2424	2369
258	2116	3299	3219
259	2116	894	880
260	2116	773	761
261	2116	194	192
262	2116	264	258
263	2116	392	383
264	2116	343	333
265	2116	225	220
266	2116	2430	2383
267	2116	480	470
268	2116	357	354
269	2116	3549	3481
270	2116	780	764
271	2116	2763	2706
272	2116	1286	1252
273	2116	147	144
274	2116	4154	4060
275	2116	2325	2283
276	2116	4558	4465
277	2116	1956	1920
278	2116	3329	3253
279	2116	3736	3662
280	2116	952	944
281	2116	3758	3682
282	2116	3132	3069
283	2116	4643	4553
284	2116	4494	4409
285	2116	277	274
286	2116	586	573
287	2116	638	624
288	2116	1223	1173
289	2116	101	100
290	2116	725	705
291	2116	763	751
292	2116	384	377
293	2116	40	39
294	2116	266	257
295	2116	519	510
296	2116	2430	2385
297	2116	965	953
298	2116	1487	1454
299	2116	239	237
300	2116	4204	4122
301	2116	796	779
302	2116	1101	1063
303	2116	2940	2871
304	2116	719	701
305	2116	655	631
306	2116	651	631
307	2116	423	412
308	2116	865	844
309	2116	59	57
310	2116	60	57
311	2116	418	404
312	2116	2134	2097
313	2116	1268	1244
314	2116	1634	1591
315	2116	66	61
316	2116	198	192
317	2116	1506	1471
318	2116	5210	5079
319	2116	2174	2130
320	2116	542	527
321	2116	2859	2809
322	2116	1891	1846
323	2116	196	193
324	2116	375	368
325	2116	122	120
326	2116	596	588
327	2116	544	530
328	2116	531	520
329	2116	173	168
330	2116	7730	7567
331	2116	1567	1538
332	2116	3166	3107
333	2116	2800	2742
334	2116	4458	4347
335	2116	3298	3223
336	2116	1419	1390
337	2116	2837	2781
338	2116	5916	5778
339	2116	5885	5784
340	2116	10523	10313
341	2116	9	8
342	2116	13	11
343	2116	10	10
0	2117	119347	102875
1	2117	2153	2089
2	2117	1762	1719
3	2117	2096	2046
4	2117	1865	1801
5	2117	1893	1854
6	2117	96	89
7	2117	2395	2328
8	2117	1208	1168
9	2117	40	39
10	2117	2943	2849
11	2117	2315	2261
12	2117	2434	2366
13	2117	46	40
14	2117	2333	2260
15	2117	1728	1603
16	2117	2527	2442
17	2117	3557	3477
18	2117	2722	2632
19	2117	2612	2559
20	2117	4018	3896
21	2117	2729	2657
22	2117	1926	1865
23	2117	2336	2283
24	2117	2792	2711
25	2117	6061	5907
26	2117	560	529
27	2117	3153	2935
28	2117	3966	3844
29	2117	381	321
30	2117	1805	1732
31	2117	2376	2313
32	2117	1864	1807
33	2117	2622	2559
34	2117	2463	2395
35	2117	2495	2405
36	2117	162	157
37	2117	2707	2631
38	2117	4084	3959
39	2117	2332	2239
40	2117	1677	1614
41	2117	2445	2380
42	2117	2244	2173
43	2117	2149	2094
44	2117	2809	2720
45	2117	1694	1625
46	2117	2346	2248
47	2117	2038	1974
48	2117	2083	2022
49	2117	2392	2311
50	2117	1675	1616
51	2117	2027	1974
52	2117	2694	2598
53	2117	2729	2661
54	2117	2598	2501
55	2117	1942	1889
56	2117	1851	1782
57	2117	1922	1856
58	2117	2317	2247
59	2117	2365	2300
60	2117	2443	2370
61	2117	1287	1251
62	2117	1931	1875
63	2117	2179	2114
64	2117	1741	1667
65	2117	44	37
66	2117	2428	2359
67	2117	2043	1981
68	2117	2963	2873
69	2117	1232	1205
70	2117	2135	2069
71	2117	37	35
72	2117	2234	2171
73	2117	2409	2311
74	2117	2069	1990
75	2117	2452	2389
76	2117	2517	2448
77	2117	3227	3148
78	2117	2431	2348
79	2117	1871	1807
80	2117	1401	1302
81	2117	3106	3013
82	2117	2148	2076
83	2117	1835	1758
84	2117	2387	2316
85	2117	2348	2287
86	2117	2679	2595
87	2117	1123	1088
88	2117	1256	1221
89	2117	1297	1227
90	2117	2717	2643
91	2117	17	16
92	2117	2856	2788
93	2117	3036	2966
94	2117	2959	2848
95	2117	2700	2612
96	2117	1366	1318
97	2117	1789	1727
98	2117	2601	2495
99	2117	2610	2530
100	2117	2532	2466
101	2117	1988	1909
102	2117	3201	3110
103	2117	2569	2496
104	2117	1739	1692
105	2117	2337	2274
106	2117	2798	2707
107	2117	2437	2380
108	2117	2267	2214
109	2117	2624	2549
110	2117	2606	2542
111	2117	2230	2189
112	2117	2264	2200
113	2117	1420	1379
114	2117	2735	2653
115	2117	1764	1693
116	2117	1105	1071
117	2117	789	764
118	2117	1316	1274
119	2117	602	586
120	2117	283	265
121	2117	1845	1800
122	2117	2069	1938
123	2117	2961	2882
124	2117	2277	2217
125	2117	2282	2215
126	2117	1199	1172
127	2117	1108	1036
128	2117	2995	2928
129	2117	2221	2164
130	2117	2267	2195
131	2117	2568	2481
132	2117	2483	2422
133	2117	2730	2663
134	2117	2532	2441
135	2117	2169	2097
136	2117	2022	1961
137	2117	2360	2312
138	2117	2386	2307
139	2117	2405	2269
140	2117	2714	2641
141	2117	2683	2579
142	2117	2697	2622
143	2117	1777	1712
144	2117	2924	2818
145	2117	2558	2488
146	2117	1757	1702
147	2117	1912	1848
148	2117	1065	1028
149	2117	2501	2414
150	2117	3154	3076
151	2117	2125	2075
152	2117	2801	2705
153	2117	2218	2172
154	2117	1753	1693
155	2117	2344	2284
156	2117	2555	2495
157	2117	2568	2492
158	2117	2651	2577
159	2117	2167	2130
160	2117	941	918
161	2117	2254	2196
162	2117	1850	1776
163	2117	1846	1789
164	2117	1848	1799
165	2117	1929	1876
166	2117	2745	2689
167	2117	3686	3602
168	2117	1491	1451
169	2117	5	4
170	2117	14	12
171	2117	11	10
172	2117	5	4
173	2117	1376	1343
174	2117	1192	1172
175	2117	784	765
176	2117	1908	1866
177	2117	229	216
178	2117	794	775
179	2117	129	121
180	2117	326	313
181	2117	93	84
182	2117	498	483
183	2117	642	626
184	2117	2218	2186
185	2117	256	247
186	2117	1118	1080
187	2117	456	437
188	2117	12263	11556
189	2117	2383	2336
190	2117	1467	1434
191	2117	4198	4117
192	2117	845	827
193	2117	3074	3013
194	2117	473	466
195	2117	627	613
196	2117	537	526
197	2117	231	222
198	2117	227	220
199	2117	806	791
200	2117	6257	6151
201	2117	2082	2047
202	2117	2787	2712
203	2117	546	532
204	2117	69	66
205	2117	872	851
206	2117	7149	7005
207	2117	5408	5311
208	2117	1880	1824
209	2117	2339	2283
210	2117	1942	1878
211	2117	401	386
212	2117	290	274
213	2117	5111	5013
214	2117	1031	1011
215	2117	4176	4105
216	2117	5504	5373
217	2117	533	515
218	2117	12223	11899
219	2117	4965	4860
220	2117	4528	4459
221	2117	5808	5680
222	2117	2973	2915
223	2117	5399	5282
224	2117	2779	2721
225	2117	9981	9811
226	2117	1555	1513
227	2117	5040	4958
228	2117	4289	4220
229	2117	2720	2670
230	2117	2014	1969
231	2117	1576	1542
232	2117	867	854
233	2117	341	333
234	2117	819	799
235	2117	320	308
236	2117	615	596
237	2117	59	54
238	2117	978	940
239	2117	306	296
240	2117	2465	2406
241	2117	900	872
242	2117	738	709
243	2117	257	250
244	2117	6170	6057
245	2117	305	297
246	2117	1506	1482
247	2117	2105	2065
248	2117	4044	3961
249	2117	4443	4339
250	2117	260	253
251	2117	454	443
252	2117	912	894
253	2117	89	88
254	2117	113	110
255	2117	153	150
256	2117	2148	2051
257	2117	2373	2320
258	2117	3232	3163
259	2117	850	835
260	2117	776	764
261	2117	225	222
262	2117	230	225
263	2117	414	406
264	2117	346	334
265	2117	236	227
266	2117	2231	2186
267	2117	462	450
268	2117	404	396
269	2117	3626	3544
270	2117	795	772
271	2117	2819	2758
272	2117	1252	1234
273	2117	166	158
274	2117	4162	4089
275	2117	2297	2254
276	2117	4545	4460
277	2117	1952	1918
278	2117	3353	3281
279	2117	3682	3615
280	2117	1046	1027
281	2117	3934	3859
282	2117	3253	3199
283	2117	4747	4664
284	2117	4434	4345
285	2117	255	251
286	2117	571	557
287	2117	638	629
288	2117	1098	1059
289	2117	101	97
290	2117	753	740
291	2117	808	795
292	2117	400	389
293	2117	54	53
294	2117	295	290
295	2117	508	500
296	2117	2385	2335
297	2117	1044	1030
298	2117	1382	1352
299	2117	274	264
300	2117	4190	4091
301	2117	821	803
302	2117	1145	1112
303	2117	2918	2869
304	2117	686	666
305	2117	625	613
306	2117	701	684
307	2117	403	398
308	2117	866	849
309	2117	37	36
310	2117	75	75
311	2117	413	411
312	2117	2130	2093
313	2117	1405	1378
314	2117	1617	1584
315	2117	99	96
316	2117	207	199
317	2117	1488	1460
318	2117	5153	5032
319	2117	2075	2039
320	2117	535	519
321	2117	2933	2885
322	2117	1886	1853
323	2117	165	161
324	2117	379	373
325	2117	109	105
326	2117	639	630
327	2117	539	529
328	2117	490	470
329	2117	218	209
330	2117	7926	7777
331	2117	1474	1441
332	2117	3067	3000
333	2117	2764	2726
334	2117	4433	4320
335	2117	3228	3149
336	2117	1396	1365
337	2117	2725	2675
338	2117	6006	5870
339	2117	5907	5794
340	2117	10831	10583
341	2117	13	10
342	2117	7	5
343	2117	4	4
0	2118	121039	104297
1	2118	2250	2198
2	2118	1725	1666
3	2118	2091	2014
4	2118	1914	1823
5	2118	1871	1815
6	2118	70	63
7	2118	2459	2378
8	2118	1205	1170
9	2118	33	30
10	2118	3092	3003
11	2118	2482	2417
12	2118	2480	2406
13	2118	41	39
14	2118	2335	2228
15	2118	1710	1591
16	2118	2462	2385
17	2118	3603	3509
18	2118	2662	2599
19	2118	2547	2476
20	2118	3960	3857
21	2118	2696	2626
22	2118	2029	1959
23	2118	2242	2184
24	2118	2806	2720
25	2118	5894	5741
26	2118	611	581
27	2118	2971	2753
28	2118	3959	3862
29	2118	328	269
30	2118	1766	1701
31	2118	2361	2302
32	2118	1919	1866
33	2118	2714	2639
34	2118	2471	2406
35	2118	2420	2355
36	2118	172	166
37	2118	2740	2664
38	2118	4070	3928
39	2118	2335	2252
40	2118	1692	1618
41	2118	2381	2304
42	2118	2342	2273
43	2118	2275	2210
44	2118	2776	2691
45	2118	1758	1680
46	2118	2246	2153
47	2118	1907	1855
48	2118	2138	2083
49	2118	2304	2211
50	2118	1755	1683
51	2118	2132	2074
52	2118	2602	2514
53	2118	2741	2672
54	2118	2556	2446
55	2118	1952	1905
56	2118	1918	1851
57	2118	1867	1817
58	2118	2419	2347
59	2118	2322	2269
60	2118	2414	2339
61	2118	1275	1254
62	2118	1926	1862
63	2118	2172	2112
64	2118	1850	1772
65	2118	39	32
66	2118	2394	2319
67	2118	2078	2026
68	2118	3021	2936
69	2118	1249	1217
70	2118	2109	2043
71	2118	34	32
72	2118	2264	2196
73	2118	2383	2296
74	2118	1999	1927
75	2118	2386	2327
76	2118	2551	2476
77	2118	3298	3207
78	2118	2524	2420
79	2118	1933	1868
80	2118	1341	1213
81	2118	3157	3061
82	2118	2158	2076
83	2118	1853	1773
84	2118	2366	2296
85	2118	2362	2311
86	2118	2762	2662
87	2118	1192	1146
88	2118	1186	1151
89	2118	1397	1314
90	2118	2954	2859
91	2118	25	22
92	2118	2831	2740
93	2118	2884	2816
94	2118	2920	2820
95	2118	2762	2677
96	2118	1367	1323
97	2118	1620	1568
98	2118	2612	2507
99	2118	2666	2588
100	2118	2497	2433
101	2118	2012	1948
102	2118	3085	3007
103	2118	2506	2427
104	2118	1751	1697
105	2118	2274	2218
106	2118	2770	2677
107	2118	2378	2319
108	2118	2263	2212
109	2118	2767	2699
110	2118	2746	2664
111	2118	2290	2229
112	2118	2151	2105
113	2118	1326	1292
114	2118	2791	2705
115	2118	1727	1639
116	2118	1152	1127
117	2118	811	782
118	2118	1356	1317
119	2118	567	553
120	2118	246	236
121	2118	2004	1956
122	2118	2214	2059
123	2118	2886	2796
124	2118	2249	2203
125	2118	2260	2197
126	2118	1253	1227
127	2118	1000	929
128	2118	2869	2804
129	2118	2068	2005
130	2118	2314	2224
131	2118	2600	2501
132	2118	2585	2493
133	2118	2776	2675
134	2118	2542	2460
135	2118	2065	2005
136	2118	2046	1996
137	2118	2416	2351
138	2118	2352	2262
139	2118	2275	2148
140	2118	2715	2637
141	2118	2670	2565
142	2118	2730	2627
143	2118	1900	1820
144	2118	3052	2935
145	2118	2490	2429
146	2118	1797	1749
147	2118	1865	1817
148	2118	1082	1058
149	2118	2594	2484
150	2118	3334	3250
151	2118	2238	2188
152	2118	2653	2559
153	2118	2245	2201
154	2118	1809	1739
155	2118	2331	2260
156	2118	2447	2384
157	2118	2591	2522
158	2118	2680	2607
159	2118	2130	2081
160	2118	883	854
161	2118	2184	2138
162	2118	1872	1796
163	2118	1846	1809
164	2118	1851	1797
165	2118	1969	1923
166	2118	2689	2619
167	2118	3853	3763
168	2118	1469	1422
169	2118	2	2
170	2118	17	17
171	2118	6	4
172	2118	13	10
173	2118	1401	1367
174	2118	1205	1165
175	2118	692	670
176	2118	2001	1956
177	2118	200	189
178	2118	775	744
179	2118	108	101
180	2118	330	318
181	2118	110	105
182	2118	486	463
183	2118	605	582
184	2118	2203	2153
185	2118	313	308
186	2118	1098	1063
187	2118	413	398
188	2118	11315	10595
189	2118	2430	2363
190	2118	1503	1477
191	2118	4284	4199
192	2118	968	945
193	2118	3056	2991
194	2118	441	425
195	2118	586	578
196	2118	590	575
197	2118	226	219
198	2118	220	215
199	2118	742	722
200	2118	6259	6145
201	2118	2092	2054
202	2118	2785	2710
203	2118	537	522
204	2118	65	62
205	2118	881	856
206	2118	7337	7169
207	2118	5496	5391
208	2118	2055	1996
209	2118	2332	2271
210	2118	1937	1863
211	2118	420	407
212	2118	286	266
213	2118	5057	4934
214	2118	999	967
215	2118	4149	4072
216	2118	5585	5473
217	2118	525	508
218	2118	12505	12182
219	2118	5064	4968
220	2118	4506	4422
221	2118	5771	5662
222	2118	3118	3059
223	2118	5290	5191
224	2118	2804	2742
225	2118	10111	9916
226	2118	1547	1501
227	2118	5201	5099
228	2118	4391	4310
229	2118	2596	2526
230	2118	1979	1942
231	2118	1699	1673
232	2118	987	962
233	2118	327	319
234	2118	798	781
235	2118	328	320
236	2118	591	575
237	2118	50	49
238	2118	1080	1028
239	2118	304	295
240	2118	2643	2573
241	2118	936	909
242	2118	724	696
243	2118	271	262
244	2118	5843	5734
245	2118	288	282
246	2118	1431	1401
247	2118	2056	2011
248	2118	3923	3850
249	2118	4340	4232
250	2118	293	286
251	2118	439	425
252	2118	876	860
253	2118	117	113
254	2118	106	102
255	2118	147	144
256	2118	2175	2062
257	2118	2460	2407
258	2118	3278	3179
259	2118	866	840
260	2118	813	791
261	2118	244	239
262	2118	264	259
263	2118	410	403
264	2118	383	374
265	2118	220	214
266	2118	2195	2150
267	2118	426	418
268	2118	367	362
269	2118	3652	3577
270	2118	790	765
271	2118	3064	3002
272	2118	1155	1134
273	2118	176	169
274	2118	4155	4065
275	2118	2368	2316
276	2118	4467	4366
277	2118	2042	2002
278	2118	3499	3411
279	2118	3934	3862
280	2118	1110	1089
281	2118	3883	3810
282	2118	3221	3175
283	2118	4892	4805
284	2118	4540	4452
285	2118	261	257
286	2118	572	559
287	2118	651	638
288	2118	1001	953
289	2118	106	102
290	2118	703	682
291	2118	860	843
292	2118	354	341
293	2118	41	37
294	2118	296	284
295	2118	476	468
296	2118	2373	2328
297	2118	1038	1022
298	2118	1402	1370
299	2118	250	247
300	2118	4270	4176
301	2118	797	781
302	2118	1045	1021
303	2118	3011	2963
304	2118	665	637
305	2118	692	675
306	2118	651	639
307	2118	437	430
308	2118	810	798
309	2118	55	52
310	2118	66	60
311	2118	410	400
312	2118	2158	2128
313	2118	1342	1328
314	2118	1710	1671
315	2118	94	90
316	2118	191	185
317	2118	1487	1450
318	2118	5074	4943
319	2118	2039	2002
320	2118	575	559
321	2118	2870	2818
322	2118	1899	1857
323	2118	183	181
324	2118	330	323
325	2118	122	119
326	2118	649	629
327	2118	604	594
328	2118	573	561
329	2118	189	184
330	2118	8055	7907
331	2118	1548	1525
332	2118	3139	3088
333	2118	2677	2620
334	2118	4456	4350
335	2118	3173	3094
336	2118	1424	1391
337	2118	2934	2875
338	2118	6029	5897
339	2118	6088	5972
340	2118	10640	10424
341	2118	7	7
342	2118	10	9
343	2118	9	8
0	2119	122065	105343
1	2119	2163	2104
2	2119	1757	1697
3	2119	2201	2133
4	2119	1891	1811
5	2119	1821	1773
6	2119	60	54
7	2119	2435	2354
8	2119	1241	1189
9	2119	31	28
10	2119	3093	2993
11	2119	2627	2568
12	2119	2434	2366
13	2119	51	48
14	2119	2429	2332
15	2119	1884	1744
16	2119	2511	2453
17	2119	3607	3520
18	2119	2654	2586
19	2119	2551	2499
20	2119	4000	3887
21	2119	2739	2682
22	2119	2056	1982
23	2119	2321	2255
24	2119	2920	2846
25	2119	6066	5908
26	2119	567	537
27	2119	3075	2855
28	2119	4050	3943
29	2119	266	232
30	2119	1695	1635
31	2119	2251	2190
32	2119	1823	1776
33	2119	2678	2617
34	2119	2437	2374
35	2119	2558	2481
36	2119	173	167
37	2119	2783	2721
38	2119	4226	4081
39	2119	2250	2155
40	2119	1556	1489
41	2119	2451	2379
42	2119	2209	2153
43	2119	2264	2200
44	2119	2830	2745
45	2119	1790	1711
46	2119	2201	2091
47	2119	1945	1869
48	2119	2191	2123
49	2119	2493	2421
50	2119	1762	1688
51	2119	2053	2005
52	2119	2466	2402
53	2119	2671	2599
54	2119	2390	2304
55	2119	1988	1921
56	2119	1945	1872
57	2119	1853	1802
58	2119	2465	2381
59	2119	2254	2198
60	2119	2433	2382
61	2119	1303	1261
62	2119	1947	1878
63	2119	2320	2246
64	2119	1855	1773
65	2119	36	30
66	2119	2412	2339
67	2119	2061	2002
68	2119	3011	2932
69	2119	1235	1205
70	2119	2055	1976
71	2119	32	30
72	2119	2068	2009
73	2119	2462	2391
74	2119	2001	1922
75	2119	2511	2460
76	2119	2348	2267
77	2119	3215	3115
78	2119	2482	2377
79	2119	1750	1696
80	2119	1134	1030
81	2119	3070	2988
82	2119	2193	2116
83	2119	1899	1814
84	2119	2428	2345
85	2119	2251	2193
86	2119	2638	2534
87	2119	1137	1095
88	2119	1287	1241
89	2119	1485	1403
90	2119	2858	2781
91	2119	17	13
92	2119	2769	2686
93	2119	2990	2914
94	2119	2880	2764
95	2119	2828	2742
96	2119	1293	1250
97	2119	1705	1648
98	2119	2565	2472
99	2119	2632	2544
100	2119	2419	2369
101	2119	2039	1973
102	2119	3100	3004
103	2119	2490	2394
104	2119	1664	1622
105	2119	2384	2296
106	2119	2679	2589
107	2119	2428	2362
108	2119	2244	2190
109	2119	2781	2703
110	2119	2716	2624
111	2119	2365	2312
112	2119	2211	2143
113	2119	1323	1287
114	2119	2718	2645
115	2119	1639	1552
116	2119	1207	1177
117	2119	832	806
118	2119	1281	1237
119	2119	570	561
120	2119	254	236
121	2119	1995	1939
122	2119	2135	2014
123	2119	2955	2876
124	2119	2211	2163
125	2119	2380	2321
126	2119	1365	1332
127	2119	1012	943
128	2119	2910	2845
129	2119	2082	2017
130	2119	2207	2124
131	2119	2504	2419
132	2119	2445	2364
133	2119	2751	2686
134	2119	2580	2511
135	2119	2015	1956
136	2119	2073	2018
137	2119	2405	2336
138	2119	2277	2193
139	2119	2380	2236
140	2119	2684	2614
141	2119	2708	2616
142	2119	2742	2668
143	2119	1915	1808
144	2119	2897	2778
145	2119	2502	2448
146	2119	1840	1782
147	2119	1904	1847
148	2119	1083	1045
149	2119	2585	2504
150	2119	3129	3037
151	2119	2229	2174
152	2119	2608	2519
153	2119	2336	2265
154	2119	1808	1747
155	2119	2405	2343
156	2119	2342	2296
157	2119	2627	2559
158	2119	2670	2605
159	2119	2136	2070
160	2119	878	858
161	2119	2131	2074
162	2119	1687	1625
163	2119	1876	1835
164	2119	1883	1829
165	2119	2013	1970
166	2119	2697	2627
167	2119	3899	3806
168	2119	1451	1398
169	2119	4	4
170	2119	15	13
171	2119	13	12
172	2119	13	13
173	2119	1264	1240
174	2119	1219	1196
175	2119	708	694
176	2119	1916	1871
177	2119	192	178
178	2119	722	702
179	2119	122	112
180	2119	281	272
181	2119	104	98
182	2119	492	470
183	2119	607	589
184	2119	2096	2059
185	2119	299	297
186	2119	1029	989
187	2119	400	385
188	2119	10037	9226
189	2119	2408	2357
190	2119	1481	1442
191	2119	4352	4259
192	2119	963	940
193	2119	3068	3007
194	2119	456	439
195	2119	572	553
196	2119	581	570
197	2119	227	222
198	2119	235	226
199	2119	781	762
200	2119	5992	5890
201	2119	2131	2088
202	2119	2757	2692
203	2119	541	533
204	2119	58	56
205	2119	954	929
206	2119	7282	7110
207	2119	5355	5253
208	2119	1854	1812
209	2119	2324	2275
210	2119	1778	1712
211	2119	425	408
212	2119	317	303
213	2119	5157	5030
214	2119	1005	986
215	2119	4287	4193
216	2119	5609	5492
217	2119	567	554
218	2119	12373	12063
219	2119	5097	5006
220	2119	4476	4382
221	2119	5799	5705
222	2119	3108	3051
223	2119	5408	5314
224	2119	2758	2688
225	2119	9906	9730
226	2119	1572	1528
227	2119	5171	5070
228	2119	4249	4188
229	2119	2670	2621
230	2119	1960	1929
231	2119	1716	1686
232	2119	848	828
233	2119	313	308
234	2119	785	778
235	2119	309	297
236	2119	614	602
237	2119	59	54
238	2119	1076	1037
239	2119	265	253
240	2119	2706	2646
241	2119	977	954
242	2119	736	710
243	2119	233	229
244	2119	5725	5602
245	2119	296	293
246	2119	1389	1367
247	2119	2043	2008
248	2119	4078	3977
249	2119	4307	4217
250	2119	304	295
251	2119	412	403
252	2119	831	818
253	2119	78	75
254	2119	109	101
255	2119	154	148
256	2119	2004	1878
257	2119	2493	2432
258	2119	3160	3064
259	2119	815	798
260	2119	745	726
261	2119	198	192
262	2119	281	279
263	2119	399	390
264	2119	354	348
265	2119	201	200
266	2119	2272	2206
267	2119	450	440
268	2119	429	415
269	2119	3535	3448
270	2119	794	765
271	2119	3038	2983
272	2119	1268	1236
273	2119	190	187
274	2119	4159	4068
275	2119	2305	2242
276	2119	4414	4308
277	2119	1969	1921
278	2119	3399	3318
279	2119	3737	3657
280	2119	1044	1025
281	2119	4044	3991
282	2119	3303	3247
283	2119	4660	4583
284	2119	4440	4361
285	2119	282	277
286	2119	540	522
287	2119	589	574
288	2119	975	927
289	2119	102	98
290	2119	688	672
291	2119	825	807
292	2119	364	353
293	2119	39	38
294	2119	318	300
295	2119	520	511
296	2119	2318	2271
297	2119	1092	1082
298	2119	1429	1405
299	2119	233	230
300	2119	4291	4216
301	2119	838	825
302	2119	1142	1108
303	2119	3006	2943
304	2119	620	598
305	2119	712	694
306	2119	687	656
307	2119	460	451
308	2119	709	690
309	2119	45	42
310	2119	85	76
311	2119	427	417
312	2119	2065	2022
313	2119	1311	1288
314	2119	1703	1676
315	2119	86	83
316	2119	208	203
317	2119	1531	1490
318	2119	5013	4858
319	2119	1983	1947
320	2119	515	504
321	2119	2755	2689
322	2119	1958	1919
323	2119	177	171
324	2119	334	320
325	2119	123	120
326	2119	625	611
327	2119	564	555
328	2119	582	572
329	2119	171	167
330	2119	7830	7694
331	2119	1556	1528
332	2119	3047	2988
333	2119	2820	2767
334	2119	4269	4172
335	2119	2981	2918
336	2119	1506	1473
337	2119	2952	2891
338	2119	5861	5725
339	2119	5909	5815
340	2119	10702	10495
341	2119	12	9
342	2119	12	12
343	2119	11	10
