sample_id,treatment,motu,reads_raw,found_taxa,common_name,site_code,region_name,region_code,decimal_latitude,decimal_longitude,genus,family,order,class,asv,rank,found_taxa_asv,common_name_asv,rank_asv,identity_percentage,evalue,kingdom,phylum,freshwater_only,motu_pa,sample_collection_date,collection_time,filter_time,extraction_blank,volume_filtered,year,sample_notes,location_name,personnel,swell_m,salinity_psu,temperature_c,collection_method,bottom_depth_m,seagrass_presence,seagrass_notes,describe_transect,notes,region_name_label,region_code_label,seq_method,sample_box,pcr_blank
pecoe-0005,Field blank,motu19,19412,Ammodytes personatus,Pacific sandlance,NC_E,CA_NC,CA_NCa,38.10503,-122.8484,Ammodytes,Ammodytidae,Perciformes,Teleostei,NA,NA,NA,NA,NA,NA,NA,NA,NA,NA,NA,NA,NA,NA,NA,NA,NA,NA,NA,NA,NA,NA,NA,NA,NA,NA,NA,NA,NA,NA,NA,NA,NA,NA
pecoe-0005,Field blank,motu82,23735,Fin whale,Fin whale,NC_E,CA_NC,CA_NCa,38.10503,-122.8484,Balaenoptera,Balaenopteridae,Artiodactyla,Mammalia,NA,NA,NA,NA,NA,NA,NA,NA,NA,NA,NA,NA,NA,NA,NA,NA,NA,NA,NA,NA,NA,NA,NA,NA,NA,NA,NA,NA,NA,NA,NA,NA,NA,NA
pecoe-0006,Field blank,motu3,63,Clupea pallasii,Pacific herring,NC_BL,CA_NC,CA_NCa,38.17851,-122.9088,Clupea,Clupeidae,Clupeiformes,Teleostei,NA,NA,NA,NA,NA,NA,NA,NA,NA,NA,NA,NA,NA,NA,NA,NA,NA,NA,NA,NA,NA,NA,NA,NA,NA,NA,NA,NA,NA,NA,NA,NA,NA,NA
pecoe-0014,Field blank,motu6,496,Pholis laeta,Crescent gunnel,NC_WP,CA_SF,CA_NCa,38.31891,-123.0537,Pholis,Pholidae,Perciformes,Teleostei,NA,NA,NA,NA,NA,NA,NA,NA,NA,NA,NA,NA,NA,NA,NA,NA,NA,NA,NA,NA,NA,NA,NA,NA,NA,NA,NA,NA,NA,NA,NA,NA,NA,NA
pecoe-0014,Field blank,motu28,13390,Hexagrammos decagrammus,Kelp greenling,NC_WP,CA_SF,CA_NCa,38.31891,-123.0537,Hexagrammos,Hexagrammidae,Perciformes,Teleostei,NA,NA,NA,NA,NA,NA,NA,NA,NA,NA,NA,NA,NA,NA,NA,NA,NA,NA,NA,NA,NA,NA,NA,NA,NA,NA,NA,NA,NA,NA,NA,NA,NA,NA
pecoe-0014,Field blank,motu380,257,Unknown bacteria,Bacteria,NC_WP,CA_SF,CA_NCa,38.31891,-123.0537,NA,NA,NA,NA,NA,NA,NA,NA,NA,NA,NA,NA,NA,NA,NA,NA,NA,NA,NA,NA,NA,NA,NA,NA,NA,NA,NA,NA,NA,NA,NA,NA,NA,NA,NA,NA,NA,NA
pecoe-0034,Field blank,motu2,13,Leptocottus armatus,Pacific staghorn sculpin,YB_SBS,OR_YB,OR_YB,44.61245,-124.013317,Leptocottus,Cottidae,Perciformes,Teleostei,NA,NA,NA,NA,NA,NA,NA,NA,NA,NA,NA,NA,NA,NA,NA,NA,NA,NA,NA,NA,NA,NA,NA,NA,NA,NA,NA,NA,NA,NA,NA,NA,NA,NA
pecoe-0034,Field blank,motu50,191,Aulorhynchus flavidus,Tube-snout,YB_SBS,OR_YB,OR_YB,44.61245,-124.013317,Aulorhynchus,Aulorhynchidae,Perciformes,Teleostei,NA,NA,NA,NA,NA,NA,NA,NA,NA,NA,NA,NA,NA,NA,NA,NA,NA,NA,NA,NA,NA,NA,NA,NA,NA,NA,NA,NA,NA,NA,NA,NA,NA,NA
pecoe-0041,Field blank,motu78,431,Salmo salar,Atlantic salmon,CB_FP,OR_CB,OR_CB,43.35965,-124.310117,Salmo,Salmonidae,Salmoniformes,Teleostei,NA,NA,NA,NA,NA,NA,NA,NA,NA,NA,NA,NA,NA,NA,NA,NA,NA,NA,NA,NA,NA,NA,NA,NA,NA,NA,NA,NA,NA,NA,NA,NA,NA,NA
pecoe-0041,Field blank,motu78,353,Salmo salar,Atlantic salmon,CB_FP,OR_CB,OR_CB,43.35965,-124.310117,Salmo,Salmonidae,Salmoniformes,Teleostei,NA,NA,NA,NA,NA,NA,NA,NA,NA,NA,NA,NA,NA,NA,NA,NA,NA,NA,NA,NA,NA,NA,NA,NA,NA,NA,NA,NA,NA,NA,NA,NA,NA,NA
pecoe-0049,Field blank,motu3,1155,Clupea pallasii,Pacific herring,YB_IF,OR_YB,OR_YB,44.617633,-124.029183,Clupea,Clupeidae,Clupeiformes,Teleostei,NA,NA,NA,NA,NA,NA,NA,NA,NA,NA,NA,NA,NA,NA,NA,NA,NA,NA,NA,NA,NA,NA,NA,NA,NA,NA,NA,NA,NA,NA,NA,NA,NA,NA
pecoe-0059,Field blank,motu3,1187,Clupea pallasii,Pacific herring,HG_RI,BC_HG,BC_HGa,52.575011,-131.39638,Clupea,Clupeidae,Clupeiformes,Teleostei,NA,NA,NA,NA,NA,NA,NA,NA,NA,NA,NA,NA,NA,NA,NA,NA,NA,NA,NA,NA,NA,NA,NA,NA,NA,NA,NA,NA,NA,NA,NA,NA,NA,NA
pecoe-0059,Field blank,motu3,348,Clupea pallasii,Pacific herring,HG_RI,BC_HG,BC_HGa,52.575011,-131.39638,Clupea,Clupeidae,Clupeiformes,Teleostei,NA,NA,NA,NA,NA,NA,NA,NA,NA,NA,NA,NA,NA,NA,NA,NA,NA,NA,NA,NA,NA,NA,NA,NA,NA,NA,NA,NA,NA,NA,NA,NA,NA,NA
pecoe-0061,Field blank,motu50,39215,Aulorhynchus flavidus,Tube-snout,HG_LIE,BC_HG,BC_HGa,52.22138,-131.26855,Aulorhynchus,Aulorhynchidae,Perciformes,Teleostei,NA,NA,NA,NA,NA,NA,NA,NA,NA,NA,NA,NA,NA,NA,NA,NA,NA,NA,NA,NA,NA,NA,NA,NA,NA,NA,NA,NA,NA,NA,NA,NA,NA,NA
pecoe-0061,Field blank,motu78,13208,Salmo salar,Atlantic salmon,HG_LIE,BC_HG,BC_HGa,52.22138,-131.26855,Salmo,Salmonidae,Salmoniformes,Teleostei,NA,NA,NA,NA,NA,NA,NA,NA,NA,NA,NA,NA,NA,NA,NA,NA,NA,NA,NA,NA,NA,NA,NA,NA,NA,NA,NA,NA,NA,NA,NA,NA,NA,NA
pecoe-0061,Field blank,motu780,562,No BLAST hit,No BLAST hit,HG_LIE,BC_HG,BC_HGa,52.22138,-131.26855,NA,NA,NA,NA,NA,NA,NA,NA,NA,NA,NA,NA,NA,NA,NA,NA,NA,NA,NA,NA,NA,NA,NA,NA,NA,NA,NA,NA,NA,NA,NA,NA,NA,NA,NA,NA,NA,NA
pecoe-0061,Field blank,motu1214,225,Aulorhynchus flavidus,Tube-snout,HG_LIE,BC_HG,BC_HGa,52.22138,-131.26855,Aulorhynchus,Aulorhynchidae,Perciformes,Teleostei,NA,NA,NA,NA,NA,NA,NA,NA,NA,NA,NA,NA,NA,NA,NA,NA,NA,NA,NA,NA,NA,NA,NA,NA,NA,NA,NA,NA,NA,NA,NA,NA,NA,NA
pecoe-0067,Field blank,motu61,554,No BLAST hit,No BLAST hit,HG_SB,BC_HG,BC_HGa,52.63103,-131.60861,NA,NA,NA,NA,NA,NA,NA,NA,NA,NA,NA,NA,NA,NA,NA,NA,NA,NA,NA,NA,NA,NA,NA,NA,NA,NA,NA,NA,NA,NA,NA,NA,NA,NA,NA,NA,NA,NA
pecoe-0067,Field blank,motu61,259,No BLAST hit,No BLAST hit,HG_SB,BC_HG,BC_HGa,52.63103,-131.60861,NA,NA,NA,NA,NA,NA,NA,NA,NA,NA,NA,NA,NA,NA,NA,NA,NA,NA,NA,NA,NA,NA,NA,NA,NA,NA,NA,NA,NA,NA,NA,NA,NA,NA,NA,NA,NA,NA
pecoe-0067,Field blank,motu61,169,No BLAST hit,No BLAST hit,HG_SB,BC_HG,BC_HGa,52.63103,-131.60861,NA,NA,NA,NA,NA,NA,NA,NA,NA,NA,NA,NA,NA,NA,NA,NA,NA,NA,NA,NA,NA,NA,NA,NA,NA,NA,NA,NA,NA,NA,NA,NA,NA,NA,NA,NA,NA,NA
pecoe-0077,Field blank,motu78,20108,Salmo salar,Atlantic salmon,PP_K,BC_PP,BC_PP,49.104117,-125.748433,Salmo,Salmonidae,Salmoniformes,Teleostei,NA,NA,NA,NA,NA,NA,NA,NA,NA,NA,NA,NA,NA,NA,NA,NA,NA,NA,NA,NA,NA,NA,NA,NA,NA,NA,NA,NA,NA,NA,NA,NA,NA,NA
pecoe-0077,Field blank,motu15,5005,Oncorhynchus gorbuscha,Pink salmon,PP_K,BC_PP,BC_PP,49.104117,-125.748433,Oncorhynchus,Salmonidae,Salmoniformes,Teleostei,NA,NA,NA,NA,NA,NA,NA,NA,NA,NA,NA,NA,NA,NA,NA,NA,NA,NA,NA,NA,NA,NA,NA,NA,NA,NA,NA,NA,NA,NA,NA,NA,NA,NA
pecoe-0077,Field blank,motu3,4769,Clupea pallasii,Pacific herring,PP_K,BC_PP,BC_PP,49.104117,-125.748433,Clupea,Clupeidae,Clupeiformes,Teleostei,NA,NA,NA,NA,NA,NA,NA,NA,NA,NA,NA,NA,NA,NA,NA,NA,NA,NA,NA,NA,NA,NA,NA,NA,NA,NA,NA,NA,NA,NA,NA,NA,NA,NA
pecoe-0085,Field blank,motu19,3666,Ammodytes personatus,Pacific sandlance,PP_O,BC_PP,BC_PP,49.171917,-125.915683,Ammodytes,Ammodytidae,Perciformes,Teleostei,NA,NA,NA,NA,NA,NA,NA,NA,NA,NA,NA,NA,NA,NA,NA,NA,NA,NA,NA,NA,NA,NA,NA,NA,NA,NA,NA,NA,NA,NA,NA,NA,NA,NA
pecoe-0085,Field blank,motu78,4541,Salmo salar,Atlantic salmon,PP_O,BC_PP,BC_PP,49.171917,-125.915683,Salmo,Salmonidae,Salmoniformes,Teleostei,NA,NA,NA,NA,NA,NA,NA,NA,NA,NA,NA,NA,NA,NA,NA,NA,NA,NA,NA,NA,NA,NA,NA,NA,NA,NA,NA,NA,NA,NA,NA,NA,NA,NA
pecoe-0085,Field blank,motu61,835,No BLAST hit,No BLAST hit,PP_O,BC_PP,BC_PP,49.171917,-125.915683,NA,NA,NA,NA,NA,NA,NA,NA,NA,NA,NA,NA,NA,NA,NA,NA,NA,NA,NA,NA,NA,NA,NA,NA,NA,NA,NA,NA,NA,NA,NA,NA,NA,NA,NA,NA,NA,NA
pecoe-0085,Field blank,motu78,3293,Salmo salar,Atlantic salmon,PP_O,BC_PP,BC_PP,49.171917,-125.915683,Salmo,Salmonidae,Salmoniformes,Teleostei,NA,NA,NA,NA,NA,NA,NA,NA,NA,NA,NA,NA,NA,NA,NA,NA,NA,NA,NA,NA,NA,NA,NA,NA,NA,NA,NA,NA,NA,NA,NA,NA,NA,NA
pecoe-0085,Field blank,motu78,873,Salmo salar,Atlantic salmon,PP_O,BC_PP,BC_PP,49.171917,-125.915683,Salmo,Salmonidae,Salmoniformes,Teleostei,NA,NA,NA,NA,NA,NA,NA,NA,NA,NA,NA,NA,NA,NA,NA,NA,NA,NA,NA,NA,NA,NA,NA,NA,NA,NA,NA,NA,NA,NA,NA,NA,NA,NA
pecoe-0085,Field blank,motu78,276,Salmo salar,Atlantic salmon,PP_O,BC_PP,BC_PP,49.171917,-125.915683,Salmo,Salmonidae,Salmoniformes,Teleostei,NA,NA,NA,NA,NA,NA,NA,NA,NA,NA,NA,NA,NA,NA,NA,NA,NA,NA,NA,NA,NA,NA,NA,NA,NA,NA,NA,NA,NA,NA,NA,NA,NA,NA
pecoe-0086,Field blank,motu11,333,Oncorhynchus,Salmon species,PP_M,BC_PP,BC_PP,49.1844,-125.884767,Oncorhynchus,Salmonidae,Salmoniformes,Teleostei,NA,NA,NA,NA,NA,NA,NA,NA,NA,NA,NA,NA,NA,NA,NA,NA,NA,NA,NA,NA,NA,NA,NA,NA,NA,NA,NA,NA,NA,NA,NA,NA,NA,NA
pecoe-0091,Field blank,motu28,15892,Hexagrammos decagrammus,Kelp greenling,PP_S,BC_PP,BC_PP,49.19295,-125.862383,Hexagrammos,Hexagrammidae,Perciformes,Teleostei,NA,NA,NA,NA,NA,NA,NA,NA,NA,NA,NA,NA,NA,NA,NA,NA,NA,NA,NA,NA,NA,NA,NA,NA,NA,NA,NA,NA,NA,NA,NA,NA,NA,NA
pecoe-0091,Field blank,motu78,1440,Salmo salar,Atlantic salmon,PP_S,BC_PP,BC_PP,49.19295,-125.862383,Salmo,Salmonidae,Salmoniformes,Teleostei,NA,NA,NA,NA,NA,NA,NA,NA,NA,NA,NA,NA,NA,NA,NA,NA,NA,NA,NA,NA,NA,NA,NA,NA,NA,NA,NA,NA,NA,NA,NA,NA,NA,NA
pecoe-0091,Field blank,motu913,401,Oncorhynchus keta,Chum salmon,PP_S,BC_PP,BC_PP,49.19295,-125.862383,Oncorhynchus,Salmonidae,Salmoniformes,Teleostei,NA,NA,NA,NA,NA,NA,NA,NA,NA,NA,NA,NA,NA,NA,NA,NA,NA,NA,NA,NA,NA,NA,NA,NA,NA,NA,NA,NA,NA,NA,NA,NA,NA,NA
pecoe-0100,Field blank,motu1,16,Cymatogaster aggregata,Shiner perch,PP_MI,BC_PP,BC_PP,49.1213,-125.825617,Cymatogaster,Embiotocidae,Ovalentaria incertae sedis,Teleostei,NA,NA,NA,NA,NA,NA,NA,NA,NA,NA,NA,NA,NA,NA,NA,NA,NA,NA,NA,NA,NA,NA,NA,NA,NA,NA,NA,NA,NA,NA,NA,NA,NA,NA
pecoe-0100,Field blank,motu5,10,Gasterosteus aculeatus,Three-spined stickleback,PP_MI,BC_PP,BC_PP,49.1213,-125.825617,Gasterosteus,Gasterosteidae,Perciformes,Teleostei,NA,NA,NA,NA,NA,NA,NA,NA,NA,NA,NA,NA,NA,NA,NA,NA,NA,NA,NA,NA,NA,NA,NA,NA,NA,NA,NA,NA,NA,NA,NA,NA,NA,NA
pecoe-0100,Field blank,motu16,17,Pleuronectidae,Flatfish family,PP_MI,BC_PP,BC_PP,49.1213,-125.825617,NA,Pleuronectidae,Pleuronectiformes,Teleostei,NA,NA,NA,NA,NA,NA,NA,NA,NA,NA,NA,NA,NA,NA,NA,NA,NA,NA,NA,NA,NA,NA,NA,NA,NA,NA,NA,NA,NA,NA,NA,NA,NA,NA
pecoe-0100,Field blank,motu19,8377,Ammodytes personatus,Pacific sandlance,PP_MI,BC_PP,BC_PP,49.1213,-125.825617,Ammodytes,Ammodytidae,Perciformes,Teleostei,NA,NA,NA,NA,NA,NA,NA,NA,NA,NA,NA,NA,NA,NA,NA,NA,NA,NA,NA,NA,NA,NA,NA,NA,NA,NA,NA,NA,NA,NA,NA,NA,NA,NA
pecoe-0100,Field blank,motu32,14,Embiotocidae,Surfperch family,PP_MI,BC_PP,BC_PP,49.1213,-125.825617,Phanerodon,Embiotocidae,Ovalentaria incertae sedis,Teleostei,NA,NA,NA,NA,NA,NA,NA,NA,NA,NA,NA,NA,NA,NA,NA,NA,NA,NA,NA,NA,NA,NA,NA,NA,NA,NA,NA,NA,NA,NA,NA,NA,NA,NA
pecoe-0100,Field blank,motu28,14,Hexagrammos decagrammus,Kelp greenling,PP_MI,BC_PP,BC_PP,49.1213,-125.825617,Hexagrammos,Hexagrammidae,Perciformes,Teleostei,NA,NA,NA,NA,NA,NA,NA,NA,NA,NA,NA,NA,NA,NA,NA,NA,NA,NA,NA,NA,NA,NA,NA,NA,NA,NA,NA,NA,NA,NA,NA,NA,NA,NA
pecoe-0100,Field blank,motu11,40,Oncorhynchus,Salmon species,PP_MI,BC_PP,BC_PP,49.1213,-125.825617,Oncorhynchus,Salmonidae,Salmoniformes,Teleostei,NA,NA,NA,NA,NA,NA,NA,NA,NA,NA,NA,NA,NA,NA,NA,NA,NA,NA,NA,NA,NA,NA,NA,NA,NA,NA,NA,NA,NA,NA,NA,NA,NA,NA
pecoe-0100,Field blank,motu21,8,Anoplarchus,Cockscomb species,PP_MI,BC_PP,BC_PP,49.1213,-125.825617,Anoplarchus,Stichaeidae,Perciformes,Teleostei,NA,NA,NA,NA,NA,NA,NA,NA,NA,NA,NA,NA,NA,NA,NA,NA,NA,NA,NA,NA,NA,NA,NA,NA,NA,NA,NA,NA,NA,NA,NA,NA,NA,NA
pecoe-0100,Field blank,motu19,17889,Ammodytes personatus,Pacific sandlance,PP_MI,BC_PP,BC_PP,49.1213,-125.825617,Ammodytes,Ammodytidae,Perciformes,Teleostei,NA,NA,NA,NA,NA,NA,NA,NA,NA,NA,NA,NA,NA,NA,NA,NA,NA,NA,NA,NA,NA,NA,NA,NA,NA,NA,NA,NA,NA,NA,NA,NA,NA,NA
pecoe-0106,Field blank,motu11,177,Oncorhynchus,Salmon species,WB_DP,WA_WB,WA_WB,46.98382,-124.12465,Oncorhynchus,Salmonidae,Salmoniformes,Teleostei,NA,NA,NA,NA,NA,NA,NA,NA,NA,NA,NA,NA,NA,NA,NA,NA,NA,NA,NA,NA,NA,NA,NA,NA,NA,NA,NA,NA,NA,NA,NA,NA,NA,NA
pecoe-0111,Field blank,motu37,16652,Oncorhynchus kisutch,Coho salmon,WB_BC,WA_WB,WA_WB,46.64021,-123.94357,Oncorhynchus,Salmonidae,Salmoniformes,Teleostei,NA,NA,NA,NA,NA,NA,NA,NA,NA,NA,NA,NA,NA,NA,NA,NA,NA,NA,NA,NA,NA,NA,NA,NA,NA,NA,NA,NA,NA,NA,NA,NA,NA,NA
pecoe-0111,Field blank,motu78,19889,Salmo salar,Atlantic salmon,WB_BC,WA_WB,WA_WB,46.64021,-123.94357,Salmo,Salmonidae,Salmoniformes,Teleostei,NA,NA,NA,NA,NA,NA,NA,NA,NA,NA,NA,NA,NA,NA,NA,NA,NA,NA,NA,NA,NA,NA,NA,NA,NA,NA,NA,NA,NA,NA,NA,NA,NA,NA
pecoe-0111,Field blank,motu222,1361,Salmo salar,Atlantic salmon,WB_BC,WA_WB,WA_WB,46.64021,-123.94357,Salmo,Salmonidae,Salmoniformes,Teleostei,NA,NA,NA,NA,NA,NA,NA,NA,NA,NA,NA,NA,NA,NA,NA,NA,NA,NA,NA,NA,NA,NA,NA,NA,NA,NA,NA,NA,NA,NA,NA,NA,NA,NA
pecoe-0116,Field blank,motu11,35949,Oncorhynchus,Salmon species,WB_WR,WA_WB,WA_WB,46.69456,-123.9037,Oncorhynchus,Salmonidae,Salmoniformes,Teleostei,NA,NA,NA,NA,NA,NA,NA,NA,NA,NA,NA,NA,NA,NA,NA,NA,NA,NA,NA,NA,NA,NA,NA,NA,NA,NA,NA,NA,NA,NA,NA,NA,NA,NA
pecoe-0126,Field blank,motu3,14115,Clupea pallasii,Pacific herring,WB_BC,WA_WB,WA_WB,46.64021,-123.94357,Clupea,Clupeidae,Clupeiformes,Teleostei,NA,NA,NA,NA,NA,NA,NA,NA,NA,NA,NA,NA,NA,NA,NA,NA,NA,NA,NA,NA,NA,NA,NA,NA,NA,NA,NA,NA,NA,NA,NA,NA,NA,NA
pecoe-0126,Field blank,motu3,2266,Clupea pallasii,Pacific herring,WB_BC,WA_WB,WA_WB,46.64021,-123.94357,Clupea,Clupeidae,Clupeiformes,Teleostei,NA,NA,NA,NA,NA,NA,NA,NA,NA,NA,NA,NA,NA,NA,NA,NA,NA,NA,NA,NA,NA,NA,NA,NA,NA,NA,NA,NA,NA,NA,NA,NA,NA,NA
pecoe-0126,Field blank,motu3,561,Clupea pallasii,Pacific herring,WB_BC,WA_WB,WA_WB,46.64021,-123.94357,Clupea,Clupeidae,Clupeiformes,Teleostei,NA,NA,NA,NA,NA,NA,NA,NA,NA,NA,NA,NA,NA,NA,NA,NA,NA,NA,NA,NA,NA,NA,NA,NA,NA,NA,NA,NA,NA,NA,NA,NA,NA,NA
pecoe-0135,Field blank,motu83,45,Sus scrofa,Pig,SE_NZ,AK_SE,AK_SE,55.248144,-132.879154,Sus,Suidae,Artiodactyla,Mammalia,NA,NA,NA,NA,NA,NA,NA,NA,NA,NA,NA,NA,NA,NA,NA,NA,NA,NA,NA,NA,NA,NA,NA,NA,NA,NA,NA,NA,NA,NA,NA,NA,NA,NA
pecoe-0145,Field blank,motu316,3367,Unknown organism,Unknown organism,SE_NF,AK_SE,AK_SE,55.496398,-133.167232,NA,NA,NA,NA,NA,NA,NA,NA,NA,NA,NA,NA,NA,NA,NA,NA,NA,NA,NA,NA,NA,NA,NA,NA,NA,NA,NA,NA,NA,NA,NA,NA,NA,NA,NA,NA,NA,NA
pecoe-0145,Field blank,motu583,976,Unknown organism,Unknown organism,SE_NF,AK_SE,AK_SE,55.496398,-133.167232,NA,NA,NA,NA,NA,NA,NA,NA,NA,NA,NA,NA,NA,NA,NA,NA,NA,NA,NA,NA,NA,NA,NA,NA,NA,NA,NA,NA,NA,NA,NA,NA,NA,NA,NA,NA,NA,NA
pecoe-0150,Field blank,motu61,1209,No BLAST hit,No BLAST hit,SE_SH,AK_SE,AK_SE,55.597919,-133.162584,NA,NA,NA,NA,NA,NA,NA,NA,NA,NA,NA,NA,NA,NA,NA,NA,NA,NA,NA,NA,NA,NA,NA,NA,NA,NA,NA,NA,NA,NA,NA,NA,NA,NA,NA,NA,NA,NA
pecoe-0155,Field blank,motu61,152,No BLAST hit,No BLAST hit,SE_NS,AK_SE,AK_SE,55.708572,-133.34121,NA,NA,NA,NA,NA,NA,NA,NA,NA,NA,NA,NA,NA,NA,NA,NA,NA,NA,NA,NA,NA,NA,NA,NA,NA,NA,NA,NA,NA,NA,NA,NA,NA,NA,NA,NA,NA,NA
pecoe-0155,Field blank,motu83,128,Sus scrofa,Pig,SE_NS,AK_SE,AK_SE,55.708572,-133.34121,Sus,Suidae,Artiodactyla,Mammalia,NA,NA,NA,NA,NA,NA,NA,NA,NA,NA,NA,NA,NA,NA,NA,NA,NA,NA,NA,NA,NA,NA,NA,NA,NA,NA,NA,NA,NA,NA,NA,NA,NA,NA
pecoe-0155,Field blank,motu202,2976,Rhizosolenia  setigera,Diatom,SE_NS,AK_SE,AK_SE,55.708572,-133.34121,Rhizosolenia,Rhizosoleniaceae,Rhizosoleniales,Coscinodiscophyceae,NA,NA,NA,NA,NA,NA,NA,NA,NA,NA,NA,NA,NA,NA,NA,NA,NA,NA,NA,NA,NA,NA,NA,NA,NA,NA,NA,NA,NA,NA,NA,NA,NA,NA
pecoe-0155,Field blank,motu543,1141,gamma proteobacterium,Bacteria,SE_NS,AK_SE,AK_SE,55.708572,-133.34121,NA,NA,NA,Gammaproteobacteria,NA,NA,NA,NA,NA,NA,NA,NA,NA,NA,NA,NA,NA,NA,NA,NA,NA,NA,NA,NA,NA,NA,NA,NA,NA,NA,NA,NA,NA,NA,NA,NA,NA,NA
pecoe-0155,Field blank,motu553,1105,Deltaproteobacteria,Bacteria,SE_NS,AK_SE,AK_SE,55.708572,-133.34121,NA,NA,NA,Deltaproteobacteria,NA,NA,NA,NA,NA,NA,NA,NA,NA,NA,NA,NA,NA,NA,NA,NA,NA,NA,NA,NA,NA,NA,NA,NA,NA,NA,NA,NA,NA,NA,NA,NA,NA,NA
pecoe-0162,Field blank,motu3,389,Clupea pallasii,Pacific herring,SD_FI,CA_SD,CA_SD,32.77171,-117.21962,Clupea,Clupeidae,Clupeiformes,Teleostei,NA,NA,NA,NA,NA,NA,NA,NA,NA,NA,NA,NA,NA,NA,NA,NA,NA,NA,NA,NA,NA,NA,NA,NA,NA,NA,NA,NA,NA,NA,NA,NA,NA,NA
pecoe-0162,Field blank,motu544,100,No BLAST hit,No BLAST hit,SD_FI,CA_SD,CA_SD,32.77171,-117.21962,NA,NA,NA,NA,NA,NA,NA,NA,NA,NA,NA,NA,NA,NA,NA,NA,NA,NA,NA,NA,NA,NA,NA,NA,NA,NA,NA,NA,NA,NA,NA,NA,NA,NA,NA,NA,NA,NA
pecoe-0166,Field blank,motu851,467,No BLAST hit,No BLAST hit,SD_CV,CA_SD,CA_SD,32.62568,-117.1066,NA,NA,NA,NA,NA,NA,NA,NA,NA,NA,NA,NA,NA,NA,NA,NA,NA,NA,NA,NA,NA,NA,NA,NA,NA,NA,NA,NA,NA,NA,NA,NA,NA,NA,NA,NA,NA,NA
pecoe-0171,Field blank,motu82,430,Fin whale,Fin whale,SD_SI,CA_SD,CA_SD,32.71447,-117.22482,Balaenoptera,Balaenopteridae,Artiodactyla,Mammalia,NA,NA,NA,NA,NA,NA,NA,NA,NA,NA,NA,NA,NA,NA,NA,NA,NA,NA,NA,NA,NA,NA,NA,NA,NA,NA,NA,NA,NA,NA,NA,NA,NA,NA
pecoe-0189,Field blank,motu1,19,Cymatogaster aggregata,Shiner perch,JN_SB,AK_JN,AK_JN,58.62695,-134.9442,Cymatogaster,Embiotocidae,Ovalentaria incertae sedis,Teleostei,NA,NA,NA,NA,NA,NA,NA,NA,NA,NA,NA,NA,NA,NA,NA,NA,NA,NA,NA,NA,NA,NA,NA,NA,NA,NA,NA,NA,NA,NA,NA,NA,NA,NA
pecoe-0189,Field blank,motu5,11,Gasterosteus aculeatus,Three-spined stickleback,JN_SB,AK_JN,AK_JN,58.62695,-134.9442,Gasterosteus,Gasterosteidae,Perciformes,Teleostei,NA,NA,NA,NA,NA,NA,NA,NA,NA,NA,NA,NA,NA,NA,NA,NA,NA,NA,NA,NA,NA,NA,NA,NA,NA,NA,NA,NA,NA,NA,NA,NA,NA,NA
pecoe-0189,Field blank,motu4,17,Atherinopsis californiensis,Jack silverside,JN_SB,AK_JN,AK_JN,58.62695,-134.9442,Atherinopsis,Atherinidae,Atheriniformes,Teleostei,NA,NA,NA,NA,NA,NA,NA,NA,NA,NA,NA,NA,NA,NA,NA,NA,NA,NA,NA,NA,NA,NA,NA,NA,NA,NA,NA,NA,NA,NA,NA,NA,NA,NA
pecoe-0189,Field blank,motu15,11,Oncorhynchus gorbuscha,Pink salmon,JN_SB,AK_JN,AK_JN,58.62695,-134.9442,Oncorhynchus,Salmonidae,Salmoniformes,Teleostei,NA,NA,NA,NA,NA,NA,NA,NA,NA,NA,NA,NA,NA,NA,NA,NA,NA,NA,NA,NA,NA,NA,NA,NA,NA,NA,NA,NA,NA,NA,NA,NA,NA,NA
pecoe-0189,Field blank,motu65,36765,Artedius harringtoni,Scalyhead sculpin,JN_SB,AK_JN,AK_JN,58.62695,-134.9442,Artedius,Cottidae,Perciformes,Teleostei,NA,NA,NA,NA,NA,NA,NA,NA,NA,NA,NA,NA,NA,NA,NA,NA,NA,NA,NA,NA,NA,NA,NA,NA,NA,NA,NA,NA,NA,NA,NA,NA,NA,NA
pecoe-0195,Field blank,motu3,5860,Clupea pallasii,Pacific herring,JN_AN,AK_JN,AK_JN,58.38105625,-134.692431,Clupea,Clupeidae,Clupeiformes,Teleostei,NA,NA,NA,NA,NA,NA,NA,NA,NA,NA,NA,NA,NA,NA,NA,NA,NA,NA,NA,NA,NA,NA,NA,NA,NA,NA,NA,NA,NA,NA,NA,NA,NA,NA
pecoe-0195,Field blank,motu490,1402,No BLAST hit,No BLAST hit,JN_AN,AK_JN,AK_JN,58.38105625,-134.692431,NA,NA,NA,NA,NA,NA,NA,NA,NA,NA,NA,NA,NA,NA,NA,NA,NA,NA,NA,NA,NA,NA,NA,NA,NA,NA,NA,NA,NA,NA,NA,NA,NA,NA,NA,NA,NA,NA
pecoe-0195,Field blank,motu38,1257,Cottus,Cottus sculpin species,JN_AN,AK_JN,AK_JN,58.38105625,-134.692431,Cottus,Cottidae,Perciformes,Teleostei,NA,NA,NA,NA,NA,NA,NA,NA,NA,NA,NA,NA,NA,NA,NA,NA,NA,NA,NA,NA,NA,NA,NA,NA,NA,NA,NA,NA,NA,NA,NA,NA,NA,NA
pecoe-0195,Field blank,motu158,634,Bacillariophyta,Diatom,JN_AN,AK_JN,AK_JN,58.38105625,-134.692431,NA,NA,NA,NA,NA,NA,NA,NA,NA,NA,NA,NA,NA,NA,NA,NA,NA,NA,NA,NA,NA,NA,NA,NA,NA,NA,NA,NA,NA,NA,NA,NA,NA,NA,NA,NA,NA,NA
pecoe-0196,Field blank,motu61,66,No BLAST hit,No BLAST hit,JN_EC,AK_JN,AK_JN,58.66285,-134.915917,NA,NA,NA,NA,NA,NA,NA,NA,NA,NA,NA,NA,NA,NA,NA,NA,NA,NA,NA,NA,NA,NA,NA,NA,NA,NA,NA,NA,NA,NA,NA,NA,NA,NA,NA,NA,NA,NA
pecoe-0196,Field blank,motu1636,114,No BLAST hit,No BLAST hit,JN_EC,AK_JN,AK_JN,58.66285,-134.915917,NA,NA,NA,NA,NA,NA,NA,NA,NA,NA,NA,NA,NA,NA,NA,NA,NA,NA,NA,NA,NA,NA,NA,NA,NA,NA,NA,NA,NA,NA,NA,NA,NA,NA,NA,NA,NA,NA
pecoe-0196,Field blank,motu2086,23,No BLAST hit,No BLAST hit,JN_EC,AK_JN,AK_JN,58.66285,-134.915917,NA,NA,NA,NA,NA,NA,NA,NA,NA,NA,NA,NA,NA,NA,NA,NA,NA,NA,NA,NA,NA,NA,NA,NA,NA,NA,NA,NA,NA,NA,NA,NA,NA,NA,NA,NA,NA,NA
pecoe-0205,Field blank,motu1,42,Cymatogaster aggregata,Shiner perch,JN_BC,AK_JN,AK_JN,58.385583,-134.649183,Cymatogaster,Embiotocidae,Ovalentaria incertae sedis,Teleostei,NA,NA,NA,NA,NA,NA,NA,NA,NA,NA,NA,NA,NA,NA,NA,NA,NA,NA,NA,NA,NA,NA,NA,NA,NA,NA,NA,NA,NA,NA,NA,NA,NA,NA
pecoe-0210,Field blank,motu3,5265,Clupea pallasii,Pacific herring,SE_GK,AK_SE,AK_SE,55.740587,-133.311905,Clupea,Clupeidae,Clupeiformes,Teleostei,NA,NA,NA,NA,NA,NA,NA,NA,NA,NA,NA,NA,NA,NA,NA,NA,NA,NA,NA,NA,NA,NA,NA,NA,NA,NA,NA,NA,NA,NA,NA,NA,NA,NA
pecoe-0210,Field blank,motu61,5537,No BLAST hit,No BLAST hit,SE_GK,AK_SE,AK_SE,55.740587,-133.311905,NA,NA,NA,NA,NA,NA,NA,NA,NA,NA,NA,NA,NA,NA,NA,NA,NA,NA,NA,NA,NA,NA,NA,NA,NA,NA,NA,NA,NA,NA,NA,NA,NA,NA,NA,NA,NA,NA
pecoe-0210,Field blank,motu51,27923,Thunnus alalunga,Albacore,SE_GK,AK_SE,AK_SE,55.740587,-133.311905,Thunnus,Scombridae,Scombriformes,Teleostei,NA,NA,NA,NA,NA,NA,NA,NA,NA,NA,NA,NA,NA,NA,NA,NA,NA,NA,NA,NA,NA,NA,NA,NA,NA,NA,NA,NA,NA,NA,NA,NA,NA,NA
pecoe-0210,Field blank,motu78,3851,Salmo salar,Atlantic salmon,SE_GK,AK_SE,AK_SE,55.740587,-133.311905,Salmo,Salmonidae,Salmoniformes,Teleostei,NA,NA,NA,NA,NA,NA,NA,NA,NA,NA,NA,NA,NA,NA,NA,NA,NA,NA,NA,NA,NA,NA,NA,NA,NA,NA,NA,NA,NA,NA,NA,NA,NA,NA
pecoe-0210,Field blank,motu83,8,Sus scrofa,Pig,SE_GK,AK_SE,AK_SE,55.740587,-133.311905,Sus,Suidae,Artiodactyla,Mammalia,NA,NA,NA,NA,NA,NA,NA,NA,NA,NA,NA,NA,NA,NA,NA,NA,NA,NA,NA,NA,NA,NA,NA,NA,NA,NA,NA,NA,NA,NA,NA,NA,NA,NA
pecoe-0210,Field blank,motu51,1660,Thunnus alalunga,Albacore,SE_GK,AK_SE,AK_SE,55.740587,-133.311905,Thunnus,Scombridae,Scombriformes,Teleostei,NA,NA,NA,NA,NA,NA,NA,NA,NA,NA,NA,NA,NA,NA,NA,NA,NA,NA,NA,NA,NA,NA,NA,NA,NA,NA,NA,NA,NA,NA,NA,NA,NA,NA
pecoe-0210,Field blank,motu471,1563,Salmo salar,Atlantic salmon,SE_GK,AK_SE,AK_SE,55.740587,-133.311905,Salmo,Salmonidae,Salmoniformes,Teleostei,NA,NA,NA,NA,NA,NA,NA,NA,NA,NA,NA,NA,NA,NA,NA,NA,NA,NA,NA,NA,NA,NA,NA,NA,NA,NA,NA,NA,NA,NA,NA,NA,NA,NA
pecoe-0210,Field blank,motu471,804,Salmo salar,Atlantic salmon,SE_GK,AK_SE,AK_SE,55.740587,-133.311905,Salmo,Salmonidae,Salmoniformes,Teleostei,NA,NA,NA,NA,NA,NA,NA,NA,NA,NA,NA,NA,NA,NA,NA,NA,NA,NA,NA,NA,NA,NA,NA,NA,NA,NA,NA,NA,NA,NA,NA,NA,NA,NA
pecoe-0210,Field blank,motu61,582,No BLAST hit,No BLAST hit,SE_GK,AK_SE,AK_SE,55.740587,-133.311905,NA,NA,NA,NA,NA,NA,NA,NA,NA,NA,NA,NA,NA,NA,NA,NA,NA,NA,NA,NA,NA,NA,NA,NA,NA,NA,NA,NA,NA,NA,NA,NA,NA,NA,NA,NA,NA,NA
exblank-2021-001,Extraction blank,motu1,25,Cymatogaster aggregata,Shiner perch,NA,NA,NA,NA,NA,Cymatogaster,Embiotocidae,Ovalentaria incertae sedis,Teleostei,NA,NA,NA,NA,NA,NA,NA,NA,NA,NA,NA,NA,NA,NA,NA,NA,NA,NA,NA,NA,NA,NA,NA,NA,NA,NA,NA,NA,NA,NA,NA,NA,NA,NA
exblank-2021-002,Extraction blank,motu1,32,Cymatogaster aggregata,Shiner perch,NA,NA,NA,NA,NA,Cymatogaster,Embiotocidae,Ovalentaria incertae sedis,Teleostei,NA,NA,NA,NA,NA,NA,NA,NA,NA,NA,NA,NA,NA,NA,NA,NA,NA,NA,NA,NA,NA,NA,NA,NA,NA,NA,NA,NA,NA,NA,NA,NA,NA,NA
exblank-2021-003,Extraction blank,motu1,68,Cymatogaster aggregata,Shiner perch,NA,NA,NA,NA,NA,Cymatogaster,Embiotocidae,Ovalentaria incertae sedis,Teleostei,NA,NA,NA,NA,NA,NA,NA,NA,NA,NA,NA,NA,NA,NA,NA,NA,NA,NA,NA,NA,NA,NA,NA,NA,NA,NA,NA,NA,NA,NA,NA,NA,NA,NA
exblank-2021-005a,Extraction blank,motu1,13,Cymatogaster aggregata,Shiner perch,NA,NA,NA,NA,NA,Cymatogaster,Embiotocidae,Ovalentaria incertae sedis,Teleostei,NA,NA,NA,NA,NA,NA,NA,NA,NA,NA,NA,NA,NA,NA,NA,NA,NA,NA,NA,NA,NA,NA,NA,NA,NA,NA,NA,NA,NA,NA,NA,NA,NA,NA
exblank-2021-005a,Extraction blank,motu28,90,Hexagrammos decagrammus,Kelp greenling,NA,NA,NA,NA,NA,Hexagrammos,Hexagrammidae,Perciformes,Teleostei,NA,NA,NA,NA,NA,NA,NA,NA,NA,NA,NA,NA,NA,NA,NA,NA,NA,NA,NA,NA,NA,NA,NA,NA,NA,NA,NA,NA,NA,NA,NA,NA,NA,NA
exblank-2021-005b,Extraction blank,motu1,10,Cymatogaster aggregata,Shiner perch,NA,NA,NA,NA,NA,Cymatogaster,Embiotocidae,Ovalentaria incertae sedis,Teleostei,NA,NA,NA,NA,NA,NA,NA,NA,NA,NA,NA,NA,NA,NA,NA,NA,NA,NA,NA,NA,NA,NA,NA,NA,NA,NA,NA,NA,NA,NA,NA,NA,NA,NA
exblank-2021-005b,Extraction blank,motu83,111,Sus scrofa,Pig,NA,NA,NA,NA,NA,Sus,Suidae,Artiodactyla,Mammalia,NA,NA,NA,NA,NA,NA,NA,NA,NA,NA,NA,NA,NA,NA,NA,NA,NA,NA,NA,NA,NA,NA,NA,NA,NA,NA,NA,NA,NA,NA,NA,NA,NA,NA
exblank-2021-006,Extraction blank,motu1,20,Cymatogaster aggregata,Shiner perch,NA,NA,NA,NA,NA,Cymatogaster,Embiotocidae,Ovalentaria incertae sedis,Teleostei,NA,NA,NA,NA,NA,NA,NA,NA,NA,NA,NA,NA,NA,NA,NA,NA,NA,NA,NA,NA,NA,NA,NA,NA,NA,NA,NA,NA,NA,NA,NA,NA,NA,NA
exblank-2021-007,Extraction blank,motu1,16,Cymatogaster aggregata,Shiner perch,NA,NA,NA,NA,NA,Cymatogaster,Embiotocidae,Ovalentaria incertae sedis,Teleostei,NA,NA,NA,NA,NA,NA,NA,NA,NA,NA,NA,NA,NA,NA,NA,NA,NA,NA,NA,NA,NA,NA,NA,NA,NA,NA,NA,NA,NA,NA,NA,NA,NA,NA
exblank-2021-007,Extraction blank,motu11,80,Oncorhynchus,Salmon species,NA,NA,NA,NA,NA,Oncorhynchus,Salmonidae,Salmoniformes,Teleostei,NA,NA,NA,NA,NA,NA,NA,NA,NA,NA,NA,NA,NA,NA,NA,NA,NA,NA,NA,NA,NA,NA,NA,NA,NA,NA,NA,NA,NA,NA,NA,NA,NA,NA
exblank-2021-008,Extraction blank,motu1,25,Cymatogaster aggregata,Shiner perch,NA,NA,NA,NA,NA,Cymatogaster,Embiotocidae,Ovalentaria incertae sedis,Teleostei,NA,NA,NA,NA,NA,NA,NA,NA,NA,NA,NA,NA,NA,NA,NA,NA,NA,NA,NA,NA,NA,NA,NA,NA,NA,NA,NA,NA,NA,NA,NA,NA,NA,NA
exblank-2021-009,Extraction blank,motu1,40,Cymatogaster aggregata,Shiner perch,NA,NA,NA,NA,NA,Cymatogaster,Embiotocidae,Ovalentaria incertae sedis,Teleostei,NA,NA,NA,NA,NA,NA,NA,NA,NA,NA,NA,NA,NA,NA,NA,NA,NA,NA,NA,NA,NA,NA,NA,NA,NA,NA,NA,NA,NA,NA,NA,NA,NA,NA
exblank-2021-009,Extraction blank,motu15,467,Oncorhynchus gorbuscha,Pink salmon,NA,NA,NA,NA,NA,Oncorhynchus,Salmonidae,Salmoniformes,Teleostei,NA,NA,NA,NA,NA,NA,NA,NA,NA,NA,NA,NA,NA,NA,NA,NA,NA,NA,NA,NA,NA,NA,NA,NA,NA,NA,NA,NA,NA,NA,NA,NA,NA,NA
exblank-2021-009,Extraction blank,motu61,862,No BLAST hit,No BLAST hit,NA,NA,NA,NA,NA,NA,NA,NA,NA,NA,NA,NA,NA,NA,NA,NA,NA,NA,NA,NA,NA,NA,NA,NA,NA,NA,NA,NA,NA,NA,NA,NA,NA,NA,NA,NA,NA,NA,NA,NA,NA,NA,NA
exblank-2021-010,Extraction blank,motu1,42,Cymatogaster aggregata,Shiner perch,NA,NA,NA,NA,NA,Cymatogaster,Embiotocidae,Ovalentaria incertae sedis,Teleostei,NA,NA,NA,NA,NA,NA,NA,NA,NA,NA,NA,NA,NA,NA,NA,NA,NA,NA,NA,NA,NA,NA,NA,NA,NA,NA,NA,NA,NA,NA,NA,NA,NA,NA
pecoe-0215,Field blank,motu1,11,Cymatogaster aggregata,Shiner perch,WB_PA,WA_WB,WA_WB,46.49511,-124.02628,Cymatogaster,Embiotocidae,Ovalentaria incertae sedis,Teleostei,NA,NA,NA,NA,NA,NA,NA,NA,NA,NA,NA,NA,NA,NA,NA,NA,NA,NA,NA,NA,NA,NA,NA,NA,NA,NA,NA,NA,NA,NA,NA,NA,NA,NA
pecoe-0215,Field blank,motu15,36452,Oncorhynchus gorbuscha,Pink salmon,WB_PA,WA_WB,WA_WB,46.49511,-124.02628,Oncorhynchus,Salmonidae,Salmoniformes,Teleostei,NA,NA,NA,NA,NA,NA,NA,NA,NA,NA,NA,NA,NA,NA,NA,NA,NA,NA,NA,NA,NA,NA,NA,NA,NA,NA,NA,NA,NA,NA,NA,NA,NA,NA
pecoe-0215,Field blank,motu374,557,Bacteria,Bacteria,WB_PA,WA_WB,WA_WB,46.49511,-124.02628,Ralstonia,Burkholderiaceae,Burkholderiales,Betaproteobacteria,NA,NA,NA,NA,NA,NA,NA,NA,NA,NA,NA,NA,NA,NA,NA,NA,NA,NA,NA,NA,NA,NA,NA,NA,NA,NA,NA,NA,NA,NA,NA,NA,NA,NA
pecoe-0215,Field blank,motu914,400,Roseateles,Bacteria,WB_PA,WA_WB,WA_WB,46.49511,-124.02628,Roseateles,Sphaerotilaceae,Burkholderiales,Betaproteobacteria,NA,NA,NA,NA,NA,NA,NA,NA,NA,NA,NA,NA,NA,NA,NA,NA,NA,NA,NA,NA,NA,NA,NA,NA,NA,NA,NA,NA,NA,NA,NA,NA,NA,NA
pecoe-0215,Field blank,motu15,172,Oncorhynchus gorbuscha,Pink salmon,WB_PA,WA_WB,WA_WB,46.49511,-124.02628,Oncorhynchus,Salmonidae,Salmoniformes,Teleostei,NA,NA,NA,NA,NA,NA,NA,NA,NA,NA,NA,NA,NA,NA,NA,NA,NA,NA,NA,NA,NA,NA,NA,NA,NA,NA,NA,NA,NA,NA,NA,NA,NA,NA
pecoe-0215,Field blank,motu1388,171,No BLAST hit,No BLAST hit,WB_PA,WA_WB,WA_WB,46.49511,-124.02628,NA,NA,NA,NA,NA,NA,NA,NA,NA,NA,NA,NA,NA,NA,NA,NA,NA,NA,NA,NA,NA,NA,NA,NA,NA,NA,NA,NA,NA,NA,NA,NA,NA,NA,NA,NA,NA,NA
pecoe-0216,Field blank,motu1,14,Cymatogaster aggregata,Shiner perch,PS_BV,WA_PS,WA_PSa,48.485864,-122.480626,Cymatogaster,Embiotocidae,Ovalentaria incertae sedis,Teleostei,NA,NA,NA,NA,NA,NA,NA,NA,NA,NA,NA,NA,NA,NA,NA,NA,NA,NA,NA,NA,NA,NA,NA,NA,NA,NA,NA,NA,NA,NA,NA,NA,NA,NA
pecoe-0216,Field blank,motu15,1025,Oncorhynchus gorbuscha,Pink salmon,PS_BV,WA_PS,WA_PSa,48.485864,-122.480626,Oncorhynchus,Salmonidae,Salmoniformes,Teleostei,NA,NA,NA,NA,NA,NA,NA,NA,NA,NA,NA,NA,NA,NA,NA,NA,NA,NA,NA,NA,NA,NA,NA,NA,NA,NA,NA,NA,NA,NA,NA,NA,NA,NA
pecoe-0221,Field blank,motu1,4,Cymatogaster aggregata,Shiner perch,PS_SH,WA_PS,WA_PSa,48.505432,-122.67002599999999,Cymatogaster,Embiotocidae,Ovalentaria incertae sedis,Teleostei,NA,NA,NA,NA,NA,NA,NA,NA,NA,NA,NA,NA,NA,NA,NA,NA,NA,NA,NA,NA,NA,NA,NA,NA,NA,NA,NA,NA,NA,NA,NA,NA,NA,NA
pecoe-0221,Field blank,motu15,26854,Oncorhynchus gorbuscha,Pink salmon,PS_SH,WA_PS,WA_PSa,48.505432,-122.67002599999999,Oncorhynchus,Salmonidae,Salmoniformes,Teleostei,NA,NA,NA,NA,NA,NA,NA,NA,NA,NA,NA,NA,NA,NA,NA,NA,NA,NA,NA,NA,NA,NA,NA,NA,NA,NA,NA,NA,NA,NA,NA,NA,NA,NA
pecoe-0221,Field blank,motu15,304,Oncorhynchus gorbuscha,Pink salmon,PS_SH,WA_PS,WA_PSa,48.505432,-122.67002599999999,Oncorhynchus,Salmonidae,Salmoniformes,Teleostei,NA,NA,NA,NA,NA,NA,NA,NA,NA,NA,NA,NA,NA,NA,NA,NA,NA,NA,NA,NA,NA,NA,NA,NA,NA,NA,NA,NA,NA,NA,NA,NA,NA,NA
pecoe-0226,Field blank,motu61,17,No BLAST hit,No BLAST hit,LA_JD,CA_LA,CA_LA,33.76166,-118.12036,NA,NA,NA,NA,NA,NA,NA,NA,NA,NA,NA,NA,NA,NA,NA,NA,NA,NA,NA,NA,NA,NA,NA,NA,NA,NA,NA,NA,NA,NA,NA,NA,NA,NA,NA,NA,NA,NA
pecoe-0231,Field blank,motu3,76,Clupea pallasii,Pacific herring,LA_LN,CA_LA,CA_LA,33.60218,-117.88266,Clupea,Clupeidae,Clupeiformes,Teleostei,NA,NA,NA,NA,NA,NA,NA,NA,NA,NA,NA,NA,NA,NA,NA,NA,NA,NA,NA,NA,NA,NA,NA,NA,NA,NA,NA,NA,NA,NA,NA,NA,NA,NA
pecoe-0231,Field blank,motu11,135,Oncorhynchus,Salmon species,LA_LN,CA_LA,CA_LA,33.60218,-117.88266,Oncorhynchus,Salmonidae,Salmoniformes,Teleostei,NA,NA,NA,NA,NA,NA,NA,NA,NA,NA,NA,NA,NA,NA,NA,NA,NA,NA,NA,NA,NA,NA,NA,NA,NA,NA,NA,NA,NA,NA,NA,NA,NA,NA
pecoe-0231,Field blank,motu1607,118,No BLAST hit,No BLAST hit,LA_LN,CA_LA,CA_LA,33.60218,-117.88266,NA,NA,NA,NA,NA,NA,NA,NA,NA,NA,NA,NA,NA,NA,NA,NA,NA,NA,NA,NA,NA,NA,NA,NA,NA,NA,NA,NA,NA,NA,NA,NA,NA,NA,NA,NA,NA,NA
pecoe-0231,Field blank,motu2064,26,Unknown bacteria,Bacteria,LA_LN,CA_LA,CA_LA,33.60218,-117.88266,NA,NA,NA,NA,NA,NA,NA,NA,NA,NA,NA,NA,NA,NA,NA,NA,NA,NA,NA,NA,NA,NA,NA,NA,NA,NA,NA,NA,NA,NA,NA,NA,NA,NA,NA,NA,NA,NA
pecoe-0236,Field blank,motu15,28626,Oncorhynchus gorbuscha,Pink salmon,LA_UN,CA_LA,CA_LA,33.62125,-117.89889,Oncorhynchus,Salmonidae,Salmoniformes,Teleostei,NA,NA,NA,NA,NA,NA,NA,NA,NA,NA,NA,NA,NA,NA,NA,NA,NA,NA,NA,NA,NA,NA,NA,NA,NA,NA,NA,NA,NA,NA,NA,NA,NA,NA
pecoe-0236,Field blank,motu61,4606,No BLAST hit,No BLAST hit,LA_UN,CA_LA,CA_LA,33.62125,-117.89889,NA,NA,NA,NA,NA,NA,NA,NA,NA,NA,NA,NA,NA,NA,NA,NA,NA,NA,NA,NA,NA,NA,NA,NA,NA,NA,NA,NA,NA,NA,NA,NA,NA,NA,NA,NA,NA,NA
pecoe-0241,Field blank,motu4,8,Atherinopsis californiensis,Jack silverside,LA_MS,CA_LA,CA_LA,33.768,-118.12841,Atherinopsis,Atherinidae,Atheriniformes,Teleostei,NA,NA,NA,NA,NA,NA,NA,NA,NA,NA,NA,NA,NA,NA,NA,NA,NA,NA,NA,NA,NA,NA,NA,NA,NA,NA,NA,NA,NA,NA,NA,NA,NA,NA
pecoe-0241,Field blank,motu2100,21,Unknown organism,Unknown organism,LA_MS,CA_LA,CA_LA,33.768,-118.12841,NA,NA,NA,NA,NA,NA,NA,NA,NA,NA,NA,NA,NA,NA,NA,NA,NA,NA,NA,NA,NA,NA,NA,NA,NA,NA,NA,NA,NA,NA,NA,NA,NA,NA,NA,NA,NA,NA
pecoe-0284,Field blank,motu8,305,Engraulis mordax,Californian anchovy,CC_CHP,BC_CC,BC_CC,51.67622,-128.1234,Engraulis,Engraulidae,Clupeiformes,Teleostei,NA,NA,NA,NA,NA,NA,NA,NA,NA,NA,NA,NA,NA,NA,NA,NA,NA,NA,NA,NA,NA,NA,NA,NA,NA,NA,NA,NA,NA,NA,NA,NA,NA,NA
pecoe-0284,Field blank,motu2340,3,Cyanobacteria,Cyanobacteria,CC_CHP,BC_CC,BC_CC,51.67622,-128.1234,NA,NA,NA,NA,NA,NA,NA,NA,NA,NA,NA,NA,NA,NA,NA,NA,NA,NA,NA,NA,NA,NA,NA,NA,NA,NA,NA,NA,NA,NA,NA,NA,NA,NA,NA,NA,NA,NA
pecoe-0286,Field blank,motu1,12,Cymatogaster aggregata,Shiner perch,CC_PBA,BC_CC,BC_CC,51.64644,-128.11897,Cymatogaster,Embiotocidae,Ovalentaria incertae sedis,Teleostei,NA,NA,NA,NA,NA,NA,NA,NA,NA,NA,NA,NA,NA,NA,NA,NA,NA,NA,NA,NA,NA,NA,NA,NA,NA,NA,NA,NA,NA,NA,NA,NA,NA,NA
pecoe-0286,Field blank,motu1819,74,No BLAST hit,No BLAST hit,CC_PBA,BC_CC,BC_CC,51.64644,-128.11897,NA,NA,NA,NA,NA,NA,NA,NA,NA,NA,NA,NA,NA,NA,NA,NA,NA,NA,NA,NA,NA,NA,NA,NA,NA,NA,NA,NA,NA,NA,NA,NA,NA,NA,NA,NA,NA,NA
pecoe-0294,Field blank,motu1,32,Cymatogaster aggregata,Shiner perch,CC_KIS2,BC_CC,BC_CC,51.8367,-128.2393,Cymatogaster,Embiotocidae,Ovalentaria incertae sedis,Teleostei,NA,NA,NA,NA,NA,NA,NA,NA,NA,NA,NA,NA,NA,NA,NA,NA,NA,NA,NA,NA,NA,NA,NA,NA,NA,NA,NA,NA,NA,NA,NA,NA,NA,NA
pecoe-0294,Field blank,motu3,9,Clupea pallasii,Pacific herring,CC_KIS2,BC_CC,BC_CC,51.8367,-128.2393,Clupea,Clupeidae,Clupeiformes,Teleostei,NA,NA,NA,NA,NA,NA,NA,NA,NA,NA,NA,NA,NA,NA,NA,NA,NA,NA,NA,NA,NA,NA,NA,NA,NA,NA,NA,NA,NA,NA,NA,NA,NA,NA
pecoe-0294,Field blank,motu15,20301,Oncorhynchus gorbuscha,Pink salmon,CC_KIS2,BC_CC,BC_CC,51.8367,-128.2393,Oncorhynchus,Salmonidae,Salmoniformes,Teleostei,NA,NA,NA,NA,NA,NA,NA,NA,NA,NA,NA,NA,NA,NA,NA,NA,NA,NA,NA,NA,NA,NA,NA,NA,NA,NA,NA,NA,NA,NA,NA,NA,NA,NA
pecoe-0296,Field blank,motu3,7983,Clupea pallasii,Pacific herring,CC_GOG1,BC_CC,BC_CC,51.92408,-128.46883,Clupea,Clupeidae,Clupeiformes,Teleostei,NA,NA,NA,NA,NA,NA,NA,NA,NA,NA,NA,NA,NA,NA,NA,NA,NA,NA,NA,NA,NA,NA,NA,NA,NA,NA,NA,NA,NA,NA,NA,NA,NA,NA
pecoe-0296,Field blank,motu61,7423,No BLAST hit,No BLAST hit,CC_GOG1,BC_CC,BC_CC,51.92408,-128.46883,NA,NA,NA,NA,NA,NA,NA,NA,NA,NA,NA,NA,NA,NA,NA,NA,NA,NA,NA,NA,NA,NA,NA,NA,NA,NA,NA,NA,NA,NA,NA,NA,NA,NA,NA,NA,NA,NA
pecoe-0296,Field blank,motu48,5,Acanthogobius flavimanus,Yellowfin goby,CC_GOG1,BC_CC,BC_CC,51.92408,-128.46883,Acanthogobius,Gobiidae,Gobiiformes,Teleostei,NA,NA,NA,NA,NA,NA,NA,NA,NA,NA,NA,NA,NA,NA,NA,NA,NA,NA,NA,NA,NA,NA,NA,NA,NA,NA,NA,NA,NA,NA,NA,NA,NA,NA
pecoe-0296,Field blank,motu1,5611,Cymatogaster aggregata,Shiner perch,CC_GOG1,BC_CC,BC_CC,51.92408,-128.46883,Cymatogaster,Embiotocidae,Ovalentaria incertae sedis,Teleostei,NA,NA,NA,NA,NA,NA,NA,NA,NA,NA,NA,NA,NA,NA,NA,NA,NA,NA,NA,NA,NA,NA,NA,NA,NA,NA,NA,NA,NA,NA,NA,NA,NA,NA
pecoe-0296,Field blank,motu1,5127,Cymatogaster aggregata,Shiner perch,CC_GOG1,BC_CC,BC_CC,51.92408,-128.46883,Cymatogaster,Embiotocidae,Ovalentaria incertae sedis,Teleostei,NA,NA,NA,NA,NA,NA,NA,NA,NA,NA,NA,NA,NA,NA,NA,NA,NA,NA,NA,NA,NA,NA,NA,NA,NA,NA,NA,NA,NA,NA,NA,NA,NA,NA
pecoe-0296,Field blank,motu3,431,Clupea pallasii,Pacific herring,CC_GOG1,BC_CC,BC_CC,51.92408,-128.46883,Clupea,Clupeidae,Clupeiformes,Teleostei,NA,NA,NA,NA,NA,NA,NA,NA,NA,NA,NA,NA,NA,NA,NA,NA,NA,NA,NA,NA,NA,NA,NA,NA,NA,NA,NA,NA,NA,NA,NA,NA,NA,NA
pecoe-0296,Field blank,motu1,724,Cymatogaster aggregata,Shiner perch,CC_GOG1,BC_CC,BC_CC,51.92408,-128.46883,Cymatogaster,Embiotocidae,Ovalentaria incertae sedis,Teleostei,NA,NA,NA,NA,NA,NA,NA,NA,NA,NA,NA,NA,NA,NA,NA,NA,NA,NA,NA,NA,NA,NA,NA,NA,NA,NA,NA,NA,NA,NA,NA,NA,NA,NA
pecoe-0296,Field blank,motu1,488,Cymatogaster aggregata,Shiner perch,CC_GOG1,BC_CC,BC_CC,51.92408,-128.46883,Cymatogaster,Embiotocidae,Ovalentaria incertae sedis,Teleostei,NA,NA,NA,NA,NA,NA,NA,NA,NA,NA,NA,NA,NA,NA,NA,NA,NA,NA,NA,NA,NA,NA,NA,NA,NA,NA,NA,NA,NA,NA,NA,NA,NA,NA
pecoe-0296,Field blank,motu11,439,Oncorhynchus,Salmon species,CC_GOG1,BC_CC,BC_CC,51.92408,-128.46883,Oncorhynchus,Salmonidae,Salmoniformes,Teleostei,NA,NA,NA,NA,NA,NA,NA,NA,NA,NA,NA,NA,NA,NA,NA,NA,NA,NA,NA,NA,NA,NA,NA,NA,NA,NA,NA,NA,NA,NA,NA,NA,NA,NA
pecoe-0296,Field blank,motu61,421,No BLAST hit,No BLAST hit,CC_GOG1,BC_CC,BC_CC,51.92408,-128.46883,NA,NA,NA,NA,NA,NA,NA,NA,NA,NA,NA,NA,NA,NA,NA,NA,NA,NA,NA,NA,NA,NA,NA,NA,NA,NA,NA,NA,NA,NA,NA,NA,NA,NA,NA,NA,NA,NA
pecoe-0296,Field blank,motu1,257,Cymatogaster aggregata,Shiner perch,CC_GOG1,BC_CC,BC_CC,51.92408,-128.46883,Cymatogaster,Embiotocidae,Ovalentaria incertae sedis,Teleostei,NA,NA,NA,NA,NA,NA,NA,NA,NA,NA,NA,NA,NA,NA,NA,NA,NA,NA,NA,NA,NA,NA,NA,NA,NA,NA,NA,NA,NA,NA,NA,NA,NA,NA
pecoe-0296,Field blank,motu11,204,Oncorhynchus,Salmon species,CC_GOG1,BC_CC,BC_CC,51.92408,-128.46883,Oncorhynchus,Salmonidae,Salmoniformes,Teleostei,NA,NA,NA,NA,NA,NA,NA,NA,NA,NA,NA,NA,NA,NA,NA,NA,NA,NA,NA,NA,NA,NA,NA,NA,NA,NA,NA,NA,NA,NA,NA,NA,NA,NA
pecoe-0296,Field blank,motu1874,63,Nitrincola,Bacteria,CC_GOG1,BC_CC,BC_CC,51.92408,-128.46883,Nitrincola,Oceanospirillaceae,Oceanospirillales,Gammaproteobacteria,NA,NA,NA,NA,NA,NA,NA,NA,NA,NA,NA,NA,NA,NA,NA,NA,NA,NA,NA,NA,NA,NA,NA,NA,NA,NA,NA,NA,NA,NA,NA,NA,NA,NA
pecoe-0304,Field blank,motu61,3339,No BLAST hit,No BLAST hit,CC_FAN3,BC_CC,BC_CC,52.05342,-128.40335,NA,NA,NA,NA,NA,NA,NA,NA,NA,NA,NA,NA,NA,NA,NA,NA,NA,NA,NA,NA,NA,NA,NA,NA,NA,NA,NA,NA,NA,NA,NA,NA,NA,NA,NA,NA,NA,NA
pecoe-0304,Field blank,motu28,19805,Hexagrammos decagrammus,Kelp greenling,CC_FAN3,BC_CC,BC_CC,52.05342,-128.40335,Hexagrammos,Hexagrammidae,Perciformes,Teleostei,NA,NA,NA,NA,NA,NA,NA,NA,NA,NA,NA,NA,NA,NA,NA,NA,NA,NA,NA,NA,NA,NA,NA,NA,NA,NA,NA,NA,NA,NA,NA,NA,NA,NA
pecoe-0304,Field blank,motu729,638,No BLAST hit,No BLAST hit,CC_FAN3,BC_CC,BC_CC,52.05342,-128.40335,NA,NA,NA,NA,NA,NA,NA,NA,NA,NA,NA,NA,NA,NA,NA,NA,NA,NA,NA,NA,NA,NA,NA,NA,NA,NA,NA,NA,NA,NA,NA,NA,NA,NA,NA,NA,NA,NA
pecoe-0304,Field blank,motu28,129,Hexagrammos decagrammus,Kelp greenling,CC_FAN3,BC_CC,BC_CC,52.05342,-128.40335,Hexagrammos,Hexagrammidae,Perciformes,Teleostei,NA,NA,NA,NA,NA,NA,NA,NA,NA,NA,NA,NA,NA,NA,NA,NA,NA,NA,NA,NA,NA,NA,NA,NA,NA,NA,NA,NA,NA,NA,NA,NA,NA,NA
pecoe-0309,Field blank,motu2,2799,Leptocottus armatus,Pacific staghorn sculpin,IC_GOW,BC_IC,BC_IC,50.079883,-125.215733,Leptocottus,Cottidae,Perciformes,Teleostei,NA,NA,NA,NA,NA,NA,NA,NA,NA,NA,NA,NA,NA,NA,NA,NA,NA,NA,NA,NA,NA,NA,NA,NA,NA,NA,NA,NA,NA,NA,NA,NA,NA,NA
pecoe-0309,Field blank,motu15,44247,Oncorhynchus gorbuscha,Pink salmon,IC_GOW,BC_IC,BC_IC,50.079883,-125.215733,Oncorhynchus,Salmonidae,Salmoniformes,Teleostei,NA,NA,NA,NA,NA,NA,NA,NA,NA,NA,NA,NA,NA,NA,NA,NA,NA,NA,NA,NA,NA,NA,NA,NA,NA,NA,NA,NA,NA,NA,NA,NA,NA,NA
pecoe-0309,Field blank,motu61,33,No BLAST hit,No BLAST hit,IC_GOW,BC_IC,BC_IC,50.079883,-125.215733,NA,NA,NA,NA,NA,NA,NA,NA,NA,NA,NA,NA,NA,NA,NA,NA,NA,NA,NA,NA,NA,NA,NA,NA,NA,NA,NA,NA,NA,NA,NA,NA,NA,NA,NA,NA,NA,NA
pecoe-0309,Field blank,motu82,29999,Fin whale,Fin whale,IC_GOW,BC_IC,BC_IC,50.079883,-125.215733,Balaenoptera,Balaenopteridae,Artiodactyla,Mammalia,NA,NA,NA,NA,NA,NA,NA,NA,NA,NA,NA,NA,NA,NA,NA,NA,NA,NA,NA,NA,NA,NA,NA,NA,NA,NA,NA,NA,NA,NA,NA,NA,NA,NA
pecoe-0309,Field blank,motu265,4821,Clupea pallasii,Pacific herring,IC_GOW,BC_IC,BC_IC,50.079883,-125.215733,Clupea,Clupeidae,Clupeiformes,Teleostei,NA,NA,NA,NA,NA,NA,NA,NA,NA,NA,NA,NA,NA,NA,NA,NA,NA,NA,NA,NA,NA,NA,NA,NA,NA,NA,NA,NA,NA,NA,NA,NA,NA,NA
pecoe-0309,Field blank,motu82,290,Fin whale,Fin whale,IC_GOW,BC_IC,BC_IC,50.079883,-125.215733,Balaenoptera,Balaenopteridae,Artiodactyla,Mammalia,NA,NA,NA,NA,NA,NA,NA,NA,NA,NA,NA,NA,NA,NA,NA,NA,NA,NA,NA,NA,NA,NA,NA,NA,NA,NA,NA,NA,NA,NA,NA,NA,NA,NA
pecoe-0309,Field blank,motu82,195,Fin whale,Fin whale,IC_GOW,BC_IC,BC_IC,50.079883,-125.215733,Balaenoptera,Balaenopteridae,Artiodactyla,Mammalia,NA,NA,NA,NA,NA,NA,NA,NA,NA,NA,NA,NA,NA,NA,NA,NA,NA,NA,NA,NA,NA,NA,NA,NA,NA,NA,NA,NA,NA,NA,NA,NA,NA,NA
pecoe-0312,Field blank,motu13,3,Oligocottus,Oligocottus sculpin species,IC_SMB,BC_IC,BC_IC,50.035533,-124.99495,Oligocottus,Cottidae,Perciformes,Teleostei,NA,NA,NA,NA,NA,NA,NA,NA,NA,NA,NA,NA,NA,NA,NA,NA,NA,NA,NA,NA,NA,NA,NA,NA,NA,NA,NA,NA,NA,NA,NA,NA,NA,NA
pecoe-0312,Field blank,motu61,38290,No BLAST hit,No BLAST hit,IC_SMB,BC_IC,BC_IC,50.035533,-124.99495,NA,NA,NA,NA,NA,NA,NA,NA,NA,NA,NA,NA,NA,NA,NA,NA,NA,NA,NA,NA,NA,NA,NA,NA,NA,NA,NA,NA,NA,NA,NA,NA,NA,NA,NA,NA,NA,NA
pecoe-0312,Field blank,motu82,7835,Fin whale,Fin whale,IC_SMB,BC_IC,BC_IC,50.035533,-124.99495,Balaenoptera,Balaenopteridae,Artiodactyla,Mammalia,NA,NA,NA,NA,NA,NA,NA,NA,NA,NA,NA,NA,NA,NA,NA,NA,NA,NA,NA,NA,NA,NA,NA,NA,NA,NA,NA,NA,NA,NA,NA,NA,NA,NA
pecoe-0312,Field blank,motu416,2069,No BLAST hit,No BLAST hit,IC_SMB,BC_IC,BC_IC,50.035533,-124.99495,NA,NA,NA,NA,NA,NA,NA,NA,NA,NA,NA,NA,NA,NA,NA,NA,NA,NA,NA,NA,NA,NA,NA,NA,NA,NA,NA,NA,NA,NA,NA,NA,NA,NA,NA,NA,NA,NA
pecoe-0312,Field blank,motu1744,49,Bacteria,Bacteria,IC_SMB,BC_IC,BC_IC,50.035533,-124.99495,NA,NA,NA,NA,NA,NA,NA,NA,NA,NA,NA,NA,NA,NA,NA,NA,NA,NA,NA,NA,NA,NA,NA,NA,NA,NA,NA,NA,NA,NA,NA,NA,NA,NA,NA,NA,NA,NA
pecoe-0312,Field blank,motu1774,86,Unknown bacteria,Bacteria,IC_SMB,BC_IC,BC_IC,50.035533,-124.99495,NA,NA,NA,NA,NA,NA,NA,NA,NA,NA,NA,NA,NA,NA,NA,NA,NA,NA,NA,NA,NA,NA,NA,NA,NA,NA,NA,NA,NA,NA,NA,NA,NA,NA,NA,NA,NA,NA
pecoe-0324,Field blank,motu2014,34,Bacteria,Bacteria,MB_TP,CA_MB,CA_MB,35.36039,-120.85194,NA,NA,NA,NA,NA,NA,NA,NA,NA,NA,NA,NA,NA,NA,NA,NA,NA,NA,NA,NA,NA,NA,NA,NA,NA,NA,NA,NA,NA,NA,NA,NA,NA,NA,NA,NA,NA,NA
pecoe-0333,Field blank,motu2166,14,Unknown bacteria,Bacteria,MB_CB,CA_MB,CA_MB,35.37208,-120.85974,NA,NA,NA,NA,NA,NA,NA,NA,NA,NA,NA,NA,NA,NA,NA,NA,NA,NA,NA,NA,NA,NA,NA,NA,NA,NA,NA,NA,NA,NA,NA,NA,NA,NA,NA,NA,NA,NA
pecoe-0333,Field blank,motu2312,4,No BLAST hit,No BLAST hit,MB_CB,CA_MB,CA_MB,35.37208,-120.85974,NA,NA,NA,NA,NA,NA,NA,NA,NA,NA,NA,NA,NA,NA,NA,NA,NA,NA,NA,NA,NA,NA,NA,NA,NA,NA,NA,NA,NA,NA,NA,NA,NA,NA,NA,NA,NA,NA
pecoe-0340,Field blank,motu1875,63,Unknown organism,Unknown organism,NC_PM,CA_SF,CA_NCb,37.94549,-122.4191,NA,NA,NA,NA,NA,NA,NA,NA,NA,NA,NA,NA,NA,NA,NA,NA,NA,NA,NA,NA,NA,NA,NA,NA,NA,NA,NA,NA,NA,NA,NA,NA,NA,NA,NA,NA,NA,NA
pecoe-0340,Field blank,motu2341,3,No BLAST hit,No BLAST hit,NC_PM,CA_SF,CA_NCb,37.94549,-122.4191,NA,NA,NA,NA,NA,NA,NA,NA,NA,NA,NA,NA,NA,NA,NA,NA,NA,NA,NA,NA,NA,NA,NA,NA,NA,NA,NA,NA,NA,NA,NA,NA,NA,NA,NA,NA,NA,NA
pecoe-0345,Field blank,motu3,8,Clupea pallasii,Pacific herring,NC_B,CA_NC,CA_NCa,38.3339,-123.0595,Clupea,Clupeidae,Clupeiformes,Teleostei,NA,NA,NA,NA,NA,NA,NA,NA,NA,NA,NA,NA,NA,NA,NA,NA,NA,NA,NA,NA,NA,NA,NA,NA,NA,NA,NA,NA,NA,NA,NA,NA,NA,NA
pecoe-0355,Field blank,motu1,56,Cymatogaster aggregata,Shiner perch,PS_IC,WA_PS,WA_PSb,48.5635,-122.93411,Cymatogaster,Embiotocidae,Ovalentaria incertae sedis,Teleostei,NA,NA,NA,NA,NA,NA,NA,NA,NA,NA,NA,NA,NA,NA,NA,NA,NA,NA,NA,NA,NA,NA,NA,NA,NA,NA,NA,NA,NA,NA,NA,NA,NA,NA
pecoe-0355,Field blank,motu12,13365,Bos,Cow,PS_IC,WA_PS,WA_PSb,48.5635,-122.93411,Bos,Bovidae,Artiodactyla,Mammalia,NA,NA,NA,NA,NA,NA,NA,NA,NA,NA,NA,NA,NA,NA,NA,NA,NA,NA,NA,NA,NA,NA,NA,NA,NA,NA,NA,NA,NA,NA,NA,NA,NA,NA
pecoe-0355,Field blank,motu2,61,Leptocottus armatus,Pacific staghorn sculpin,PS_IC,WA_PS,WA_PSb,48.5635,-122.93411,Leptocottus,Cottidae,Perciformes,Teleostei,NA,NA,NA,NA,NA,NA,NA,NA,NA,NA,NA,NA,NA,NA,NA,NA,NA,NA,NA,NA,NA,NA,NA,NA,NA,NA,NA,NA,NA,NA,NA,NA,NA,NA
pecoe-0355,Field blank,motu23,2206,Bos,Cow,PS_IC,WA_PS,WA_PSb,48.5635,-122.93411,Bos,Bovidae,Artiodactyla,Mammalia,NA,NA,NA,NA,NA,NA,NA,NA,NA,NA,NA,NA,NA,NA,NA,NA,NA,NA,NA,NA,NA,NA,NA,NA,NA,NA,NA,NA,NA,NA,NA,NA,NA,NA
pecoe-0355,Field blank,motu7,43,Pholis ornata,Saddleback gunnel,PS_IC,WA_PS,WA_PSb,48.5635,-122.93411,Pholis,Pholidae,Perciformes,Teleostei,NA,NA,NA,NA,NA,NA,NA,NA,NA,NA,NA,NA,NA,NA,NA,NA,NA,NA,NA,NA,NA,NA,NA,NA,NA,NA,NA,NA,NA,NA,NA,NA,NA,NA
pecoe-0355,Field blank,motu16,26,Pleuronectidae,Flatfish family,PS_IC,WA_PS,WA_PSb,48.5635,-122.93411,NA,Pleuronectidae,Pleuronectiformes,Teleostei,NA,NA,NA,NA,NA,NA,NA,NA,NA,NA,NA,NA,NA,NA,NA,NA,NA,NA,NA,NA,NA,NA,NA,NA,NA,NA,NA,NA,NA,NA,NA,NA,NA,NA
pecoe-0355,Field blank,motu17,40,Lumpenus sagitta,Snake prickleback,PS_IC,WA_PS,WA_PSb,48.5635,-122.93411,Lumpenus,Stichaeidae,Perciformes,Teleostei,NA,NA,NA,NA,NA,NA,NA,NA,NA,NA,NA,NA,NA,NA,NA,NA,NA,NA,NA,NA,NA,NA,NA,NA,NA,NA,NA,NA,NA,NA,NA,NA,NA,NA
pecoe-0355,Field blank,motu92,3,Hypomesus,Smelt species,PS_IC,WA_PS,WA_PSb,48.5635,-122.93411,Hypomesus,Osmeridae,Osmeriformes,Teleostei,NA,NA,NA,NA,NA,NA,NA,NA,NA,NA,NA,NA,NA,NA,NA,NA,NA,NA,NA,NA,NA,NA,NA,NA,NA,NA,NA,NA,NA,NA,NA,NA,NA,NA
pecoe-0355,Field blank,motu23,316,Bos,Cow,PS_IC,WA_PS,WA_PSb,48.5635,-122.93411,Bos,Bovidae,Artiodactyla,Mammalia,NA,NA,NA,NA,NA,NA,NA,NA,NA,NA,NA,NA,NA,NA,NA,NA,NA,NA,NA,NA,NA,NA,NA,NA,NA,NA,NA,NA,NA,NA,NA,NA,NA,NA
pecoe-0356,Field blank,motu1,26,Cymatogaster aggregata,Shiner perch,PS_NC,WA_PS,WA_PSb,48.70463,-123.05442,Cymatogaster,Embiotocidae,Ovalentaria incertae sedis,Teleostei,NA,NA,NA,NA,NA,NA,NA,NA,NA,NA,NA,NA,NA,NA,NA,NA,NA,NA,NA,NA,NA,NA,NA,NA,NA,NA,NA,NA,NA,NA,NA,NA,NA,NA
pecoe-0356,Field blank,motu12,19180,Bos,Cow,PS_NC,WA_PS,WA_PSb,48.70463,-123.05442,Bos,Bovidae,Artiodactyla,Mammalia,NA,NA,NA,NA,NA,NA,NA,NA,NA,NA,NA,NA,NA,NA,NA,NA,NA,NA,NA,NA,NA,NA,NA,NA,NA,NA,NA,NA,NA,NA,NA,NA,NA,NA
pecoe-0356,Field blank,motu2,15,Leptocottus armatus,Pacific staghorn sculpin,PS_NC,WA_PS,WA_PSb,48.70463,-123.05442,Leptocottus,Cottidae,Perciformes,Teleostei,NA,NA,NA,NA,NA,NA,NA,NA,NA,NA,NA,NA,NA,NA,NA,NA,NA,NA,NA,NA,NA,NA,NA,NA,NA,NA,NA,NA,NA,NA,NA,NA,NA,NA
pecoe-0356,Field blank,motu23,4428,Bos,Cow,PS_NC,WA_PS,WA_PSb,48.70463,-123.05442,Bos,Bovidae,Artiodactyla,Mammalia,NA,NA,NA,NA,NA,NA,NA,NA,NA,NA,NA,NA,NA,NA,NA,NA,NA,NA,NA,NA,NA,NA,NA,NA,NA,NA,NA,NA,NA,NA,NA,NA,NA,NA
pecoe-0356,Field blank,motu23,1756,Bos,Cow,PS_NC,WA_PS,WA_PSb,48.70463,-123.05442,Bos,Bovidae,Artiodactyla,Mammalia,NA,NA,NA,NA,NA,NA,NA,NA,NA,NA,NA,NA,NA,NA,NA,NA,NA,NA,NA,NA,NA,NA,NA,NA,NA,NA,NA,NA,NA,NA,NA,NA,NA,NA
pecoe-0356,Field blank,motu12,568,Bos,Cow,PS_NC,WA_PS,WA_PSb,48.70463,-123.05442,Bos,Bovidae,Artiodactyla,Mammalia,NA,NA,NA,NA,NA,NA,NA,NA,NA,NA,NA,NA,NA,NA,NA,NA,NA,NA,NA,NA,NA,NA,NA,NA,NA,NA,NA,NA,NA,NA,NA,NA,NA,NA
pecoe-0356,Field blank,motu23,197,Bos,Cow,PS_NC,WA_PS,WA_PSb,48.70463,-123.05442,Bos,Bovidae,Artiodactyla,Mammalia,NA,NA,NA,NA,NA,NA,NA,NA,NA,NA,NA,NA,NA,NA,NA,NA,NA,NA,NA,NA,NA,NA,NA,NA,NA,NA,NA,NA,NA,NA,NA,NA,NA,NA
pecoe-0356,Field blank,motu23,459,Bos,Cow,PS_NC,WA_PS,WA_PSb,48.70463,-123.05442,Bos,Bovidae,Artiodactyla,Mammalia,NA,NA,NA,NA,NA,NA,NA,NA,NA,NA,NA,NA,NA,NA,NA,NA,NA,NA,NA,NA,NA,NA,NA,NA,NA,NA,NA,NA,NA,NA,NA,NA,NA,NA
pecoe-0356,Field blank,motu12,46,Bos,Cow,PS_NC,WA_PS,WA_PSb,48.70463,-123.05442,Bos,Bovidae,Artiodactyla,Mammalia,NA,NA,NA,NA,NA,NA,NA,NA,NA,NA,NA,NA,NA,NA,NA,NA,NA,NA,NA,NA,NA,NA,NA,NA,NA,NA,NA,NA,NA,NA,NA,NA,NA,NA
pecoe-0362,Field blank,motu1,32,Cymatogaster aggregata,Shiner perch,PS_FB,WA_PS,WA_PSb,48.4828,-123.07362,Cymatogaster,Embiotocidae,Ovalentaria incertae sedis,Teleostei,NA,NA,NA,NA,NA,NA,NA,NA,NA,NA,NA,NA,NA,NA,NA,NA,NA,NA,NA,NA,NA,NA,NA,NA,NA,NA,NA,NA,NA,NA,NA,NA,NA,NA
pecoe-0362,Field blank,motu12,9514,Bos,Cow,PS_FB,WA_PS,WA_PSb,48.4828,-123.07362,Bos,Bovidae,Artiodactyla,Mammalia,NA,NA,NA,NA,NA,NA,NA,NA,NA,NA,NA,NA,NA,NA,NA,NA,NA,NA,NA,NA,NA,NA,NA,NA,NA,NA,NA,NA,NA,NA,NA,NA,NA,NA
pecoe-0362,Field blank,motu23,5514,Bos,Cow,PS_FB,WA_PS,WA_PSb,48.4828,-123.07362,Bos,Bovidae,Artiodactyla,Mammalia,NA,NA,NA,NA,NA,NA,NA,NA,NA,NA,NA,NA,NA,NA,NA,NA,NA,NA,NA,NA,NA,NA,NA,NA,NA,NA,NA,NA,NA,NA,NA,NA,NA,NA
pecoe-0362,Field blank,motu12,267,Bos,Cow,PS_FB,WA_PS,WA_PSb,48.4828,-123.07362,Bos,Bovidae,Artiodactyla,Mammalia,NA,NA,NA,NA,NA,NA,NA,NA,NA,NA,NA,NA,NA,NA,NA,NA,NA,NA,NA,NA,NA,NA,NA,NA,NA,NA,NA,NA,NA,NA,NA,NA,NA,NA
pecoe-0362,Field blank,motu23,1117,Bos,Cow,PS_FB,WA_PS,WA_PSb,48.4828,-123.07362,Bos,Bovidae,Artiodactyla,Mammalia,NA,NA,NA,NA,NA,NA,NA,NA,NA,NA,NA,NA,NA,NA,NA,NA,NA,NA,NA,NA,NA,NA,NA,NA,NA,NA,NA,NA,NA,NA,NA,NA,NA,NA
pecoe-0367,Field blank,motu12,3175,Bos,Cow,PS_BH,WA_PS,WA_PSb,48.69185,-122.9528,Bos,Bovidae,Artiodactyla,Mammalia,NA,NA,NA,NA,NA,NA,NA,NA,NA,NA,NA,NA,NA,NA,NA,NA,NA,NA,NA,NA,NA,NA,NA,NA,NA,NA,NA,NA,NA,NA,NA,NA,NA,NA
pecoe-0367,Field blank,motu23,1387,Bos,Cow,PS_BH,WA_PS,WA_PSb,48.69185,-122.9528,Bos,Bovidae,Artiodactyla,Mammalia,NA,NA,NA,NA,NA,NA,NA,NA,NA,NA,NA,NA,NA,NA,NA,NA,NA,NA,NA,NA,NA,NA,NA,NA,NA,NA,NA,NA,NA,NA,NA,NA,NA,NA
pecoe-0367,Field blank,motu12,855,Bos,Cow,PS_BH,WA_PS,WA_PSb,48.69185,-122.9528,Bos,Bovidae,Artiodactyla,Mammalia,NA,NA,NA,NA,NA,NA,NA,NA,NA,NA,NA,NA,NA,NA,NA,NA,NA,NA,NA,NA,NA,NA,NA,NA,NA,NA,NA,NA,NA,NA,NA,NA,NA,NA
pecoe-0367,Field blank,motu2007,35,Nitrobacteraceae,Bacteria,PS_BH,WA_PS,WA_PSb,48.69185,-122.9528,Bradyrhizobium,Nitrobacteraceae,Hyphomicrobiales,Alphaproteobacteria,NA,NA,NA,NA,NA,NA,NA,NA,NA,NA,NA,NA,NA,NA,NA,NA,NA,NA,NA,NA,NA,NA,NA,NA,NA,NA,NA,NA,NA,NA,NA,NA,NA,NA
pecoe-0372,Field blank,motu12,4395,Bos,Cow,PS_FJ,WA_PS,WA_PSb,48.46859,-123.00181,Bos,Bovidae,Artiodactyla,Mammalia,NA,NA,NA,NA,NA,NA,NA,NA,NA,NA,NA,NA,NA,NA,NA,NA,NA,NA,NA,NA,NA,NA,NA,NA,NA,NA,NA,NA,NA,NA,NA,NA,NA,NA
pecoe-0372,Field blank,motu23,2845,Bos,Cow,PS_FJ,WA_PS,WA_PSb,48.46859,-123.00181,Bos,Bovidae,Artiodactyla,Mammalia,NA,NA,NA,NA,NA,NA,NA,NA,NA,NA,NA,NA,NA,NA,NA,NA,NA,NA,NA,NA,NA,NA,NA,NA,NA,NA,NA,NA,NA,NA,NA,NA,NA,NA
pecoe-0378,Field blank,motu12,875,Bos,Cow,CB_BV,OR_CB,OR_CB,43.35965,-124.316933,Bos,Bovidae,Artiodactyla,Mammalia,NA,NA,NA,NA,NA,NA,NA,NA,NA,NA,NA,NA,NA,NA,NA,NA,NA,NA,NA,NA,NA,NA,NA,NA,NA,NA,NA,NA,NA,NA,NA,NA,NA,NA
pecoe-0378,Field blank,motu23,506,Bos,Cow,CB_BV,OR_CB,OR_CB,43.35965,-124.316933,Bos,Bovidae,Artiodactyla,Mammalia,NA,NA,NA,NA,NA,NA,NA,NA,NA,NA,NA,NA,NA,NA,NA,NA,NA,NA,NA,NA,NA,NA,NA,NA,NA,NA,NA,NA,NA,NA,NA,NA,NA,NA
pecoe-0379,Field blank,motu12,1294,Bos,Cow,NC_DE,CA_NC,CA_NCc,38.0645,-122.93317,Bos,Bovidae,Artiodactyla,Mammalia,NA,NA,NA,NA,NA,NA,NA,NA,NA,NA,NA,NA,NA,NA,NA,NA,NA,NA,NA,NA,NA,NA,NA,NA,NA,NA,NA,NA,NA,NA,NA,NA,NA,NA
pecoe-0379,Field blank,motu23,295,Bos,Cow,NC_DE,CA_NC,CA_NCc,38.0645,-122.93317,Bos,Bovidae,Artiodactyla,Mammalia,NA,NA,NA,NA,NA,NA,NA,NA,NA,NA,NA,NA,NA,NA,NA,NA,NA,NA,NA,NA,NA,NA,NA,NA,NA,NA,NA,NA,NA,NA,NA,NA,NA,NA
pecoe-0379,Field blank,motu2294,5,Unknown organism,Unknown organism,NC_DE,CA_NC,CA_NCc,38.0645,-122.93317,NA,NA,NA,NA,NA,NA,NA,NA,NA,NA,NA,NA,NA,NA,NA,NA,NA,NA,NA,NA,NA,NA,NA,NA,NA,NA,NA,NA,NA,NA,NA,NA,NA,NA,NA,NA,NA,NA
pecoe-0385,Field blank,motu1,133,Cymatogaster aggregata,Shiner perch,PP_E,BC_PP,BC_PP,48.876733,-125.305,Cymatogaster,Embiotocidae,Ovalentaria incertae sedis,Teleostei,NA,NA,NA,NA,NA,NA,NA,NA,NA,NA,NA,NA,NA,NA,NA,NA,NA,NA,NA,NA,NA,NA,NA,NA,NA,NA,NA,NA,NA,NA,NA,NA,NA,NA
pecoe-0385,Field blank,motu12,776,Bos,Cow,PP_E,BC_PP,BC_PP,48.876733,-125.305,Bos,Bovidae,Artiodactyla,Mammalia,NA,NA,NA,NA,NA,NA,NA,NA,NA,NA,NA,NA,NA,NA,NA,NA,NA,NA,NA,NA,NA,NA,NA,NA,NA,NA,NA,NA,NA,NA,NA,NA,NA,NA
pecoe-0385,Field blank,motu3,46,Clupea pallasii,Pacific herring,PP_E,BC_PP,BC_PP,48.876733,-125.305,Clupea,Clupeidae,Clupeiformes,Teleostei,NA,NA,NA,NA,NA,NA,NA,NA,NA,NA,NA,NA,NA,NA,NA,NA,NA,NA,NA,NA,NA,NA,NA,NA,NA,NA,NA,NA,NA,NA,NA,NA,NA,NA
pecoe-0385,Field blank,motu23,3828,Bos,Cow,PP_E,BC_PP,BC_PP,48.876733,-125.305,Bos,Bovidae,Artiodactyla,Mammalia,NA,NA,NA,NA,NA,NA,NA,NA,NA,NA,NA,NA,NA,NA,NA,NA,NA,NA,NA,NA,NA,NA,NA,NA,NA,NA,NA,NA,NA,NA,NA,NA,NA,NA
pecoe-0393,Field blank,motu1,30,Cymatogaster aggregata,Shiner perch,PP_C,BC_PP,BC_PP,48.88845,-125.3797,Cymatogaster,Embiotocidae,Ovalentaria incertae sedis,Teleostei,NA,NA,NA,NA,NA,NA,NA,NA,NA,NA,NA,NA,NA,NA,NA,NA,NA,NA,NA,NA,NA,NA,NA,NA,NA,NA,NA,NA,NA,NA,NA,NA,NA,NA
pecoe-0393,Field blank,motu12,18256,Bos,Cow,PP_C,BC_PP,BC_PP,48.88845,-125.3797,Bos,Bovidae,Artiodactyla,Mammalia,NA,NA,NA,NA,NA,NA,NA,NA,NA,NA,NA,NA,NA,NA,NA,NA,NA,NA,NA,NA,NA,NA,NA,NA,NA,NA,NA,NA,NA,NA,NA,NA,NA,NA
pecoe-0393,Field blank,motu3,28,Clupea pallasii,Pacific herring,PP_C,BC_PP,BC_PP,48.88845,-125.3797,Clupea,Clupeidae,Clupeiformes,Teleostei,NA,NA,NA,NA,NA,NA,NA,NA,NA,NA,NA,NA,NA,NA,NA,NA,NA,NA,NA,NA,NA,NA,NA,NA,NA,NA,NA,NA,NA,NA,NA,NA,NA,NA
pecoe-0393,Field blank,motu23,740,Bos,Cow,PP_C,BC_PP,BC_PP,48.88845,-125.3797,Bos,Bovidae,Artiodactyla,Mammalia,NA,NA,NA,NA,NA,NA,NA,NA,NA,NA,NA,NA,NA,NA,NA,NA,NA,NA,NA,NA,NA,NA,NA,NA,NA,NA,NA,NA,NA,NA,NA,NA,NA,NA
pecoe-0393,Field blank,motu12,269,Bos,Cow,PP_C,BC_PP,BC_PP,48.88845,-125.3797,Bos,Bovidae,Artiodactyla,Mammalia,NA,NA,NA,NA,NA,NA,NA,NA,NA,NA,NA,NA,NA,NA,NA,NA,NA,NA,NA,NA,NA,NA,NA,NA,NA,NA,NA,NA,NA,NA,NA,NA,NA,NA
pecoe-0396,Field blank,motu1,46,Cymatogaster aggregata,Shiner perch,PP_JJ,BC_PP,BC_PP,48.924283,-125.2906,Cymatogaster,Embiotocidae,Ovalentaria incertae sedis,Teleostei,NA,NA,NA,NA,NA,NA,NA,NA,NA,NA,NA,NA,NA,NA,NA,NA,NA,NA,NA,NA,NA,NA,NA,NA,NA,NA,NA,NA,NA,NA,NA,NA,NA,NA
pecoe-0396,Field blank,motu12,13217,Bos,Cow,PP_JJ,BC_PP,BC_PP,48.924283,-125.2906,Bos,Bovidae,Artiodactyla,Mammalia,NA,NA,NA,NA,NA,NA,NA,NA,NA,NA,NA,NA,NA,NA,NA,NA,NA,NA,NA,NA,NA,NA,NA,NA,NA,NA,NA,NA,NA,NA,NA,NA,NA,NA
pecoe-0396,Field blank,motu3,76,Clupea pallasii,Pacific herring,PP_JJ,BC_PP,BC_PP,48.924283,-125.2906,Clupea,Clupeidae,Clupeiformes,Teleostei,NA,NA,NA,NA,NA,NA,NA,NA,NA,NA,NA,NA,NA,NA,NA,NA,NA,NA,NA,NA,NA,NA,NA,NA,NA,NA,NA,NA,NA,NA,NA,NA,NA,NA
pecoe-0396,Field blank,motu23,2550,Bos,Cow,PP_JJ,BC_PP,BC_PP,48.924283,-125.2906,Bos,Bovidae,Artiodactyla,Mammalia,NA,NA,NA,NA,NA,NA,NA,NA,NA,NA,NA,NA,NA,NA,NA,NA,NA,NA,NA,NA,NA,NA,NA,NA,NA,NA,NA,NA,NA,NA,NA,NA,NA,NA
pecoe-0396,Field blank,motu13,33,Oligocottus,Oligocottus sculpin species,PP_JJ,BC_PP,BC_PP,48.924283,-125.2906,Oligocottus,Cottidae,Perciformes,Teleostei,NA,NA,NA,NA,NA,NA,NA,NA,NA,NA,NA,NA,NA,NA,NA,NA,NA,NA,NA,NA,NA,NA,NA,NA,NA,NA,NA,NA,NA,NA,NA,NA,NA,NA
pecoe-0396,Field blank,motu136,114,Bovidae,Cow,PP_JJ,BC_PP,BC_PP,48.924283,-125.2906,Bos,Bovidae,Artiodactyla,Mammalia,NA,NA,NA,NA,NA,NA,NA,NA,NA,NA,NA,NA,NA,NA,NA,NA,NA,NA,NA,NA,NA,NA,NA,NA,NA,NA,NA,NA,NA,NA,NA,NA,NA,NA
pecoe-0396,Field blank,motu12,836,Bos,Cow,PP_JJ,BC_PP,BC_PP,48.924283,-125.2906,Bos,Bovidae,Artiodactyla,Mammalia,NA,NA,NA,NA,NA,NA,NA,NA,NA,NA,NA,NA,NA,NA,NA,NA,NA,NA,NA,NA,NA,NA,NA,NA,NA,NA,NA,NA,NA,NA,NA,NA,NA,NA
pecoe-0403,Field blank,motu1,27,Cymatogaster aggregata,Shiner perch,PP_HI,BC_PP,BC_PP,48.951167,-125.313083,Cymatogaster,Embiotocidae,Ovalentaria incertae sedis,Teleostei,NA,NA,NA,NA,NA,NA,NA,NA,NA,NA,NA,NA,NA,NA,NA,NA,NA,NA,NA,NA,NA,NA,NA,NA,NA,NA,NA,NA,NA,NA,NA,NA,NA,NA
pecoe-0403,Field blank,motu12,26,Bos,Cow,PP_HI,BC_PP,BC_PP,48.951167,-125.313083,Bos,Bovidae,Artiodactyla,Mammalia,NA,NA,NA,NA,NA,NA,NA,NA,NA,NA,NA,NA,NA,NA,NA,NA,NA,NA,NA,NA,NA,NA,NA,NA,NA,NA,NA,NA,NA,NA,NA,NA,NA,NA
pecoe-0403,Field blank,motu3,25,Clupea pallasii,Pacific herring,PP_HI,BC_PP,BC_PP,48.951167,-125.313083,Clupea,Clupeidae,Clupeiformes,Teleostei,NA,NA,NA,NA,NA,NA,NA,NA,NA,NA,NA,NA,NA,NA,NA,NA,NA,NA,NA,NA,NA,NA,NA,NA,NA,NA,NA,NA,NA,NA,NA,NA,NA,NA
pecoe-0404,Field blank,motu12,21422,Bos,Cow,PP_SI,BC_PP,BC_PP,48.992217,-125.346867,Bos,Bovidae,Artiodactyla,Mammalia,NA,NA,NA,NA,NA,NA,NA,NA,NA,NA,NA,NA,NA,NA,NA,NA,NA,NA,NA,NA,NA,NA,NA,NA,NA,NA,NA,NA,NA,NA,NA,NA,NA,NA
pecoe-0404,Field blank,motu3,15,Clupea pallasii,Pacific herring,PP_SI,BC_PP,BC_PP,48.992217,-125.346867,Clupea,Clupeidae,Clupeiformes,Teleostei,NA,NA,NA,NA,NA,NA,NA,NA,NA,NA,NA,NA,NA,NA,NA,NA,NA,NA,NA,NA,NA,NA,NA,NA,NA,NA,NA,NA,NA,NA,NA,NA,NA,NA
pecoe-0404,Field blank,motu23,2904,Bos,Cow,PP_SI,BC_PP,BC_PP,48.992217,-125.346867,Bos,Bovidae,Artiodactyla,Mammalia,NA,NA,NA,NA,NA,NA,NA,NA,NA,NA,NA,NA,NA,NA,NA,NA,NA,NA,NA,NA,NA,NA,NA,NA,NA,NA,NA,NA,NA,NA,NA,NA,NA,NA
pecoe-0404,Field blank,motu12,3553,Bos,Cow,PP_SI,BC_PP,BC_PP,48.992217,-125.346867,Bos,Bovidae,Artiodactyla,Mammalia,NA,NA,NA,NA,NA,NA,NA,NA,NA,NA,NA,NA,NA,NA,NA,NA,NA,NA,NA,NA,NA,NA,NA,NA,NA,NA,NA,NA,NA,NA,NA,NA,NA,NA
pecoe-0404,Field blank,motu23,129,Bos,Cow,PP_SI,BC_PP,BC_PP,48.992217,-125.346867,Bos,Bovidae,Artiodactyla,Mammalia,NA,NA,NA,NA,NA,NA,NA,NA,NA,NA,NA,NA,NA,NA,NA,NA,NA,NA,NA,NA,NA,NA,NA,NA,NA,NA,NA,NA,NA,NA,NA,NA,NA,NA
pecoe-0404,Field blank,motu12,932,Bos,Cow,PP_SI,BC_PP,BC_PP,48.992217,-125.346867,Bos,Bovidae,Artiodactyla,Mammalia,NA,NA,NA,NA,NA,NA,NA,NA,NA,NA,NA,NA,NA,NA,NA,NA,NA,NA,NA,NA,NA,NA,NA,NA,NA,NA,NA,NA,NA,NA,NA,NA,NA,NA
pecoe-0409,Field blank,motu12,4626,Bos,Cow,PP_G,BC_PP,BC_PP,48.9123,-125.260333,Bos,Bovidae,Artiodactyla,Mammalia,NA,NA,NA,NA,NA,NA,NA,NA,NA,NA,NA,NA,NA,NA,NA,NA,NA,NA,NA,NA,NA,NA,NA,NA,NA,NA,NA,NA,NA,NA,NA,NA,NA,NA
pecoe-0409,Field blank,motu3,24,Clupea pallasii,Pacific herring,PP_G,BC_PP,BC_PP,48.9123,-125.260333,Clupea,Clupeidae,Clupeiformes,Teleostei,NA,NA,NA,NA,NA,NA,NA,NA,NA,NA,NA,NA,NA,NA,NA,NA,NA,NA,NA,NA,NA,NA,NA,NA,NA,NA,NA,NA,NA,NA,NA,NA,NA,NA
pecoe-0409,Field blank,motu23,2017,Bos,Cow,PP_G,BC_PP,BC_PP,48.9123,-125.260333,Bos,Bovidae,Artiodactyla,Mammalia,NA,NA,NA,NA,NA,NA,NA,NA,NA,NA,NA,NA,NA,NA,NA,NA,NA,NA,NA,NA,NA,NA,NA,NA,NA,NA,NA,NA,NA,NA,NA,NA,NA,NA
pecoe-0409,Field blank,motu23,503,Bos,Cow,PP_G,BC_PP,BC_PP,48.9123,-125.260333,Bos,Bovidae,Artiodactyla,Mammalia,NA,NA,NA,NA,NA,NA,NA,NA,NA,NA,NA,NA,NA,NA,NA,NA,NA,NA,NA,NA,NA,NA,NA,NA,NA,NA,NA,NA,NA,NA,NA,NA,NA,NA
pecoe-0419,Field blank,motu1,11,Cymatogaster aggregata,Shiner perch,NV_BI,BC_NV,BC_NV,50.488572,-128.051842,Cymatogaster,Embiotocidae,Ovalentaria incertae sedis,Teleostei,NA,NA,NA,NA,NA,NA,NA,NA,NA,NA,NA,NA,NA,NA,NA,NA,NA,NA,NA,NA,NA,NA,NA,NA,NA,NA,NA,NA,NA,NA,NA,NA,NA,NA
pecoe-0419,Field blank,motu12,2865,Bos,Cow,NV_BI,BC_NV,BC_NV,50.488572,-128.051842,Bos,Bovidae,Artiodactyla,Mammalia,NA,NA,NA,NA,NA,NA,NA,NA,NA,NA,NA,NA,NA,NA,NA,NA,NA,NA,NA,NA,NA,NA,NA,NA,NA,NA,NA,NA,NA,NA,NA,NA,NA,NA
pecoe-0419,Field blank,motu23,1486,Bos,Cow,NV_BI,BC_NV,BC_NV,50.488572,-128.051842,Bos,Bovidae,Artiodactyla,Mammalia,NA,NA,NA,NA,NA,NA,NA,NA,NA,NA,NA,NA,NA,NA,NA,NA,NA,NA,NA,NA,NA,NA,NA,NA,NA,NA,NA,NA,NA,NA,NA,NA,NA,NA
pecoe-0419,Field blank,motu12,217,Bos,Cow,NV_BI,BC_NV,BC_NV,50.488572,-128.051842,Bos,Bovidae,Artiodactyla,Mammalia,NA,NA,NA,NA,NA,NA,NA,NA,NA,NA,NA,NA,NA,NA,NA,NA,NA,NA,NA,NA,NA,NA,NA,NA,NA,NA,NA,NA,NA,NA,NA,NA,NA,NA
pecoe-0424,Field blank,motu1,22,Cymatogaster aggregata,Shiner perch,NV_KB,BC_NV,BC_NV,50.499439,-127.853168,Cymatogaster,Embiotocidae,Ovalentaria incertae sedis,Teleostei,NA,NA,NA,NA,NA,NA,NA,NA,NA,NA,NA,NA,NA,NA,NA,NA,NA,NA,NA,NA,NA,NA,NA,NA,NA,NA,NA,NA,NA,NA,NA,NA,NA,NA
pecoe-0424,Field blank,motu12,6665,Bos,Cow,NV_KB,BC_NV,BC_NV,50.499439,-127.853168,Bos,Bovidae,Artiodactyla,Mammalia,NA,NA,NA,NA,NA,NA,NA,NA,NA,NA,NA,NA,NA,NA,NA,NA,NA,NA,NA,NA,NA,NA,NA,NA,NA,NA,NA,NA,NA,NA,NA,NA,NA,NA
pecoe-0424,Field blank,motu23,245,Bos,Cow,NV_KB,BC_NV,BC_NV,50.499439,-127.853168,Bos,Bovidae,Artiodactyla,Mammalia,NA,NA,NA,NA,NA,NA,NA,NA,NA,NA,NA,NA,NA,NA,NA,NA,NA,NA,NA,NA,NA,NA,NA,NA,NA,NA,NA,NA,NA,NA,NA,NA,NA,NA
pecoe-0424,Field blank,motu23,3405,Bos,Cow,NV_KB,BC_NV,BC_NV,50.499439,-127.853168,Bos,Bovidae,Artiodactyla,Mammalia,NA,NA,NA,NA,NA,NA,NA,NA,NA,NA,NA,NA,NA,NA,NA,NA,NA,NA,NA,NA,NA,NA,NA,NA,NA,NA,NA,NA,NA,NA,NA,NA,NA,NA
pecoe-0424,Field blank,motu12,431,Bos,Cow,NV_KB,BC_NV,BC_NV,50.499439,-127.853168,Bos,Bovidae,Artiodactyla,Mammalia,NA,NA,NA,NA,NA,NA,NA,NA,NA,NA,NA,NA,NA,NA,NA,NA,NA,NA,NA,NA,NA,NA,NA,NA,NA,NA,NA,NA,NA,NA,NA,NA,NA,NA
pecoe-0424,Field blank,motu12,106,Bos,Cow,NV_KB,BC_NV,BC_NV,50.499439,-127.853168,Bos,Bovidae,Artiodactyla,Mammalia,NA,NA,NA,NA,NA,NA,NA,NA,NA,NA,NA,NA,NA,NA,NA,NA,NA,NA,NA,NA,NA,NA,NA,NA,NA,NA,NA,NA,NA,NA,NA,NA,NA,NA
pecoe-0429,Field blank,motu1,26,Cymatogaster aggregata,Shiner perch,NV_KC,BC_NV,BC_NV,50.521548,-127.576556,Cymatogaster,Embiotocidae,Ovalentaria incertae sedis,Teleostei,NA,NA,NA,NA,NA,NA,NA,NA,NA,NA,NA,NA,NA,NA,NA,NA,NA,NA,NA,NA,NA,NA,NA,NA,NA,NA,NA,NA,NA,NA,NA,NA,NA,NA
pecoe-0429,Field blank,motu12,10835,Bos,Cow,NV_KC,BC_NV,BC_NV,50.521548,-127.576556,Bos,Bovidae,Artiodactyla,Mammalia,NA,NA,NA,NA,NA,NA,NA,NA,NA,NA,NA,NA,NA,NA,NA,NA,NA,NA,NA,NA,NA,NA,NA,NA,NA,NA,NA,NA,NA,NA,NA,NA,NA,NA
pecoe-0429,Field blank,motu3,20,Clupea pallasii,Pacific herring,NV_KC,BC_NV,BC_NV,50.521548,-127.576556,Clupea,Clupeidae,Clupeiformes,Teleostei,NA,NA,NA,NA,NA,NA,NA,NA,NA,NA,NA,NA,NA,NA,NA,NA,NA,NA,NA,NA,NA,NA,NA,NA,NA,NA,NA,NA,NA,NA,NA,NA,NA,NA
pecoe-0429,Field blank,motu23,3437,Bos,Cow,NV_KC,BC_NV,BC_NV,50.521548,-127.576556,Bos,Bovidae,Artiodactyla,Mammalia,NA,NA,NA,NA,NA,NA,NA,NA,NA,NA,NA,NA,NA,NA,NA,NA,NA,NA,NA,NA,NA,NA,NA,NA,NA,NA,NA,NA,NA,NA,NA,NA,NA,NA
pecoe-0429,Field blank,motu6,1900,Pholis laeta,Crescent gunnel,NV_KC,BC_NV,BC_NV,50.521548,-127.576556,Pholis,Pholidae,Perciformes,Teleostei,NA,NA,NA,NA,NA,NA,NA,NA,NA,NA,NA,NA,NA,NA,NA,NA,NA,NA,NA,NA,NA,NA,NA,NA,NA,NA,NA,NA,NA,NA,NA,NA,NA,NA
pecoe-0429,Field blank,motu12,264,Bos,Cow,NV_KC,BC_NV,BC_NV,50.521548,-127.576556,Bos,Bovidae,Artiodactyla,Mammalia,NA,NA,NA,NA,NA,NA,NA,NA,NA,NA,NA,NA,NA,NA,NA,NA,NA,NA,NA,NA,NA,NA,NA,NA,NA,NA,NA,NA,NA,NA,NA,NA,NA,NA
pecoe-0434,Field blank,motu12,2637,Bos,Cow,NV_JL,BC_NV,BC_NV,50.444274,-127.501483,Bos,Bovidae,Artiodactyla,Mammalia,NA,NA,NA,NA,NA,NA,NA,NA,NA,NA,NA,NA,NA,NA,NA,NA,NA,NA,NA,NA,NA,NA,NA,NA,NA,NA,NA,NA,NA,NA,NA,NA,NA,NA
pecoe-0434,Field blank,motu23,4344,Bos,Cow,NV_JL,BC_NV,BC_NV,50.444274,-127.501483,Bos,Bovidae,Artiodactyla,Mammalia,NA,NA,NA,NA,NA,NA,NA,NA,NA,NA,NA,NA,NA,NA,NA,NA,NA,NA,NA,NA,NA,NA,NA,NA,NA,NA,NA,NA,NA,NA,NA,NA,NA,NA
pecoe-0434,Field blank,motu12,242,Bos,Cow,NV_JL,BC_NV,BC_NV,50.444274,-127.501483,Bos,Bovidae,Artiodactyla,Mammalia,NA,NA,NA,NA,NA,NA,NA,NA,NA,NA,NA,NA,NA,NA,NA,NA,NA,NA,NA,NA,NA,NA,NA,NA,NA,NA,NA,NA,NA,NA,NA,NA,NA,NA
pecoe-0434,Field blank,motu1,983,Cymatogaster aggregata,Shiner perch,NV_JL,BC_NV,BC_NV,50.444274,-127.501483,Cymatogaster,Embiotocidae,Ovalentaria incertae sedis,Teleostei,NA,NA,NA,NA,NA,NA,NA,NA,NA,NA,NA,NA,NA,NA,NA,NA,NA,NA,NA,NA,NA,NA,NA,NA,NA,NA,NA,NA,NA,NA,NA,NA,NA,NA
pecoe-0434,Field blank,motu12,471,Bos,Cow,NV_JL,BC_NV,BC_NV,50.444274,-127.501483,Bos,Bovidae,Artiodactyla,Mammalia,NA,NA,NA,NA,NA,NA,NA,NA,NA,NA,NA,NA,NA,NA,NA,NA,NA,NA,NA,NA,NA,NA,NA,NA,NA,NA,NA,NA,NA,NA,NA,NA,NA,NA
pecoe-0445,Field blank,motu1,15,Cymatogaster aggregata,Shiner perch,IC_SHS,BC_IC,BC_IC,50.09155,-125.041933,Cymatogaster,Embiotocidae,Ovalentaria incertae sedis,Teleostei,NA,NA,NA,NA,NA,NA,NA,NA,NA,NA,NA,NA,NA,NA,NA,NA,NA,NA,NA,NA,NA,NA,NA,NA,NA,NA,NA,NA,NA,NA,NA,NA,NA,NA
pecoe-0445,Field blank,motu12,273,Bos,Cow,IC_SHS,BC_IC,BC_IC,50.09155,-125.041933,Bos,Bovidae,Artiodactyla,Mammalia,NA,NA,NA,NA,NA,NA,NA,NA,NA,NA,NA,NA,NA,NA,NA,NA,NA,NA,NA,NA,NA,NA,NA,NA,NA,NA,NA,NA,NA,NA,NA,NA,NA,NA
pecoe-0445,Field blank,motu23,105,Bos,Cow,IC_SHS,BC_IC,BC_IC,50.09155,-125.041933,Bos,Bovidae,Artiodactyla,Mammalia,NA,NA,NA,NA,NA,NA,NA,NA,NA,NA,NA,NA,NA,NA,NA,NA,NA,NA,NA,NA,NA,NA,NA,NA,NA,NA,NA,NA,NA,NA,NA,NA,NA,NA
pecoe-0445,Field blank,motu82,86,Fin whale,Fin whale,IC_SHS,BC_IC,BC_IC,50.09155,-125.041933,Balaenoptera,Balaenopteridae,Artiodactyla,Mammalia,NA,NA,NA,NA,NA,NA,NA,NA,NA,NA,NA,NA,NA,NA,NA,NA,NA,NA,NA,NA,NA,NA,NA,NA,NA,NA,NA,NA,NA,NA,NA,NA,NA,NA
pecoe-0449,Field blank,motu1,30,Cymatogaster aggregata,Shiner perch,IC_OPB,BC_IC,BC_IC,50.137267,-125.21405,Cymatogaster,Embiotocidae,Ovalentaria incertae sedis,Teleostei,NA,NA,NA,NA,NA,NA,NA,NA,NA,NA,NA,NA,NA,NA,NA,NA,NA,NA,NA,NA,NA,NA,NA,NA,NA,NA,NA,NA,NA,NA,NA,NA,NA,NA
pecoe-0449,Field blank,motu12,2456,Bos,Cow,IC_OPB,BC_IC,BC_IC,50.137267,-125.21405,Bos,Bovidae,Artiodactyla,Mammalia,NA,NA,NA,NA,NA,NA,NA,NA,NA,NA,NA,NA,NA,NA,NA,NA,NA,NA,NA,NA,NA,NA,NA,NA,NA,NA,NA,NA,NA,NA,NA,NA,NA,NA
pecoe-0449,Field blank,motu3,907,Clupea pallasii,Pacific herring,IC_OPB,BC_IC,BC_IC,50.137267,-125.21405,Clupea,Clupeidae,Clupeiformes,Teleostei,NA,NA,NA,NA,NA,NA,NA,NA,NA,NA,NA,NA,NA,NA,NA,NA,NA,NA,NA,NA,NA,NA,NA,NA,NA,NA,NA,NA,NA,NA,NA,NA,NA,NA
pecoe-0449,Field blank,motu23,1196,Bos,Cow,IC_OPB,BC_IC,BC_IC,50.137267,-125.21405,Bos,Bovidae,Artiodactyla,Mammalia,NA,NA,NA,NA,NA,NA,NA,NA,NA,NA,NA,NA,NA,NA,NA,NA,NA,NA,NA,NA,NA,NA,NA,NA,NA,NA,NA,NA,NA,NA,NA,NA,NA,NA
pecoe-0449,Field blank,motu19,73,Ammodytes personatus,Pacific sandlance,IC_OPB,BC_IC,BC_IC,50.137267,-125.21405,Ammodytes,Ammodytidae,Perciformes,Teleostei,NA,NA,NA,NA,NA,NA,NA,NA,NA,NA,NA,NA,NA,NA,NA,NA,NA,NA,NA,NA,NA,NA,NA,NA,NA,NA,NA,NA,NA,NA,NA,NA,NA,NA
pecoe-0449,Field blank,motu43,20,Citharichthys stigmaeus,Speckled sanddab,IC_OPB,BC_IC,BC_IC,50.137267,-125.21405,Citharichthys,Paralichthyidae,Pleuronectiformes,Teleostei,NA,NA,NA,NA,NA,NA,NA,NA,NA,NA,NA,NA,NA,NA,NA,NA,NA,NA,NA,NA,NA,NA,NA,NA,NA,NA,NA,NA,NA,NA,NA,NA,NA,NA
pecoe-0449,Field blank,motu3,704,Clupea pallasii,Pacific herring,IC_OPB,BC_IC,BC_IC,50.137267,-125.21405,Clupea,Clupeidae,Clupeiformes,Teleostei,NA,NA,NA,NA,NA,NA,NA,NA,NA,NA,NA,NA,NA,NA,NA,NA,NA,NA,NA,NA,NA,NA,NA,NA,NA,NA,NA,NA,NA,NA,NA,NA,NA,NA
pecoe-0449,Field blank,motu800,529,Bos,Cow,IC_OPB,BC_IC,BC_IC,50.137267,-125.21405,Bos,Bovidae,Artiodactyla,Mammalia,NA,NA,NA,NA,NA,NA,NA,NA,NA,NA,NA,NA,NA,NA,NA,NA,NA,NA,NA,NA,NA,NA,NA,NA,NA,NA,NA,NA,NA,NA,NA,NA,NA,NA
pecoe-0449,Field blank,motu23,156,Bos,Cow,IC_OPB,BC_IC,BC_IC,50.137267,-125.21405,Bos,Bovidae,Artiodactyla,Mammalia,NA,NA,NA,NA,NA,NA,NA,NA,NA,NA,NA,NA,NA,NA,NA,NA,NA,NA,NA,NA,NA,NA,NA,NA,NA,NA,NA,NA,NA,NA,NA,NA,NA,NA
pecoe-0454,Field blank,motu1,40,Cymatogaster aggregata,Shiner perch,IC_MAB,BC_IC,BC_IC,50.117883,-125.225817,Cymatogaster,Embiotocidae,Ovalentaria incertae sedis,Teleostei,NA,NA,NA,NA,NA,NA,NA,NA,NA,NA,NA,NA,NA,NA,NA,NA,NA,NA,NA,NA,NA,NA,NA,NA,NA,NA,NA,NA,NA,NA,NA,NA,NA,NA
pecoe-0454,Field blank,motu6,1553,Pholis laeta,Crescent gunnel,IC_MAB,BC_IC,BC_IC,50.117883,-125.225817,Pholis,Pholidae,Perciformes,Teleostei,NA,NA,NA,NA,NA,NA,NA,NA,NA,NA,NA,NA,NA,NA,NA,NA,NA,NA,NA,NA,NA,NA,NA,NA,NA,NA,NA,NA,NA,NA,NA,NA,NA,NA
pecoe-0454,Field blank,motu115,78,Unknown organism,Unknown organism,IC_MAB,BC_IC,BC_IC,50.117883,-125.225817,NA,NA,NA,NA,NA,NA,NA,NA,NA,NA,NA,NA,NA,NA,NA,NA,NA,NA,NA,NA,NA,NA,NA,NA,NA,NA,NA,NA,NA,NA,NA,NA,NA,NA,NA,NA,NA,NA
pecoe-0454,Field blank,motu83,234,Sus scrofa,Pig,IC_MAB,BC_IC,BC_IC,50.117883,-125.225817,Sus,Suidae,Artiodactyla,Mammalia,NA,NA,NA,NA,NA,NA,NA,NA,NA,NA,NA,NA,NA,NA,NA,NA,NA,NA,NA,NA,NA,NA,NA,NA,NA,NA,NA,NA,NA,NA,NA,NA,NA,NA
pecoe-0454,Field blank,motu426,54,Cyanobacteria,Cyanobacteria,IC_MAB,BC_IC,BC_IC,50.117883,-125.225817,NA,NA,NA,NA,NA,NA,NA,NA,NA,NA,NA,NA,NA,NA,NA,NA,NA,NA,NA,NA,NA,NA,NA,NA,NA,NA,NA,NA,NA,NA,NA,NA,NA,NA,NA,NA,NA,NA
exblank-2021-011,Extraction blank,motu1,36,Cymatogaster aggregata,Shiner perch,NA,NA,NA,NA,NA,Cymatogaster,Embiotocidae,Ovalentaria incertae sedis,Teleostei,NA,NA,NA,NA,NA,NA,NA,NA,NA,NA,NA,NA,NA,NA,NA,NA,NA,NA,NA,NA,NA,NA,NA,NA,NA,NA,NA,NA,NA,NA,NA,NA,NA,NA
exblank-2021-011,Extraction blank,motu12,20,Bos,Cow,NA,NA,NA,NA,NA,Bos,Bovidae,Artiodactyla,Mammalia,NA,NA,NA,NA,NA,NA,NA,NA,NA,NA,NA,NA,NA,NA,NA,NA,NA,NA,NA,NA,NA,NA,NA,NA,NA,NA,NA,NA,NA,NA,NA,NA,NA,NA
exblank-2021-011,Extraction blank,motu2,1587,Leptocottus armatus,Pacific staghorn sculpin,NA,NA,NA,NA,NA,Leptocottus,Cottidae,Perciformes,Teleostei,NA,NA,NA,NA,NA,NA,NA,NA,NA,NA,NA,NA,NA,NA,NA,NA,NA,NA,NA,NA,NA,NA,NA,NA,NA,NA,NA,NA,NA,NA,NA,NA,NA,NA
exblank-2021-011,Extraction blank,motu15,18,Oncorhynchus gorbuscha,Pink salmon,NA,NA,NA,NA,NA,Oncorhynchus,Salmonidae,Salmoniformes,Teleostei,NA,NA,NA,NA,NA,NA,NA,NA,NA,NA,NA,NA,NA,NA,NA,NA,NA,NA,NA,NA,NA,NA,NA,NA,NA,NA,NA,NA,NA,NA,NA,NA,NA,NA
exblank-2021-011,Extraction blank,motu2,829,Leptocottus armatus,Pacific staghorn sculpin,NA,NA,NA,NA,NA,Leptocottus,Cottidae,Perciformes,Teleostei,NA,NA,NA,NA,NA,NA,NA,NA,NA,NA,NA,NA,NA,NA,NA,NA,NA,NA,NA,NA,NA,NA,NA,NA,NA,NA,NA,NA,NA,NA,NA,NA,NA,NA
exblank-2021-012,Extraction blank,motu1,20,Cymatogaster aggregata,Shiner perch,NA,NA,NA,NA,NA,Cymatogaster,Embiotocidae,Ovalentaria incertae sedis,Teleostei,NA,NA,NA,NA,NA,NA,NA,NA,NA,NA,NA,NA,NA,NA,NA,NA,NA,NA,NA,NA,NA,NA,NA,NA,NA,NA,NA,NA,NA,NA,NA,NA,NA,NA
exblank-2021-012,Extraction blank,motu61,668,No BLAST hit,No BLAST hit,NA,NA,NA,NA,NA,NA,NA,NA,NA,NA,NA,NA,NA,NA,NA,NA,NA,NA,NA,NA,NA,NA,NA,NA,NA,NA,NA,NA,NA,NA,NA,NA,NA,NA,NA,NA,NA,NA,NA,NA,NA,NA,NA
exblank-2021-013,Extraction blank,motu1,39,Cymatogaster aggregata,Shiner perch,NA,NA,NA,NA,NA,Cymatogaster,Embiotocidae,Ovalentaria incertae sedis,Teleostei,NA,NA,NA,NA,NA,NA,NA,NA,NA,NA,NA,NA,NA,NA,NA,NA,NA,NA,NA,NA,NA,NA,NA,NA,NA,NA,NA,NA,NA,NA,NA,NA,NA,NA
exblank-2021-014,Extraction blank,motu1,10,Cymatogaster aggregata,Shiner perch,NA,NA,NA,NA,NA,Cymatogaster,Embiotocidae,Ovalentaria incertae sedis,Teleostei,NA,NA,NA,NA,NA,NA,NA,NA,NA,NA,NA,NA,NA,NA,NA,NA,NA,NA,NA,NA,NA,NA,NA,NA,NA,NA,NA,NA,NA,NA,NA,NA,NA,NA
exblank-2021-014,Extraction blank,motu2,11014,Leptocottus armatus,Pacific staghorn sculpin,NA,NA,NA,NA,NA,Leptocottus,Cottidae,Perciformes,Teleostei,NA,NA,NA,NA,NA,NA,NA,NA,NA,NA,NA,NA,NA,NA,NA,NA,NA,NA,NA,NA,NA,NA,NA,NA,NA,NA,NA,NA,NA,NA,NA,NA,NA,NA
exblank-2021-014,Extraction blank,motu61,283,No BLAST hit,No BLAST hit,NA,NA,NA,NA,NA,NA,NA,NA,NA,NA,NA,NA,NA,NA,NA,NA,NA,NA,NA,NA,NA,NA,NA,NA,NA,NA,NA,NA,NA,NA,NA,NA,NA,NA,NA,NA,NA,NA,NA,NA,NA,NA,NA
exblank-2021-014,Extraction blank,motu78,8295,Salmo salar,Atlantic salmon,NA,NA,NA,NA,NA,Salmo,Salmonidae,Salmoniformes,Teleostei,NA,NA,NA,NA,NA,NA,NA,NA,NA,NA,NA,NA,NA,NA,NA,NA,NA,NA,NA,NA,NA,NA,NA,NA,NA,NA,NA,NA,NA,NA,NA,NA,NA,NA
exblank-2021-014,Extraction blank,motu78,242,Salmo salar,Atlantic salmon,NA,NA,NA,NA,NA,Salmo,Salmonidae,Salmoniformes,Teleostei,NA,NA,NA,NA,NA,NA,NA,NA,NA,NA,NA,NA,NA,NA,NA,NA,NA,NA,NA,NA,NA,NA,NA,NA,NA,NA,NA,NA,NA,NA,NA,NA,NA,NA
exblank-2021-015,Extraction blank,motu1,22,Cymatogaster aggregata,Shiner perch,NA,NA,NA,NA,NA,Cymatogaster,Embiotocidae,Ovalentaria incertae sedis,Teleostei,NA,NA,NA,NA,NA,NA,NA,NA,NA,NA,NA,NA,NA,NA,NA,NA,NA,NA,NA,NA,NA,NA,NA,NA,NA,NA,NA,NA,NA,NA,NA,NA,NA,NA
exblank-2021-015,Extraction blank,motu61,18107,No BLAST hit,No BLAST hit,NA,NA,NA,NA,NA,NA,NA,NA,NA,NA,NA,NA,NA,NA,NA,NA,NA,NA,NA,NA,NA,NA,NA,NA,NA,NA,NA,NA,NA,NA,NA,NA,NA,NA,NA,NA,NA,NA,NA,NA,NA,NA,NA
exblank-2021-015,Extraction blank,motu65,13230,Artedius harringtoni,Scalyhead sculpin,NA,NA,NA,NA,NA,Artedius,Cottidae,Perciformes,Teleostei,NA,NA,NA,NA,NA,NA,NA,NA,NA,NA,NA,NA,NA,NA,NA,NA,NA,NA,NA,NA,NA,NA,NA,NA,NA,NA,NA,NA,NA,NA,NA,NA,NA,NA
exblank-2021-015,Extraction blank,motu170,12327,Hemilepidotus,Hemilepidotus sculpin species,NA,NA,NA,NA,NA,Hemilepidotus,Cottidae,Perciformes,Teleostei,NA,NA,NA,NA,NA,NA,NA,NA,NA,NA,NA,NA,NA,NA,NA,NA,NA,NA,NA,NA,NA,NA,NA,NA,NA,NA,NA,NA,NA,NA,NA,NA,NA,NA
exblank-2021-015,Extraction blank,motu83,2199,Sus scrofa,Pig,NA,NA,NA,NA,NA,Sus,Suidae,Artiodactyla,Mammalia,NA,NA,NA,NA,NA,NA,NA,NA,NA,NA,NA,NA,NA,NA,NA,NA,NA,NA,NA,NA,NA,NA,NA,NA,NA,NA,NA,NA,NA,NA,NA,NA,NA,NA
exblank-2021-015,Extraction blank,motu65,1267,Artedius harringtoni,Scalyhead sculpin,NA,NA,NA,NA,NA,Artedius,Cottidae,Perciformes,Teleostei,NA,NA,NA,NA,NA,NA,NA,NA,NA,NA,NA,NA,NA,NA,NA,NA,NA,NA,NA,NA,NA,NA,NA,NA,NA,NA,NA,NA,NA,NA,NA,NA,NA,NA
exblank-2021-015,Extraction blank,motu1498,143,Hemilepidotus,Hemilepidotus sculpin species,NA,NA,NA,NA,NA,Hemilepidotus,Cottidae,Perciformes,Teleostei,NA,NA,NA,NA,NA,NA,NA,NA,NA,NA,NA,NA,NA,NA,NA,NA,NA,NA,NA,NA,NA,NA,NA,NA,NA,NA,NA,NA,NA,NA,NA,NA,NA,NA
exblank-2021-016,Extraction blank,motu1,25,Cymatogaster aggregata,Shiner perch,NA,NA,NA,NA,NA,Cymatogaster,Embiotocidae,Ovalentaria incertae sedis,Teleostei,NA,NA,NA,NA,NA,NA,NA,NA,NA,NA,NA,NA,NA,NA,NA,NA,NA,NA,NA,NA,NA,NA,NA,NA,NA,NA,NA,NA,NA,NA,NA,NA,NA,NA
exblank-2021-016,Extraction blank,motu2,11,Leptocottus armatus,Pacific staghorn sculpin,NA,NA,NA,NA,NA,Leptocottus,Cottidae,Perciformes,Teleostei,NA,NA,NA,NA,NA,NA,NA,NA,NA,NA,NA,NA,NA,NA,NA,NA,NA,NA,NA,NA,NA,NA,NA,NA,NA,NA,NA,NA,NA,NA,NA,NA,NA,NA
exblank-2021-017,Extraction blank,motu1,11,Cymatogaster aggregata,Shiner perch,NA,NA,NA,NA,NA,Cymatogaster,Embiotocidae,Ovalentaria incertae sedis,Teleostei,NA,NA,NA,NA,NA,NA,NA,NA,NA,NA,NA,NA,NA,NA,NA,NA,NA,NA,NA,NA,NA,NA,NA,NA,NA,NA,NA,NA,NA,NA,NA,NA,NA,NA
exblank-2021-017,Extraction blank,motu2,8,Leptocottus armatus,Pacific staghorn sculpin,NA,NA,NA,NA,NA,Leptocottus,Cottidae,Perciformes,Teleostei,NA,NA,NA,NA,NA,NA,NA,NA,NA,NA,NA,NA,NA,NA,NA,NA,NA,NA,NA,NA,NA,NA,NA,NA,NA,NA,NA,NA,NA,NA,NA,NA,NA,NA
exblank-2021-017,Extraction blank,motu2295,5,Pholis laeta,Crescent gunnel,NA,NA,NA,NA,NA,Pholis,Pholidae,Perciformes,Teleostei,NA,NA,NA,NA,NA,NA,NA,NA,NA,NA,NA,NA,NA,NA,NA,NA,NA,NA,NA,NA,NA,NA,NA,NA,NA,NA,NA,NA,NA,NA,NA,NA,NA,NA
exblank-2021-018,Extraction blank,motu12,11,Bos,Cow,NA,NA,NA,NA,NA,Bos,Bovidae,Artiodactyla,Mammalia,NA,NA,NA,NA,NA,NA,NA,NA,NA,NA,NA,NA,NA,NA,NA,NA,NA,NA,NA,NA,NA,NA,NA,NA,NA,NA,NA,NA,NA,NA,NA,NA,NA,NA
exblank-2021-018,Extraction blank,motu15,1725,Oncorhynchus gorbuscha,Pink salmon,NA,NA,NA,NA,NA,Oncorhynchus,Salmonidae,Salmoniformes,Teleostei,NA,NA,NA,NA,NA,NA,NA,NA,NA,NA,NA,NA,NA,NA,NA,NA,NA,NA,NA,NA,NA,NA,NA,NA,NA,NA,NA,NA,NA,NA,NA,NA,NA,NA
exblank-2021-019,Extraction blank,motu1,41,Cymatogaster aggregata,Shiner perch,NA,NA,NA,NA,NA,Cymatogaster,Embiotocidae,Ovalentaria incertae sedis,Teleostei,NA,NA,NA,NA,NA,NA,NA,NA,NA,NA,NA,NA,NA,NA,NA,NA,NA,NA,NA,NA,NA,NA,NA,NA,NA,NA,NA,NA,NA,NA,NA,NA,NA,NA
exblank-2021-019,Extraction blank,motu2,34,Leptocottus armatus,Pacific staghorn sculpin,NA,NA,NA,NA,NA,Leptocottus,Cottidae,Perciformes,Teleostei,NA,NA,NA,NA,NA,NA,NA,NA,NA,NA,NA,NA,NA,NA,NA,NA,NA,NA,NA,NA,NA,NA,NA,NA,NA,NA,NA,NA,NA,NA,NA,NA,NA,NA
exblank-2021-019,Extraction blank,motu7,8,Pholis ornata,Saddleback gunnel,NA,NA,NA,NA,NA,Pholis,Pholidae,Perciformes,Teleostei,NA,NA,NA,NA,NA,NA,NA,NA,NA,NA,NA,NA,NA,NA,NA,NA,NA,NA,NA,NA,NA,NA,NA,NA,NA,NA,NA,NA,NA,NA,NA,NA,NA,NA
exblank-2021-019,Extraction blank,motu14,11,Myoxocephalus,Myoxocephalus sculpin species,NA,NA,NA,NA,NA,Myoxocephalus,Cottidae,Perciformes,Teleostei,NA,NA,NA,NA,NA,NA,NA,NA,NA,NA,NA,NA,NA,NA,NA,NA,NA,NA,NA,NA,NA,NA,NA,NA,NA,NA,NA,NA,NA,NA,NA,NA,NA,NA
exblank-2021-020,Extraction blank,motu1,17,Cymatogaster aggregata,Shiner perch,NA,NA,NA,NA,NA,Cymatogaster,Embiotocidae,Ovalentaria incertae sedis,Teleostei,NA,NA,NA,NA,NA,NA,NA,NA,NA,NA,NA,NA,NA,NA,NA,NA,NA,NA,NA,NA,NA,NA,NA,NA,NA,NA,NA,NA,NA,NA,NA,NA,NA,NA
exblank-2021-020,Extraction blank,motu15,1621,Oncorhynchus gorbuscha,Pink salmon,NA,NA,NA,NA,NA,Oncorhynchus,Salmonidae,Salmoniformes,Teleostei,NA,NA,NA,NA,NA,NA,NA,NA,NA,NA,NA,NA,NA,NA,NA,NA,NA,NA,NA,NA,NA,NA,NA,NA,NA,NA,NA,NA,NA,NA,NA,NA,NA,NA
exblank-2022-024,NA,motu61,8366,No BLAST hit,No BLAST hit,NA,NA,NA,NA,NA,NA,NA,NA,NA,NA,NA,NA,NA,NA,NA,NA,NA,NA,NA,NA,NA,NA,NA,NA,NA,NA,NA,NA,NA,NA,NA,NA,NA,NA,NA,NA,NA,NA,NA,NA,NA,NA,NA
exblank-2022-024,NA,motu61,8366,No BLAST hit,No BLAST hit,NA,NA,NA,NA,NA,NA,NA,NA,NA,NA,NA,NA,NA,NA,NA,NA,NA,NA,NA,NA,NA,NA,NA,NA,NA,NA,NA,NA,NA,NA,NA,NA,NA,NA,NA,NA,NA,NA,NA,NA,NA,NA,NA
exblank-2022-025,NA,motu12,83084,Bos,Cow,NA,NA,NA,NA,NA,Bos,Bovidae,Artiodactyla,Mammalia,NA,NA,NA,NA,NA,NA,NA,NA,NA,NA,NA,NA,NA,NA,NA,NA,NA,NA,NA,NA,NA,NA,NA,NA,NA,NA,NA,NA,NA,NA,NA,NA,NA,NA
exblank-2022-025,NA,motu12,83084,Bos,Cow,NA,NA,NA,NA,NA,Bos,Bovidae,Artiodactyla,Mammalia,NA,NA,NA,NA,NA,NA,NA,NA,NA,NA,NA,NA,NA,NA,NA,NA,NA,NA,NA,NA,NA,NA,NA,NA,NA,NA,NA,NA,NA,NA,NA,NA,NA,NA
exblank-2022-025,NA,motu61,21,No BLAST hit,No BLAST hit,NA,NA,NA,NA,NA,NA,NA,NA,NA,NA,NA,NA,NA,NA,NA,NA,NA,NA,NA,NA,NA,NA,NA,NA,NA,NA,NA,NA,NA,NA,NA,NA,NA,NA,NA,NA,NA,NA,NA,NA,NA,NA,NA
exblank-2022-025,NA,motu61,21,No BLAST hit,No BLAST hit,NA,NA,NA,NA,NA,NA,NA,NA,NA,NA,NA,NA,NA,NA,NA,NA,NA,NA,NA,NA,NA,NA,NA,NA,NA,NA,NA,NA,NA,NA,NA,NA,NA,NA,NA,NA,NA,NA,NA,NA,NA,NA,NA
exblank-2022-026,NA,motu16,59982,Pleuronectidae,Flatfish family,NA,NA,NA,NA,NA,NA,Pleuronectidae,Pleuronectiformes,Teleostei,NA,NA,NA,NA,NA,NA,NA,NA,NA,NA,NA,NA,NA,NA,NA,NA,NA,NA,NA,NA,NA,NA,NA,NA,NA,NA,NA,NA,NA,NA,NA,NA,NA,NA
exblank-2022-026,NA,motu16,59982,Pleuronectidae,Flatfish family,NA,NA,NA,NA,NA,NA,Pleuronectidae,Pleuronectiformes,Teleostei,NA,NA,NA,NA,NA,NA,NA,NA,NA,NA,NA,NA,NA,NA,NA,NA,NA,NA,NA,NA,NA,NA,NA,NA,NA,NA,NA,NA,NA,NA,NA,NA,NA,NA
exblank-2022-027,NA,motu852,5,No BLAST hit,No BLAST hit,NA,NA,NA,NA,NA,NA,NA,NA,NA,NA,NA,NA,NA,NA,NA,NA,NA,NA,NA,NA,NA,NA,NA,NA,NA,NA,NA,NA,NA,NA,NA,NA,NA,NA,NA,NA,NA,NA,NA,NA,NA,NA,NA
exblank-2022-028,NA,motu61,99,No BLAST hit,No BLAST hit,NA,NA,NA,NA,NA,NA,NA,NA,NA,NA,NA,NA,NA,NA,NA,NA,NA,NA,NA,NA,NA,NA,NA,NA,NA,NA,NA,NA,NA,NA,NA,NA,NA,NA,NA,NA,NA,NA,NA,NA,NA,NA,NA
exblank-2022-028,NA,motu61,99,No BLAST hit,No BLAST hit,NA,NA,NA,NA,NA,NA,NA,NA,NA,NA,NA,NA,NA,NA,NA,NA,NA,NA,NA,NA,NA,NA,NA,NA,NA,NA,NA,NA,NA,NA,NA,NA,NA,NA,NA,NA,NA,NA,NA,NA,NA,NA,NA
exblank-2022-029,NA,motu61,11519,No BLAST hit,No BLAST hit,NA,NA,NA,NA,NA,NA,NA,NA,NA,NA,NA,NA,NA,NA,NA,NA,NA,NA,NA,NA,NA,NA,NA,NA,NA,NA,NA,NA,NA,NA,NA,NA,NA,NA,NA,NA,NA,NA,NA,NA,NA,NA,NA
exblank-2022-029,NA,motu61,11519,No BLAST hit,No BLAST hit,NA,NA,NA,NA,NA,NA,NA,NA,NA,NA,NA,NA,NA,NA,NA,NA,NA,NA,NA,NA,NA,NA,NA,NA,NA,NA,NA,NA,NA,NA,NA,NA,NA,NA,NA,NA,NA,NA,NA,NA,NA,NA,NA
exblank-2022-031,NA,motu315,3372,No BLAST hit,No BLAST hit,NA,NA,NA,NA,NA,NA,NA,NA,NA,NA,NA,NA,NA,NA,NA,NA,NA,NA,NA,NA,NA,NA,NA,NA,NA,NA,NA,NA,NA,NA,NA,NA,NA,NA,NA,NA,NA,NA,NA,NA,NA,NA,NA
exblank-2022-033,NA,motu61,429,No BLAST hit,No BLAST hit,NA,NA,NA,NA,NA,NA,NA,NA,NA,NA,NA,NA,NA,NA,NA,NA,NA,NA,NA,NA,NA,NA,NA,NA,NA,NA,NA,NA,NA,NA,NA,NA,NA,NA,NA,NA,NA,NA,NA,NA,NA,NA,NA
exblank-2022-033,NA,motu61,429,No BLAST hit,No BLAST hit,NA,NA,NA,NA,NA,NA,NA,NA,NA,NA,NA,NA,NA,NA,NA,NA,NA,NA,NA,NA,NA,NA,NA,NA,NA,NA,NA,NA,NA,NA,NA,NA,NA,NA,NA,NA,NA,NA,NA,NA,NA,NA,NA
exblank-2022-034,NA,motu61,3083,No BLAST hit,No BLAST hit,NA,NA,NA,NA,NA,NA,NA,NA,NA,NA,NA,NA,NA,NA,NA,NA,NA,NA,NA,NA,NA,NA,NA,NA,NA,NA,NA,NA,NA,NA,NA,NA,NA,NA,NA,NA,NA,NA,NA,NA,NA,NA,NA
exblank-2022-034,NA,motu61,3083,No BLAST hit,No BLAST hit,NA,NA,NA,NA,NA,NA,NA,NA,NA,NA,NA,NA,NA,NA,NA,NA,NA,NA,NA,NA,NA,NA,NA,NA,NA,NA,NA,NA,NA,NA,NA,NA,NA,NA,NA,NA,NA,NA,NA,NA,NA,NA,NA
exblank-2022-035,NA,motu3,91675,Clupea pallasii,Pacific herring,NA,NA,NA,NA,NA,Clupea,Clupeidae,Clupeiformes,Teleostei,NA,NA,NA,NA,NA,NA,NA,NA,NA,NA,NA,NA,NA,NA,NA,NA,NA,NA,NA,NA,NA,NA,NA,NA,NA,NA,NA,NA,NA,NA,NA,NA,NA,NA
exblank-2022-035,NA,motu3,91675,Clupea pallasii,Pacific herring,NA,NA,NA,NA,NA,Clupea,Clupeidae,Clupeiformes,Teleostei,NA,NA,NA,NA,NA,NA,NA,NA,NA,NA,NA,NA,NA,NA,NA,NA,NA,NA,NA,NA,NA,NA,NA,NA,NA,NA,NA,NA,NA,NA,NA,NA,NA,NA
exblank-2022-037,NA,motu2,2,Leptocottus armatus,Pacific staghorn sculpin,NA,NA,NA,NA,NA,Leptocottus,Cottidae,Perciformes,Teleostei,NA,NA,NA,NA,NA,NA,NA,NA,NA,NA,NA,NA,NA,NA,NA,NA,NA,NA,NA,NA,NA,NA,NA,NA,NA,NA,NA,NA,NA,NA,NA,NA,NA,NA
exblank-2022-037,NA,motu2,2,Leptocottus armatus,Pacific staghorn sculpin,NA,NA,NA,NA,NA,Leptocottus,Cottidae,Perciformes,Teleostei,NA,NA,NA,NA,NA,NA,NA,NA,NA,NA,NA,NA,NA,NA,NA,NA,NA,NA,NA,NA,NA,NA,NA,NA,NA,NA,NA,NA,NA,NA,NA,NA,NA,NA
exblank-2022-037,NA,motu66,206847,Gadus chalcogrammus,Alaska pollock,NA,NA,NA,NA,NA,Gadus,Gadidae,Gadiformes,Teleostei,NA,NA,NA,NA,NA,NA,NA,NA,NA,NA,NA,NA,NA,NA,NA,NA,NA,NA,NA,NA,NA,NA,NA,NA,NA,NA,NA,NA,NA,NA,NA,NA,NA,NA
exblank-2022-037,NA,motu66,206847,Gadus chalcogrammus,Alaska pollock,NA,NA,NA,NA,NA,Gadus,Gadidae,Gadiformes,Teleostei,NA,NA,NA,NA,NA,NA,NA,NA,NA,NA,NA,NA,NA,NA,NA,NA,NA,NA,NA,NA,NA,NA,NA,NA,NA,NA,NA,NA,NA,NA,NA,NA,NA,NA
pecoe-0456,NA,motu3,2,Clupea pallasii,Pacific herring,SE_GK,AK_SE,AK_SE,55.739816,-133.31202,Clupea,Clupeidae,Clupeiformes,Teleostei,NA,NA,NA,NA,NA,NA,NA,NA,NA,NA,NA,NA,NA,NA,NA,NA,NA,NA,NA,NA,NA,NA,NA,NA,NA,NA,NA,NA,NA,NA,NA,NA,NA,NA
pecoe-0456,NA,motu3,2,Clupea pallasii,Pacific herring,SE_GK,AK_SE,AK_SE,55.739816,-133.31202,Clupea,Clupeidae,Clupeiformes,Teleostei,NA,NA,NA,NA,NA,NA,NA,NA,NA,NA,NA,NA,NA,NA,NA,NA,NA,NA,NA,NA,NA,NA,NA,NA,NA,NA,NA,NA,NA,NA,NA,NA,NA,NA
pecoe-0456,NA,motu21,5,Anoplarchus,Cockscomb species,SE_GK,AK_SE,AK_SE,55.739816,-133.31202,Anoplarchus,Stichaeidae,Perciformes,Teleostei,NA,NA,NA,NA,NA,NA,NA,NA,NA,NA,NA,NA,NA,NA,NA,NA,NA,NA,NA,NA,NA,NA,NA,NA,NA,NA,NA,NA,NA,NA,NA,NA,NA,NA
pecoe-0456,NA,motu21,5,Anoplarchus,Cockscomb species,SE_GK,AK_SE,AK_SE,55.739816,-133.31202,Anoplarchus,Stichaeidae,Perciformes,Teleostei,NA,NA,NA,NA,NA,NA,NA,NA,NA,NA,NA,NA,NA,NA,NA,NA,NA,NA,NA,NA,NA,NA,NA,NA,NA,NA,NA,NA,NA,NA,NA,NA,NA,NA
pecoe-0456,NA,motu30,32,Oncorhynchus tshawytscha,Chinook salmon,SE_GK,AK_SE,AK_SE,55.739816,-133.31202,Oncorhynchus,Salmonidae,Salmoniformes,Teleostei,NA,NA,NA,NA,NA,NA,NA,NA,NA,NA,NA,NA,NA,NA,NA,NA,NA,NA,NA,NA,NA,NA,NA,NA,NA,NA,NA,NA,NA,NA,NA,NA,NA,NA
pecoe-0456,NA,motu30,32,Oncorhynchus tshawytscha,Chinook salmon,SE_GK,AK_SE,AK_SE,55.739816,-133.31202,Oncorhynchus,Salmonidae,Salmoniformes,Teleostei,NA,NA,NA,NA,NA,NA,NA,NA,NA,NA,NA,NA,NA,NA,NA,NA,NA,NA,NA,NA,NA,NA,NA,NA,NA,NA,NA,NA,NA,NA,NA,NA,NA,NA
pecoe-0456,NA,motu38,2,Cottus,Cottus sculpin species,SE_GK,AK_SE,AK_SE,55.739816,-133.31202,Cottus,Cottidae,Perciformes,Teleostei,NA,NA,NA,NA,NA,NA,NA,NA,NA,NA,NA,NA,NA,NA,NA,NA,NA,NA,NA,NA,NA,NA,NA,NA,NA,NA,NA,NA,NA,NA,NA,NA,NA,NA
pecoe-0456,NA,motu38,2,Cottus,Cottus sculpin species,SE_GK,AK_SE,AK_SE,55.739816,-133.31202,Cottus,Cottidae,Perciformes,Teleostei,NA,NA,NA,NA,NA,NA,NA,NA,NA,NA,NA,NA,NA,NA,NA,NA,NA,NA,NA,NA,NA,NA,NA,NA,NA,NA,NA,NA,NA,NA,NA,NA,NA,NA
pecoe-0456,NA,motu49,6,Pleuronectidae,Flatfish family,SE_GK,AK_SE,AK_SE,55.739816,-133.31202,NA,Pleuronectidae,Pleuronectiformes,Teleostei,NA,NA,NA,NA,NA,NA,NA,NA,NA,NA,NA,NA,NA,NA,NA,NA,NA,NA,NA,NA,NA,NA,NA,NA,NA,NA,NA,NA,NA,NA,NA,NA,NA,NA
pecoe-0466,NA,motu61,2152,No BLAST hit,No BLAST hit,SE_SH,AK_SE,AK_SE,55.59929,-133.16,NA,NA,NA,NA,NA,NA,NA,NA,NA,NA,NA,NA,NA,NA,NA,NA,NA,NA,NA,NA,NA,NA,NA,NA,NA,NA,NA,NA,NA,NA,NA,NA,NA,NA,NA,NA,NA,NA
pecoe-0466,NA,motu61,2152,No BLAST hit,No BLAST hit,SE_SH,AK_SE,AK_SE,55.59929,-133.16,NA,NA,NA,NA,NA,NA,NA,NA,NA,NA,NA,NA,NA,NA,NA,NA,NA,NA,NA,NA,NA,NA,NA,NA,NA,NA,NA,NA,NA,NA,NA,NA,NA,NA,NA,NA,NA,NA
pecoe-0476,NA,motu61,4985,No BLAST hit,No BLAST hit,SE_RF,AK_SE,AK_SE,55.282137,-133.33403,NA,NA,NA,NA,NA,NA,NA,NA,NA,NA,NA,NA,NA,NA,NA,NA,NA,NA,NA,NA,NA,NA,NA,NA,NA,NA,NA,NA,NA,NA,NA,NA,NA,NA,NA,NA,NA,NA
pecoe-0476,NA,motu61,4985,No BLAST hit,No BLAST hit,SE_RF,AK_SE,AK_SE,55.282137,-133.33403,NA,NA,NA,NA,NA,NA,NA,NA,NA,NA,NA,NA,NA,NA,NA,NA,NA,NA,NA,NA,NA,NA,NA,NA,NA,NA,NA,NA,NA,NA,NA,NA,NA,NA,NA,NA,NA,NA
pecoe-0486,NA,motu1,314353,Cymatogaster aggregata,Shiner perch,PS_FB,WA_PS,WA_PSb,48.4829,-123.07476,Cymatogaster,Embiotocidae,Ovalentaria incertae sedis,Teleostei,NA,NA,NA,NA,NA,NA,NA,NA,NA,NA,NA,NA,NA,NA,NA,NA,NA,NA,NA,NA,NA,NA,NA,NA,NA,NA,NA,NA,NA,NA,NA,NA,NA,NA
pecoe-0486,NA,motu1,314353,Cymatogaster aggregata,Shiner perch,PS_FB,WA_PS,WA_PSb,48.4829,-123.07476,Cymatogaster,Embiotocidae,Ovalentaria incertae sedis,Teleostei,NA,NA,NA,NA,NA,NA,NA,NA,NA,NA,NA,NA,NA,NA,NA,NA,NA,NA,NA,NA,NA,NA,NA,NA,NA,NA,NA,NA,NA,NA,NA,NA,NA,NA
pecoe-0486,NA,motu2,31868,Leptocottus armatus,Pacific staghorn sculpin,PS_FB,WA_PS,WA_PSb,48.4829,-123.07476,Leptocottus,Cottidae,Perciformes,Teleostei,NA,NA,NA,NA,NA,NA,NA,NA,NA,NA,NA,NA,NA,NA,NA,NA,NA,NA,NA,NA,NA,NA,NA,NA,NA,NA,NA,NA,NA,NA,NA,NA,NA,NA
pecoe-0486,NA,motu2,31868,Leptocottus armatus,Pacific staghorn sculpin,PS_FB,WA_PS,WA_PSb,48.4829,-123.07476,Leptocottus,Cottidae,Perciformes,Teleostei,NA,NA,NA,NA,NA,NA,NA,NA,NA,NA,NA,NA,NA,NA,NA,NA,NA,NA,NA,NA,NA,NA,NA,NA,NA,NA,NA,NA,NA,NA,NA,NA,NA,NA
pecoe-0486,NA,motu61,1018,No BLAST hit,No BLAST hit,PS_FB,WA_PS,WA_PSb,48.4829,-123.07476,NA,NA,NA,NA,NA,NA,NA,NA,NA,NA,NA,NA,NA,NA,NA,NA,NA,NA,NA,NA,NA,NA,NA,NA,NA,NA,NA,NA,NA,NA,NA,NA,NA,NA,NA,NA,NA,NA
pecoe-0486,NA,motu61,1018,No BLAST hit,No BLAST hit,PS_FB,WA_PS,WA_PSb,48.4829,-123.07476,NA,NA,NA,NA,NA,NA,NA,NA,NA,NA,NA,NA,NA,NA,NA,NA,NA,NA,NA,NA,NA,NA,NA,NA,NA,NA,NA,NA,NA,NA,NA,NA,NA,NA,NA,NA,NA,NA
pecoe-0486,NA,motu354,5,Unknown organism,Unknown organism,PS_FB,WA_PS,WA_PSb,48.4829,-123.07476,NA,NA,NA,NA,NA,NA,NA,NA,NA,NA,NA,NA,NA,NA,NA,NA,NA,NA,NA,NA,NA,NA,NA,NA,NA,NA,NA,NA,NA,NA,NA,NA,NA,NA,NA,NA,NA,NA
pecoe-0486,NA,motu354,5,Unknown organism,Unknown organism,PS_FB,WA_PS,WA_PSb,48.4829,-123.07476,NA,NA,NA,NA,NA,NA,NA,NA,NA,NA,NA,NA,NA,NA,NA,NA,NA,NA,NA,NA,NA,NA,NA,NA,NA,NA,NA,NA,NA,NA,NA,NA,NA,NA,NA,NA,NA,NA
pecoe-0491,NA,motu61,1047,No BLAST hit,No BLAST hit,PS_NC,WA_PS,WA_PSb,48.7042064,-123.0551349,NA,NA,NA,NA,NA,NA,NA,NA,NA,NA,NA,NA,NA,NA,NA,NA,NA,NA,NA,NA,NA,NA,NA,NA,NA,NA,NA,NA,NA,NA,NA,NA,NA,NA,NA,NA,NA,NA
pecoe-0491,NA,motu61,1047,No BLAST hit,No BLAST hit,PS_NC,WA_PS,WA_PSb,48.7042064,-123.0551349,NA,NA,NA,NA,NA,NA,NA,NA,NA,NA,NA,NA,NA,NA,NA,NA,NA,NA,NA,NA,NA,NA,NA,NA,NA,NA,NA,NA,NA,NA,NA,NA,NA,NA,NA,NA,NA,NA
pecoe-0501,NA,motu1435,158,Unknown bacteria,Bacteria,PS_BH,WA_PS,WA_PSb,48.6917494,-122.9527529,NA,NA,NA,NA,NA,NA,NA,NA,NA,NA,NA,NA,NA,NA,NA,NA,NA,NA,NA,NA,NA,NA,NA,NA,NA,NA,NA,NA,NA,NA,NA,NA,NA,NA,NA,NA,NA,NA
pecoe-0510,NA,motu61,199,No BLAST hit,No BLAST hit,PP_MB,BC_PP,BC_PP,48.97404,-125.31132,NA,NA,NA,NA,NA,NA,NA,NA,NA,NA,NA,NA,NA,NA,NA,NA,NA,NA,NA,NA,NA,NA,NA,NA,NA,NA,NA,NA,NA,NA,NA,NA,NA,NA,NA,NA,NA,NA
pecoe-0510,NA,motu61,199,No BLAST hit,No BLAST hit,PP_MB,BC_PP,BC_PP,48.97404,-125.31132,NA,NA,NA,NA,NA,NA,NA,NA,NA,NA,NA,NA,NA,NA,NA,NA,NA,NA,NA,NA,NA,NA,NA,NA,NA,NA,NA,NA,NA,NA,NA,NA,NA,NA,NA,NA,NA,NA
pecoe-0536,NA,motu61,8,No BLAST hit,No BLAST hit,JN_AN,AK_JN,AK_JN,58.381283,-134.692633,NA,NA,NA,NA,NA,NA,NA,NA,NA,NA,NA,NA,NA,NA,NA,NA,NA,NA,NA,NA,NA,NA,NA,NA,NA,NA,NA,NA,NA,NA,NA,NA,NA,NA,NA,NA,NA,NA
pecoe-0536,NA,motu61,8,No BLAST hit,No BLAST hit,JN_AN,AK_JN,AK_JN,58.381283,-134.692633,NA,NA,NA,NA,NA,NA,NA,NA,NA,NA,NA,NA,NA,NA,NA,NA,NA,NA,NA,NA,NA,NA,NA,NA,NA,NA,NA,NA,NA,NA,NA,NA,NA,NA,NA,NA,NA,NA
pecoe-0536,NA,motu2275,6,No BLAST hit,No BLAST hit,JN_AN,AK_JN,AK_JN,58.381283,-134.692633,NA,NA,NA,NA,NA,NA,NA,NA,NA,NA,NA,NA,NA,NA,NA,NA,NA,NA,NA,NA,NA,NA,NA,NA,NA,NA,NA,NA,NA,NA,NA,NA,NA,NA,NA,NA,NA,NA
pecoe-0536,NA,motu2388,2,Unknown fungi,Unknown fungi,JN_AN,AK_JN,AK_JN,58.381283,-134.692633,NA,NA,NA,NA,NA,NA,NA,NA,NA,NA,NA,NA,NA,NA,NA,NA,NA,NA,NA,NA,NA,NA,NA,NA,NA,NA,NA,NA,NA,NA,NA,NA,NA,NA,NA,NA,NA,NA
pecoe-0546,NA,motu1776,86,No BLAST hit,No BLAST hit,JN_SB,AK_JN,AK_JN,58.6274,-134.943433,NA,NA,NA,NA,NA,NA,NA,NA,NA,NA,NA,NA,NA,NA,NA,NA,NA,NA,NA,NA,NA,NA,NA,NA,NA,NA,NA,NA,NA,NA,NA,NA,NA,NA,NA,NA,NA,NA
pecoe-0561,NA,motu2433,1,Bacteria,Bacteria,YB_SBN,OR_YB,OR_YB,44.622867,-124.023817,NA,NA,NA,NA,NA,NA,NA,NA,NA,NA,NA,NA,NA,NA,NA,NA,NA,NA,NA,NA,NA,NA,NA,NA,NA,NA,NA,NA,NA,NA,NA,NA,NA,NA,NA,NA,NA,NA
pecoe-0566,NA,motu2434,1,No BLAST hit,No BLAST hit,YB_SBS,OR_YB,OR_YB,44.61245,-124.013317,NA,NA,NA,NA,NA,NA,NA,NA,NA,NA,NA,NA,NA,NA,NA,NA,NA,NA,NA,NA,NA,NA,NA,NA,NA,NA,NA,NA,NA,NA,NA,NA,NA,NA,NA,NA,NA,NA
pecoe-0586,NA,motu30,23,Oncorhynchus tshawytscha,Chinook salmon,PS_SP,WA_PS,WA_PSa,48.5092333333,-122.6861,Oncorhynchus,Salmonidae,Salmoniformes,Teleostei,NA,NA,NA,NA,NA,NA,NA,NA,NA,NA,NA,NA,NA,NA,NA,NA,NA,NA,NA,NA,NA,NA,NA,NA,NA,NA,NA,NA,NA,NA,NA,NA,NA,NA
pecoe-0586,NA,motu30,23,Oncorhynchus tshawytscha,Chinook salmon,PS_SP,WA_PS,WA_PSa,48.5092333333,-122.6861,Oncorhynchus,Salmonidae,Salmoniformes,Teleostei,NA,NA,NA,NA,NA,NA,NA,NA,NA,NA,NA,NA,NA,NA,NA,NA,NA,NA,NA,NA,NA,NA,NA,NA,NA,NA,NA,NA,NA,NA,NA,NA,NA,NA
pecoe-0586,NA,motu55,26,Hexagrammos,Greenling species,PS_SP,WA_PS,WA_PSa,48.5092333333,-122.6861,Hexagrammos,Hexagrammidae,Perciformes,Teleostei,NA,NA,NA,NA,NA,NA,NA,NA,NA,NA,NA,NA,NA,NA,NA,NA,NA,NA,NA,NA,NA,NA,NA,NA,NA,NA,NA,NA,NA,NA,NA,NA,NA,NA
pecoe-0586,NA,motu55,26,Hexagrammos,Greenling species,PS_SP,WA_PS,WA_PSa,48.5092333333,-122.6861,Hexagrammos,Hexagrammidae,Perciformes,Teleostei,NA,NA,NA,NA,NA,NA,NA,NA,NA,NA,NA,NA,NA,NA,NA,NA,NA,NA,NA,NA,NA,NA,NA,NA,NA,NA,NA,NA,NA,NA,NA,NA,NA,NA
pecoe-0596,NA,motu2405,2,No BLAST hit,No BLAST hit,PS_YB,WA_PS,WA_PSa,48.5239166667,-122.6215166667,NA,NA,NA,NA,NA,NA,NA,NA,NA,NA,NA,NA,NA,NA,NA,NA,NA,NA,NA,NA,NA,NA,NA,NA,NA,NA,NA,NA,NA,NA,NA,NA,NA,NA,NA,NA,NA,NA
pecoe-0616,NA,motu1,119803,Cymatogaster aggregata,Shiner perch,MB_CB,CA_MB,CA_MB,35.37232,-120.85978,Cymatogaster,Embiotocidae,Ovalentaria incertae sedis,Teleostei,NA,NA,NA,NA,NA,NA,NA,NA,NA,NA,NA,NA,NA,NA,NA,NA,NA,NA,NA,NA,NA,NA,NA,NA,NA,NA,NA,NA,NA,NA,NA,NA,NA,NA
pecoe-0616,NA,motu1,119803,Cymatogaster aggregata,Shiner perch,MB_CB,CA_MB,CA_MB,35.37232,-120.85978,Cymatogaster,Embiotocidae,Ovalentaria incertae sedis,Teleostei,NA,NA,NA,NA,NA,NA,NA,NA,NA,NA,NA,NA,NA,NA,NA,NA,NA,NA,NA,NA,NA,NA,NA,NA,NA,NA,NA,NA,NA,NA,NA,NA,NA,NA
pecoe-0616,NA,motu3,83453,Clupea pallasii,Pacific herring,MB_CB,CA_MB,CA_MB,35.37232,-120.85978,Clupea,Clupeidae,Clupeiformes,Teleostei,NA,NA,NA,NA,NA,NA,NA,NA,NA,NA,NA,NA,NA,NA,NA,NA,NA,NA,NA,NA,NA,NA,NA,NA,NA,NA,NA,NA,NA,NA,NA,NA,NA,NA
pecoe-0616,NA,motu3,83453,Clupea pallasii,Pacific herring,MB_CB,CA_MB,CA_MB,35.37232,-120.85978,Clupea,Clupeidae,Clupeiformes,Teleostei,NA,NA,NA,NA,NA,NA,NA,NA,NA,NA,NA,NA,NA,NA,NA,NA,NA,NA,NA,NA,NA,NA,NA,NA,NA,NA,NA,NA,NA,NA,NA,NA,NA,NA
pecoe-0616,NA,motu28,83717,Hexagrammos decagrammus,Kelp greenling,MB_CB,CA_MB,CA_MB,35.37232,-120.85978,Hexagrammos,Hexagrammidae,Perciformes,Teleostei,NA,NA,NA,NA,NA,NA,NA,NA,NA,NA,NA,NA,NA,NA,NA,NA,NA,NA,NA,NA,NA,NA,NA,NA,NA,NA,NA,NA,NA,NA,NA,NA,NA,NA
pecoe-0616,NA,motu28,83717,Hexagrammos decagrammus,Kelp greenling,MB_CB,CA_MB,CA_MB,35.37232,-120.85978,Hexagrammos,Hexagrammidae,Perciformes,Teleostei,NA,NA,NA,NA,NA,NA,NA,NA,NA,NA,NA,NA,NA,NA,NA,NA,NA,NA,NA,NA,NA,NA,NA,NA,NA,NA,NA,NA,NA,NA,NA,NA,NA,NA
pecoe-0616,NA,motu3,996,Clupea pallasii,Pacific herring,MB_CB,CA_MB,CA_MB,35.37232,-120.85978,Clupea,Clupeidae,Clupeiformes,Teleostei,NA,NA,NA,NA,NA,NA,NA,NA,NA,NA,NA,NA,NA,NA,NA,NA,NA,NA,NA,NA,NA,NA,NA,NA,NA,NA,NA,NA,NA,NA,NA,NA,NA,NA
pecoe-0631,NA,motu3,142754,Clupea pallasii,Pacific herring,SD_SI,CA_SD,CA_SD,32.713857,-117.225517,Clupea,Clupeidae,Clupeiformes,Teleostei,NA,NA,NA,NA,NA,NA,NA,NA,NA,NA,NA,NA,NA,NA,NA,NA,NA,NA,NA,NA,NA,NA,NA,NA,NA,NA,NA,NA,NA,NA,NA,NA,NA,NA
pecoe-0631,NA,motu3,142754,Clupea pallasii,Pacific herring,SD_SI,CA_SD,CA_SD,32.713857,-117.225517,Clupea,Clupeidae,Clupeiformes,Teleostei,NA,NA,NA,NA,NA,NA,NA,NA,NA,NA,NA,NA,NA,NA,NA,NA,NA,NA,NA,NA,NA,NA,NA,NA,NA,NA,NA,NA,NA,NA,NA,NA,NA,NA
pecoe-0631,NA,motu4,5,Atherinopsis californiensis,Jack silverside,SD_SI,CA_SD,CA_SD,32.713857,-117.225517,Atherinopsis,Atherinidae,Atheriniformes,Teleostei,NA,NA,NA,NA,NA,NA,NA,NA,NA,NA,NA,NA,NA,NA,NA,NA,NA,NA,NA,NA,NA,NA,NA,NA,NA,NA,NA,NA,NA,NA,NA,NA,NA,NA
pecoe-0631,NA,motu4,5,Atherinopsis californiensis,Jack silverside,SD_SI,CA_SD,CA_SD,32.713857,-117.225517,Atherinopsis,Atherinidae,Atheriniformes,Teleostei,NA,NA,NA,NA,NA,NA,NA,NA,NA,NA,NA,NA,NA,NA,NA,NA,NA,NA,NA,NA,NA,NA,NA,NA,NA,NA,NA,NA,NA,NA,NA,NA,NA,NA
pecoe-0631,NA,motu8,2,Engraulis mordax,Californian anchovy,SD_SI,CA_SD,CA_SD,32.713857,-117.225517,Engraulis,Engraulidae,Clupeiformes,Teleostei,NA,NA,NA,NA,NA,NA,NA,NA,NA,NA,NA,NA,NA,NA,NA,NA,NA,NA,NA,NA,NA,NA,NA,NA,NA,NA,NA,NA,NA,NA,NA,NA,NA,NA
pecoe-0636,NA,motu112,82634,Gadus,Cod species,SD_CV,CA_SD,CA_SD,32.62568,-117.1066,Gadus,Gadidae,Gadiformes,Teleostei,NA,NA,NA,NA,NA,NA,NA,NA,NA,NA,NA,NA,NA,NA,NA,NA,NA,NA,NA,NA,NA,NA,NA,NA,NA,NA,NA,NA,NA,NA,NA,NA,NA,NA
pecoe-0636,NA,motu112,82634,Gadus,Cod species,SD_CV,CA_SD,CA_SD,32.62568,-117.1066,Gadus,Gadidae,Gadiformes,Teleostei,NA,NA,NA,NA,NA,NA,NA,NA,NA,NA,NA,NA,NA,NA,NA,NA,NA,NA,NA,NA,NA,NA,NA,NA,NA,NA,NA,NA,NA,NA,NA,NA,NA,NA
pecoe-0636,NA,motu112,114,Gadus,Cod species,SD_CV,CA_SD,CA_SD,32.62568,-117.1066,Gadus,Gadidae,Gadiformes,Teleostei,NA,NA,NA,NA,NA,NA,NA,NA,NA,NA,NA,NA,NA,NA,NA,NA,NA,NA,NA,NA,NA,NA,NA,NA,NA,NA,NA,NA,NA,NA,NA,NA,NA,NA
pecoe-0651,NA,motu2205,11,Unknown organism,Unknown organism,SD_SDL,CA_SD,CA_SD,32.970861,-117.251741,NA,NA,NA,NA,NA,NA,NA,NA,NA,NA,NA,NA,NA,NA,NA,NA,NA,NA,NA,NA,NA,NA,NA,NA,NA,NA,NA,NA,NA,NA,NA,NA,NA,NA,NA,NA,NA,NA
pecoe-0681,NA,motu18,18393,Merluccius productus,North Pacific hake,WB_WR,WA_WB,WA_WB,46.69633,-123.89737,Merluccius,Merlucciidae,Gadiformes,Teleostei,NA,NA,NA,NA,NA,NA,NA,NA,NA,NA,NA,NA,NA,NA,NA,NA,NA,NA,NA,NA,NA,NA,NA,NA,NA,NA,NA,NA,NA,NA,NA,NA,NA,NA
pecoe-0681,NA,motu18,18393,Merluccius productus,North Pacific hake,WB_WR,WA_WB,WA_WB,46.69633,-123.89737,Merluccius,Merlucciidae,Gadiformes,Teleostei,NA,NA,NA,NA,NA,NA,NA,NA,NA,NA,NA,NA,NA,NA,NA,NA,NA,NA,NA,NA,NA,NA,NA,NA,NA,NA,NA,NA,NA,NA,NA,NA,NA,NA
pecoe-0681,NA,motu61,1193,No BLAST hit,No BLAST hit,WB_WR,WA_WB,WA_WB,46.69633,-123.89737,NA,NA,NA,NA,NA,NA,NA,NA,NA,NA,NA,NA,NA,NA,NA,NA,NA,NA,NA,NA,NA,NA,NA,NA,NA,NA,NA,NA,NA,NA,NA,NA,NA,NA,NA,NA,NA,NA
pecoe-0681,NA,motu61,1193,No BLAST hit,No BLAST hit,WB_WR,WA_WB,WA_WB,46.69633,-123.89737,NA,NA,NA,NA,NA,NA,NA,NA,NA,NA,NA,NA,NA,NA,NA,NA,NA,NA,NA,NA,NA,NA,NA,NA,NA,NA,NA,NA,NA,NA,NA,NA,NA,NA,NA,NA,NA,NA
pecoe-0681,NA,motu18,15051,Merluccius productus,North Pacific hake,WB_WR,WA_WB,WA_WB,46.69633,-123.89737,Merluccius,Merlucciidae,Gadiformes,Teleostei,NA,NA,NA,NA,NA,NA,NA,NA,NA,NA,NA,NA,NA,NA,NA,NA,NA,NA,NA,NA,NA,NA,NA,NA,NA,NA,NA,NA,NA,NA,NA,NA,NA,NA
pecoe-0686,NA,motu1,7,Cymatogaster aggregata,Shiner perch,WB_BC,WA_WB,WA_WB,46.64016,-123.94413,Cymatogaster,Embiotocidae,Ovalentaria incertae sedis,Teleostei,NA,NA,NA,NA,NA,NA,NA,NA,NA,NA,NA,NA,NA,NA,NA,NA,NA,NA,NA,NA,NA,NA,NA,NA,NA,NA,NA,NA,NA,NA,NA,NA,NA,NA
pecoe-0686,NA,motu1,7,Cymatogaster aggregata,Shiner perch,WB_BC,WA_WB,WA_WB,46.64016,-123.94413,Cymatogaster,Embiotocidae,Ovalentaria incertae sedis,Teleostei,NA,NA,NA,NA,NA,NA,NA,NA,NA,NA,NA,NA,NA,NA,NA,NA,NA,NA,NA,NA,NA,NA,NA,NA,NA,NA,NA,NA,NA,NA,NA,NA,NA,NA
pecoe-0686,NA,motu3,191047,Clupea pallasii,Pacific herring,WB_BC,WA_WB,WA_WB,46.64016,-123.94413,Clupea,Clupeidae,Clupeiformes,Teleostei,NA,NA,NA,NA,NA,NA,NA,NA,NA,NA,NA,NA,NA,NA,NA,NA,NA,NA,NA,NA,NA,NA,NA,NA,NA,NA,NA,NA,NA,NA,NA,NA,NA,NA
pecoe-0686,NA,motu3,191047,Clupea pallasii,Pacific herring,WB_BC,WA_WB,WA_WB,46.64016,-123.94413,Clupea,Clupeidae,Clupeiformes,Teleostei,NA,NA,NA,NA,NA,NA,NA,NA,NA,NA,NA,NA,NA,NA,NA,NA,NA,NA,NA,NA,NA,NA,NA,NA,NA,NA,NA,NA,NA,NA,NA,NA,NA,NA
pecoe-0686,NA,motu87,136176,Clupea pallasii,Pacific herring,WB_BC,WA_WB,WA_WB,46.64016,-123.94413,Clupea,Clupeidae,Clupeiformes,Teleostei,NA,NA,NA,NA,NA,NA,NA,NA,NA,NA,NA,NA,NA,NA,NA,NA,NA,NA,NA,NA,NA,NA,NA,NA,NA,NA,NA,NA,NA,NA,NA,NA,NA,NA
pecoe-0686,NA,motu61,19,No BLAST hit,No BLAST hit,WB_BC,WA_WB,WA_WB,46.64016,-123.94413,NA,NA,NA,NA,NA,NA,NA,NA,NA,NA,NA,NA,NA,NA,NA,NA,NA,NA,NA,NA,NA,NA,NA,NA,NA,NA,NA,NA,NA,NA,NA,NA,NA,NA,NA,NA,NA,NA
pecoe-0686,NA,motu61,19,No BLAST hit,No BLAST hit,WB_BC,WA_WB,WA_WB,46.64016,-123.94413,NA,NA,NA,NA,NA,NA,NA,NA,NA,NA,NA,NA,NA,NA,NA,NA,NA,NA,NA,NA,NA,NA,NA,NA,NA,NA,NA,NA,NA,NA,NA,NA,NA,NA,NA,NA,NA,NA
pecoe-0691,NA,motu61,32,No BLAST hit,No BLAST hit,WB_PA,WA_WB,WA_WB,46.49544,-124.02619,NA,NA,NA,NA,NA,NA,NA,NA,NA,NA,NA,NA,NA,NA,NA,NA,NA,NA,NA,NA,NA,NA,NA,NA,NA,NA,NA,NA,NA,NA,NA,NA,NA,NA,NA,NA,NA,NA
pecoe-0691,NA,motu61,32,No BLAST hit,No BLAST hit,WB_PA,WA_WB,WA_WB,46.49544,-124.02619,NA,NA,NA,NA,NA,NA,NA,NA,NA,NA,NA,NA,NA,NA,NA,NA,NA,NA,NA,NA,NA,NA,NA,NA,NA,NA,NA,NA,NA,NA,NA,NA,NA,NA,NA,NA,NA,NA
pecoe-0715,NA,motu1,153688,Cymatogaster aggregata,Shiner perch,CC_PBA,BC_CC,BC_CC,51.6464,-128.11896,Cymatogaster,Embiotocidae,Ovalentaria incertae sedis,Teleostei,NA,NA,NA,NA,NA,NA,NA,NA,NA,NA,NA,NA,NA,NA,NA,NA,NA,NA,NA,NA,NA,NA,NA,NA,NA,NA,NA,NA,NA,NA,NA,NA,NA,NA
pecoe-0715,NA,motu1,153688,Cymatogaster aggregata,Shiner perch,CC_PBA,BC_CC,BC_CC,51.6464,-128.11896,Cymatogaster,Embiotocidae,Ovalentaria incertae sedis,Teleostei,NA,NA,NA,NA,NA,NA,NA,NA,NA,NA,NA,NA,NA,NA,NA,NA,NA,NA,NA,NA,NA,NA,NA,NA,NA,NA,NA,NA,NA,NA,NA,NA,NA,NA
pecoe-0715,NA,motu5,136832,Gasterosteus aculeatus,Three-spined stickleback,CC_PBA,BC_CC,BC_CC,51.6464,-128.11896,Gasterosteus,Gasterosteidae,Perciformes,Teleostei,NA,NA,NA,NA,NA,NA,NA,NA,NA,NA,NA,NA,NA,NA,NA,NA,NA,NA,NA,NA,NA,NA,NA,NA,NA,NA,NA,NA,NA,NA,NA,NA,NA,NA
pecoe-0715,NA,motu5,136832,Gasterosteus aculeatus,Three-spined stickleback,CC_PBA,BC_CC,BC_CC,51.6464,-128.11896,Gasterosteus,Gasterosteidae,Perciformes,Teleostei,NA,NA,NA,NA,NA,NA,NA,NA,NA,NA,NA,NA,NA,NA,NA,NA,NA,NA,NA,NA,NA,NA,NA,NA,NA,NA,NA,NA,NA,NA,NA,NA,NA,NA
pecoe-0715,NA,motu10,3,Syngnathus californiensis,Bay pipefish,CC_PBA,BC_CC,BC_CC,51.6464,-128.11896,Syngnathus,Syngnathidae,Syngnathiformes,Teleostei,NA,NA,NA,NA,NA,NA,NA,NA,NA,NA,NA,NA,NA,NA,NA,NA,NA,NA,NA,NA,NA,NA,NA,NA,NA,NA,NA,NA,NA,NA,NA,NA,NA,NA
pecoe-0715,NA,motu10,3,Syngnathus californiensis,Bay pipefish,CC_PBA,BC_CC,BC_CC,51.6464,-128.11896,Syngnathus,Syngnathidae,Syngnathiformes,Teleostei,NA,NA,NA,NA,NA,NA,NA,NA,NA,NA,NA,NA,NA,NA,NA,NA,NA,NA,NA,NA,NA,NA,NA,NA,NA,NA,NA,NA,NA,NA,NA,NA,NA,NA
pecoe-0715,NA,motu21,3,Anoplarchus,Cockscomb species,CC_PBA,BC_CC,BC_CC,51.6464,-128.11896,Anoplarchus,Stichaeidae,Perciformes,Teleostei,NA,NA,NA,NA,NA,NA,NA,NA,NA,NA,NA,NA,NA,NA,NA,NA,NA,NA,NA,NA,NA,NA,NA,NA,NA,NA,NA,NA,NA,NA,NA,NA,NA,NA
pecoe-0715,NA,motu21,3,Anoplarchus,Cockscomb species,CC_PBA,BC_CC,BC_CC,51.6464,-128.11896,Anoplarchus,Stichaeidae,Perciformes,Teleostei,NA,NA,NA,NA,NA,NA,NA,NA,NA,NA,NA,NA,NA,NA,NA,NA,NA,NA,NA,NA,NA,NA,NA,NA,NA,NA,NA,NA,NA,NA,NA,NA,NA,NA
pecoe-0715,NA,motu38,7,Cottus,Cottus sculpin species,CC_PBA,BC_CC,BC_CC,51.6464,-128.11896,Cottus,Cottidae,Perciformes,Teleostei,NA,NA,NA,NA,NA,NA,NA,NA,NA,NA,NA,NA,NA,NA,NA,NA,NA,NA,NA,NA,NA,NA,NA,NA,NA,NA,NA,NA,NA,NA,NA,NA,NA,NA
pecoe-0715,NA,motu61,2705,No BLAST hit,No BLAST hit,CC_PBA,BC_CC,BC_CC,51.6464,-128.11896,NA,NA,NA,NA,NA,NA,NA,NA,NA,NA,NA,NA,NA,NA,NA,NA,NA,NA,NA,NA,NA,NA,NA,NA,NA,NA,NA,NA,NA,NA,NA,NA,NA,NA,NA,NA,NA,NA
pecoe-0715,NA,motu61,2705,No BLAST hit,No BLAST hit,CC_PBA,BC_CC,BC_CC,51.6464,-128.11896,NA,NA,NA,NA,NA,NA,NA,NA,NA,NA,NA,NA,NA,NA,NA,NA,NA,NA,NA,NA,NA,NA,NA,NA,NA,NA,NA,NA,NA,NA,NA,NA,NA,NA,NA,NA,NA,NA
pecoe-0725,NA,motu2111,20,Unknown organism,Unknown organism,CC_GOG1,BC_CC,BC_CC,51.92397,-128.4673,NA,NA,NA,NA,NA,NA,NA,NA,NA,NA,NA,NA,NA,NA,NA,NA,NA,NA,NA,NA,NA,NA,NA,NA,NA,NA,NA,NA,NA,NA,NA,NA,NA,NA,NA,NA,NA,NA
pecoe-0731,NA,motu61,6,No BLAST hit,No BLAST hit,HG_LIE,BC_HG,BC_HGa,52.23234,-131.28337,NA,NA,NA,NA,NA,NA,NA,NA,NA,NA,NA,NA,NA,NA,NA,NA,NA,NA,NA,NA,NA,NA,NA,NA,NA,NA,NA,NA,NA,NA,NA,NA,NA,NA,NA,NA,NA,NA
pecoe-0731,NA,motu61,6,No BLAST hit,No BLAST hit,HG_LIE,BC_HG,BC_HGa,52.23234,-131.28337,NA,NA,NA,NA,NA,NA,NA,NA,NA,NA,NA,NA,NA,NA,NA,NA,NA,NA,NA,NA,NA,NA,NA,NA,NA,NA,NA,NA,NA,NA,NA,NA,NA,NA,NA,NA,NA,NA
pecoe-0741,NA,motu61,1,No BLAST hit,No BLAST hit,HG_BH,BC_HG,BC_HGa,52.34843,-131.36375,NA,NA,NA,NA,NA,NA,NA,NA,NA,NA,NA,NA,NA,NA,NA,NA,NA,NA,NA,NA,NA,NA,NA,NA,NA,NA,NA,NA,NA,NA,NA,NA,NA,NA,NA,NA,NA,NA
pecoe-0741,NA,motu61,1,No BLAST hit,No BLAST hit,HG_BH,BC_HG,BC_HGa,52.34843,-131.36375,NA,NA,NA,NA,NA,NA,NA,NA,NA,NA,NA,NA,NA,NA,NA,NA,NA,NA,NA,NA,NA,NA,NA,NA,NA,NA,NA,NA,NA,NA,NA,NA,NA,NA,NA,NA,NA,NA
pecoe-0787,NA,motu45,455029,No BLAST hit,No BLAST hit,NV_KB,BC_NV,BC_NV,50.4963966,-127.8562984,NA,NA,NA,NA,NA,NA,NA,NA,NA,NA,NA,NA,NA,NA,NA,NA,NA,NA,NA,NA,NA,NA,NA,NA,NA,NA,NA,NA,NA,NA,NA,NA,NA,NA,NA,NA,NA,NA
pecoe-0792,NA,motu61,5,No BLAST hit,No BLAST hit,NV_KC,BC_NV,BC_NV,50.521548,-127.576556,NA,NA,NA,NA,NA,NA,NA,NA,NA,NA,NA,NA,NA,NA,NA,NA,NA,NA,NA,NA,NA,NA,NA,NA,NA,NA,NA,NA,NA,NA,NA,NA,NA,NA,NA,NA,NA,NA
pecoe-0792,NA,motu61,5,No BLAST hit,No BLAST hit,NV_KC,BC_NV,BC_NV,50.521548,-127.576556,NA,NA,NA,NA,NA,NA,NA,NA,NA,NA,NA,NA,NA,NA,NA,NA,NA,NA,NA,NA,NA,NA,NA,NA,NA,NA,NA,NA,NA,NA,NA,NA,NA,NA,NA,NA,NA,NA
pecoe-0796,NA,motu1216,224,Tenacibaculum,Bacteria,NV_PC,BC_NV,BC_NV,50.5176714,-127.6544689,Tenacibaculum,Flavobacteriaceae,Flavobacteriales,Flavobacteriia,NA,NA,NA,NA,NA,NA,NA,NA,NA,NA,NA,NA,NA,NA,NA,NA,NA,NA,NA,NA,NA,NA,NA,NA,NA,NA,NA,NA,NA,NA,NA,NA,NA,NA
pecoe-0806,NA,motu61,387,No BLAST hit,No BLAST hit,LA_JD,CA_LA,CA_LA,33.7617344,-118.1203273,NA,NA,NA,NA,NA,NA,NA,NA,NA,NA,NA,NA,NA,NA,NA,NA,NA,NA,NA,NA,NA,NA,NA,NA,NA,NA,NA,NA,NA,NA,NA,NA,NA,NA,NA,NA,NA,NA
pecoe-0806,NA,motu61,387,No BLAST hit,No BLAST hit,LA_JD,CA_LA,CA_LA,33.7617344,-118.1203273,NA,NA,NA,NA,NA,NA,NA,NA,NA,NA,NA,NA,NA,NA,NA,NA,NA,NA,NA,NA,NA,NA,NA,NA,NA,NA,NA,NA,NA,NA,NA,NA,NA,NA,NA,NA,NA,NA
pecoe-0806,NA,motu2124,17,Unknown organism,Unknown organism,LA_JD,CA_LA,CA_LA,33.7617344,-118.1203273,NA,NA,NA,NA,NA,NA,NA,NA,NA,NA,NA,NA,NA,NA,NA,NA,NA,NA,NA,NA,NA,NA,NA,NA,NA,NA,NA,NA,NA,NA,NA,NA,NA,NA,NA,NA,NA,NA
pecoe-0811,NA,motu61,271,No BLAST hit,No BLAST hit,LA_MS,CA_LA,CA_LA,33.7680452,-118.1285217,NA,NA,NA,NA,NA,NA,NA,NA,NA,NA,NA,NA,NA,NA,NA,NA,NA,NA,NA,NA,NA,NA,NA,NA,NA,NA,NA,NA,NA,NA,NA,NA,NA,NA,NA,NA,NA,NA
pecoe-0811,NA,motu61,271,No BLAST hit,No BLAST hit,LA_MS,CA_LA,CA_LA,33.7680452,-118.1285217,NA,NA,NA,NA,NA,NA,NA,NA,NA,NA,NA,NA,NA,NA,NA,NA,NA,NA,NA,NA,NA,NA,NA,NA,NA,NA,NA,NA,NA,NA,NA,NA,NA,NA,NA,NA,NA,NA
pecoe-0821,NA,motu2124,2,Unknown organism,Unknown organism,LA_UN,CA_LA,CA_LA,33.6213162,-117.8994115,NA,NA,NA,NA,NA,NA,NA,NA,NA,NA,NA,NA,NA,NA,NA,NA,NA,NA,NA,NA,NA,NA,NA,NA,NA,NA,NA,NA,NA,NA,NA,NA,NA,NA,NA,NA,NA,NA
pecoe-0826,NA,motu61,21,No BLAST hit,No BLAST hit,LA_LN,CA_LA,CA_LA,33.602146,-117.8826433,NA,NA,NA,NA,NA,NA,NA,NA,NA,NA,NA,NA,NA,NA,NA,NA,NA,NA,NA,NA,NA,NA,NA,NA,NA,NA,NA,NA,NA,NA,NA,NA,NA,NA,NA,NA,NA,NA
pecoe-0826,NA,motu61,21,No BLAST hit,No BLAST hit,LA_LN,CA_LA,CA_LA,33.602146,-117.8826433,NA,NA,NA,NA,NA,NA,NA,NA,NA,NA,NA,NA,NA,NA,NA,NA,NA,NA,NA,NA,NA,NA,NA,NA,NA,NA,NA,NA,NA,NA,NA,NA,NA,NA,NA,NA,NA,NA
pecoe-0840,NA,motu544,2,No BLAST hit,No BLAST hit,IC_SHS,BC_IC,BC_IC,50.09095,-125.045067,NA,NA,NA,NA,NA,NA,NA,NA,NA,NA,NA,NA,NA,NA,NA,NA,NA,NA,NA,NA,NA,NA,NA,NA,NA,NA,NA,NA,NA,NA,NA,NA,NA,NA,NA,NA,NA,NA
pecoe-0841,NA,motu61,9,No BLAST hit,No BLAST hit,IC_SMB,BC_IC,BC_IC,50.035883,-124.995,NA,NA,NA,NA,NA,NA,NA,NA,NA,NA,NA,NA,NA,NA,NA,NA,NA,NA,NA,NA,NA,NA,NA,NA,NA,NA,NA,NA,NA,NA,NA,NA,NA,NA,NA,NA,NA,NA
pecoe-0841,NA,motu61,9,No BLAST hit,No BLAST hit,IC_SMB,BC_IC,BC_IC,50.035883,-124.995,NA,NA,NA,NA,NA,NA,NA,NA,NA,NA,NA,NA,NA,NA,NA,NA,NA,NA,NA,NA,NA,NA,NA,NA,NA,NA,NA,NA,NA,NA,NA,NA,NA,NA,NA,NA,NA,NA
pecoe-0848,NA,motu3,4,Clupea pallasii,Pacific herring,IC_MAB,BC_IC,BC_IC,50.11775,-125.226367,Clupea,Clupeidae,Clupeiformes,Teleostei,NA,NA,NA,NA,NA,NA,NA,NA,NA,NA,NA,NA,NA,NA,NA,NA,NA,NA,NA,NA,NA,NA,NA,NA,NA,NA,NA,NA,NA,NA,NA,NA,NA,NA
pecoe-0848,NA,motu3,4,Clupea pallasii,Pacific herring,IC_MAB,BC_IC,BC_IC,50.11775,-125.226367,Clupea,Clupeidae,Clupeiformes,Teleostei,NA,NA,NA,NA,NA,NA,NA,NA,NA,NA,NA,NA,NA,NA,NA,NA,NA,NA,NA,NA,NA,NA,NA,NA,NA,NA,NA,NA,NA,NA,NA,NA,NA,NA
pecoe-0848,NA,motu5,100169,Gasterosteus aculeatus,Three-spined stickleback,IC_MAB,BC_IC,BC_IC,50.11775,-125.226367,Gasterosteus,Gasterosteidae,Perciformes,Teleostei,NA,NA,NA,NA,NA,NA,NA,NA,NA,NA,NA,NA,NA,NA,NA,NA,NA,NA,NA,NA,NA,NA,NA,NA,NA,NA,NA,NA,NA,NA,NA,NA,NA,NA
pecoe-0848,NA,motu5,100169,Gasterosteus aculeatus,Three-spined stickleback,IC_MAB,BC_IC,BC_IC,50.11775,-125.226367,Gasterosteus,Gasterosteidae,Perciformes,Teleostei,NA,NA,NA,NA,NA,NA,NA,NA,NA,NA,NA,NA,NA,NA,NA,NA,NA,NA,NA,NA,NA,NA,NA,NA,NA,NA,NA,NA,NA,NA,NA,NA,NA,NA
pecoe-0848,NA,motu14,216326,Myoxocephalus,Myoxocephalus sculpin species,IC_MAB,BC_IC,BC_IC,50.11775,-125.226367,Myoxocephalus,Cottidae,Perciformes,Teleostei,NA,NA,NA,NA,NA,NA,NA,NA,NA,NA,NA,NA,NA,NA,NA,NA,NA,NA,NA,NA,NA,NA,NA,NA,NA,NA,NA,NA,NA,NA,NA,NA,NA,NA
pecoe-0848,NA,motu14,216326,Myoxocephalus,Myoxocephalus sculpin species,IC_MAB,BC_IC,BC_IC,50.11775,-125.226367,Myoxocephalus,Cottidae,Perciformes,Teleostei,NA,NA,NA,NA,NA,NA,NA,NA,NA,NA,NA,NA,NA,NA,NA,NA,NA,NA,NA,NA,NA,NA,NA,NA,NA,NA,NA,NA,NA,NA,NA,NA,NA,NA
pecoe-0851,NA,motu1,4,Cymatogaster aggregata,Shiner perch,IC_OPB,BC_IC,BC_IC,50.137133,-125.2143,Cymatogaster,Embiotocidae,Ovalentaria incertae sedis,Teleostei,NA,NA,NA,NA,NA,NA,NA,NA,NA,NA,NA,NA,NA,NA,NA,NA,NA,NA,NA,NA,NA,NA,NA,NA,NA,NA,NA,NA,NA,NA,NA,NA,NA,NA
pecoe-0851,NA,motu1,4,Cymatogaster aggregata,Shiner perch,IC_OPB,BC_IC,BC_IC,50.137133,-125.2143,Cymatogaster,Embiotocidae,Ovalentaria incertae sedis,Teleostei,NA,NA,NA,NA,NA,NA,NA,NA,NA,NA,NA,NA,NA,NA,NA,NA,NA,NA,NA,NA,NA,NA,NA,NA,NA,NA,NA,NA,NA,NA,NA,NA,NA,NA
pecoe-0851,NA,motu2,9,Leptocottus armatus,Pacific staghorn sculpin,IC_OPB,BC_IC,BC_IC,50.137133,-125.2143,Leptocottus,Cottidae,Perciformes,Teleostei,NA,NA,NA,NA,NA,NA,NA,NA,NA,NA,NA,NA,NA,NA,NA,NA,NA,NA,NA,NA,NA,NA,NA,NA,NA,NA,NA,NA,NA,NA,NA,NA,NA,NA
pecoe-0851,NA,motu2,9,Leptocottus armatus,Pacific staghorn sculpin,IC_OPB,BC_IC,BC_IC,50.137133,-125.2143,Leptocottus,Cottidae,Perciformes,Teleostei,NA,NA,NA,NA,NA,NA,NA,NA,NA,NA,NA,NA,NA,NA,NA,NA,NA,NA,NA,NA,NA,NA,NA,NA,NA,NA,NA,NA,NA,NA,NA,NA,NA,NA
pecoe-0851,NA,motu7,57,Pholis ornata,Saddleback gunnel,IC_OPB,BC_IC,BC_IC,50.137133,-125.2143,Pholis,Pholidae,Perciformes,Teleostei,NA,NA,NA,NA,NA,NA,NA,NA,NA,NA,NA,NA,NA,NA,NA,NA,NA,NA,NA,NA,NA,NA,NA,NA,NA,NA,NA,NA,NA,NA,NA,NA,NA,NA
pecoe-0851,NA,motu7,57,Pholis ornata,Saddleback gunnel,IC_OPB,BC_IC,BC_IC,50.137133,-125.2143,Pholis,Pholidae,Perciformes,Teleostei,NA,NA,NA,NA,NA,NA,NA,NA,NA,NA,NA,NA,NA,NA,NA,NA,NA,NA,NA,NA,NA,NA,NA,NA,NA,NA,NA,NA,NA,NA,NA,NA,NA,NA
pecoe-0851,NA,motu14,201181,Myoxocephalus,Myoxocephalus sculpin species,IC_OPB,BC_IC,BC_IC,50.137133,-125.2143,Myoxocephalus,Cottidae,Perciformes,Teleostei,NA,NA,NA,NA,NA,NA,NA,NA,NA,NA,NA,NA,NA,NA,NA,NA,NA,NA,NA,NA,NA,NA,NA,NA,NA,NA,NA,NA,NA,NA,NA,NA,NA,NA
pecoe-0851,NA,motu14,201181,Myoxocephalus,Myoxocephalus sculpin species,IC_OPB,BC_IC,BC_IC,50.137133,-125.2143,Myoxocephalus,Cottidae,Perciformes,Teleostei,NA,NA,NA,NA,NA,NA,NA,NA,NA,NA,NA,NA,NA,NA,NA,NA,NA,NA,NA,NA,NA,NA,NA,NA,NA,NA,NA,NA,NA,NA,NA,NA,NA,NA
pecoe-0851,NA,motu23,139164,Bos,Cow,IC_OPB,BC_IC,BC_IC,50.137133,-125.2143,Bos,Bovidae,Artiodactyla,Mammalia,NA,NA,NA,NA,NA,NA,NA,NA,NA,NA,NA,NA,NA,NA,NA,NA,NA,NA,NA,NA,NA,NA,NA,NA,NA,NA,NA,NA,NA,NA,NA,NA,NA,NA
pecoe-0851,NA,motu61,5376,No BLAST hit,No BLAST hit,IC_OPB,BC_IC,BC_IC,50.137133,-125.2143,NA,NA,NA,NA,NA,NA,NA,NA,NA,NA,NA,NA,NA,NA,NA,NA,NA,NA,NA,NA,NA,NA,NA,NA,NA,NA,NA,NA,NA,NA,NA,NA,NA,NA,NA,NA,NA,NA
pecoe-0851,NA,motu61,5376,No BLAST hit,No BLAST hit,IC_OPB,BC_IC,BC_IC,50.137133,-125.2143,NA,NA,NA,NA,NA,NA,NA,NA,NA,NA,NA,NA,NA,NA,NA,NA,NA,NA,NA,NA,NA,NA,NA,NA,NA,NA,NA,NA,NA,NA,NA,NA,NA,NA,NA,NA,NA,NA
pecoe-0851,NA,motu7,1412,Pholis ornata,Saddleback gunnel,IC_OPB,BC_IC,BC_IC,50.137133,-125.2143,Pholis,Pholidae,Perciformes,Teleostei,NA,NA,NA,NA,NA,NA,NA,NA,NA,NA,NA,NA,NA,NA,NA,NA,NA,NA,NA,NA,NA,NA,NA,NA,NA,NA,NA,NA,NA,NA,NA,NA,NA,NA
exblank-2023-41,Extraction blank,motu61,114680,No BLAST hit,No BLAST hit,NA,NA,NA,NA,NA,NA,NA,NA,NA,ASV69,NA,No BLAST hit,No BLAST hit,NA,NA,NA,NA,NA,NA,1,NA,NA,NA,exblank-2023-41,NA,2023,; xn tech:  ; xn date: 2023-08-09; xn notes: ; filtration comments:  ; tech:,NA,NA,NA,NA,NA,NA,NA,NA,NA,NA,NA,NA,NA,nextseq-2023,NA,NA
exblank-2023-41,Extraction blank,motu61,114680,No BLAST hit,No BLAST hit,NA,NA,NA,NA,NA,NA,NA,NA,NA,ASV69,NA,No BLAST hit,No BLAST hit,NA,NA,NA,NA,NA,NA,1,NA,NA,NA,exblank-2023-41,NA,2023,; xn tech:  ; xn date: 2023-08-09; xn notes: ; filtration comments:  ; tech:,NA,NA,NA,NA,NA,NA,NA,NA,NA,NA,NA,NA,NA,nextseq-2023,NA,NA
exblank-2023-41,Extraction blank,motu61,5846,No BLAST hit,No BLAST hit,NA,NA,NA,NA,NA,NA,NA,NA,NA,ASV584,NA,No BLAST hit,No BLAST hit,NA,NA,NA,NA,NA,NA,1,NA,NA,NA,exblank-2023-41,NA,2023,; xn tech:  ; xn date: 2023-08-09; xn notes: ; filtration comments:  ; tech:,NA,NA,NA,NA,NA,NA,NA,NA,NA,NA,NA,NA,NA,nextseq-2023,NA,NA
exblank-2023-41,Extraction blank,motu61,1239,No BLAST hit,No BLAST hit,NA,NA,NA,NA,NA,NA,NA,NA,NA,ASV1444,NA,No BLAST hit,No BLAST hit,NA,NA,NA,NA,NA,NA,1,NA,NA,NA,exblank-2023-41,NA,2023,; xn tech:  ; xn date: 2023-08-09; xn notes: ; filtration comments:  ; tech:,NA,NA,NA,NA,NA,NA,NA,NA,NA,NA,NA,NA,NA,nextseq-2023,NA,NA
exblank-2023-44,Extraction blank,motu63,72788,No BLAST hit,No BLAST hit,NA,NA,NA,NA,NA,NA,NA,NA,NA,ASV71,NA,No BLAST hit,No BLAST hit,NA,NA,NA,NA,NA,NA,1,NA,NA,NA,exblank-2023-44,NA,2023,; xn tech:  ; xn date: 2023-08-15; xn notes: ; filtration comments:  ; tech:,NA,NA,NA,NA,NA,NA,NA,NA,NA,NA,NA,NA,NA,nextseq-2023,NA,NA
exblank-2023-44,Extraction blank,motu83,1306,Sus scrofa,Pig,NA,NA,NA,NA,NA,Sus,Suidae,Artiodactyla,Mammalia,ASV106,offtarget,Sus scrofa,Pig,offtarget,100,2.05e-85,Eukaryota,Chordata,NA,1,NA,NA,NA,exblank-2023-44,NA,2023,; xn tech:  ; xn date: 2023-08-15; xn notes: ; filtration comments:  ; tech:,NA,NA,NA,NA,NA,NA,NA,NA,NA,NA,NA,NA,NA,nextseq-2023,NA,NA
exblank-2023-45,Extraction blank,motu179,14212,No BLAST hit,No BLAST hit,NA,NA,NA,NA,NA,NA,NA,NA,NA,ASV372,NA,No BLAST hit,No BLAST hit,NA,NA,NA,NA,NA,NA,1,NA,NA,NA,exblank-2023-45,NA,2023,; xn tech:  ; xn date: 2023-08-16; xn notes: ; filtration comments:  ; tech:,NA,NA,NA,NA,NA,NA,NA,NA,NA,NA,NA,NA,NA,nextseq-2023,NA,NA
exblank-2023-46,Extraction blank,motu312,817,Unknown organism,Unknown organism,NA,NA,NA,NA,NA,NA,NA,NA,NA,ASV810,offtarget,Unknown organism,Unknown organism,offtarget,95.652,5.12e-113,NA,NA,NA,1,NA,NA,NA,exblank-2023-46,NA,2023,; xn tech:  ; xn date: 2023-08-17; xn notes: ; filtration comments:  ; tech:,NA,NA,NA,NA,NA,NA,NA,NA,NA,NA,NA,NA,NA,nextseq-2023,NA,NA
exblank-2023-48,Extraction blank,motu2437,1,Bacteria,Bacteria,NA,NA,NA,NA,NA,NA,NA,NA,NA,ASV5141,offtarget,Bacteria,Bacteria,offtarget,88.745,9e-76,Bacteria,NA,NA,1,NA,NA,NA,exblank-2023-48,NA,2023,; xn tech:  ; xn date: 2023-08-24; xn notes: ; filtration comments:  ; tech:,NA,NA,NA,NA,NA,NA,NA,NA,NA,NA,NA,NA,NA,nextseq-2023,NA,NA
exblank-2023-50,Extraction blank,motu1490,103,Unknown bacteria,Bacteria,NA,NA,NA,NA,NA,NA,NA,NA,NA,ASV3878,offtarget,Unknown bacteria,Bacteria,offtarget,99.609,2.35e-131,Bacteria,NA,NA,1,NA,NA,NA,exblank-2023-50,NA,2023,; xn tech:  ; xn date: 2023-08-28; xn notes: ; filtration comments:  ; tech:,NA,NA,NA,NA,NA,NA,NA,NA,NA,NA,NA,NA,NA,nextseq-2023,NA,NA
exblank-2023-53,Extraction blank,motu1732,96,Unknown bacteria,Bacteria,NA,NA,NA,NA,NA,NA,NA,NA,NA,ASV4274,offtarget,Unknown bacteria,Bacteria,offtarget,98.367,3.04e-120,Bacteria,NA,NA,1,NA,NA,NA,exblank-2023-53,NA,2023,; xn tech:  ; xn date: 2023-10-26; xn notes: ; filtration comments:  ; tech:,NA,NA,NA,NA,NA,NA,NA,NA,NA,NA,NA,NA,NA,nextseq-2023,NA,NA
exblank-2023-53,Extraction blank,motu1732,96,Unknown bacteria,Bacteria,NA,NA,NA,NA,NA,NA,NA,NA,NA,ASV4274,offtarget,Unknown bacteria,Bacteria,offtarget,98.367,3.04e-120,Bacteria,NA,NA,1,NA,NA,NA,exblank-2023-53,NA,2023,; xn tech:  ; xn date: 2023-10-26; xn notes: ; filtration comments:  ; tech:,NA,NA,NA,NA,NA,NA,NA,NA,NA,NA,NA,NA,NA,nextseq-2023,NA,NA
exblank-2023-53,Extraction blank,motu1732,20,Unknown bacteria,Bacteria,NA,NA,NA,NA,NA,NA,NA,NA,NA,ASV4800,offtarget,Unknown bacteria,Bacteria,offtarget,97.959,1.4099999999999996e-118,Bacteria,NA,NA,1,NA,NA,NA,exblank-2023-53,NA,2023,; xn tech:  ; xn date: 2023-10-26; xn notes: ; filtration comments:  ; tech:,NA,NA,NA,NA,NA,NA,NA,NA,NA,NA,NA,NA,NA,nextseq-2023,NA,NA
exblank-2023-58,Extraction blank,motu1,1,Cymatogaster aggregata,Shiner perch,NA,NA,NA,NA,NA,Cymatogaster,Embiotocidae,Ovalentaria incertae sedis,Teleostei,ASV1,species,Cymatogaster aggregata,Shiner perch,species,100,2.61e-84,Eukaryota,Chordata,0,1,NA,NA,NA,exblank-2023-58,NA,2023,; xn tech:  ; xn date: 2023-12-12; xn notes: ; filtration comments:  ; tech:,NA,NA,NA,NA,NA,NA,NA,NA,NA,NA,NA,NA,NA,nextseq-2023,NA,NA
exblank-2023-58,Extraction blank,motu1,1,Cymatogaster aggregata,Shiner perch,NA,NA,NA,NA,NA,Cymatogaster,Embiotocidae,Ovalentaria incertae sedis,Teleostei,ASV1,species,Cymatogaster aggregata,Shiner perch,species,100,2.61e-84,Eukaryota,Chordata,0,1,NA,NA,NA,exblank-2023-58,NA,2023,; xn tech:  ; xn date: 2023-12-12; xn notes: ; filtration comments:  ; tech:,NA,NA,NA,NA,NA,NA,NA,NA,NA,NA,NA,NA,NA,nextseq-2023,NA,NA
exblank-2023-59,Extraction blank,motu61,45,No BLAST hit,No BLAST hit,NA,NA,NA,NA,NA,NA,NA,NA,NA,ASV69,NA,No BLAST hit,No BLAST hit,NA,NA,NA,NA,NA,NA,1,NA,NA,NA,exblank-2023-59,NA,2023,; xn tech:  ; xn date: 2023-12-13; xn notes: ; filtration comments:  ; tech:,NA,NA,NA,NA,NA,NA,NA,NA,NA,NA,NA,NA,NA,nextseq-2023,NA,NA
exblank-2023-59,Extraction blank,motu61,45,No BLAST hit,No BLAST hit,NA,NA,NA,NA,NA,NA,NA,NA,NA,ASV69,NA,No BLAST hit,No BLAST hit,NA,NA,NA,NA,NA,NA,1,NA,NA,NA,exblank-2023-59,NA,2023,; xn tech:  ; xn date: 2023-12-13; xn notes: ; filtration comments:  ; tech:,NA,NA,NA,NA,NA,NA,NA,NA,NA,NA,NA,NA,NA,nextseq-2023,NA,NA
exblank-2023-60,Extraction blank,motu61,2153,No BLAST hit,No BLAST hit,NA,NA,NA,NA,NA,NA,NA,NA,NA,ASV69,NA,No BLAST hit,No BLAST hit,NA,NA,NA,NA,NA,NA,1,NA,NA,NA,exblank-2023-60,NA,2023,; xn tech:  ; xn date: 2023-12-15; xn notes: ; filtration comments:  ; tech:,NA,NA,NA,NA,NA,NA,NA,NA,NA,NA,NA,NA,NA,nextseq-2023,NA,NA
exblank-2023-60,Extraction blank,motu61,2153,No BLAST hit,No BLAST hit,NA,NA,NA,NA,NA,NA,NA,NA,NA,ASV69,NA,No BLAST hit,No BLAST hit,NA,NA,NA,NA,NA,NA,1,NA,NA,NA,exblank-2023-60,NA,2023,; xn tech:  ; xn date: 2023-12-15; xn notes: ; filtration comments:  ; tech:,NA,NA,NA,NA,NA,NA,NA,NA,NA,NA,NA,NA,NA,nextseq-2023,NA,NA
exblank-2023-60,Extraction blank,motu2248,8,Ralstonia,Bacteria,NA,NA,NA,NA,NA,Ralstonia,Burkholderiaceae,Burkholderiales,Betaproteobacteria,ASV4947,offtarget,Ralstonia,Bacteria,offtarget,100,2.31e-131,Bacteria,Pseudomonadota,NA,1,NA,NA,NA,exblank-2023-60,NA,2023,; xn tech:  ; xn date: 2023-12-15; xn notes: ; filtration comments:  ; tech:,NA,NA,NA,NA,NA,NA,NA,NA,NA,NA,NA,NA,NA,nextseq-2023,NA,NA
negpcr-2023-3,PCR blank,motu214,8708,Embiotocidae,Surfperch family,NA,NA,NA,NA,NA,NA,Embiotocidae,Ovalentaria incertae sedis,Teleostei,ASV470,family,Embiotocidae,Surfperch family,family,94.643,2.6699999999999997e-69,Eukaryota,Chordata,0,1,NA,NA,NA,NA,NA,2023,; xn tech:  ; xn date:  ; xn notes: ; filtration comments:  ; tech:,NA,NA,NA,NA,NA,NA,NA,NA,NA,NA,NA,NA,NA,nextseq-2023,NA,NA
pecoe-1006,Field blank,motu190,1,Unknown organism,Unknown organism,LA_SP,CA_LA,CA_LA,33.713624,-118.283817,NA,NA,NA,NA,ASV400,offtarget,Unknown organism,Unknown organism,offtarget,97.222,3.9299999999999985e-119,NA,NA,NA,1,2023-07-28,NA,12:15:00,exblank-2023-54,1000,2023,; xn tech:  ; xn date: Oct-27-2023; xn notes: ; filtration comments: none; tech: Silvio Carvalho,San Pedro Region,"Andrea, Nolan, Mia",0-0.5,33.005,19.3,by_foot,1.5,present,"seagrass coverage was dense and plentiful; seagrass height was 2-2.5ft, lots of green algae present within seagrass bed and off boat landing ramp/docks","sampled in 4.5-5 ft water on surfboard, parallell to shore",NA,"Los Angeles, California","Los Angeles, California",nextseq-2023,NA,NA
pecoe-1006,Field blank,motu190,1,Unknown organism,Unknown organism,LA_SP,CA_LA,CA_LA,33.713624,-118.283817,NA,NA,NA,NA,ASV400,offtarget,Unknown organism,Unknown organism,offtarget,97.222,3.9299999999999985e-119,NA,NA,NA,1,2023-07-28,NA,12:15:00,exblank-2023-54,1000,2023,; xn tech:  ; xn date: Oct-27-2023; xn notes: ; filtration comments: none; tech: Silvio Carvalho,San Pedro Region,"Andrea, Nolan, Mia",0-0.5,33.005,19.3,by_foot,1.5,present,"seagrass coverage was dense and plentiful; seagrass height was 2-2.5ft, lots of green algae present within seagrass bed and off boat landing ramp/docks","sampled in 4.5-5 ft water on surfboard, parallell to shore",NA,"Los Angeles, California","Los Angeles, California",nextseq-2023,NA,NA
pecoe-1016,Field blank,motu1,109208,Cymatogaster aggregata,Shiner perch,LA_AB,CA_LA,CA_LA,33.756244,-118.1311329,Cymatogaster,Embiotocidae,Ovalentaria incertae sedis,Teleostei,ASV1,species,Cymatogaster aggregata,Shiner perch,species,100,2.61e-84,Eukaryota,Chordata,0,1,2023-07-19,NA,12:05:00,exblank-2023-53,1000,2023,; xn tech:  ; xn date: Oct-26-2023; xn notes: ; filtration comments: none; tech: Silvio Carvalho,Alamitos Bay,"Sarah Joy Bittick, Nolan Abi-Hanna, Mia Vafadari, Andrea Klishevich",0-0.5,33.215,21.2,by_foot,2.5,present,"fairly dense, narrow bed along channel","samples taken parallel to shore, at least 10 m apart in the northeast direction",tide higher than what we've collected at in the past. also lots of human activity here. Junior life guards were training and swimming,"Los Angeles, California","Los Angeles, California",nextseq-2023,NA,NA
pecoe-1016,Field blank,motu1,109208,Cymatogaster aggregata,Shiner perch,LA_AB,CA_LA,CA_LA,33.756244,-118.1311329,Cymatogaster,Embiotocidae,Ovalentaria incertae sedis,Teleostei,ASV1,species,Cymatogaster aggregata,Shiner perch,species,100,2.61e-84,Eukaryota,Chordata,0,1,2023-07-19,NA,12:05:00,exblank-2023-53,1000,2023,; xn tech:  ; xn date: Oct-26-2023; xn notes: ; filtration comments: none; tech: Silvio Carvalho,Alamitos Bay,"Sarah Joy Bittick, Nolan Abi-Hanna, Mia Vafadari, Andrea Klishevich",0-0.5,33.215,21.2,by_foot,2.5,present,"fairly dense, narrow bed along channel","samples taken parallel to shore, at least 10 m apart in the northeast direction",tide higher than what we've collected at in the past. also lots of human activity here. Junior life guards were training and swimming,"Los Angeles, California","Los Angeles, California",nextseq-2023,NA,NA
pecoe-1016,Field blank,motu61,72429,No BLAST hit,No BLAST hit,LA_AB,CA_LA,CA_LA,33.756244,-118.1311329,NA,NA,NA,NA,ASV69,NA,No BLAST hit,No BLAST hit,NA,NA,NA,NA,NA,NA,1,2023-07-19,NA,12:05:00,exblank-2023-53,1000,2023,; xn tech:  ; xn date: Oct-26-2023; xn notes: ; filtration comments: none; tech: Silvio Carvalho,Alamitos Bay,"Sarah Joy Bittick, Nolan Abi-Hanna, Mia Vafadari, Andrea Klishevich",0-0.5,33.215,21.2,by_foot,2.5,present,"fairly dense, narrow bed along channel","samples taken parallel to shore, at least 10 m apart in the northeast direction",tide higher than what we've collected at in the past. also lots of human activity here. Junior life guards were training and swimming,"Los Angeles, California","Los Angeles, California",nextseq-2023,NA,NA
pecoe-1016,Field blank,motu61,72429,No BLAST hit,No BLAST hit,LA_AB,CA_LA,CA_LA,33.756244,-118.1311329,NA,NA,NA,NA,ASV69,NA,No BLAST hit,No BLAST hit,NA,NA,NA,NA,NA,NA,1,2023-07-19,NA,12:05:00,exblank-2023-53,1000,2023,; xn tech:  ; xn date: Oct-26-2023; xn notes: ; filtration comments: none; tech: Silvio Carvalho,Alamitos Bay,"Sarah Joy Bittick, Nolan Abi-Hanna, Mia Vafadari, Andrea Klishevich",0-0.5,33.215,21.2,by_foot,2.5,present,"fairly dense, narrow bed along channel","samples taken parallel to shore, at least 10 m apart in the northeast direction",tide higher than what we've collected at in the past. also lots of human activity here. Junior life guards were training and swimming,"Los Angeles, California","Los Angeles, California",nextseq-2023,NA,NA
pecoe-1016,Field blank,motu437,1850,Unknown bacteria,Bacteria,LA_AB,CA_LA,CA_LA,33.756244,-118.1311329,NA,NA,NA,NA,ASV1162,offtarget,Unknown bacteria,Bacteria,offtarget,96.735,1.42e-113,Bacteria,NA,NA,1,2023-07-19,NA,12:05:00,exblank-2023-53,1000,2023,; xn tech:  ; xn date: Oct-26-2023; xn notes: ; filtration comments: none; tech: Silvio Carvalho,Alamitos Bay,"Sarah Joy Bittick, Nolan Abi-Hanna, Mia Vafadari, Andrea Klishevich",0-0.5,33.215,21.2,by_foot,2.5,present,"fairly dense, narrow bed along channel","samples taken parallel to shore, at least 10 m apart in the northeast direction",tide higher than what we've collected at in the past. also lots of human activity here. Junior life guards were training and swimming,"Los Angeles, California","Los Angeles, California",nextseq-2023,NA,NA
pecoe-1021,Field blank,motu9,73185,Paralabrax maculatofasciatus,Spotted sand bass,LA_MS,CA_LA,CA_LA,33.7679827592391,-118.128431863704,Paralabrax,Serranidae,Perciformes,Teleostei,ASV9,species,Paralabrax maculatofasciatus,Spotted sand bass,species,100,7.31e-85,Eukaryota,Chordata,0,1,2023-07-26,NA,12:24:00,exblank-2023-51,1000,2023,; xn tech:  ; xn date: Oct-16-23; xn notes: ; filtration comments:  ; tech: Silvio Carvalho,Marine Stadium Restoration Bed,"Andrea, Nolan, Mia",0-0.5,33.195,23,by_foot,1.5,present,"patchy, not dense, 1 ft seagrass height",around the fence(shore) along rocks,"muddy and rocky, visible stingrays","Los Angeles, California","Los Angeles, California",nextseq-2023,NA,NA
pecoe-1021,Field blank,motu9,73185,Paralabrax maculatofasciatus,Spotted sand bass,LA_MS,CA_LA,CA_LA,33.7679827592391,-118.128431863704,Paralabrax,Serranidae,Perciformes,Teleostei,ASV9,species,Paralabrax maculatofasciatus,Spotted sand bass,species,100,7.31e-85,Eukaryota,Chordata,0,1,2023-07-26,NA,12:24:00,exblank-2023-51,1000,2023,; xn tech:  ; xn date: Oct-16-23; xn notes: ; filtration comments:  ; tech: Silvio Carvalho,Marine Stadium Restoration Bed,"Andrea, Nolan, Mia",0-0.5,33.195,23,by_foot,1.5,present,"patchy, not dense, 1 ft seagrass height",around the fence(shore) along rocks,"muddy and rocky, visible stingrays","Los Angeles, California","Los Angeles, California",nextseq-2023,NA,NA
pecoe-1030,Field blank,motu2080,24,Bacteria,Bacteria,CB_BV,OR_CB,OR_CB,43.35965,-124.316933,NA,NA,NA,NA,ASV4762,offtarget,Bacteria,Bacteria,offtarget,86.1,5.49e-73,Bacteria,NA,NA,1,2023-07-02,NA,NA,exblank-2023-47,525,2023,; xn tech:  ; xn date: Aug-23-2023; xn notes: ; filtration comments: clogged; luer lock cap fell off- rinsed with DI and RNase; tech: Wyth Marshall,Bar View,"FTN, RSM",0-0.5,NA,NA,by_foot,NA,NA,seagrass present below lower transects.,"paralel to shore, about 10m away from shore, 10m apart","NA, Coordinates taken from 2021 YB_BV","Coos Bay, Oregon","Coos Bay, Oregon",nextseq-2023,NA,NA
pecoe-1031,Field blank,motu11,49938,Oncorhynchus,Salmon species,CB_FP,OR_CB,OR_CB,43.35965,-124.310117,Oncorhynchus,Salmonidae,Salmoniformes,Teleostei,ASV111,genus,Oncorhynchus keta,Chum salmon,species,99.408,3.4e-83,Eukaryota,Chordata,0,1,2023-07-01,NA,NA,exblank-2023-47,300,2023,; xn tech:  ; xn date: Aug-23-2023; xn notes: ; filtration comments: none; tech: Wyth Marshall,Fossil Point,"FTN, RSM",0-0.5,NA,NA,by_foot,NA,NA,continuous bed of seagrass,NA,"NA, Coordinates taken from 2021 YB_FP","Coos Bay, Oregon","Coos Bay, Oregon",nextseq-2023,NA,NA
pecoe-1036,Field blank,motu1883,62,Bacteria,Bacteria,YB_SBS,OR_YB,OR_YB,44.611535,-124.013767,NA,NA,NA,NA,ASV4496,offtarget,Bacteria,Bacteria,offtarget,86.328,5.42e-73,Bacteria,NA,NA,1,2023-07-04,NA,NA,exblank-2023-47,750,2023,; xn tech:  ; xn date: Aug-23-2023; xn notes: ; filtration comments: none; tech: Wyth Marshall,Sallys Bend South,"FTN, LA",NA,NA,NA,NA,NA,NA,NA,NA,"NA, Coordinates updated to decimal degrees - KS 2024 October","Yaquina Bay, Oregon","Yaquina Bay, Oregon",nextseq-2023,NA,NA
pecoe-1041,Field blank,motu78,97297,Salmo salar,Atlantic salmon,YB_SBN,OR_YB,OR_YB,44.622702,-124.023868,Salmo,Salmonidae,Salmoniformes,Teleostei,ASV144,species,Salmo salar,Atlantic salmon,species,99.412,9.52e-84,Eukaryota,Chordata,0,1,2023-07-03,NA,NA,exblank-2023-47,545,2023,; xn tech:  ; xn date: Aug-23-2023; xn notes: ; filtration comments: none; tech: Wyth Marshall,Sallys Bend North,FTN,0-0.5,NA,NA,NA,NA,NA,"presence of eal grass, lower end of the bed",NA,"NA, Coordinates updated to decimal degrees - KS 2024 October","Yaquina Bay, Oregon","Yaquina Bay, Oregon",nextseq-2023,NA,NA
pecoe-1041,Field blank,motu78,51008,Salmo salar,Atlantic salmon,YB_SBN,OR_YB,OR_YB,44.622702,-124.023868,Salmo,Salmonidae,Salmoniformes,Teleostei,ASV90,species,Salmo salar,Atlantic salmon,species,100,2.05e-85,Eukaryota,Chordata,0,1,2023-07-03,NA,NA,exblank-2023-47,545,2023,; xn tech:  ; xn date: Aug-23-2023; xn notes: ; filtration comments: none; tech: Wyth Marshall,Sallys Bend North,FTN,0-0.5,NA,NA,NA,NA,NA,"presence of eal grass, lower end of the bed",NA,"NA, Coordinates updated to decimal degrees - KS 2024 October","Yaquina Bay, Oregon","Yaquina Bay, Oregon",nextseq-2023,NA,NA
pecoe-1041,Field blank,motu78,51008,Salmo salar,Atlantic salmon,YB_SBN,OR_YB,OR_YB,44.622702,-124.023868,Salmo,Salmonidae,Salmoniformes,Teleostei,ASV90,species,Salmo salar,Atlantic salmon,species,100,2.05e-85,Eukaryota,Chordata,0,1,2023-07-03,NA,NA,exblank-2023-47,545,2023,; xn tech:  ; xn date: Aug-23-2023; xn notes: ; filtration comments: none; tech: Wyth Marshall,Sallys Bend North,FTN,0-0.5,NA,NA,NA,NA,NA,"presence of eal grass, lower end of the bed",NA,"NA, Coordinates updated to decimal degrees - KS 2024 October","Yaquina Bay, Oregon","Yaquina Bay, Oregon",nextseq-2023,NA,NA
pecoe-1041,Field blank,motu132,35092,No BLAST hit,No BLAST hit,YB_SBN,OR_YB,OR_YB,44.622702,-124.023868,NA,NA,NA,NA,ASV239,NA,No BLAST hit,No BLAST hit,NA,NA,NA,NA,NA,NA,1,2023-07-03,NA,NA,exblank-2023-47,545,2023,; xn tech:  ; xn date: Aug-23-2023; xn notes: ; filtration comments: none; tech: Wyth Marshall,Sallys Bend North,FTN,0-0.5,NA,NA,NA,NA,NA,"presence of eal grass, lower end of the bed",NA,"NA, Coordinates updated to decimal degrees - KS 2024 October","Yaquina Bay, Oregon","Yaquina Bay, Oregon",nextseq-2023,NA,NA
pecoe-1046,Field blank,motu45,193013,No BLAST hit,No BLAST hit,YB_IF,OR_YB,OR_YB,44.619535,-124.032067,NA,NA,NA,NA,ASV49,NA,No BLAST hit,No BLAST hit,NA,NA,NA,NA,NA,NA,1,2023-07-04,NA,NA,exblank-2023-47,846,2023,; xn tech:  ; xn date: Aug-23-2023; xn notes: ; filtration comments: none; tech: Wyth Marshall,Idaho Flats,"FTN, LA",NA,NA,NA,NA,0.5-1,NA,NA,NA,"NA, Coordinates updated to decimal degrees - KS 2024 October","Yaquina Bay, Oregon","Yaquina Bay, Oregon",nextseq-2023,NA,NA
pecoe-1046,Field blank,motu374,17,Bacteria,Bacteria,YB_IF,OR_YB,OR_YB,44.619535,-124.032067,Ralstonia,Burkholderiaceae,Burkholderiales,Betaproteobacteria,ASV978,offtarget,Bacteria,Bacteria,offtarget,100,2.31e-131,Bacteria,Pseudomonadota,NA,1,2023-07-04,NA,NA,exblank-2023-47,846,2023,; xn tech:  ; xn date: Aug-23-2023; xn notes: ; filtration comments: none; tech: Wyth Marshall,Idaho Flats,"FTN, LA",NA,NA,NA,NA,0.5-1,NA,NA,NA,"NA, Coordinates updated to decimal degrees - KS 2024 October","Yaquina Bay, Oregon","Yaquina Bay, Oregon",nextseq-2023,NA,NA
pecoe-1051,Field blank,motu165,1032,Unknown bacteria,Bacteria,JN_FC,AK_JN,AK_JN,58.3317655,-134.6077898,NA,NA,NA,NA,ASV343,offtarget,Unknown bacteria,Bacteria,offtarget,96.838,5.0799999999999985e-118,Bacteria,NA,NA,1,2023-07-08,NA,NA,exblank-2023-59,1000,2023,; xn tech:  ; xn date: Dec-13-2023; xn notes: ; filtration comments:  ; tech: Silvio Carvalho,Fish Creek,"Julie Schram, Sebastian Tucker",0-0.5,9.23,14.1,by_foot,1.0,present,"patchy, growing in a channel that cuts across the beach, patches can be sparse or dense, varies",transects 10 apart along channel that contains sea grass,water had a lot of sediment - it was difficult to see sea grass but I followed teh channel that I scouted before hand at low tide,"Juneau Region, Alaska","Juneau Region, Alaska",nextseq-2023,NA,NA
pecoe-1051,Field blank,motu218,2001,Bacteria,Bacteria,JN_FC,AK_JN,AK_JN,58.3317655,-134.6077898,NA,NA,NA,NA,ASV481,offtarget,Bacteria,Bacteria,offtarget,85.214,5.449999999999999e-68,Bacteria,NA,NA,1,2023-07-08,NA,NA,exblank-2023-59,1000,2023,; xn tech:  ; xn date: Dec-13-2023; xn notes: ; filtration comments:  ; tech: Silvio Carvalho,Fish Creek,"Julie Schram, Sebastian Tucker",0-0.5,9.23,14.1,by_foot,1.0,present,"patchy, growing in a channel that cuts across the beach, patches can be sparse or dense, varies",transects 10 apart along channel that contains sea grass,water had a lot of sediment - it was difficult to see sea grass but I followed teh channel that I scouted before hand at low tide,"Juneau Region, Alaska","Juneau Region, Alaska",nextseq-2023,NA,NA
pecoe-1051,Field blank,motu1626,116,No BLAST hit,No BLAST hit,JN_FC,AK_JN,AK_JN,58.3317655,-134.6077898,NA,NA,NA,NA,ASV4115,NA,No BLAST hit,No BLAST hit,NA,NA,NA,NA,NA,NA,1,2023-07-08,NA,NA,exblank-2023-59,1000,2023,; xn tech:  ; xn date: Dec-13-2023; xn notes: ; filtration comments:  ; tech: Silvio Carvalho,Fish Creek,"Julie Schram, Sebastian Tucker",0-0.5,9.23,14.1,by_foot,1.0,present,"patchy, growing in a channel that cuts across the beach, patches can be sparse or dense, varies",transects 10 apart along channel that contains sea grass,water had a lot of sediment - it was difficult to see sea grass but I followed teh channel that I scouted before hand at low tide,"Juneau Region, Alaska","Juneau Region, Alaska",nextseq-2023,NA,NA
pecoe-1051,Field blank,motu2336,4,Bacteria,Bacteria,JN_FC,AK_JN,AK_JN,58.3317655,-134.6077898,NA,NA,NA,NA,ASV5037,offtarget,Bacteria,Bacteria,offtarget,94.466,5.15e-108,Bacteria,NA,NA,1,2023-07-08,NA,NA,exblank-2023-59,1000,2023,; xn tech:  ; xn date: Dec-13-2023; xn notes: ; filtration comments:  ; tech: Silvio Carvalho,Fish Creek,"Julie Schram, Sebastian Tucker",0-0.5,9.23,14.1,by_foot,1.0,present,"patchy, growing in a channel that cuts across the beach, patches can be sparse or dense, varies",transects 10 apart along channel that contains sea grass,water had a lot of sediment - it was difficult to see sea grass but I followed teh channel that I scouted before hand at low tide,"Juneau Region, Alaska","Juneau Region, Alaska",nextseq-2023,NA,NA
pecoe-1056,Field blank,motu165,2586,Unknown bacteria,Bacteria,JN_AN,AK_JN,AK_JN,58.381027,-134.695679,NA,NA,NA,NA,ASV343,offtarget,Unknown bacteria,Bacteria,offtarget,96.838,5.0799999999999985e-118,Bacteria,NA,NA,1,2023-07-15,NA,15:50:00,exblank-2023-59,1000,2023,1000 ml filtered; xn tech:  ; xn date: Dec-13-2023; xn notes: ; filtration comments:  ; tech: Silvio Carvalho,Auke Nu Cove,"Julie Schram, Sebastian Tucker",0-0.5,13.4,22.4,by_foot,1.0,present,"patcy distribution, depth of water ranged from 1m to 0.5m as we got closer to the channel connecting the pool with sea grass to the rest of the bay",depth of water ranged from 1m to 0.5m as we got closer to the channel connecting the pool with sea grass to the rest of the bay,"1060: when collecting, say lots of juvenile fish swimming around the sea grass","Juneau Region, Alaska","Juneau Region, Alaska",nextseq-2023,NA,NA
pecoe-1056,Field blank,motu218,3,Bacteria,Bacteria,JN_AN,AK_JN,AK_JN,58.381027,-134.695679,NA,NA,NA,NA,ASV481,offtarget,Bacteria,Bacteria,offtarget,85.214,5.449999999999999e-68,Bacteria,NA,NA,1,2023-07-15,NA,15:50:00,exblank-2023-59,1000,2023,1000 ml filtered; xn tech:  ; xn date: Dec-13-2023; xn notes: ; filtration comments:  ; tech: Silvio Carvalho,Auke Nu Cove,"Julie Schram, Sebastian Tucker",0-0.5,13.4,22.4,by_foot,1.0,present,"patcy distribution, depth of water ranged from 1m to 0.5m as we got closer to the channel connecting the pool with sea grass to the rest of the bay",depth of water ranged from 1m to 0.5m as we got closer to the channel connecting the pool with sea grass to the rest of the bay,"1060: when collecting, say lots of juvenile fish swimming around the sea grass","Juneau Region, Alaska","Juneau Region, Alaska",nextseq-2023,NA,NA
pecoe-1056,Field blank,motu927,387,Unknown bacteria,Bacteria,JN_AN,AK_JN,AK_JN,58.381027,-134.695679,NA,NA,NA,NA,ASV2626,offtarget,Unknown bacteria,Bacteria,offtarget,98.024,5.05e-123,Bacteria,NA,NA,1,2023-07-15,NA,15:50:00,exblank-2023-59,1000,2023,1000 ml filtered; xn tech:  ; xn date: Dec-13-2023; xn notes: ; filtration comments:  ; tech: Silvio Carvalho,Auke Nu Cove,"Julie Schram, Sebastian Tucker",0-0.5,13.4,22.4,by_foot,1.0,present,"patcy distribution, depth of water ranged from 1m to 0.5m as we got closer to the channel connecting the pool with sea grass to the rest of the bay",depth of water ranged from 1m to 0.5m as we got closer to the channel connecting the pool with sea grass to the rest of the bay,"1060: when collecting, say lots of juvenile fish swimming around the sea grass","Juneau Region, Alaska","Juneau Region, Alaska",nextseq-2023,NA,NA
pecoe-1056,Field blank,motu2082,2,Bacteria,Bacteria,JN_AN,AK_JN,AK_JN,58.381027,-134.695679,NA,NA,NA,NA,ASV4764,offtarget,Bacteria,Bacteria,offtarget,95.257,2.38e-111,Bacteria,NA,NA,1,2023-07-15,NA,15:50:00,exblank-2023-59,1000,2023,1000 ml filtered; xn tech:  ; xn date: Dec-13-2023; xn notes: ; filtration comments:  ; tech: Silvio Carvalho,Auke Nu Cove,"Julie Schram, Sebastian Tucker",0-0.5,13.4,22.4,by_foot,1.0,present,"patcy distribution, depth of water ranged from 1m to 0.5m as we got closer to the channel connecting the pool with sea grass to the rest of the bay",depth of water ranged from 1m to 0.5m as we got closer to the channel connecting the pool with sea grass to the rest of the bay,"1060: when collecting, say lots of juvenile fish swimming around the sea grass","Juneau Region, Alaska","Juneau Region, Alaska",nextseq-2023,NA,NA
pecoe-1056,Field blank,motu2233,9,Gammaproteobacteria,Bacteria,JN_AN,AK_JN,AK_JN,58.381027,-134.695679,NA,NA,NA,Gammaproteobacteria,ASV4931,offtarget,Gammaproteobacteria,Bacteria,offtarget,87.352,5.38e-78,Bacteria,Pseudomonadota,NA,1,2023-07-15,NA,15:50:00,exblank-2023-59,1000,2023,1000 ml filtered; xn tech:  ; xn date: Dec-13-2023; xn notes: ; filtration comments:  ; tech: Silvio Carvalho,Auke Nu Cove,"Julie Schram, Sebastian Tucker",0-0.5,13.4,22.4,by_foot,1.0,present,"patcy distribution, depth of water ranged from 1m to 0.5m as we got closer to the channel connecting the pool with sea grass to the rest of the bay",depth of water ranged from 1m to 0.5m as we got closer to the channel connecting the pool with sea grass to the rest of the bay,"1060: when collecting, say lots of juvenile fish swimming around the sea grass","Juneau Region, Alaska","Juneau Region, Alaska",nextseq-2023,NA,NA
pecoe-1061,Field blank,motu165,12227,Unknown bacteria,Bacteria,JN_EC,AK_JN,AK_JN,58.66277,-134.91589,NA,NA,NA,NA,ASV343,offtarget,Unknown bacteria,Bacteria,offtarget,96.838,5.0799999999999985e-118,Bacteria,NA,NA,1,2023-07-15,NA,09:24:00,exblank-2023-59,1000,2023,1000 ml filtered; xn tech:  ; xn date: Dec-13-2023; xn notes: ; filtration comments: none; tech: Silvio Carvalho,Echo Cove,"Julie Schram, Sebastian Tucker, Edward Schiff",0-0.5,10.4,16.8,by_foot,1-1.5,present,"patchy, runs parallel to shore, ~150m long patch that is 1-2 m wide; sea grass ~.5m tall","~10 m apart,  runs parallel to shore, ~150m long patch that is 1-2 m wide;","several fish jumping just off seagrass bed, suspect salmon; this is the densest, monst continuous seagrass bed sampled so far","Juneau Region, Alaska","Juneau Region, Alaska",nextseq-2023,NA,NA
pecoe-1061,Field blank,motu218,3803,Bacteria,Bacteria,JN_EC,AK_JN,AK_JN,58.66277,-134.91589,NA,NA,NA,NA,ASV481,offtarget,Bacteria,Bacteria,offtarget,85.214,5.449999999999999e-68,Bacteria,NA,NA,1,2023-07-15,NA,09:24:00,exblank-2023-59,1000,2023,1000 ml filtered; xn tech:  ; xn date: Dec-13-2023; xn notes: ; filtration comments: none; tech: Silvio Carvalho,Echo Cove,"Julie Schram, Sebastian Tucker, Edward Schiff",0-0.5,10.4,16.8,by_foot,1-1.5,present,"patchy, runs parallel to shore, ~150m long patch that is 1-2 m wide; sea grass ~.5m tall","~10 m apart,  runs parallel to shore, ~150m long patch that is 1-2 m wide;","several fish jumping just off seagrass bed, suspect salmon; this is the densest, monst continuous seagrass bed sampled so far","Juneau Region, Alaska","Juneau Region, Alaska",nextseq-2023,NA,NA
pecoe-1061,Field blank,motu1895,60,Bacteria,Bacteria,JN_EC,AK_JN,AK_JN,58.66277,-134.91589,NA,NA,NA,NA,ASV4518,offtarget,Bacteria,Bacteria,offtarget,90.157,1.1399999999999999e-89,Bacteria,NA,NA,1,2023-07-15,NA,09:24:00,exblank-2023-59,1000,2023,1000 ml filtered; xn tech:  ; xn date: Dec-13-2023; xn notes: ; filtration comments: none; tech: Silvio Carvalho,Echo Cove,"Julie Schram, Sebastian Tucker, Edward Schiff",0-0.5,10.4,16.8,by_foot,1-1.5,present,"patchy, runs parallel to shore, ~150m long patch that is 1-2 m wide; sea grass ~.5m tall","~10 m apart,  runs parallel to shore, ~150m long patch that is 1-2 m wide;","several fish jumping just off seagrass bed, suspect salmon; this is the densest, monst continuous seagrass bed sampled so far","Juneau Region, Alaska","Juneau Region, Alaska",nextseq-2023,NA,NA
pecoe-1061,Field blank,motu2082,22,Bacteria,Bacteria,JN_EC,AK_JN,AK_JN,58.66277,-134.91589,NA,NA,NA,NA,ASV4764,offtarget,Bacteria,Bacteria,offtarget,95.257,2.38e-111,Bacteria,NA,NA,1,2023-07-15,NA,09:24:00,exblank-2023-59,1000,2023,1000 ml filtered; xn tech:  ; xn date: Dec-13-2023; xn notes: ; filtration comments: none; tech: Silvio Carvalho,Echo Cove,"Julie Schram, Sebastian Tucker, Edward Schiff",0-0.5,10.4,16.8,by_foot,1-1.5,present,"patchy, runs parallel to shore, ~150m long patch that is 1-2 m wide; sea grass ~.5m tall","~10 m apart,  runs parallel to shore, ~150m long patch that is 1-2 m wide;","several fish jumping just off seagrass bed, suspect salmon; this is the densest, monst continuous seagrass bed sampled so far","Juneau Region, Alaska","Juneau Region, Alaska",nextseq-2023,NA,NA
pecoe-1066,Field blank,motu165,690,Unknown bacteria,Bacteria,JN_SB,AK_JN,AK_JN,58.627685,-134.942945,NA,NA,NA,NA,ASV343,offtarget,Unknown bacteria,Bacteria,offtarget,96.838,5.0799999999999985e-118,Bacteria,NA,NA,1,2023-07-17,NA,NA,exblank-2023-59,1000,2023,1000 ml filtered; xn tech:  ; xn date: Dec-13-2023; xn notes: ; filtration comments: none; tech: Silvio Carvalho,South Bridget Cove,"Julie Schram, Sebastian Tucker",0-0.5,11.4,13.6,by_foot,1.0,present,"patchy distrubution, runs ~150 m along the bay, 50 m wide at some points, dense at the center and patchy, shorter blades on the margin",transect crosses the densest part of the seagrass bed; 10 m transect across cove from 2nd island towards the small point on the other side of the cove,observed commercial fishing vessels ~200m from inslet to cove; disturbed (startled) multiple sole while walking between transect collection points,"Juneau Region, Alaska","Juneau Region, Alaska",nextseq-2023,NA,NA
pecoe-1066,Field blank,motu218,2461,Bacteria,Bacteria,JN_SB,AK_JN,AK_JN,58.627685,-134.942945,NA,NA,NA,NA,ASV481,offtarget,Bacteria,Bacteria,offtarget,85.214,5.449999999999999e-68,Bacteria,NA,NA,1,2023-07-17,NA,NA,exblank-2023-59,1000,2023,1000 ml filtered; xn tech:  ; xn date: Dec-13-2023; xn notes: ; filtration comments: none; tech: Silvio Carvalho,South Bridget Cove,"Julie Schram, Sebastian Tucker",0-0.5,11.4,13.6,by_foot,1.0,present,"patchy distrubution, runs ~150 m along the bay, 50 m wide at some points, dense at the center and patchy, shorter blades on the margin",transect crosses the densest part of the seagrass bed; 10 m transect across cove from 2nd island towards the small point on the other side of the cove,observed commercial fishing vessels ~200m from inslet to cove; disturbed (startled) multiple sole while walking between transect collection points,"Juneau Region, Alaska","Juneau Region, Alaska",nextseq-2023,NA,NA
pecoe-1066,Field blank,motu253,206,Unknown bacteria,Bacteria,JN_SB,AK_JN,AK_JN,58.627685,-134.942945,NA,NA,NA,NA,ASV597,offtarget,Unknown bacteria,Bacteria,offtarget,98.419,1.08e-124,Bacteria,NA,NA,1,2023-07-17,NA,NA,exblank-2023-59,1000,2023,1000 ml filtered; xn tech:  ; xn date: Dec-13-2023; xn notes: ; filtration comments: none; tech: Silvio Carvalho,South Bridget Cove,"Julie Schram, Sebastian Tucker",0-0.5,11.4,13.6,by_foot,1.0,present,"patchy distrubution, runs ~150 m along the bay, 50 m wide at some points, dense at the center and patchy, shorter blades on the margin",transect crosses the densest part of the seagrass bed; 10 m transect across cove from 2nd island towards the small point on the other side of the cove,observed commercial fishing vessels ~200m from inslet to cove; disturbed (startled) multiple sole while walking between transect collection points,"Juneau Region, Alaska","Juneau Region, Alaska",nextseq-2023,NA,NA
pecoe-1066,Field blank,motu253,206,Unknown bacteria,Bacteria,JN_SB,AK_JN,AK_JN,58.627685,-134.942945,NA,NA,NA,NA,ASV597,offtarget,Unknown bacteria,Bacteria,offtarget,98.419,1.08e-124,Bacteria,NA,NA,1,2023-07-17,NA,NA,exblank-2023-59,1000,2023,1000 ml filtered; xn tech:  ; xn date: Dec-13-2023; xn notes: ; filtration comments: none; tech: Silvio Carvalho,South Bridget Cove,"Julie Schram, Sebastian Tucker",0-0.5,11.4,13.6,by_foot,1.0,present,"patchy distrubution, runs ~150 m along the bay, 50 m wide at some points, dense at the center and patchy, shorter blades on the margin",transect crosses the densest part of the seagrass bed; 10 m transect across cove from 2nd island towards the small point on the other side of the cove,observed commercial fishing vessels ~200m from inslet to cove; disturbed (startled) multiple sole while walking between transect collection points,"Juneau Region, Alaska","Juneau Region, Alaska",nextseq-2023,NA,NA
pecoe-1071,Field blank,motu115,15,Unknown organism,Unknown organism,JN_BC,AK_JN,AK_JN,58.3856,-134.649383,NA,NA,NA,NA,ASV168,offtarget,Unknown organism,Unknown organism,offtarget,100,2.31e-131,NA,NA,NA,1,2023-07-18,NA,11:41:00,exblank-2023-59,1000,2023,1000 ml filtered; xn tech:  ; xn date: Dec-13-2023; xn notes: ; filtration comments: none; tech: Silvio Carvalho,Bay Creek,"Julie Schram, Sebastian Tucker",0-0.5,14.4,17.1,by_foot,1-1.5m,present,"patchy narrow stretch of seagrass, collected water samples from the densest patches close to 10m marks of transect","10m transects, started on the boat launch side fo teh transect and walked towards Fisherman's bend (perpendicular to Bay Creek outlet)",Observed 3 harbor seals playing ~2m away during collection of 1072; Observed multiple filleted fish carcasses ~10m away from transect; disturbed multiple small flat fish (likely a spp of sole); disturbed a staghorn sculpin; tried to stir up as little sediment as possible,"Juneau Region, Alaska","Juneau Region, Alaska",nextseq-2023,NA,NA
pecoe-1071,Field blank,motu115,15,Unknown organism,Unknown organism,JN_BC,AK_JN,AK_JN,58.3856,-134.649383,NA,NA,NA,NA,ASV168,offtarget,Unknown organism,Unknown organism,offtarget,100,2.31e-131,NA,NA,NA,1,2023-07-18,NA,11:41:00,exblank-2023-59,1000,2023,1000 ml filtered; xn tech:  ; xn date: Dec-13-2023; xn notes: ; filtration comments: none; tech: Silvio Carvalho,Bay Creek,"Julie Schram, Sebastian Tucker",0-0.5,14.4,17.1,by_foot,1-1.5m,present,"patchy narrow stretch of seagrass, collected water samples from the densest patches close to 10m marks of transect","10m transects, started on the boat launch side fo teh transect and walked towards Fisherman's bend (perpendicular to Bay Creek outlet)",Observed 3 harbor seals playing ~2m away during collection of 1072; Observed multiple filleted fish carcasses ~10m away from transect; disturbed multiple small flat fish (likely a spp of sole); disturbed a staghorn sculpin; tried to stir up as little sediment as possible,"Juneau Region, Alaska","Juneau Region, Alaska",nextseq-2023,NA,NA
pecoe-1071,Field blank,motu350,2805,Unknown organism,Unknown organism,JN_BC,AK_JN,AK_JN,58.3856,-134.649383,NA,NA,NA,NA,ASV913,offtarget,Unknown organism,Unknown organism,offtarget,98.814,2.3299999999999998e-126,NA,NA,NA,1,2023-07-18,NA,11:41:00,exblank-2023-59,1000,2023,1000 ml filtered; xn tech:  ; xn date: Dec-13-2023; xn notes: ; filtration comments: none; tech: Silvio Carvalho,Bay Creek,"Julie Schram, Sebastian Tucker",0-0.5,14.4,17.1,by_foot,1-1.5m,present,"patchy narrow stretch of seagrass, collected water samples from the densest patches close to 10m marks of transect","10m transects, started on the boat launch side fo teh transect and walked towards Fisherman's bend (perpendicular to Bay Creek outlet)",Observed 3 harbor seals playing ~2m away during collection of 1072; Observed multiple filleted fish carcasses ~10m away from transect; disturbed multiple small flat fish (likely a spp of sole); disturbed a staghorn sculpin; tried to stir up as little sediment as possible,"Juneau Region, Alaska","Juneau Region, Alaska",nextseq-2023,NA,NA
pecoe-1071,Field blank,motu448,1752,Unknown bacteria,Bacteria,JN_BC,AK_JN,AK_JN,58.3856,-134.649383,NA,NA,NA,NA,ASV1197,offtarget,Unknown bacteria,Bacteria,offtarget,96.047,1.1e-114,Bacteria,NA,NA,1,2023-07-18,NA,11:41:00,exblank-2023-59,1000,2023,1000 ml filtered; xn tech:  ; xn date: Dec-13-2023; xn notes: ; filtration comments: none; tech: Silvio Carvalho,Bay Creek,"Julie Schram, Sebastian Tucker",0-0.5,14.4,17.1,by_foot,1-1.5m,present,"patchy narrow stretch of seagrass, collected water samples from the densest patches close to 10m marks of transect","10m transects, started on the boat launch side fo teh transect and walked towards Fisherman's bend (perpendicular to Bay Creek outlet)",Observed 3 harbor seals playing ~2m away during collection of 1072; Observed multiple filleted fish carcasses ~10m away from transect; disturbed multiple small flat fish (likely a spp of sole); disturbed a staghorn sculpin; tried to stir up as little sediment as possible,"Juneau Region, Alaska","Juneau Region, Alaska",nextseq-2023,NA,NA
pecoe-1071,Field blank,motu226,49,Unknown organism,Unknown organism,JN_BC,AK_JN,AK_JN,58.3856,-134.649383,NA,NA,NA,NA,ASV510,offtarget,Unknown organism,Unknown organism,offtarget,99.605,1.0799999999999996e-129,NA,NA,NA,1,2023-07-18,NA,11:41:00,exblank-2023-59,1000,2023,1000 ml filtered; xn tech:  ; xn date: Dec-13-2023; xn notes: ; filtration comments: none; tech: Silvio Carvalho,Bay Creek,"Julie Schram, Sebastian Tucker",0-0.5,14.4,17.1,by_foot,1-1.5m,present,"patchy narrow stretch of seagrass, collected water samples from the densest patches close to 10m marks of transect","10m transects, started on the boat launch side fo teh transect and walked towards Fisherman's bend (perpendicular to Bay Creek outlet)",Observed 3 harbor seals playing ~2m away during collection of 1072; Observed multiple filleted fish carcasses ~10m away from transect; disturbed multiple small flat fish (likely a spp of sole); disturbed a staghorn sculpin; tried to stir up as little sediment as possible,"Juneau Region, Alaska","Juneau Region, Alaska",nextseq-2023,NA,NA
pecoe-1071,Field blank,motu226,49,Unknown organism,Unknown organism,JN_BC,AK_JN,AK_JN,58.3856,-134.649383,NA,NA,NA,NA,ASV510,offtarget,Unknown organism,Unknown organism,offtarget,99.605,1.0799999999999996e-129,NA,NA,NA,1,2023-07-18,NA,11:41:00,exblank-2023-59,1000,2023,1000 ml filtered; xn tech:  ; xn date: Dec-13-2023; xn notes: ; filtration comments: none; tech: Silvio Carvalho,Bay Creek,"Julie Schram, Sebastian Tucker",0-0.5,14.4,17.1,by_foot,1-1.5m,present,"patchy narrow stretch of seagrass, collected water samples from the densest patches close to 10m marks of transect","10m transects, started on the boat launch side fo teh transect and walked towards Fisherman's bend (perpendicular to Bay Creek outlet)",Observed 3 harbor seals playing ~2m away during collection of 1072; Observed multiple filleted fish carcasses ~10m away from transect; disturbed multiple small flat fish (likely a spp of sole); disturbed a staghorn sculpin; tried to stir up as little sediment as possible,"Juneau Region, Alaska","Juneau Region, Alaska",nextseq-2023,NA,NA
pecoe-1071,Field blank,motu873,267,Unknown bacteria,Bacteria,JN_BC,AK_JN,AK_JN,58.3856,-134.649383,NA,NA,NA,NA,ASV2473,offtarget,Unknown bacteria,Bacteria,offtarget,98.776,6.53e-122,Bacteria,NA,NA,1,2023-07-18,NA,11:41:00,exblank-2023-59,1000,2023,1000 ml filtered; xn tech:  ; xn date: Dec-13-2023; xn notes: ; filtration comments: none; tech: Silvio Carvalho,Bay Creek,"Julie Schram, Sebastian Tucker",0-0.5,14.4,17.1,by_foot,1-1.5m,present,"patchy narrow stretch of seagrass, collected water samples from the densest patches close to 10m marks of transect","10m transects, started on the boat launch side fo teh transect and walked towards Fisherman's bend (perpendicular to Bay Creek outlet)",Observed 3 harbor seals playing ~2m away during collection of 1072; Observed multiple filleted fish carcasses ~10m away from transect; disturbed multiple small flat fish (likely a spp of sole); disturbed a staghorn sculpin; tried to stir up as little sediment as possible,"Juneau Region, Alaska","Juneau Region, Alaska",nextseq-2023,NA,NA
pecoe-1071,Field blank,motu873,267,Unknown bacteria,Bacteria,JN_BC,AK_JN,AK_JN,58.3856,-134.649383,NA,NA,NA,NA,ASV2473,offtarget,Unknown bacteria,Bacteria,offtarget,98.776,6.53e-122,Bacteria,NA,NA,1,2023-07-18,NA,11:41:00,exblank-2023-59,1000,2023,1000 ml filtered; xn tech:  ; xn date: Dec-13-2023; xn notes: ; filtration comments: none; tech: Silvio Carvalho,Bay Creek,"Julie Schram, Sebastian Tucker",0-0.5,14.4,17.1,by_foot,1-1.5m,present,"patchy narrow stretch of seagrass, collected water samples from the densest patches close to 10m marks of transect","10m transects, started on the boat launch side fo teh transect and walked towards Fisherman's bend (perpendicular to Bay Creek outlet)",Observed 3 harbor seals playing ~2m away during collection of 1072; Observed multiple filleted fish carcasses ~10m away from transect; disturbed multiple small flat fish (likely a spp of sole); disturbed a staghorn sculpin; tried to stir up as little sediment as possible,"Juneau Region, Alaska","Juneau Region, Alaska",nextseq-2023,NA,NA
pecoe-1071,Field blank,motu1089,287,Rhabdochlamydiaceae bacterium,Bacteria,JN_BC,AK_JN,AK_JN,58.3856,-134.649383,NA,Candidatus Rhabdochlamydiaceae,Parachlamydiales,Chlamydiia,ASV3028,offtarget,Rhabdochlamydiaceae bacterium,Bacteria,offtarget,98.814,2.3299999999999998e-126,Bacteria,Chlamydiota,NA,1,2023-07-18,NA,11:41:00,exblank-2023-59,1000,2023,1000 ml filtered; xn tech:  ; xn date: Dec-13-2023; xn notes: ; filtration comments: none; tech: Silvio Carvalho,Bay Creek,"Julie Schram, Sebastian Tucker",0-0.5,14.4,17.1,by_foot,1-1.5m,present,"patchy narrow stretch of seagrass, collected water samples from the densest patches close to 10m marks of transect","10m transects, started on the boat launch side fo teh transect and walked towards Fisherman's bend (perpendicular to Bay Creek outlet)",Observed 3 harbor seals playing ~2m away during collection of 1072; Observed multiple filleted fish carcasses ~10m away from transect; disturbed multiple small flat fish (likely a spp of sole); disturbed a staghorn sculpin; tried to stir up as little sediment as possible,"Juneau Region, Alaska","Juneau Region, Alaska",nextseq-2023,NA,NA
pecoe-1076,Field blank,motu264,4482,Cyanobacteria,Cyanobacteria,SD_SI,CA_SD,CA_SD,32.71418,-117.22534,NA,NA,NA,NA,ASV645,offtarget,Cyanobacteria,Cyanobacteria,offtarget,99.209,5.01e-128,Bacteria,Cyanobacteriota,NA,1,2023-07-20,NA,NA,exblank-2023-60,600,2023,; xn tech:  ; xn date: Dec-15-2023; xn notes: ; filtration comments: none; tech: Silvio Carvalho,Shelter Island,"Makayla Bonney, Lilly Jorrica, Issac Torres",N/A,NA,18.3,on_foot,NA,NA,"seagrass present, not very patchy, sample taken 2 ft from the bed, eelgrass was greena nd healthy.","Sampled on foot, Temp: 65F",gps coordinates for one site along this transect only,"San Diego region, California","San Diego region, California",nextseq-2023,NA,NA
pecoe-1076,Field blank,motu2219,10,Unknown bacteria,Bacteria,SD_SI,CA_SD,CA_SD,32.71418,-117.22534,NA,NA,NA,NA,ASV4915,offtarget,Unknown bacteria,Bacteria,offtarget,99.209,5.01e-128,Bacteria,NA,NA,1,2023-07-20,NA,NA,exblank-2023-60,600,2023,; xn tech:  ; xn date: Dec-15-2023; xn notes: ; filtration comments: none; tech: Silvio Carvalho,Shelter Island,"Makayla Bonney, Lilly Jorrica, Issac Torres",N/A,NA,18.3,on_foot,NA,NA,"seagrass present, not very patchy, sample taken 2 ft from the bed, eelgrass was greena nd healthy.","Sampled on foot, Temp: 65F",gps coordinates for one site along this transect only,"San Diego region, California","San Diego region, California",nextseq-2023,NA,NA
pecoe-1086,Field blank,motu264,401,Cyanobacteria,Cyanobacteria,SD_CI,CA_SD,CA_SD,32.7005,117.17312,NA,NA,NA,NA,ASV645,offtarget,Cyanobacteria,Cyanobacteria,offtarget,99.209,5.01e-128,Bacteria,Cyanobacteriota,NA,1,2023-08-09,NA,NA,exblank-2023-60,1000,2023,; xn tech:  ; xn date: Dec-15-2023; xn notes: ; filtration comments: none; tech: Silvio Carvalho,Coronado Island,"Makayla Bonney, Lily Jorrick",N/A,NA,25.5,on_foot,1.2,NA,"bottom depth: ~ 4ft, short, patchy eelgrass","Sampled on foot, Temp: 77.9F",gps coordinates for one site along this transect only,"San Diego region, California","San Diego region, California",nextseq-2023,NA,NA
pecoe-1086,Field blank,motu374,10,Bacteria,Bacteria,SD_CI,CA_SD,CA_SD,32.7005,117.17312,Ralstonia,Burkholderiaceae,Burkholderiales,Betaproteobacteria,ASV978,offtarget,Bacteria,Bacteria,offtarget,100,2.31e-131,Bacteria,Pseudomonadota,NA,1,2023-08-09,NA,NA,exblank-2023-60,1000,2023,; xn tech:  ; xn date: Dec-15-2023; xn notes: ; filtration comments: none; tech: Silvio Carvalho,Coronado Island,"Makayla Bonney, Lily Jorrick",N/A,NA,25.5,on_foot,1.2,NA,"bottom depth: ~ 4ft, short, patchy eelgrass","Sampled on foot, Temp: 77.9F",gps coordinates for one site along this transect only,"San Diego region, California","San Diego region, California",nextseq-2023,NA,NA
pecoe-1091,Field blank,motu253,1243,Unknown bacteria,Bacteria,SD_FI,CA_SD,CA_SD,32.78905,-117.23161,NA,NA,NA,NA,ASV1443,offtarget,Unknown bacteria,Bacteria,offtarget,99.592,3.0199999999999996e-125,Bacteria,NA,NA,1,2023-08-10,NA,NA,exblank-2023-60,1000,2023,; xn tech:  ; xn date: Dec-15-2023; xn notes: ; filtration comments: none; tech: Silvio Carvalho,Fiesta Island,"Makayla Bonney, Lily Jorrick",N/A,NA,NA,on_foot,NA,NA,"bottom depth: N/A, very patchy short eelgrass",Sampled on foot (thermometer broken- no temp reading),gps coordinates for one site along this transect only,"San Diego region, California","San Diego region, California",nextseq-2023,NA,NA
pecoe-1091,Field blank,motu2036,31,Unknown organism,Unknown organism,SD_FI,CA_SD,CA_SD,32.78905,-117.23161,NA,NA,NA,NA,ASV4709,offtarget,Unknown organism,Unknown organism,offtarget,96.429,8.5e-116,NA,NA,NA,1,2023-08-10,NA,NA,exblank-2023-60,1000,2023,; xn tech:  ; xn date: Dec-15-2023; xn notes: ; filtration comments: none; tech: Silvio Carvalho,Fiesta Island,"Makayla Bonney, Lily Jorrick",N/A,NA,NA,on_foot,NA,NA,"bottom depth: N/A, very patchy short eelgrass",Sampled on foot (thermometer broken- no temp reading),gps coordinates for one site along this transect only,"San Diego region, California","San Diego region, California",nextseq-2023,NA,NA
pecoe-1105,Field blank,motu431,1904,Unknown organism,Unknown organism,CC_CHP,BC_CC,BC_CC,51.67622,-128.1234,NA,NA,NA,NA,ASV1144,offtarget,Unknown organism,Unknown organism,offtarget,96.443,2.3599999999999996e-116,NA,NA,NA,1,2023-06-30,NA,10:02:00,exblank-2023-44,1000,2023,; xn tech:  ; xn date: Aug-15-2023; xn notes: ; filtration comments:  ; tech: Wyth Marshall,Choked Pocket,NA,0-0.5,31.51,10.4,by_boat,1.8,present,"wedge of small seagrass bed, patchiness 1-2m, cover 80%-100%, canopy height 1-1.5m",NA,NA,Central Coast British Columbia,Central Coast British Columbia,nextseq-2023,NA,NA
pecoe-1106,Field blank,motu63,59277,No BLAST hit,No BLAST hit,CC_PBA,BC_CC,BC_CC,51.6464,-128.11896,NA,NA,NA,NA,ASV71,NA,No BLAST hit,No BLAST hit,NA,NA,NA,NA,NA,NA,1,2023-07-02,NA,10:10:00,exblank-2023-44,1000,2023,; xn tech:  ; xn date: Aug-15-2023; xn notes: ; filtration comments:  ; tech: Wyth Marshall,Pruth Bay,NA,0-0.5,NA,NA,by_boat,1.5,present,NA,NA,NA,Central Coast British Columbia,Central Coast British Columbia,nextseq-2023,NA,NA
pecoe-1106,Field blank,motu42,164785,Embiotoca lateralis,Striped seaperch,CC_PBA,BC_CC,BC_CC,51.6464,-128.11896,Embiotoca,Embiotocidae,Ovalentaria incertae sedis,Teleostei,ASV45,species,Embiotoca lateralis,Striped seaperch,species,100,2.61e-84,Eukaryota,Chordata,0,1,2023-07-02,NA,10:10:00,exblank-2023-44,1000,2023,; xn tech:  ; xn date: Aug-15-2023; xn notes: ; filtration comments:  ; tech: Wyth Marshall,Pruth Bay,NA,0-0.5,NA,NA,by_boat,1.5,present,NA,NA,NA,Central Coast British Columbia,Central Coast British Columbia,nextseq-2023,NA,NA
pecoe-1106,Field blank,motu42,164785,Embiotoca lateralis,Striped seaperch,CC_PBA,BC_CC,BC_CC,51.6464,-128.11896,Embiotoca,Embiotocidae,Ovalentaria incertae sedis,Teleostei,ASV45,species,Embiotoca lateralis,Striped seaperch,species,100,2.61e-84,Eukaryota,Chordata,0,1,2023-07-02,NA,10:10:00,exblank-2023-44,1000,2023,; xn tech:  ; xn date: Aug-15-2023; xn notes: ; filtration comments:  ; tech: Wyth Marshall,Pruth Bay,NA,0-0.5,NA,NA,by_boat,1.5,present,NA,NA,NA,Central Coast British Columbia,Central Coast British Columbia,nextseq-2023,NA,NA
pecoe-1106,Field blank,motu374,795,Bacteria,Bacteria,CC_PBA,BC_CC,BC_CC,51.6464,-128.11896,Ralstonia,Burkholderiaceae,Burkholderiales,Betaproteobacteria,ASV978,offtarget,Bacteria,Bacteria,offtarget,100,2.31e-131,Bacteria,Pseudomonadota,NA,1,2023-07-02,NA,10:10:00,exblank-2023-44,1000,2023,; xn tech:  ; xn date: Aug-15-2023; xn notes: ; filtration comments:  ; tech: Wyth Marshall,Pruth Bay,NA,0-0.5,NA,NA,by_boat,1.5,present,NA,NA,NA,Central Coast British Columbia,Central Coast British Columbia,nextseq-2023,NA,NA
pecoe-1115,Field blank,motu499,51,Unknown bacteria,Bacteria,CC_FAN3,BC_CC,BC_CC,52.05365,-128.40331,NA,NA,NA,NA,ASV1368,offtarget,Unknown bacteria,Bacteria,offtarget,98.814,2.3299999999999998e-126,Bacteria,NA,NA,1,2023-07-05,NA,16:38:00,exblank-2023-45,1000,2023,; xn tech:  ; xn date: Aug-16-2023; xn notes: ; filtration comments:  ; tech: Wyth Marshall,McMullins South,NA,0-0.5,NA,NA,by_boat,1.5,present,NA,NA,NA,Central Coast British Columbia,Central Coast British Columbia,nextseq-2023,NA,NA
pecoe-1121,Field blank,motu253,3,Unknown bacteria,Bacteria,CC_KIS1,BC_CC,BC_CC,51.8367,-128.2393,NA,NA,NA,NA,ASV5083,offtarget,Unknown bacteria,Bacteria,offtarget,98.024,5.05e-123,Bacteria,NA,NA,1,2023-07-07,NA,15:19:00,exblank-2023-45,1000,2023,; xn tech:  ; xn date: Aug-16-2023; xn notes: ; filtration comments:  ; tech: Wyth Marshall,SE Spider Island,NA,0-0.5,NA,NA,by_boat,2.5,present,small seagrass bed interspesed with macro kelp,NA,"If same as KIS1, its 51.8368        -128.2395",Central Coast British Columbia,Central Coast British Columbia,nextseq-2023,NA,NA
pecoe-1126,Field blank,motu253,3,Unknown bacteria,Bacteria,WB_PA,WA_WB,WA_WB,46.49523,-124.02641,NA,NA,NA,NA,ASV597,offtarget,Unknown bacteria,Bacteria,offtarget,98.419,1.08e-124,Bacteria,NA,NA,1,2023-07-15,NA,18:45:00,exblank-2023-45,500,2023,500 ml; xn tech:  ; xn date: Aug-16-2023; xn notes: ; filtration comments: none; tech: Wyth Marshall,"Parcel A, Nahcotta",Jennifer Ruesink,0-0.5,30,19,by_boat,1.5,present,200 x 75 m bed at low end of tidal flat with oyster reefs,grid 10 m apart,temperature and salinity from NANOOS observations within 1 km,"Willapa Bay, Washington","Willapa Bay, Washington",nextseq-2023,NA,NA
pecoe-1126,Field blank,motu253,3,Unknown bacteria,Bacteria,WB_PA,WA_WB,WA_WB,46.49523,-124.02641,NA,NA,NA,NA,ASV597,offtarget,Unknown bacteria,Bacteria,offtarget,98.419,1.08e-124,Bacteria,NA,NA,1,2023-07-15,NA,18:45:00,exblank-2023-45,500,2023,500 ml; xn tech:  ; xn date: Aug-16-2023; xn notes: ; filtration comments: none; tech: Wyth Marshall,"Parcel A, Nahcotta",Jennifer Ruesink,0-0.5,30,19,by_boat,1.5,present,200 x 75 m bed at low end of tidal flat with oyster reefs,grid 10 m apart,temperature and salinity from NANOOS observations within 1 km,"Willapa Bay, Washington","Willapa Bay, Washington",nextseq-2023,NA,NA
pecoe-1131,Field blank,motu1530,134,Unknown organism,Unknown organism,WB_DP,WA_WB,WA_WB,47,-124.128,NA,NA,NA,NA,ASV3960,offtarget,Unknown organism,Unknown organism,offtarget,89.494,5.37e-88,NA,NA,NA,1,2023-07-02,NA,NA,exblank-2023-45,400,2023,; xn tech:  ; xn date: Aug-16-2023; xn notes: ; filtration comments: none; tech: Wyth Marshall,Damon Point,Jennifer Ruesink,0-0.5,NA,17,by_foot,1.0,present,"20 m band of sparse eelgrass, large morphology, about -0.3 m relative to MLLW","parallel to shore, 10m apart",temperature estimated,"Willapa Bay, Washington","Willapa Bay, Washington",nextseq-2023,NA,NA
pecoe-1136,Field blank,motu15,174385,Oncorhynchus gorbuscha,Pink salmon,WB_SB,WA_WB,WA_WB,46.89055,-124.0878,Oncorhynchus,Salmonidae,Salmoniformes,Teleostei,ASV15,species,Oncorhynchus gorbuscha,Pink salmon,species,100,2.05e-85,Eukaryota,Chordata,0,1,2023-07-17,NA,11:26:00,exblank-2023-46,650,2023,650 ml; xn tech:  ; xn date: Aug-17-2023; xn notes: ; filtration comments: filtered in grass field after tide; tech: Wyth Marshall,"South Bay, Grays Harbour",Jennifer Ruesink,0-0.5,NA,17,by_foot,1.0,present,bed spans 1 km or more along channel edge. Longline oyster culture within 10 m,10 apart from channel to bank along gradual slope,temperature estimated,"Willapa Bay, Washington","Willapa Bay, Washington",nextseq-2023,NA,NA
pecoe-1136,Field blank,motu15,174385,Oncorhynchus gorbuscha,Pink salmon,WB_SB,WA_WB,WA_WB,46.89055,-124.0878,Oncorhynchus,Salmonidae,Salmoniformes,Teleostei,ASV15,species,Oncorhynchus gorbuscha,Pink salmon,species,100,2.05e-85,Eukaryota,Chordata,0,1,2023-07-17,NA,11:26:00,exblank-2023-46,650,2023,650 ml; xn tech:  ; xn date: Aug-17-2023; xn notes: ; filtration comments: filtered in grass field after tide; tech: Wyth Marshall,"South Bay, Grays Harbour",Jennifer Ruesink,0-0.5,NA,17,by_foot,1.0,present,bed spans 1 km or more along channel edge. Longline oyster culture within 10 m,10 apart from channel to bank along gradual slope,temperature estimated,"Willapa Bay, Washington","Willapa Bay, Washington",nextseq-2023,NA,NA
pecoe-1136,Field blank,motu15,174385,Oncorhynchus gorbuscha,Pink salmon,WB_SB,WA_WB,WA_WB,46.89055,-124.0878,Oncorhynchus,Salmonidae,Salmoniformes,Teleostei,ASV15,species,Oncorhynchus gorbuscha,Pink salmon,species,100,2.05e-85,Eukaryota,Chordata,0,1,2023-07-17,NA,11:26:00,exblank-2023-46,650,2023,650 ml; xn tech:  ; xn date: Aug-17-2023; xn notes: ; filtration comments: filtered in grass field after tide; tech: Wyth Marshall,"South Bay, Grays Harbour",Jennifer Ruesink,0-0.5,NA,17,by_foot,1.0,present,bed spans 1 km or more along channel edge. Longline oyster culture within 10 m,10 apart from channel to bank along gradual slope,temperature estimated,"Willapa Bay, Washington","Willapa Bay, Washington",nextseq-2023,NA,NA
pecoe-1136,Field blank,motu15,174385,Oncorhynchus gorbuscha,Pink salmon,WB_SB,WA_WB,WA_WB,46.89055,-124.0878,Oncorhynchus,Salmonidae,Salmoniformes,Teleostei,ASV15,species,Oncorhynchus gorbuscha,Pink salmon,species,100,2.05e-85,Eukaryota,Chordata,0,1,2023-07-17,NA,11:26:00,exblank-2023-46,650,2023,650 ml; xn tech:  ; xn date: Aug-17-2023; xn notes: ; filtration comments: filtered in grass field after tide; tech: Wyth Marshall,"South Bay, Grays Harbour",Jennifer Ruesink,0-0.5,NA,17,by_foot,1.0,present,bed spans 1 km or more along channel edge. Longline oyster culture within 10 m,10 apart from channel to bank along gradual slope,temperature estimated,"Willapa Bay, Washington","Willapa Bay, Washington",nextseq-2023,NA,NA
pecoe-1141,Field blank,motu2309,5,uncultured Oomycota,Water mold,WB_WR,WA_WB,WA_WB,46.68078,-123.91822,NA,NA,NA,NA,ASV5010,offtarget,uncultured Oomycota,Water mold,offtarget,97.845,2.39e-111,Eukaryota,Oomycota,NA,1,2023-07-24,NA,17:08:00,exblank-2023-46,600,2023,600 ml; xn tech:  ; xn date: Aug-17-2023; xn notes: ; filtration comments: none; tech: Wyth Marshall,Willapa River,Jennifer Ruesink,0-0.5,NA,17.7,by_foot,1.0,present,200 m wide area of Z. marina intermixed with oyster longlines,"10 m apart, consistent depth",temperature from nearby tide station at Toke Point,"Willapa Bay, Washington","Willapa Bay, Washington",nextseq-2023,NA,NA
pecoe-1151,Field blank,motu1,1,Cymatogaster aggregata,Shiner perch,NC_RB,CA_SF,CA_NCb,37.87382,-122.49199,Cymatogaster,Embiotocidae,Ovalentaria incertae sedis,Teleostei,ASV1,species,Cymatogaster aggregata,Shiner perch,species,100,2.61e-84,Eukaryota,Chordata,0,1,2023-07-24,NA,NA,exblank-2023-46,1000,2023,; xn tech:  ; xn date: Aug-17-2023; xn notes: ; filtration comments: bag labelled 'north central california richardson bay (sp?) 7/24/23; tech: Wyth Marshall,Richardson Bay,"Margot Buchbinder, Amy Yoger",0-0.5,30,10,by_boat,1,present,"eelgrass present throughout, bed is approx 100-300 hectares in xize, variable by year. Overall eelgrass density is 9.5 shoots/m3, patch densities~ 13.9 shoots/m3, canopy heights ~150cm","Sampled on boat (kayak), Temperature: 18.3C, Salinity: 30 ppt. Bottom depth: 1.5m. transect was 15 m apart from each site, following parallel to Sausalito Beach.",NA,"San Francisco Bay, California","San Francisco Bay 1, California",nextseq-2023,NA,NA
pecoe-1151,Field blank,motu1,1,Cymatogaster aggregata,Shiner perch,NC_RB,CA_SF,CA_NCb,37.87382,-122.49199,Cymatogaster,Embiotocidae,Ovalentaria incertae sedis,Teleostei,ASV1,species,Cymatogaster aggregata,Shiner perch,species,100,2.61e-84,Eukaryota,Chordata,0,1,2023-07-24,NA,NA,exblank-2023-46,1000,2023,; xn tech:  ; xn date: Aug-17-2023; xn notes: ; filtration comments: bag labelled 'north central california richardson bay (sp?) 7/24/23; tech: Wyth Marshall,Richardson Bay,"Margot Buchbinder, Amy Yoger",0-0.5,30,10,by_boat,1,present,"eelgrass present throughout, bed is approx 100-300 hectares in xize, variable by year. Overall eelgrass density is 9.5 shoots/m3, patch densities~ 13.9 shoots/m3, canopy heights ~150cm","Sampled on boat (kayak), Temperature: 18.3C, Salinity: 30 ppt. Bottom depth: 1.5m. transect was 15 m apart from each site, following parallel to Sausalito Beach.",NA,"San Francisco Bay, California","San Francisco Bay 1, California",nextseq-2023,NA,NA
pecoe-1176,Field blank,motu2438,1,Bacteria,Bacteria,NC_DE,CA_NC,CA_NCc,38.05,-122.94,NA,NA,NA,NA,ASV5142,offtarget,Bacteria,Bacteria,offtarget,93.75,2.4299999999999994e-106,Bacteria,NA,NA,1,2023-07-25,NA,NA,exblank-2023-48,725,2023,; xn tech:  ; xn date: Aug-24-2023; xn notes: ; filtration comments: none; tech: Wyth Marshall,Drakes Estero,"Brent Hughes, Joel Huckeba, Shirah Strok, Emily Hascall",0-0.5,36.08,19.4,by_foot,1,present,thick,"parallel to shore, about 10m away from shore, 10m apart","Seagrass patchiness = continuous, canopy height ~ 1m","Bodega Bay, California","San Francisco Bay 2, California",nextseq-2023,NA,NA
pecoe-1201,Field blank,motu61,67,No BLAST hit,No BLAST hit,MB_CB,CA_MB,CA_MB,35.37211,-120.86052,NA,NA,NA,NA,ASV69,NA,No BLAST hit,No BLAST hit,NA,NA,NA,NA,NA,NA,1,2023-08-17,NA,NA,exblank-2023-58,1000,2023,; xn tech:  ; xn date: Dec-12-2023; xn notes: ; filtration comments: none; tech: Silvio Carvalho,Coleman Beach,"M.O'Connor, B.Grassman, J.Taylor",0-0.5,33.7,18.3,by_foot,1.0,present,"dense eelgrass cover, heavy epiphyte cover, long blades","sampling conducted approx about 10m away from shore, 10m apart",NA,"Morro Bay, California","Morro Bay, California",nextseq-2023,NA,NA
pecoe-1201,Field blank,motu61,67,No BLAST hit,No BLAST hit,MB_CB,CA_MB,CA_MB,35.37211,-120.86052,NA,NA,NA,NA,ASV69,NA,No BLAST hit,No BLAST hit,NA,NA,NA,NA,NA,NA,1,2023-08-17,NA,NA,exblank-2023-58,1000,2023,; xn tech:  ; xn date: Dec-12-2023; xn notes: ; filtration comments: none; tech: Silvio Carvalho,Coleman Beach,"M.O'Connor, B.Grassman, J.Taylor",0-0.5,33.7,18.3,by_foot,1.0,present,"dense eelgrass cover, heavy epiphyte cover, long blades","sampling conducted approx about 10m away from shore, 10m apart",NA,"Morro Bay, California","Morro Bay, California",nextseq-2023,NA,NA
pecoe-1201,Field blank,motu171,1281,Unknown fungi,Unknown fungi,MB_CB,CA_MB,CA_MB,35.37211,-120.86052,NA,NA,NA,NA,ASV1411,offtarget,Unknown fungi,Unknown fungi,offtarget,97.619,8.439999999999999e-121,Eukaryota,NA,NA,1,2023-08-17,NA,NA,exblank-2023-58,1000,2023,; xn tech:  ; xn date: Dec-12-2023; xn notes: ; filtration comments: none; tech: Silvio Carvalho,Coleman Beach,"M.O'Connor, B.Grassman, J.Taylor",0-0.5,33.7,18.3,by_foot,1.0,present,"dense eelgrass cover, heavy epiphyte cover, long blades","sampling conducted approx about 10m away from shore, 10m apart",NA,"Morro Bay, California","Morro Bay, California",nextseq-2023,NA,NA
pecoe-1216,Field blank,motu1659,61,Unknown organism,Unknown organism,LA_LN,CA_LA,CA_LA,33.602146,-117.8826433,NA,NA,NA,NA,ASV4158,offtarget,Unknown organism,Unknown organism,offtarget,88.755,2.48e-81,NA,NA,NA,1,2023-07-17,NA,12:01:00,exblank-2023-52,1000,2023,; xn tech:  ; xn date: Oct-20-2023; xn notes: ; filtration comments: none; tech: Silvio Carvalho,Lower Newport Bay,"Sarah Joy Bittick, Nolan Abi-Hanna, Mia Vafadari",0-0.5,33.128,19.9,by_foot,2,present,dense,"samples taken approximately parallel to shore in the western direction, same depth and 10 meters apart",tide higher than what we've collected at in the past,"Los Angeles, California","Los Angeles, California",nextseq-2023,NA,NA
pecoe-1246,Field blank,motu374,8,Bacteria,Bacteria,IC_SHS,BC_IC,BC_IC,50.09115,-125.043783,Ralstonia,Burkholderiaceae,Burkholderiales,Betaproteobacteria,ASV978,offtarget,Bacteria,Bacteria,offtarget,100,2.31e-131,Bacteria,Pseudomonadota,NA,1,2023-07-15,12:20:00,15:39:00,exblank-2023-49,1000,2023,; xn tech:  ; xn date: Aug-25-2023; xn notes: ; filtration comments:  ; tech: Wyth Marshall,Shark Spit,"CP, AO, ZM, AN",0-0.5,24.37,19.3,by_boat,2023-02-03 00:00:00,present,NA,"parallel to shore, ~ 10m apart, tried to maintain same depth for each sample",NA,"Inner Coast, British Columbia","Inner Coast, British Columbia",nextseq-2023,NA,NA
pecoe-0881,Field blank,motu2380,3,Bacteria,Bacteria,PS_IC,WA_PS,WA_PSb,48.5629309,-122.9354436,NA,NA,NA,NA,ASV5084,offtarget,Bacteria,Bacteria,offtarget,85.769,2.55e-71,Bacteria,NA,NA,1,2023-07-17,NA,13:27:00,exblank-2023-41,1000,2023,1000mL filtered; xn tech:  ; xn date: Aug-09-2023; xn notes: ; filtration comments: none; tech: Wyth Marshall,Indian Cove,"Olivia Graham, Audrey Vinton, Baylen Ratliff",1-2,NA,NA,by_boat,2.8,present,"Pretty dense and robust subtidal meadow, continuous. Sampled in subtidal meadow.","Sampled from boat during choppy conditions. Sampled approximately severl meters apart, but had to estimate. Definitely saw eelgrass while sampling.",NA,"Puget Sound & Padilla Bay, Washington","San Juan Islands, Washington",nextseq-2023,NA,NA
pecoe-0886,Field blank,motu2196,12,Unknown bacteria,Bacteria,PS_NC,WA_PS,WA_PSb,48.704317,-123.0571814,NA,NA,NA,NA,ASV4891,offtarget,Unknown bacteria,Bacteria,offtarget,98.413,3.9e-124,Bacteria,NA,NA,1,2023-07-18,NA,15:21:00,exblank-2023-41,1000,2023,1000mL; xn tech:  ; xn date: Aug-09-2023; xn notes: ; filtration comments: none; tech: Wyth Marshall,"North Cove, Waldron Island","Olivia Graham, Audrey Vinton",0-0.5,NA,NA,by_boat,1.9,present,A dense and lush subtidal meadow. Fairly continuous from intertidal to subtidal. Some patchy but fairly continuous.,"Consistent deapth, parallel to shore, approx 10m apart.",Fair bit of algae and prostrate kelp. Lots of submerged rocks.,"Puget Sound & Padilla Bay, Washington","San Juan Islands, Washington",nextseq-2023,NA,NA
pecoe-0906,Field blank,motu1341,111,Unknown organism,Unknown organism,HG_SB,BC_HG,BC_HGa,52.63123,-131.60669,NA,NA,NA,NA,ASV3580,offtarget,Unknown organism,Unknown organism,offtarget,99.206,1.7999999999999998e-127,NA,NA,NA,1,2023-07-04,NA,NA,exblank-2023-42,1000,2023,; xn tech:  ; xn date: Aug-10-2023; xn notes: ; filtration comments: none; tech: Wyth Marshall,Sedgwick Bay,"Lynn Lee, Fiona Francis, Preston Sloan",0-0.5,33.53,14.7,by_boat,2.3,present,continous meadow; intertidal and subtidal; 90-100% eelgrass coverage; ~1 m eelgrass height,sampled along eelgrass meadow at intervals of roughly 10 m,"GPS point at Sample 1; Sample 2: 52.63118, -131.60666; Sample 3: 52.63142, -131.60750; Sample 4: 52.63135, -131.60822","Haida Gwaii, British Columbia","Haida Gwaii, British Columbia",nextseq-2023,NA,NA
pecoe-0911,Field blank,motu5,205121,Gasterosteus aculeatus,Three-spined stickleback,HG_BH,BC_HG,BC_HGa,52.34844,-131.36333,Gasterosteus,Gasterosteidae,Perciformes,Teleostei,ASV5,species,Gasterosteus aculeatus,Three-spined stickleback,species,100,7.31e-85,Eukaryota,Chordata,0,1,2023-07-05,07:57:00,13:39:00,exblank-2023-42,1000,2023,filtered- 1000ml; xn tech:  ; xn date: Aug-10-2023; xn notes: ; filtration comments: none; tech: Wyth Marshall,Bag Harbour,"Lynn Lee, Fiona Francis",0-0.5,33.31,16.6,by_boat,2.3,present,"fringing meadow with shorter, slightly patchy eelgrass along intertidal to shallow subtidal edge of bay",sampled along eelgrass meadow at intervals of roughly 10 m,"GPS point at Sample 1; Sample 2: 52.20432, -131.14165; Sample 3 52.20418, -131.14047; Sample 4: 52.20352, -131.13986","Haida Gwaii, British Columbia","Haida Gwaii, British Columbia",nextseq-2023,NA,NA
pecoe-0911,Field blank,motu5,205121,Gasterosteus aculeatus,Three-spined stickleback,HG_BH,BC_HG,BC_HGa,52.34844,-131.36333,Gasterosteus,Gasterosteidae,Perciformes,Teleostei,ASV5,species,Gasterosteus aculeatus,Three-spined stickleback,species,100,7.31e-85,Eukaryota,Chordata,0,1,2023-07-05,07:57:00,13:39:00,exblank-2023-42,1000,2023,filtered- 1000ml; xn tech:  ; xn date: Aug-10-2023; xn notes: ; filtration comments: none; tech: Wyth Marshall,Bag Harbour,"Lynn Lee, Fiona Francis",0-0.5,33.31,16.6,by_boat,2.3,present,"fringing meadow with shorter, slightly patchy eelgrass along intertidal to shallow subtidal edge of bay",sampled along eelgrass meadow at intervals of roughly 10 m,"GPS point at Sample 1; Sample 2: 52.20432, -131.14165; Sample 3 52.20418, -131.14047; Sample 4: 52.20352, -131.13986","Haida Gwaii, British Columbia","Haida Gwaii, British Columbia",nextseq-2023,NA,NA
pecoe-0911,Field blank,motu61,155,No BLAST hit,No BLAST hit,HG_BH,BC_HG,BC_HGa,52.34844,-131.36333,NA,NA,NA,NA,ASV69,NA,No BLAST hit,No BLAST hit,NA,NA,NA,NA,NA,NA,1,2023-07-05,07:57:00,13:39:00,exblank-2023-42,1000,2023,filtered- 1000ml; xn tech:  ; xn date: Aug-10-2023; xn notes: ; filtration comments: none; tech: Wyth Marshall,Bag Harbour,"Lynn Lee, Fiona Francis",0-0.5,33.31,16.6,by_boat,2.3,present,"fringing meadow with shorter, slightly patchy eelgrass along intertidal to shallow subtidal edge of bay",sampled along eelgrass meadow at intervals of roughly 10 m,"GPS point at Sample 1; Sample 2: 52.20432, -131.14165; Sample 3 52.20418, -131.14047; Sample 4: 52.20352, -131.13986","Haida Gwaii, British Columbia","Haida Gwaii, British Columbia",nextseq-2023,NA,NA
pecoe-0911,Field blank,motu61,155,No BLAST hit,No BLAST hit,HG_BH,BC_HG,BC_HGa,52.34844,-131.36333,NA,NA,NA,NA,ASV69,NA,No BLAST hit,No BLAST hit,NA,NA,NA,NA,NA,NA,1,2023-07-05,07:57:00,13:39:00,exblank-2023-42,1000,2023,filtered- 1000ml; xn tech:  ; xn date: Aug-10-2023; xn notes: ; filtration comments: none; tech: Wyth Marshall,Bag Harbour,"Lynn Lee, Fiona Francis",0-0.5,33.31,16.6,by_boat,2.3,present,"fringing meadow with shorter, slightly patchy eelgrass along intertidal to shallow subtidal edge of bay",sampled along eelgrass meadow at intervals of roughly 10 m,"GPS point at Sample 1; Sample 2: 52.20432, -131.14165; Sample 3 52.20418, -131.14047; Sample 4: 52.20352, -131.13986","Haida Gwaii, British Columbia","Haida Gwaii, British Columbia",nextseq-2023,NA,NA
pecoe-0916,Field blank,motu190,2604,Unknown organism,Unknown organism,HG_RI,BC_HG,BC_HGa,52.5729,-131.39542,NA,NA,NA,NA,ASV400,offtarget,Unknown organism,Unknown organism,offtarget,97.222,3.9299999999999985e-119,NA,NA,NA,1,2023-07-06,08:46:00,15:35:00,exblank-2023-42,1000,2023,filtered- 1000ml; xn tech:  ; xn date: Aug-10-2023; xn notes: ; filtration comments: none; tech: Wyth Marshall,Ramsay Island,"Lynn Lee, Fiona Francis, Jack Moseley",0.5-1,33.4,13.5,by_boat,2.9,present,"large, continuous eelgrass meadow",sampled along eelgrass meadow at intervals of roughly 10-15 m,"GPS point at Sample 1; Sample 2: 52.57266. -131.39519; Sample 3: 52.57222, -131.39552; Sample 4: 52.57193, -131.39595","Haida Gwaii, British Columbia","Haida Gwaii, British Columbia",nextseq-2023,NA,NA
pecoe-0916,Field blank,motu190,2604,Unknown organism,Unknown organism,HG_RI,BC_HG,BC_HGa,52.5729,-131.39542,NA,NA,NA,NA,ASV400,offtarget,Unknown organism,Unknown organism,offtarget,97.222,3.9299999999999985e-119,NA,NA,NA,1,2023-07-06,08:46:00,15:35:00,exblank-2023-42,1000,2023,filtered- 1000ml; xn tech:  ; xn date: Aug-10-2023; xn notes: ; filtration comments: none; tech: Wyth Marshall,Ramsay Island,"Lynn Lee, Fiona Francis, Jack Moseley",0.5-1,33.4,13.5,by_boat,2.9,present,"large, continuous eelgrass meadow",sampled along eelgrass meadow at intervals of roughly 10-15 m,"GPS point at Sample 1; Sample 2: 52.57266. -131.39519; Sample 3: 52.57222, -131.39552; Sample 4: 52.57193, -131.39595","Haida Gwaii, British Columbia","Haida Gwaii, British Columbia",nextseq-2023,NA,NA
pecoe-0916,Field blank,motu452,3,Unknown bacteria,Bacteria,HG_RI,BC_HG,BC_HGa,52.5729,-131.39542,NA,NA,NA,NA,ASV1219,offtarget,Unknown bacteria,Bacteria,offtarget,97.551,6.57e-117,Bacteria,NA,NA,1,2023-07-06,08:46:00,15:35:00,exblank-2023-42,1000,2023,filtered- 1000ml; xn tech:  ; xn date: Aug-10-2023; xn notes: ; filtration comments: none; tech: Wyth Marshall,Ramsay Island,"Lynn Lee, Fiona Francis, Jack Moseley",0.5-1,33.4,13.5,by_boat,2.9,present,"large, continuous eelgrass meadow",sampled along eelgrass meadow at intervals of roughly 10-15 m,"GPS point at Sample 1; Sample 2: 52.57266. -131.39519; Sample 3: 52.57222, -131.39552; Sample 4: 52.57193, -131.39595","Haida Gwaii, British Columbia","Haida Gwaii, British Columbia",nextseq-2023,NA,NA
pecoe-0926,Field blank,motu2310,5,No BLAST hit,No BLAST hit,PS_BV,WA_PS,WA_PSa,48.48472222,-122.4825,NA,NA,NA,NA,ASV5011,NA,No BLAST hit,No BLAST hit,NA,NA,NA,NA,NA,NA,1,2023-07-18,NA,NA,exblank-2023-43,1000,2023,; xn tech:  ; xn date: Aug-14-2023; xn notes: ; filtration comments: none; tech: Wyth Marshall,Bayview,"V.Sobocinsky, A.Haase, I.Mitchell",0-0.5,20.4,17.2,by_foot,0.5,NA,"sparse sea grass very patchy, Z.marina and Z.japonica","Sampled on foot, Temperature: 17.2C, Salinity: 20.4ppt, DO: 8.33, bottom depth: 0.5 m","NA, Coordinates updated to decimal degrees - KS 2024 October","Puget Sound & Padilla Bay, Washington","Padilla Bay, Washington",nextseq-2023,NA,NA
pecoe-0936,Field blank,motu2236,9,Bacteria,Bacteria,PS_BB,WA_PS,WA_PSa,48.72833333,-122.50611111,NA,NA,NA,NA,ASV4935,offtarget,Bacteria,Bacteria,offtarget,85.271,5.449999999999999e-68,Bacteria,NA,NA,1,2023-07-19,NA,NA,exblank-2023-43,1000,2023,; xn tech:  ; xn date: Aug-14-2023; xn notes: ; filtration comments: none; tech: Wyth Marshall,Bellingham Bay,"V.Sobocinsky, A.Haase",0.5-1,33,10,by_foot,1,present,thick,"paralel to shore, about 10m away from shore, 10m apart","NA, Coordinates updated to decimal degrees - KS 2024 October","Puget Sound & Padilla Bay, Washington","Padilla Bay, Washington",nextseq-2023,NA,NA
pecoe-0965,Field blank,motu63,216470,No BLAST hit,No BLAST hit,PP_HI,BC_PP,BC_PP,48.951385,-125.314035,NA,NA,NA,NA,ASV71,NA,No BLAST hit,No BLAST hit,NA,NA,NA,NA,NA,NA,1,2023-07-18,NA,12:32-12:49,exblank-2023-44,1000,2023,1000ml filtered; xn tech:  ; xn date: Aug-15-2023; xn notes: ; filtration comments: none; tech: Wyth Marshall,Hand Island,"Yakimishyn, Jennifer Bohlen, Krista",0-0.5,32,15.3,by_boat,1.5,present,NA,2 samples take at 1st set location; 2 samples taken at 2nd and 3rd set location,had been 48.57.0831 (1&2); 48.57.0731 (3&4)        125.18.8421 (1&2); 125.18.8121 (3&4),"Pacific Rim Park, British Columbia","Pacific Rim Park, British Columbia",nextseq-2023,NA,NA
pecoe-0970,Field blank,motu61,33,No BLAST hit,No BLAST hit,PP_JJ,BC_PP,BC_PP,48.921635,-125.2755516667,NA,NA,NA,NA,ASV69,NA,No BLAST hit,No BLAST hit,NA,NA,NA,NA,NA,NA,1,2023-07-21,NA,12:02-12:14,exblank-2023-44,1000,2023,1000ml filtered; xn tech:  ; xn date: Aug-15-2023; xn notes: ; filtration comments: none; tech: Wyth Marshall,Jaques-Jarvis Lagoon,"Yakimishyn, Jennifer Bohlen, Krista",0-0.5,32,16.8,by_boat,2.2,present,"lots of decaying, epiphytes on blades",samples taken 10m apart,had been 48.55.2981 (#1); 48.55.278 (#4)        125.16.5331 (#1); 125.16.576 (#4),"Pacific Rim Park, British Columbia","Pacific Rim Park, British Columbia",nextseq-2023,NA,NA
pecoe-0970,Field blank,motu61,33,No BLAST hit,No BLAST hit,PP_JJ,BC_PP,BC_PP,48.921635,-125.2755516667,NA,NA,NA,NA,ASV69,NA,No BLAST hit,No BLAST hit,NA,NA,NA,NA,NA,NA,1,2023-07-21,NA,12:02-12:14,exblank-2023-44,1000,2023,1000ml filtered; xn tech:  ; xn date: Aug-15-2023; xn notes: ; filtration comments: none; tech: Wyth Marshall,Jaques-Jarvis Lagoon,"Yakimishyn, Jennifer Bohlen, Krista",0-0.5,32,16.8,by_boat,2.2,present,"lots of decaying, epiphytes on blades",samples taken 10m apart,had been 48.55.2981 (#1); 48.55.278 (#4)        125.16.5331 (#1); 125.16.576 (#4),"Pacific Rim Park, British Columbia","Pacific Rim Park, British Columbia",nextseq-2023,NA,NA
pecoe-0970,Field blank,motu83,163360,Sus scrofa,Pig,PP_JJ,BC_PP,BC_PP,48.921635,-125.2755516667,Sus,Suidae,Artiodactyla,Mammalia,ASV106,offtarget,Sus scrofa,Pig,offtarget,100,2.05e-85,Eukaryota,Chordata,NA,1,2023-07-21,NA,12:02-12:14,exblank-2023-44,1000,2023,1000ml filtered; xn tech:  ; xn date: Aug-15-2023; xn notes: ; filtration comments: none; tech: Wyth Marshall,Jaques-Jarvis Lagoon,"Yakimishyn, Jennifer Bohlen, Krista",0-0.5,32,16.8,by_boat,2.2,present,"lots of decaying, epiphytes on blades",samples taken 10m apart,had been 48.55.2981 (#1); 48.55.278 (#4)        125.16.5331 (#1); 125.16.576 (#4),"Pacific Rim Park, British Columbia","Pacific Rim Park, British Columbia",nextseq-2023,NA,NA
pecoe-0971,Field blank,motu63,82199,No BLAST hit,No BLAST hit,PP_C,BC_PP,BC_PP,48.8883,-125.3798333333,NA,NA,NA,NA,ASV71,NA,No BLAST hit,No BLAST hit,NA,NA,NA,NA,NA,NA,1,2023-07-19,NA,13:20-13:38,exblank-2023-44,1000,2023,1000ml filtered; xn tech:  ; xn date: Aug-15-2023; xn notes: ; filtration comments: none; tech: Wyth Marshall,Clarke,"Yakimishyn, Jennifer Bohlen, Krista",0-0.5,32.5,13,by_boat,1.25,present,NA,"~10m apart, ~1.0m depth, over eelgrass",had been 48.53.298; 48.53.2891 (4th sample)        125.22.790; 125.22.8031 (4th sample),"Pacific Rim Park, British Columbia","Pacific Rim Park, British Columbia",nextseq-2023,NA,NA
pecoe-0971,Field blank,motu83,40460,Sus scrofa,Pig,PP_C,BC_PP,BC_PP,48.8883,-125.3798333333,Sus,Suidae,Artiodactyla,Mammalia,ASV101,offtarget,Sus scrofa,Pig,offtarget,100,2.05e-85,Eukaryota,Chordata,NA,1,2023-07-19,NA,13:20-13:38,exblank-2023-44,1000,2023,1000ml filtered; xn tech:  ; xn date: Aug-15-2023; xn notes: ; filtration comments: none; tech: Wyth Marshall,Clarke,"Yakimishyn, Jennifer Bohlen, Krista",0-0.5,32.5,13,by_boat,1.25,present,NA,"~10m apart, ~1.0m depth, over eelgrass",had been 48.53.298; 48.53.2891 (4th sample)        125.22.790; 125.22.8031 (4th sample),"Pacific Rim Park, British Columbia","Pacific Rim Park, British Columbia",nextseq-2023,NA,NA
pecoe-0971,Field blank,motu83,40460,Sus scrofa,Pig,PP_C,BC_PP,BC_PP,48.8883,-125.3798333333,Sus,Suidae,Artiodactyla,Mammalia,ASV101,offtarget,Sus scrofa,Pig,offtarget,100,2.05e-85,Eukaryota,Chordata,NA,1,2023-07-19,NA,13:20-13:38,exblank-2023-44,1000,2023,1000ml filtered; xn tech:  ; xn date: Aug-15-2023; xn notes: ; filtration comments: none; tech: Wyth Marshall,Clarke,"Yakimishyn, Jennifer Bohlen, Krista",0-0.5,32.5,13,by_boat,1.25,present,NA,"~10m apart, ~1.0m depth, over eelgrass",had been 48.53.298; 48.53.2891 (4th sample)        125.22.790; 125.22.8031 (4th sample),"Pacific Rim Park, British Columbia","Pacific Rim Park, British Columbia",nextseq-2023,NA,NA
pecoe-0976,Field blank,motu250,5738,Cyanobacteria,Cyanobacteria,HG_DSD,BC_HG,BC_HGa,54.010167,-132.138033,NA,NA,NA,NA,ASV590,offtarget,Cyanobacteria,Cyanobacteria,offtarget,98.814,2.3299999999999998e-126,Bacteria,Cyanobacteriota,NA,1,2023-08-05,12:00:00,14:53:00,exblank-2023-57,950,2023,filtered-950ml; xn tech:  ; xn date: Nov-2-2023; xn notes: ; filtration comments: none; tech: Silvio Carvalho,Delkatla Slough,MHL,0-0.5,NA,NA,NA,0m,present,"fringing bed and small embayment in estuary, dense and continuous","10m apart along fringing eelgrass bed (~5m wide) along channel, and one sample in very small embayment w seagrass","may be a slightly different location from 2020 samples, which were likely from the dock; latlong had been 54deg0.610'N  132deg8.282'W, Coordinates updated to decimal degrees - KS 2024 October","Haida Gwaii, British Columbia","Haida Gwaii, British Columbia",nextseq-2023,NA,NA
pecoe-0976,Field blank,motu296,3709,Cyanobacteriota,Bacteria,HG_DSD,BC_HG,BC_HGa,54.010167,-132.138033,NA,NA,NA,NA,ASV753,offtarget,Cyanobacteriota,Bacteria,offtarget,85.827,2.52e-71,Bacteria,Cyanobacteriota,NA,1,2023-08-05,12:00:00,14:53:00,exblank-2023-57,950,2023,filtered-950ml; xn tech:  ; xn date: Nov-2-2023; xn notes: ; filtration comments: none; tech: Silvio Carvalho,Delkatla Slough,MHL,0-0.5,NA,NA,NA,0m,present,"fringing bed and small embayment in estuary, dense and continuous","10m apart along fringing eelgrass bed (~5m wide) along channel, and one sample in very small embayment w seagrass","may be a slightly different location from 2020 samples, which were likely from the dock; latlong had been 54deg0.610'N  132deg8.282'W, Coordinates updated to decimal degrees - KS 2024 October","Haida Gwaii, British Columbia","Haida Gwaii, British Columbia",nextseq-2023,NA,NA
pecoe-0976,Field blank,motu2197,12,Unknown bacteria,Bacteria,HG_DSD,BC_HG,BC_HGa,54.010167,-132.138033,NA,NA,NA,NA,ASV4892,offtarget,Unknown bacteria,Bacteria,offtarget,96.047,1.1e-114,Bacteria,NA,NA,1,2023-08-05,12:00:00,14:53:00,exblank-2023-57,950,2023,filtered-950ml; xn tech:  ; xn date: Nov-2-2023; xn notes: ; filtration comments: none; tech: Silvio Carvalho,Delkatla Slough,MHL,0-0.5,NA,NA,NA,0m,present,"fringing bed and small embayment in estuary, dense and continuous","10m apart along fringing eelgrass bed (~5m wide) along channel, and one sample in very small embayment w seagrass","may be a slightly different location from 2020 samples, which were likely from the dock; latlong had been 54deg0.610'N  132deg8.282'W, Coordinates updated to decimal degrees - KS 2024 October","Haida Gwaii, British Columbia","Haida Gwaii, British Columbia",nextseq-2023,NA,NA
pecoe-0981,Field blank,motu216,8467,Unknown bacteria,Bacteria,HG_MDD,BC_HG,BC_HGa,54.0093,-132.149633,Brucella,Brucellaceae,Hyphomicrobiales,Alphaproteobacteria,ASV473,offtarget,Unknown bacteria,Bacteria,offtarget,100,2.31e-131,Bacteria,Pseudomonadota,NA,1,2023-08-05,12:58:00,17:35:00,exblank-2023-58,700,2023,filtered-700ml; xn tech:  ; xn date: Dec-12-2023; xn notes: ; filtration comments: none; tech: Silvio Carvalho,Masset Downtown Dock,MHL,0-0.5,NA,NA,NA,0m,present,"frinding bed along Masset inlet, high currents, dense, long blades","10m apart along eelgrass large morphology shallow edge (shorter morphology observed in shallows), Masset public dock to the right/North","latlong had been 54deg0.558'N 132deg8.978'W, Coordinates updated to decimal degrees - KS 2024 October","Haida Gwaii, British Columbia","Haida Gwaii, British Columbia",nextseq-2023,NA,NA
pecoe-0981,Field blank,motu253,5450,Unknown bacteria,Bacteria,HG_MDD,BC_HG,BC_HGa,54.0093,-132.149633,NA,NA,NA,NA,ASV597,offtarget,Unknown bacteria,Bacteria,offtarget,98.419,1.08e-124,Bacteria,NA,NA,1,2023-08-05,12:58:00,17:35:00,exblank-2023-58,700,2023,filtered-700ml; xn tech:  ; xn date: Dec-12-2023; xn notes: ; filtration comments: none; tech: Silvio Carvalho,Masset Downtown Dock,MHL,0-0.5,NA,NA,NA,0m,present,"frinding bed along Masset inlet, high currents, dense, long blades","10m apart along eelgrass large morphology shallow edge (shorter morphology observed in shallows), Masset public dock to the right/North","latlong had been 54deg0.558'N 132deg8.978'W, Coordinates updated to decimal degrees - KS 2024 October","Haida Gwaii, British Columbia","Haida Gwaii, British Columbia",nextseq-2023,NA,NA
pecoe-0981,Field blank,motu253,5450,Unknown bacteria,Bacteria,HG_MDD,BC_HG,BC_HGa,54.0093,-132.149633,NA,NA,NA,NA,ASV597,offtarget,Unknown bacteria,Bacteria,offtarget,98.419,1.08e-124,Bacteria,NA,NA,1,2023-08-05,12:58:00,17:35:00,exblank-2023-58,700,2023,filtered-700ml; xn tech:  ; xn date: Dec-12-2023; xn notes: ; filtration comments: none; tech: Silvio Carvalho,Masset Downtown Dock,MHL,0-0.5,NA,NA,NA,0m,present,"frinding bed along Masset inlet, high currents, dense, long blades","10m apart along eelgrass large morphology shallow edge (shorter morphology observed in shallows), Masset public dock to the right/North","latlong had been 54deg0.558'N 132deg8.978'W, Coordinates updated to decimal degrees - KS 2024 October","Haida Gwaii, British Columbia","Haida Gwaii, British Columbia",nextseq-2023,NA,NA
pecoe-0981,Field blank,motu296,55,Cyanobacteriota,Bacteria,HG_MDD,BC_HG,BC_HGa,54.0093,-132.149633,NA,NA,NA,NA,ASV753,offtarget,Cyanobacteriota,Bacteria,offtarget,85.827,2.52e-71,Bacteria,Cyanobacteriota,NA,1,2023-08-05,12:58:00,17:35:00,exblank-2023-58,700,2023,filtered-700ml; xn tech:  ; xn date: Dec-12-2023; xn notes: ; filtration comments: none; tech: Silvio Carvalho,Masset Downtown Dock,MHL,0-0.5,NA,NA,NA,0m,present,"frinding bed along Masset inlet, high currents, dense, long blades","10m apart along eelgrass large morphology shallow edge (shorter morphology observed in shallows), Masset public dock to the right/North","latlong had been 54deg0.558'N 132deg8.978'W, Coordinates updated to decimal degrees - KS 2024 October","Haida Gwaii, British Columbia","Haida Gwaii, British Columbia",nextseq-2023,NA,NA
pecoe-0981,Field blank,motu1354,179,Unknown bacteria,Bacteria,HG_MDD,BC_HG,BC_HGa,54.0093,-132.149633,NA,NA,NA,NA,ASV3613,offtarget,Unknown bacteria,Bacteria,offtarget,97.959,1.4099999999999996e-118,Bacteria,NA,NA,1,2023-08-05,12:58:00,17:35:00,exblank-2023-58,700,2023,filtered-700ml; xn tech:  ; xn date: Dec-12-2023; xn notes: ; filtration comments: none; tech: Silvio Carvalho,Masset Downtown Dock,MHL,0-0.5,NA,NA,NA,0m,present,"frinding bed along Masset inlet, high currents, dense, long blades","10m apart along eelgrass large morphology shallow edge (shorter morphology observed in shallows), Masset public dock to the right/North","latlong had been 54deg0.558'N 132deg8.978'W, Coordinates updated to decimal degrees - KS 2024 October","Haida Gwaii, British Columbia","Haida Gwaii, British Columbia",nextseq-2023,NA,NA
pecoe-0986,Field blank,motu61,1,No BLAST hit,No BLAST hit,HG_DN,BC_HG,BC_HGb,53.1542666667,-132.4371833333,NA,NA,NA,NA,ASV69,NA,No BLAST hit,No BLAST hit,NA,NA,NA,NA,NA,NA,1,2023-08-16,NA,NA,exblank-2023-55,960,2023,; xn tech:  ; xn date: Oct-28-2023; xn notes: ; filtration comments: none; tech: Silvio Carvalho,Deena,"Tayler Brown, Hannah Bregulla",0-0.5,29.29,17.64,by_foot,1.1,present,thick,10m apart consistent depth,"temperature data will be available from loggers, had used decimal minutes: 53 09.256 , 132 26.231, note that salinity/termperature data loggers are located in the channel of the creek with more freshwater input","Haida Gwaii, British Columbia","Haida Nation, British Columbia",nextseq-2023,NA,NA
pecoe-0986,Field blank,motu61,1,No BLAST hit,No BLAST hit,HG_DN,BC_HG,BC_HGb,53.1542666667,-132.4371833333,NA,NA,NA,NA,ASV69,NA,No BLAST hit,No BLAST hit,NA,NA,NA,NA,NA,NA,1,2023-08-16,NA,NA,exblank-2023-55,960,2023,; xn tech:  ; xn date: Oct-28-2023; xn notes: ; filtration comments: none; tech: Silvio Carvalho,Deena,"Tayler Brown, Hannah Bregulla",0-0.5,29.29,17.64,by_foot,1.1,present,thick,10m apart consistent depth,"temperature data will be available from loggers, had used decimal minutes: 53 09.256 , 132 26.231, note that salinity/termperature data loggers are located in the channel of the creek with more freshwater input","Haida Gwaii, British Columbia","Haida Nation, British Columbia",nextseq-2023,NA,NA
pecoe-0991,Field blank,motu190,2748,Unknown organism,Unknown organism,HG_TK,BC_HG,BC_HGb,53.15415,-132.1033333333,NA,NA,NA,NA,ASV400,offtarget,Unknown organism,Unknown organism,offtarget,97.222,3.9299999999999985e-119,NA,NA,NA,1,2023-08-17,NA,12:00:00,exblank-2023-56,960,2023,960; xn tech:  ; xn date: Oct-30-2023; xn notes: ; filtration comments: none; tech: Silvio Carvalho,Tarundl-Kagan,"Aidan Schubert, Hannah Bregulla",0-0.5,30.19,17.49,by_foot,0.9,present,"large but not super dense, 10-20cm between single plants","consistent depth, parallel to shore","temperature data will be available from loggers, had used decimal minutes: 53 14.091  132 09.175, note that salinity/termperature data loggers are located in the channel of the creek with more freshwater input","Haida Gwaii, British Columbia","Haida Nation, British Columbia",nextseq-2023,NA,NA
pecoe-0991,Field blank,motu190,2748,Unknown organism,Unknown organism,HG_TK,BC_HG,BC_HGb,53.15415,-132.1033333333,NA,NA,NA,NA,ASV400,offtarget,Unknown organism,Unknown organism,offtarget,97.222,3.9299999999999985e-119,NA,NA,NA,1,2023-08-17,NA,12:00:00,exblank-2023-56,960,2023,960; xn tech:  ; xn date: Oct-30-2023; xn notes: ; filtration comments: none; tech: Silvio Carvalho,Tarundl-Kagan,"Aidan Schubert, Hannah Bregulla",0-0.5,30.19,17.49,by_foot,0.9,present,"large but not super dense, 10-20cm between single plants","consistent depth, parallel to shore","temperature data will be available from loggers, had used decimal minutes: 53 14.091  132 09.175, note that salinity/termperature data loggers are located in the channel of the creek with more freshwater input","Haida Gwaii, British Columbia","Haida Nation, British Columbia",nextseq-2023,NA,NA
exblank-2024-062,Extraction blank,motu1,1,Cymatogaster aggregata,Shiner perch,NA,NA,NA,NA,NA,Cymatogaster,Embiotocidae,Ovalentaria incertae sedis,Teleostei,ASV1,species,Cymatogaster aggregata,Shiner perch,species,100,2.61e-84,Eukaryota,Chordata,0,1,NA,NA,NA,exblank-2024-062,NA,2024,; xn tech:  ; xn date:  ; xn notes: ; filtration comments:  ; tech:,NA,NA,NA,NA,NA,NA,NA,NA,NA,NA,NA,NA,NA,NA,NA,negpcr-2024-4
exblank-2024-062,Extraction blank,motu1,1,Cymatogaster aggregata,Shiner perch,NA,NA,NA,NA,NA,Cymatogaster,Embiotocidae,Ovalentaria incertae sedis,Teleostei,ASV1,species,Cymatogaster aggregata,Shiner perch,species,100,2.61e-84,Eukaryota,Chordata,0,1,NA,NA,NA,exblank-2024-062,NA,2024,; xn tech:  ; xn date:  ; xn notes: ; filtration comments:  ; tech:,NA,NA,NA,NA,NA,NA,NA,NA,NA,NA,NA,NA,NA,NA,NA,negpcr-2024-4
exblank-2024-063,Extraction blank,motu1,3,Cymatogaster aggregata,Shiner perch,NA,NA,NA,NA,NA,Cymatogaster,Embiotocidae,Ovalentaria incertae sedis,Teleostei,ASV291,species,Cymatogaster aggregata,Shiner perch,species,99.405,1.2099999999999999e-82,Eukaryota,Chordata,0,1,NA,NA,NA,exblank-2024-063,NA,2024,; xn tech:  ; xn date:  ; xn notes: ; filtration comments:  ; tech:,NA,NA,NA,NA,NA,NA,NA,NA,NA,NA,NA,NA,NA,NA,NA,negpcr-2024-4
exblank-2024-064,Extraction blank,motu1,2,Cymatogaster aggregata,Shiner perch,NA,NA,NA,NA,NA,Cymatogaster,Embiotocidae,Ovalentaria incertae sedis,Teleostei,ASV1,species,Cymatogaster aggregata,Shiner perch,species,100,2.61e-84,Eukaryota,Chordata,0,1,NA,NA,NA,exblank-2024-064,NA,2024,; xn tech:  ; xn date:  ; xn notes: ; filtration comments:  ; tech:,NA,NA,NA,NA,NA,NA,NA,NA,NA,NA,NA,NA,NA,NA,NA,negpcr-2024-4
exblank-2024-064,Extraction blank,motu1,2,Cymatogaster aggregata,Shiner perch,NA,NA,NA,NA,NA,Cymatogaster,Embiotocidae,Ovalentaria incertae sedis,Teleostei,ASV1,species,Cymatogaster aggregata,Shiner perch,species,100,2.61e-84,Eukaryota,Chordata,0,1,NA,NA,NA,exblank-2024-064,NA,2024,; xn tech:  ; xn date:  ; xn notes: ; filtration comments:  ; tech:,NA,NA,NA,NA,NA,NA,NA,NA,NA,NA,NA,NA,NA,NA,NA,negpcr-2024-4
exblank-2024-066,Extraction blank,motu1,2,Cymatogaster aggregata,Shiner perch,NA,NA,NA,NA,NA,Cymatogaster,Embiotocidae,Ovalentaria incertae sedis,Teleostei,ASV1,species,Cymatogaster aggregata,Shiner perch,species,100,2.61e-84,Eukaryota,Chordata,0,1,NA,NA,NA,exblank-2024-066,NA,2024,; xn tech:  ; xn date:  ; xn notes: ; filtration comments:  ; tech:,NA,NA,NA,NA,NA,NA,NA,NA,NA,NA,NA,NA,NA,NA,NA,negpcr-2024-4
exblank-2024-066,Extraction blank,motu1,2,Cymatogaster aggregata,Shiner perch,NA,NA,NA,NA,NA,Cymatogaster,Embiotocidae,Ovalentaria incertae sedis,Teleostei,ASV1,species,Cymatogaster aggregata,Shiner perch,species,100,2.61e-84,Eukaryota,Chordata,0,1,NA,NA,NA,exblank-2024-066,NA,2024,; xn tech:  ; xn date:  ; xn notes: ; filtration comments:  ; tech:,NA,NA,NA,NA,NA,NA,NA,NA,NA,NA,NA,NA,NA,NA,NA,negpcr-2024-4
exblank-2024-068,Extraction blank,motu3,1,Clupea pallasii,Pacific herring,NA,NA,NA,NA,NA,Clupea,Clupeidae,Clupeiformes,Teleostei,ASV3,species,Clupea pallasii,Pacific herring,species,100,1.6e-86,Eukaryota,Chordata,0,1,NA,NA,NA,exblank-2024-068,NA,2024,; xn tech:  ; xn date:  ; xn notes: ; filtration comments:  ; tech:,NA,NA,NA,NA,NA,NA,NA,NA,NA,NA,NA,NA,NA,NA,NA,negpcr-2024-4
exblank-2024-068,Extraction blank,motu3,1,Clupea pallasii,Pacific herring,NA,NA,NA,NA,NA,Clupea,Clupeidae,Clupeiformes,Teleostei,ASV3,species,Clupea pallasii,Pacific herring,species,100,1.6e-86,Eukaryota,Chordata,0,1,NA,NA,NA,exblank-2024-068,NA,2024,; xn tech:  ; xn date:  ; xn notes: ; filtration comments:  ; tech:,NA,NA,NA,NA,NA,NA,NA,NA,NA,NA,NA,NA,NA,NA,NA,negpcr-2024-4
exblank-2024-071,Extraction blank,motu154,4,Unknown organism,Unknown organism,NA,NA,NA,NA,NA,NA,NA,NA,NA,ASV716,offtarget,Unknown organism,Unknown organism,offtarget,100,5.04e-133,NA,NA,NA,1,NA,NA,NA,exblank-2024-071,NA,2024,; xn tech:  ; xn date:  ; xn notes: ; filtration comments:  ; tech:,NA,NA,NA,NA,NA,NA,NA,NA,NA,NA,NA,NA,NA,NA,NA,negpcr-2024-4
exblank-2024-072,Extraction blank,motu61,6159,No BLAST hit,No BLAST hit,NA,NA,NA,NA,NA,NA,NA,NA,NA,ASV69,NA,No BLAST hit,No BLAST hit,NA,NA,NA,NA,NA,NA,1,NA,NA,NA,exblank-2024-072,NA,2024,; xn tech:  ; xn date:  ; xn notes: ; filtration comments:  ; tech:,NA,NA,NA,NA,NA,NA,NA,NA,NA,NA,NA,NA,NA,NA,NA,negpcr-2024-4
exblank-2024-072,Extraction blank,motu61,6159,No BLAST hit,No BLAST hit,NA,NA,NA,NA,NA,NA,NA,NA,NA,ASV69,NA,No BLAST hit,No BLAST hit,NA,NA,NA,NA,NA,NA,1,NA,NA,NA,exblank-2024-072,NA,2024,; xn tech:  ; xn date:  ; xn notes: ; filtration comments:  ; tech:,NA,NA,NA,NA,NA,NA,NA,NA,NA,NA,NA,NA,NA,NA,NA,negpcr-2024-4
exblank-2024-073,Extraction blank,motu1976,41,Unknown organism,Unknown organism,NA,NA,NA,NA,NA,NA,NA,NA,NA,ASV4636,offtarget,Unknown organism,Unknown organism,offtarget,89.062,2.5e-86,NA,NA,NA,1,NA,NA,NA,exblank-2024-073,NA,2024,; xn tech:  ; xn date:  ; xn notes: ; filtration comments:  ; tech:,NA,NA,NA,NA,NA,NA,NA,NA,NA,NA,NA,NA,NA,NA,NA,negpcr-2024-4
exblank-2024-074,Extraction blank,motu1,1,Cymatogaster aggregata,Shiner perch,NA,NA,NA,NA,NA,Cymatogaster,Embiotocidae,Ovalentaria incertae sedis,Teleostei,ASV1,species,Cymatogaster aggregata,Shiner perch,species,100,2.61e-84,Eukaryota,Chordata,0,1,NA,NA,NA,exblank-2024-074,NA,2024,; xn tech:  ; xn date:  ; xn notes: ; filtration comments:  ; tech:,NA,NA,NA,NA,NA,NA,NA,NA,NA,NA,NA,NA,NA,NA,NA,negpcr-2024-4
exblank-2024-074,Extraction blank,motu1,1,Cymatogaster aggregata,Shiner perch,NA,NA,NA,NA,NA,Cymatogaster,Embiotocidae,Ovalentaria incertae sedis,Teleostei,ASV1,species,Cymatogaster aggregata,Shiner perch,species,100,2.61e-84,Eukaryota,Chordata,0,1,NA,NA,NA,exblank-2024-074,NA,2024,; xn tech:  ; xn date:  ; xn notes: ; filtration comments:  ; tech:,NA,NA,NA,NA,NA,NA,NA,NA,NA,NA,NA,NA,NA,NA,NA,negpcr-2024-4
exblank-2024-080,Extraction blank,motu1,228132,Cymatogaster aggregata,Shiner perch,NA,NA,NA,NA,NA,Cymatogaster,Embiotocidae,Ovalentaria incertae sedis,Teleostei,ASV1,species,Cymatogaster aggregata,Shiner perch,species,100,2.61e-84,Eukaryota,Chordata,0,1,NA,NA,NA,exblank-2024-080,NA,2024,; xn tech:  ; xn date:  ; xn notes: ; filtration comments:  ; tech:,NA,NA,NA,NA,NA,NA,NA,NA,NA,NA,NA,NA,NA,NA,NA,negpcr-2024-4
exblank-2024-080,Extraction blank,motu1,228132,Cymatogaster aggregata,Shiner perch,NA,NA,NA,NA,NA,Cymatogaster,Embiotocidae,Ovalentaria incertae sedis,Teleostei,ASV1,species,Cymatogaster aggregata,Shiner perch,species,100,2.61e-84,Eukaryota,Chordata,0,1,NA,NA,NA,exblank-2024-080,NA,2024,; xn tech:  ; xn date:  ; xn notes: ; filtration comments:  ; tech:,NA,NA,NA,NA,NA,NA,NA,NA,NA,NA,NA,NA,NA,NA,NA,negpcr-2024-4
exblank-2024-080,Extraction blank,motu14,134887,Myoxocephalus,Myoxocephalus sculpin species,NA,NA,NA,NA,NA,Myoxocephalus,Cottidae,Perciformes,Teleostei,ASV14,genus,Myoxocephalus,Myoxocephalus sculpin species,genus,100,7.31e-85,Eukaryota,Chordata,0,1,NA,NA,NA,exblank-2024-080,NA,2024,; xn tech:  ; xn date:  ; xn notes: ; filtration comments:  ; tech:,NA,NA,NA,NA,NA,NA,NA,NA,NA,NA,NA,NA,NA,NA,NA,negpcr-2024-4
exblank-2024-080,Extraction blank,motu14,134887,Myoxocephalus,Myoxocephalus sculpin species,NA,NA,NA,NA,NA,Myoxocephalus,Cottidae,Perciformes,Teleostei,ASV14,genus,Myoxocephalus,Myoxocephalus sculpin species,genus,100,7.31e-85,Eukaryota,Chordata,0,1,NA,NA,NA,exblank-2024-080,NA,2024,; xn tech:  ; xn date:  ; xn notes: ; filtration comments:  ; tech:,NA,NA,NA,NA,NA,NA,NA,NA,NA,NA,NA,NA,NA,NA,NA,negpcr-2024-4
exblank-2024-081,Extraction blank,motu60,171290,Liparis greeni,Lobefin snailfish,NA,NA,NA,NA,NA,Liparis,Liparidae,Perciformes,Teleostei,ASV68,species,Liparis greeni,Lobefin snailfish,species,98.824,4.43e-82,Eukaryota,Chordata,0,1,NA,NA,NA,exblank-2024-081,NA,2024,; xn tech:  ; xn date:  ; xn notes: ; filtration comments:  ; tech:,NA,NA,NA,NA,NA,NA,NA,NA,NA,NA,NA,NA,NA,NA,NA,negpcr-2024-4
exblank-2024-081,Extraction blank,motu60,171290,Liparis greeni,Lobefin snailfish,NA,NA,NA,NA,NA,Liparis,Liparidae,Perciformes,Teleostei,ASV68,species,Liparis greeni,Lobefin snailfish,species,98.824,4.43e-82,Eukaryota,Chordata,0,1,NA,NA,NA,exblank-2024-081,NA,2024,; xn tech:  ; xn date:  ; xn notes: ; filtration comments:  ; tech:,NA,NA,NA,NA,NA,NA,NA,NA,NA,NA,NA,NA,NA,NA,NA,negpcr-2024-4
exblank-2024-081,Extraction blank,motu1490,15,Unknown bacteria,Bacteria,NA,NA,NA,NA,NA,NA,NA,NA,NA,ASV3878,offtarget,Unknown bacteria,Bacteria,offtarget,99.609,2.35e-131,Bacteria,NA,NA,1,NA,NA,NA,exblank-2024-081,NA,2024,; xn tech:  ; xn date:  ; xn notes: ; filtration comments:  ; tech:,NA,NA,NA,NA,NA,NA,NA,NA,NA,NA,NA,NA,NA,NA,NA,negpcr-2024-4
exblank-2024-086,Extraction blank,motu2,46791,Leptocottus armatus,Pacific staghorn sculpin,NA,NA,NA,NA,NA,Leptocottus,Cottidae,Perciformes,Teleostei,ASV2,species,Leptocottus armatus,Pacific staghorn sculpin,species,100,2.05e-85,Eukaryota,Chordata,0,1,NA,NA,NA,exblank-2024-086,NA,2024,; xn tech:  ; xn date:  ; xn notes: ; filtration comments:  ; tech:,NA,NA,NA,NA,NA,NA,NA,NA,NA,NA,NA,NA,NA,NA,NA,negpcr-2024-4
exblank-2024-086,Extraction blank,motu2,46791,Leptocottus armatus,Pacific staghorn sculpin,NA,NA,NA,NA,NA,Leptocottus,Cottidae,Perciformes,Teleostei,ASV2,species,Leptocottus armatus,Pacific staghorn sculpin,species,100,2.05e-85,Eukaryota,Chordata,0,1,NA,NA,NA,exblank-2024-086,NA,2024,; xn tech:  ; xn date:  ; xn notes: ; filtration comments:  ; tech:,NA,NA,NA,NA,NA,NA,NA,NA,NA,NA,NA,NA,NA,NA,NA,negpcr-2024-4
exblank-2024-087,Extraction blank,motu4,57930,Atherinopsis californiensis,Jack silverside,NA,NA,NA,NA,NA,Atherinopsis,Atherinidae,Atheriniformes,Teleostei,ASV4,species,Atherinopsis,Atherinopsis silverside species,genus,95.858,1.23e-72,Eukaryota,Chordata,0,1,NA,NA,NA,exblank-2024-087,NA,2024,; xn tech:  ; xn date:  ; xn notes: ; filtration comments:  ; tech:,NA,NA,NA,NA,NA,NA,NA,NA,NA,NA,NA,NA,NA,NA,NA,negpcr-2024-4
exblank-2024-087,Extraction blank,motu4,57930,Atherinopsis californiensis,Jack silverside,NA,NA,NA,NA,NA,Atherinopsis,Atherinidae,Atheriniformes,Teleostei,ASV4,species,Atherinopsis,Atherinopsis silverside species,genus,95.858,1.23e-72,Eukaryota,Chordata,0,1,NA,NA,NA,exblank-2024-087,NA,2024,; xn tech:  ; xn date:  ; xn notes: ; filtration comments:  ; tech:,NA,NA,NA,NA,NA,NA,NA,NA,NA,NA,NA,NA,NA,NA,NA,negpcr-2024-4
exblank-2024-087,Extraction blank,motu74,1748,Blepsias cirrhosus,Silverspotted sculpin,NA,NA,NA,NA,NA,Blepsias,Hemitripteridae,Perciformes,Teleostei,ASV85,species,Blepsias cirrhosus,Silverspotted sculpin,species,100,7.31e-85,Eukaryota,Chordata,0,1,NA,NA,NA,exblank-2024-087,NA,2024,; xn tech:  ; xn date:  ; xn notes: ; filtration comments:  ; tech:,NA,NA,NA,NA,NA,NA,NA,NA,NA,NA,NA,NA,NA,NA,NA,negpcr-2024-4
exblank-2024-087,Extraction blank,motu74,1748,Blepsias cirrhosus,Silverspotted sculpin,NA,NA,NA,NA,NA,Blepsias,Hemitripteridae,Perciformes,Teleostei,ASV85,species,Blepsias cirrhosus,Silverspotted sculpin,species,100,7.31e-85,Eukaryota,Chordata,0,1,NA,NA,NA,exblank-2024-087,NA,2024,; xn tech:  ; xn date:  ; xn notes: ; filtration comments:  ; tech:,NA,NA,NA,NA,NA,NA,NA,NA,NA,NA,NA,NA,NA,NA,NA,negpcr-2024-4
exblank-2024-087,Extraction blank,motu74,108833,Blepsias cirrhosus,Silverspotted sculpin,NA,NA,NA,NA,NA,Blepsias,Hemitripteridae,Perciformes,Teleostei,ASV134,species,Blepsias cirrhosus,Silverspotted sculpin,species,99.408,3.4e-83,Eukaryota,Chordata,0,1,NA,NA,NA,exblank-2024-087,NA,2024,; xn tech:  ; xn date:  ; xn notes: ; filtration comments:  ; tech:,NA,NA,NA,NA,NA,NA,NA,NA,NA,NA,NA,NA,NA,NA,NA,negpcr-2024-4
exblank-2024-089,Extraction blank,motu9,241208,Paralabrax maculatofasciatus,Spotted sand bass,NA,NA,NA,NA,NA,Paralabrax,Serranidae,Perciformes,Teleostei,ASV9,species,Paralabrax maculatofasciatus,Spotted sand bass,species,100,7.31e-85,Eukaryota,Chordata,0,1,NA,NA,NA,exblank-2024-089,NA,2024,; xn tech:  ; xn date:  ; xn notes: ; filtration comments:  ; tech:,NA,NA,NA,NA,NA,NA,NA,NA,NA,NA,NA,NA,NA,NA,NA,negpcr-2024-4
exblank-2024-089,Extraction blank,motu9,241208,Paralabrax maculatofasciatus,Spotted sand bass,NA,NA,NA,NA,NA,Paralabrax,Serranidae,Perciformes,Teleostei,ASV9,species,Paralabrax maculatofasciatus,Spotted sand bass,species,100,7.31e-85,Eukaryota,Chordata,0,1,NA,NA,NA,exblank-2024-089,NA,2024,; xn tech:  ; xn date:  ; xn notes: ; filtration comments:  ; tech:,NA,NA,NA,NA,NA,NA,NA,NA,NA,NA,NA,NA,NA,NA,NA,negpcr-2024-4
negpcr-2024-3,PCR blank,motu1,3,Cymatogaster aggregata,Shiner perch,NA,NA,NA,NA,NA,Cymatogaster,Embiotocidae,Ovalentaria incertae sedis,Teleostei,ASV1,species,Cymatogaster aggregata,Shiner perch,species,100,2.61e-84,Eukaryota,Chordata,0,1,NA,NA,NA,NA,NA,2024,; xn tech:  ; xn date:  ; xn notes: ; filtration comments:  ; tech:,NA,NA,NA,NA,NA,NA,NA,NA,NA,NA,NA,NA,NA,NA,NA,negpcr-2024-3
negpcr-2024-3,PCR blank,motu1,3,Cymatogaster aggregata,Shiner perch,NA,NA,NA,NA,NA,Cymatogaster,Embiotocidae,Ovalentaria incertae sedis,Teleostei,ASV1,species,Cymatogaster aggregata,Shiner perch,species,100,2.61e-84,Eukaryota,Chordata,0,1,NA,NA,NA,NA,NA,2024,; xn tech:  ; xn date:  ; xn notes: ; filtration comments:  ; tech:,NA,NA,NA,NA,NA,NA,NA,NA,NA,NA,NA,NA,NA,NA,NA,negpcr-2024-3
negpcr-2024-4,PCR blank,motu17,1,Lumpenus sagitta,Snake prickleback,NA,NA,NA,NA,NA,Lumpenus,Stichaeidae,Perciformes,Teleostei,ASV17,species,Lumpenus sagitta,Snake prickleback,species,100,7.31e-85,Eukaryota,Chordata,0,1,NA,NA,NA,NA,NA,2024,; xn tech:  ; xn date:  ; xn notes: ; filtration comments:  ; tech:,NA,NA,NA,NA,NA,NA,NA,NA,NA,NA,NA,NA,NA,NA,NA,negpcr-2024-4
negpcr-2024-4,PCR blank,motu17,1,Lumpenus sagitta,Snake prickleback,NA,NA,NA,NA,NA,Lumpenus,Stichaeidae,Perciformes,Teleostei,ASV17,species,Lumpenus sagitta,Snake prickleback,species,100,7.31e-85,Eukaryota,Chordata,0,1,NA,NA,NA,NA,NA,2024,; xn tech:  ; xn date:  ; xn notes: ; filtration comments:  ; tech:,NA,NA,NA,NA,NA,NA,NA,NA,NA,NA,NA,NA,NA,NA,NA,negpcr-2024-4
pecoe-1356,Field blank,motu281,8,Unknown organism,Unknown organism,HG_ROI,BC_HG,BC_HGa,52.2047,-131.14192,NA,NA,NA,NA,ASV704,offtarget,Unknown organism,Unknown organism,offtarget,99.598,1.83e-127,NA,NA,NA,1,2024-06-25,NA,11:01:00,exblank_2024_071,1000,2024,; xn tech: SC; xn date: 2025-03-04; xn notes: ; filtration comments:  ; tech:,Rose Inlet,"Rebecca, Jack, Charonne, Lynn, Jadyn, Lynn",0-0.5,31.26,13,by_boat,2,present,NA,east across head of the bay at fish sampling location,secchi disk 3.25m depth,"Haida Gwaii, British Columbia","Haida Gwaii, British Columbia",NA,Box 2,negpcr-2024-1
pecoe-1356,Field blank,motu430,159,Grammonema striatula,Diatom,HG_ROI,BC_HG,BC_HGa,52.2047,-131.14192,Grammonema,Fragilariaceae,Fragilariales,Fragilariophyceae,ASV1140,offtarget,Grammonema striatula,Diatom,offtarget,100,5.04e-133,Eukaryota,Bacillariophyta,NA,1,2024-06-25,NA,11:01:00,exblank_2024_071,1000,2024,; xn tech: SC; xn date: 2025-03-04; xn notes: ; filtration comments:  ; tech:,Rose Inlet,"Rebecca, Jack, Charonne, Lynn, Jadyn, Lynn",0-0.5,31.26,13,by_boat,2,present,NA,east across head of the bay at fish sampling location,secchi disk 3.25m depth,"Haida Gwaii, British Columbia","Haida Gwaii, British Columbia",NA,Box 2,negpcr-2024-1
pecoe-1361,Field blank,motu1,7,Cymatogaster aggregata,Shiner perch,HG_LIE,BC_HG,BC_HGa,52.231753,-131.283363,Cymatogaster,Embiotocidae,Ovalentaria incertae sedis,Teleostei,ASV1,species,Cymatogaster aggregata,Shiner perch,species,100,2.61e-84,Eukaryota,Chordata,0,1,2024-06-24,NA,15:19:00,exblank_2024_072,1000,2024,; xn tech: SC; xn date: 2025-03-07; xn notes: ; filtration comments:  ; tech:,Louscoone Head,"Lynn Lee, Charonne, Jadyn, Jack, Rebecca, Eric",0-0.5,30.53,12.8,by_boat,2,present,NA,"northerly transect, 10m apart",secchi disk 3.5m depth,"Haida Gwaii, British Columbia","Haida Gwaii, British Columbia",NA,Box 2,negpcr-2024-1
pecoe-1361,Field blank,motu1,7,Cymatogaster aggregata,Shiner perch,HG_LIE,BC_HG,BC_HGa,52.231753,-131.283363,Cymatogaster,Embiotocidae,Ovalentaria incertae sedis,Teleostei,ASV1,species,Cymatogaster aggregata,Shiner perch,species,100,2.61e-84,Eukaryota,Chordata,0,1,2024-06-24,NA,15:19:00,exblank_2024_072,1000,2024,; xn tech: SC; xn date: 2025-03-07; xn notes: ; filtration comments:  ; tech:,Louscoone Head,"Lynn Lee, Charonne, Jadyn, Jack, Rebecca, Eric",0-0.5,30.53,12.8,by_boat,2,present,NA,"northerly transect, 10m apart",secchi disk 3.5m depth,"Haida Gwaii, British Columbia","Haida Gwaii, British Columbia",NA,Box 2,negpcr-2024-1
pecoe-1361,Field blank,motu3,6,Clupea pallasii,Pacific herring,HG_LIE,BC_HG,BC_HGa,52.231753,-131.283363,Clupea,Clupeidae,Clupeiformes,Teleostei,ASV3,species,Clupea pallasii,Pacific herring,species,100,1.6e-86,Eukaryota,Chordata,0,1,2024-06-24,NA,15:19:00,exblank_2024_072,1000,2024,; xn tech: SC; xn date: 2025-03-07; xn notes: ; filtration comments:  ; tech:,Louscoone Head,"Lynn Lee, Charonne, Jadyn, Jack, Rebecca, Eric",0-0.5,30.53,12.8,by_boat,2,present,NA,"northerly transect, 10m apart",secchi disk 3.5m depth,"Haida Gwaii, British Columbia","Haida Gwaii, British Columbia",NA,Box 2,negpcr-2024-1
pecoe-1361,Field blank,motu3,6,Clupea pallasii,Pacific herring,HG_LIE,BC_HG,BC_HGa,52.231753,-131.283363,Clupea,Clupeidae,Clupeiformes,Teleostei,ASV3,species,Clupea pallasii,Pacific herring,species,100,1.6e-86,Eukaryota,Chordata,0,1,2024-06-24,NA,15:19:00,exblank_2024_072,1000,2024,; xn tech: SC; xn date: 2025-03-07; xn notes: ; filtration comments:  ; tech:,Louscoone Head,"Lynn Lee, Charonne, Jadyn, Jack, Rebecca, Eric",0-0.5,30.53,12.8,by_boat,2,present,NA,"northerly transect, 10m apart",secchi disk 3.5m depth,"Haida Gwaii, British Columbia","Haida Gwaii, British Columbia",NA,Box 2,negpcr-2024-1
pecoe-1361,Field blank,motu5,3,Gasterosteus aculeatus,Three-spined stickleback,HG_LIE,BC_HG,BC_HGa,52.231753,-131.283363,Gasterosteus,Gasterosteidae,Perciformes,Teleostei,ASV5,species,Gasterosteus aculeatus,Three-spined stickleback,species,100,7.31e-85,Eukaryota,Chordata,0,1,2024-06-24,NA,15:19:00,exblank_2024_072,1000,2024,; xn tech: SC; xn date: 2025-03-07; xn notes: ; filtration comments:  ; tech:,Louscoone Head,"Lynn Lee, Charonne, Jadyn, Jack, Rebecca, Eric",0-0.5,30.53,12.8,by_boat,2,present,NA,"northerly transect, 10m apart",secchi disk 3.5m depth,"Haida Gwaii, British Columbia","Haida Gwaii, British Columbia",NA,Box 2,negpcr-2024-1
pecoe-1361,Field blank,motu5,3,Gasterosteus aculeatus,Three-spined stickleback,HG_LIE,BC_HG,BC_HGa,52.231753,-131.283363,Gasterosteus,Gasterosteidae,Perciformes,Teleostei,ASV5,species,Gasterosteus aculeatus,Three-spined stickleback,species,100,7.31e-85,Eukaryota,Chordata,0,1,2024-06-24,NA,15:19:00,exblank_2024_072,1000,2024,; xn tech: SC; xn date: 2025-03-07; xn notes: ; filtration comments:  ; tech:,Louscoone Head,"Lynn Lee, Charonne, Jadyn, Jack, Rebecca, Eric",0-0.5,30.53,12.8,by_boat,2,present,NA,"northerly transect, 10m apart",secchi disk 3.5m depth,"Haida Gwaii, British Columbia","Haida Gwaii, British Columbia",NA,Box 2,negpcr-2024-1
pecoe-1361,Field blank,motu6,3,Pholis laeta,Crescent gunnel,HG_LIE,BC_HG,BC_HGa,52.231753,-131.283363,Pholis,Pholidae,Perciformes,Teleostei,ASV6,species,Pholis laeta,Crescent gunnel,species,100,2.61e-84,Eukaryota,Chordata,0,1,2024-06-24,NA,15:19:00,exblank_2024_072,1000,2024,; xn tech: SC; xn date: 2025-03-07; xn notes: ; filtration comments:  ; tech:,Louscoone Head,"Lynn Lee, Charonne, Jadyn, Jack, Rebecca, Eric",0-0.5,30.53,12.8,by_boat,2,present,NA,"northerly transect, 10m apart",secchi disk 3.5m depth,"Haida Gwaii, British Columbia","Haida Gwaii, British Columbia",NA,Box 2,negpcr-2024-1
pecoe-1361,Field blank,motu6,3,Pholis laeta,Crescent gunnel,HG_LIE,BC_HG,BC_HGa,52.231753,-131.283363,Pholis,Pholidae,Perciformes,Teleostei,ASV6,species,Pholis laeta,Crescent gunnel,species,100,2.61e-84,Eukaryota,Chordata,0,1,2024-06-24,NA,15:19:00,exblank_2024_072,1000,2024,; xn tech: SC; xn date: 2025-03-07; xn notes: ; filtration comments:  ; tech:,Louscoone Head,"Lynn Lee, Charonne, Jadyn, Jack, Rebecca, Eric",0-0.5,30.53,12.8,by_boat,2,present,NA,"northerly transect, 10m apart",secchi disk 3.5m depth,"Haida Gwaii, British Columbia","Haida Gwaii, British Columbia",NA,Box 2,negpcr-2024-1
pecoe-1366,Field blank,motu3,2,Clupea pallasii,Pacific herring,PS_BH,WA_PS,WA_PSb,48.69185,-122.9528,Clupea,Clupeidae,Clupeiformes,Teleostei,ASV3,species,Clupea pallasii,Pacific herring,species,100,1.6e-86,Eukaryota,Chordata,0,1,2024-07-02,NA,11:50:00,exblank_2024_065,1000,2024,; xn tech: SC; xn date: 2025-02-10; xn notes: ; filtration comments:  ; tech:,Beach Haven,"Olivia Graham, Angie, Mansol, Maddie",0-0.5,26,13.6,by_boat,2-2.5,present,"big, robust subtidal meadow! Shoots ~3m long! Lots of little fish.",NA,NA,"Puget Sound & Padilla Bay, Washington","San Juan Islands, Washington",NA,Box 1,negpcr-2024-1
pecoe-1366,Field blank,motu3,2,Clupea pallasii,Pacific herring,PS_BH,WA_PS,WA_PSb,48.69185,-122.9528,Clupea,Clupeidae,Clupeiformes,Teleostei,ASV3,species,Clupea pallasii,Pacific herring,species,100,1.6e-86,Eukaryota,Chordata,0,1,2024-07-02,NA,11:50:00,exblank_2024_065,1000,2024,; xn tech: SC; xn date: 2025-02-10; xn notes: ; filtration comments:  ; tech:,Beach Haven,"Olivia Graham, Angie, Mansol, Maddie",0-0.5,26,13.6,by_boat,2-2.5,present,"big, robust subtidal meadow! Shoots ~3m long! Lots of little fish.",NA,NA,"Puget Sound & Padilla Bay, Washington","San Juan Islands, Washington",NA,Box 1,negpcr-2024-1
pecoe-1371,Field blank,motu2338,4,Unknown organism,Unknown organism,PS_NC,WA_PS,WA_PSb,48.70453,-123.0551,NA,NA,NA,NA,ASV5039,offtarget,Unknown organism,Unknown organism,offtarget,90.698,1.48e-93,NA,NA,NA,1,2024-07-03,NA,12:45:00,exblank_2024_067,600,2024,; xn tech: SC; xn date: 2025-02-25; xn notes: ; filtration comments:  ; tech:,"North Cove, Waldron Island","Olivia Graham, Angie, Mansol, Maddie",0-0.5,27,13.1,by_foot,1,present,"brobust, dense, subtidal and moderate intertidal",NA,converted lat and long from degrees and decimal minutes.,"Puget Sound & Padilla Bay, Washington","San Juan Islands, Washington",NA,Box 1,negpcr-2024-1
pecoe-1376,Field blank,motu61,2039,No BLAST hit,No BLAST hit,PS_IC,WA_PS,WA_PSb,48.562197,-122.93585,NA,NA,NA,NA,ASV69,NA,No BLAST hit,No BLAST hit,NA,NA,NA,NA,NA,NA,1,2024-07-04,NA,12:31:00,exblank_2024_065,550,2024,; xn tech: SC; xn date: 2025-02-10; xn notes: ; filtration comments:  ; tech:,Indian Cove,"Olivia Graham, Angie, Caitlin, Maddie",0-0.5,30,13.6,by_foot,1.2,present,robust subtidal,"10m apart, consistent depth",NA,"Puget Sound & Padilla Bay, Washington","San Juan Islands, Washington",NA,Box 1,negpcr-2024-1
pecoe-1376,Field blank,motu61,2039,No BLAST hit,No BLAST hit,PS_IC,WA_PS,WA_PSb,48.562197,-122.93585,NA,NA,NA,NA,ASV69,NA,No BLAST hit,No BLAST hit,NA,NA,NA,NA,NA,NA,1,2024-07-04,NA,12:31:00,exblank_2024_065,550,2024,; xn tech: SC; xn date: 2025-02-10; xn notes: ; filtration comments:  ; tech:,Indian Cove,"Olivia Graham, Angie, Caitlin, Maddie",0-0.5,30,13.6,by_foot,1.2,present,robust subtidal,"10m apart, consistent depth",NA,"Puget Sound & Padilla Bay, Washington","San Juan Islands, Washington",NA,Box 1,negpcr-2024-1
pecoe-1381,Field blank,motu1490,27,Unknown bacteria,Bacteria,PS_FB,WA_PS,WA_PSb,48.4821167,-123.07407,NA,NA,NA,NA,ASV3878,offtarget,Unknown bacteria,Bacteria,offtarget,99.609,2.35e-131,Bacteria,NA,NA,1,2024-07-05,NA,13:08:00,exblank_2024_066,500,2024,"End cap to plastic filer unit fell on the floor. Wiped exterior wtih paper towel spritzed wit 10% bleach, then ethanol to try to sterilize it before attaching to filter unit to add buffer.; xn tech: SC; xn date: 2025-02-12; xn notes: ; filtration comments:  ; tech:",False Bay,"Olivia Graham, Angie",0-0.5,31.5,15.2,by_foot,1-1.25,present,robust subtidal; declining intertidal,"10m apart, see picture on datasheet",NA,"Puget Sound & Padilla Bay, Washington","San Juan Islands, Washington",NA,Box 1,negpcr-2024-1
pecoe-1386,Field blank,motu1920,8,Unknown bacteria,Bacteria,PS_FJ,WA_PS,WA_PSb,48.4686,-123.00056,NA,NA,NA,NA,ASV4555,offtarget,Unknown bacteria,Bacteria,offtarget,100,6.57e-127,Bacteria,NA,NA,1,2024-07-06,NA,12:29:00,exblank_2024_065,650,2024,; xn tech: SC; xn date: 2025-02-10; xn notes: ; filtration comments:  ; tech:,Fourth of July Beach,"Olivia Graham, Angie, Marisol, Maddie",0-0.5,30,12.6,by_boat,NA,present,patchy (some parts dense) subtidal,"approx. 10m apart, slightly variable detph b/c from boat; see picture on datasheet",NA,"Puget Sound & Padilla Bay, Washington","San Juan Islands, Washington",NA,Box 1,negpcr-2024-1
pecoe-1391,Field blank,motu61,23,No BLAST hit,No BLAST hit,WB_DP,WA_WB,WA_WB,46.999,-124.128,NA,NA,NA,NA,ASV69,NA,No BLAST hit,No BLAST hit,NA,NA,NA,NA,NA,NA,1,2024-07-08,NA,13:05:00,exblank_2024_073,525,2024,; xn tech: SC; xn date: 2025-03-11; xn notes: ; filtration comments:  ; tech:,Damon Point,Jennifer Ruesink,0-0.5,28.5,15,by_foot,1,present,patchy fridnge at below MLLW,NA,NA,"Willapa Bay, Washington","Willapa Bay, Washington",NA,Box 2,negpcr-2024-1
pecoe-1391,Field blank,motu61,23,No BLAST hit,No BLAST hit,WB_DP,WA_WB,WA_WB,46.999,-124.128,NA,NA,NA,NA,ASV69,NA,No BLAST hit,No BLAST hit,NA,NA,NA,NA,NA,NA,1,2024-07-08,NA,13:05:00,exblank_2024_073,525,2024,; xn tech: SC; xn date: 2025-03-11; xn notes: ; filtration comments:  ; tech:,Damon Point,Jennifer Ruesink,0-0.5,28.5,15,by_foot,1,present,patchy fridnge at below MLLW,NA,NA,"Willapa Bay, Washington","Willapa Bay, Washington",NA,Box 2,negpcr-2024-1
pecoe-1391,Field blank,motu957,142,Brucellaceae,Bacteria,WB_DP,WA_WB,WA_WB,46.999,-124.128,Brucella,Brucellaceae,Hyphomicrobiales,Alphaproteobacteria,ASV2703,offtarget,Brucellaceae,Bacteria,offtarget,92.218,1.14e-99,Bacteria,Pseudomonadota,NA,1,2024-07-08,NA,13:05:00,exblank_2024_073,525,2024,; xn tech: SC; xn date: 2025-03-11; xn notes: ; filtration comments:  ; tech:,Damon Point,Jennifer Ruesink,0-0.5,28.5,15,by_foot,1,present,patchy fridnge at below MLLW,NA,NA,"Willapa Bay, Washington","Willapa Bay, Washington",NA,Box 2,negpcr-2024-1
pecoe-1396,Field blank,motu1977,23,Bacteria,Bacteria,WB_PA,WA_WB,WA_WB,46.49593,-124.02633,NA,NA,NA,NA,ASV4637,offtarget,Bacteria,Bacteria,offtarget,92.969,5.26e-103,Bacteria,NA,NA,1,2024-07-17,NA,07:00:00,exblank_2024_073,600,2024,; xn tech: SC; xn date: 2025-03-11; xn notes: ; filtration comments:  ; tech:,"Parcel A, Nahcotta",Jennifer Ruesink,0-0.5,25.3,18,by_foot,0.5,present,NA,NA,NA,"Willapa Bay, Washington","Willapa Bay, Washington",NA,Box 2,negpcr-2024-1
pecoe-1401,Field blank,motu1,5,Cymatogaster aggregata,Shiner perch,WB_ST,WA_WB,WA_WB,46.59383,-124.02369,Cymatogaster,Embiotocidae,Ovalentaria incertae sedis,Teleostei,ASV1,species,Cymatogaster aggregata,Shiner perch,species,100,2.61e-84,Eukaryota,Chordata,0,1,2024-07-16,NA,06:50:00,exblank_2024_073,600,2024,; xn tech: SC; xn date: 2025-03-11; xn notes: ; filtration comments:  ; tech:,Stackpole,Jennifer Ruesink,0-0.5,27.7,NA,by_foot,0.5,present,NA,NA,new site this year.,"Willapa Bay, Washington","Willapa Bay, Washington",NA,Box 2,negpcr-2024-1
pecoe-1401,Field blank,motu1,5,Cymatogaster aggregata,Shiner perch,WB_ST,WA_WB,WA_WB,46.59383,-124.02369,Cymatogaster,Embiotocidae,Ovalentaria incertae sedis,Teleostei,ASV1,species,Cymatogaster aggregata,Shiner perch,species,100,2.61e-84,Eukaryota,Chordata,0,1,2024-07-16,NA,06:50:00,exblank_2024_073,600,2024,; xn tech: SC; xn date: 2025-03-11; xn notes: ; filtration comments:  ; tech:,Stackpole,Jennifer Ruesink,0-0.5,27.7,NA,by_foot,0.5,present,NA,NA,new site this year.,"Willapa Bay, Washington","Willapa Bay, Washington",NA,Box 2,negpcr-2024-1
pecoe-1401,Field blank,motu5,435552,Gasterosteus aculeatus,Three-spined stickleback,WB_ST,WA_WB,WA_WB,46.59383,-124.02369,Gasterosteus,Gasterosteidae,Perciformes,Teleostei,ASV5,species,Gasterosteus aculeatus,Three-spined stickleback,species,100,7.31e-85,Eukaryota,Chordata,0,1,2024-07-16,NA,06:50:00,exblank_2024_073,600,2024,; xn tech: SC; xn date: 2025-03-11; xn notes: ; filtration comments:  ; tech:,Stackpole,Jennifer Ruesink,0-0.5,27.7,NA,by_foot,0.5,present,NA,NA,new site this year.,"Willapa Bay, Washington","Willapa Bay, Washington",NA,Box 2,negpcr-2024-1
pecoe-1401,Field blank,motu5,435552,Gasterosteus aculeatus,Three-spined stickleback,WB_ST,WA_WB,WA_WB,46.59383,-124.02369,Gasterosteus,Gasterosteidae,Perciformes,Teleostei,ASV5,species,Gasterosteus aculeatus,Three-spined stickleback,species,100,7.31e-85,Eukaryota,Chordata,0,1,2024-07-16,NA,06:50:00,exblank_2024_073,600,2024,; xn tech: SC; xn date: 2025-03-11; xn notes: ; filtration comments:  ; tech:,Stackpole,Jennifer Ruesink,0-0.5,27.7,NA,by_foot,0.5,present,NA,NA,new site this year.,"Willapa Bay, Washington","Willapa Bay, Washington",NA,Box 2,negpcr-2024-1
pecoe-1401,Field blank,motu154,32,Unknown organism,Unknown organism,WB_ST,WA_WB,WA_WB,46.59383,-124.02369,NA,NA,NA,NA,ASV716,offtarget,Unknown organism,Unknown organism,offtarget,100,5.04e-133,NA,NA,NA,1,2024-07-16,NA,06:50:00,exblank_2024_073,600,2024,; xn tech: SC; xn date: 2025-03-11; xn notes: ; filtration comments:  ; tech:,Stackpole,Jennifer Ruesink,0-0.5,27.7,NA,by_foot,0.5,present,NA,NA,new site this year.,"Willapa Bay, Washington","Willapa Bay, Washington",NA,Box 2,negpcr-2024-1
pecoe-1401,Field blank,motu5,1913,Gasterosteus aculeatus,Three-spined stickleback,WB_ST,WA_WB,WA_WB,46.59383,-124.02369,Gasterosteus,Gasterosteidae,Perciformes,Teleostei,ASV330,species,Gasterosteus aculeatus,Three-spined stickleback,species,99.408,3.4e-83,Eukaryota,Chordata,0,1,2024-07-16,NA,06:50:00,exblank_2024_073,600,2024,; xn tech: SC; xn date: 2025-03-11; xn notes: ; filtration comments:  ; tech:,Stackpole,Jennifer Ruesink,0-0.5,27.7,NA,by_foot,0.5,present,NA,NA,new site this year.,"Willapa Bay, Washington","Willapa Bay, Washington",NA,Box 2,negpcr-2024-1
pecoe-1401,Field blank,motu779,566,Unknown bacteria,Bacteria,WB_ST,WA_WB,WA_WB,46.59383,-124.02369,NA,NA,NA,NA,ASV2174,offtarget,Unknown bacteria,Bacteria,offtarget,96.484,5.1499999999999985e-118,Bacteria,NA,NA,1,2024-07-16,NA,06:50:00,exblank_2024_073,600,2024,; xn tech: SC; xn date: 2025-03-11; xn notes: ; filtration comments:  ; tech:,Stackpole,Jennifer Ruesink,0-0.5,27.7,NA,by_foot,0.5,present,NA,NA,new site this year.,"Willapa Bay, Washington","Willapa Bay, Washington",NA,Box 2,negpcr-2024-1
pecoe-1401,Field blank,motu957,120,Brucellaceae,Bacteria,WB_ST,WA_WB,WA_WB,46.59383,-124.02369,Brucella,Brucellaceae,Hyphomicrobiales,Alphaproteobacteria,ASV2703,offtarget,Brucellaceae,Bacteria,offtarget,92.218,1.14e-99,Bacteria,Pseudomonadota,NA,1,2024-07-16,NA,06:50:00,exblank_2024_073,600,2024,; xn tech: SC; xn date: 2025-03-11; xn notes: ; filtration comments:  ; tech:,Stackpole,Jennifer Ruesink,0-0.5,27.7,NA,by_foot,0.5,present,NA,NA,new site this year.,"Willapa Bay, Washington","Willapa Bay, Washington",NA,Box 2,negpcr-2024-1
pecoe-1401,Field blank,motu1977,6,Bacteria,Bacteria,WB_ST,WA_WB,WA_WB,46.59383,-124.02369,NA,NA,NA,NA,ASV4637,offtarget,Bacteria,Bacteria,offtarget,92.969,5.26e-103,Bacteria,NA,NA,1,2024-07-16,NA,06:50:00,exblank_2024_073,600,2024,; xn tech: SC; xn date: 2025-03-11; xn notes: ; filtration comments:  ; tech:,Stackpole,Jennifer Ruesink,0-0.5,27.7,NA,by_foot,0.5,present,NA,NA,new site this year.,"Willapa Bay, Washington","Willapa Bay, Washington",NA,Box 2,negpcr-2024-1
pecoe-1406,Field blank,motu1977,12,Bacteria,Bacteria,WB_WP,WA_WB,WA_WB,46.89035,-124.08561,NA,NA,NA,NA,ASV4637,offtarget,Bacteria,Bacteria,offtarget,92.969,5.26e-103,Bacteria,NA,NA,1,2024-07-10,NA,14:45:00,exblank_2024_073,600,2024,I hate this pressure spayer!!!; xn tech: SC; xn date: 2025-03-11; xn notes: ; filtration comments:  ; tech:,Westport Grays Harbour,Jennifer Ruesink,0-0.5,28,15-16,by_foot,1,present,"~50m band of Z. marina along channel edge S to N, 10m apart, constant depth",NA,new site this year.,"Willapa Bay, Washington","Willapa Bay, Washington",NA,Box 2,negpcr-2024-1
pecoe-1416,Field blank,motu70,213410,Gobiesox maeandricus,Northern clingfish,CB_BV,OR_CB,OR_CB,43.35965,-124.316933,Gobiesox,Gobiesocidae,Gobiesociformes,Teleostei,ASV81,species,Gobiesox maeandricus,Northern clingfish,species,100,7.31e-85,Eukaryota,Chordata,0,1,2024-07-04,NA,07:20:00,exblank_2024_077,1050,2024,; xn tech: SC; xn date: 2025-03-17; xn notes: ; filtration comments:  ; tech:,Bar View,Fiona Nash,0-0.5,NA,NA,NA,NA,present,NA,NA,NA,"Coos Bay, Oregon","Coos Bay, Oregon",NA,Box 3,negpcr-2024-1
pecoe-1416,Field blank,motu70,213410,Gobiesox maeandricus,Northern clingfish,CB_BV,OR_CB,OR_CB,43.35965,-124.316933,Gobiesox,Gobiesocidae,Gobiesociformes,Teleostei,ASV81,species,Gobiesox maeandricus,Northern clingfish,species,100,7.31e-85,Eukaryota,Chordata,0,1,2024-07-04,NA,07:20:00,exblank_2024_077,1050,2024,; xn tech: SC; xn date: 2025-03-17; xn notes: ; filtration comments:  ; tech:,Bar View,Fiona Nash,0-0.5,NA,NA,NA,NA,present,NA,NA,NA,"Coos Bay, Oregon","Coos Bay, Oregon",NA,Box 3,negpcr-2024-1
pecoe-1416,Field blank,motu184,4270,Unknown bacteria,Bacteria,CB_BV,OR_CB,OR_CB,43.35965,-124.316933,NA,NA,NA,NA,ASV386,offtarget,Unknown bacteria,Bacteria,offtarget,97.656,5.11e-123,Bacteria,NA,NA,1,2024-07-04,NA,07:20:00,exblank_2024_077,1050,2024,; xn tech: SC; xn date: 2025-03-17; xn notes: ; filtration comments:  ; tech:,Bar View,Fiona Nash,0-0.5,NA,NA,NA,NA,present,NA,NA,NA,"Coos Bay, Oregon","Coos Bay, Oregon",NA,Box 3,negpcr-2024-1
pecoe-1416,Field blank,motu154,38,Unknown organism,Unknown organism,CB_BV,OR_CB,OR_CB,43.35965,-124.316933,NA,NA,NA,NA,ASV716,offtarget,Unknown organism,Unknown organism,offtarget,100,5.04e-133,NA,NA,NA,1,2024-07-04,NA,07:20:00,exblank_2024_077,1050,2024,; xn tech: SC; xn date: 2025-03-17; xn notes: ; filtration comments:  ; tech:,Bar View,Fiona Nash,0-0.5,NA,NA,NA,NA,present,NA,NA,NA,"Coos Bay, Oregon","Coos Bay, Oregon",NA,Box 3,negpcr-2024-1
pecoe-1416,Field blank,motu154,118,Unknown organism,Unknown organism,CB_BV,OR_CB,OR_CB,43.35965,-124.316933,NA,NA,NA,NA,ASV958,offtarget,Unknown organism,Unknown organism,offtarget,100,5.04e-133,NA,NA,NA,1,2024-07-04,NA,07:20:00,exblank_2024_077,1050,2024,; xn tech: SC; xn date: 2025-03-17; xn notes: ; filtration comments:  ; tech:,Bar View,Fiona Nash,0-0.5,NA,NA,NA,NA,present,NA,NA,NA,"Coos Bay, Oregon","Coos Bay, Oregon",NA,Box 3,negpcr-2024-1
pecoe-1416,Field blank,motu460,50,Virgulinella fragilis,Foraminifera,CB_BV,OR_CB,OR_CB,43.35965,-124.316933,Virgulinella,NA,Rotaliida,NA,ASV1242,offtarget,Virgulinella fragilis,Foraminifera,offtarget,100,5.04e-133,Eukaryota,Foraminifera,NA,1,2024-07-04,NA,07:20:00,exblank_2024_077,1050,2024,; xn tech: SC; xn date: 2025-03-17; xn notes: ; filtration comments:  ; tech:,Bar View,Fiona Nash,0-0.5,NA,NA,NA,NA,present,NA,NA,NA,"Coos Bay, Oregon","Coos Bay, Oregon",NA,Box 3,negpcr-2024-1
pecoe-1416,Field blank,motu462,1600,Unknown bacteria,Bacteria,CB_BV,OR_CB,OR_CB,43.35965,-124.316933,NA,NA,NA,NA,ASV1250,offtarget,Unknown bacteria,Bacteria,offtarget,97.551,6.66e-117,Bacteria,NA,NA,1,2024-07-04,NA,07:20:00,exblank_2024_077,1050,2024,; xn tech: SC; xn date: 2025-03-17; xn notes: ; filtration comments:  ; tech:,Bar View,Fiona Nash,0-0.5,NA,NA,NA,NA,present,NA,NA,NA,"Coos Bay, Oregon","Coos Bay, Oregon",NA,Box 3,negpcr-2024-1
pecoe-1416,Field blank,motu467,1588,No BLAST hit,No BLAST hit,CB_BV,OR_CB,OR_CB,43.35965,-124.316933,NA,NA,NA,NA,ASV1261,NA,No BLAST hit,No BLAST hit,NA,NA,NA,NA,NA,NA,1,2024-07-04,NA,07:20:00,exblank_2024_077,1050,2024,; xn tech: SC; xn date: 2025-03-17; xn notes: ; filtration comments:  ; tech:,Bar View,Fiona Nash,0-0.5,NA,NA,NA,NA,present,NA,NA,NA,"Coos Bay, Oregon","Coos Bay, Oregon",NA,Box 3,negpcr-2024-1
pecoe-1416,Field blank,motu354,232,Unknown organism,Unknown organism,CB_BV,OR_CB,OR_CB,43.35965,-124.316933,NA,NA,NA,NA,ASV1285,offtarget,Unknown organism,Unknown organism,offtarget,100,5.04e-133,NA,NA,NA,1,2024-07-04,NA,07:20:00,exblank_2024_077,1050,2024,; xn tech: SC; xn date: 2025-03-17; xn notes: ; filtration comments:  ; tech:,Bar View,Fiona Nash,0-0.5,NA,NA,NA,NA,present,NA,NA,NA,"Coos Bay, Oregon","Coos Bay, Oregon",NA,Box 3,negpcr-2024-1
pecoe-1416,Field blank,motu547,10,Unknown organism,Unknown organism,CB_BV,OR_CB,OR_CB,43.35965,-124.316933,NA,NA,NA,NA,ASV1524,offtarget,Unknown organism,Unknown organism,offtarget,97.665,5.11e-123,NA,NA,NA,1,2024-07-04,NA,07:20:00,exblank_2024_077,1050,2024,; xn tech: SC; xn date: 2025-03-17; xn notes: ; filtration comments:  ; tech:,Bar View,Fiona Nash,0-0.5,NA,NA,NA,NA,present,NA,NA,NA,"Coos Bay, Oregon","Coos Bay, Oregon",NA,Box 3,negpcr-2024-1
pecoe-1416,Field blank,motu596,624,Unknown organism,Unknown organism,CB_BV,OR_CB,OR_CB,43.35965,-124.316933,NA,NA,NA,NA,ASV1669,offtarget,Unknown organism,Unknown organism,offtarget,99.609,2.35e-131,NA,NA,NA,1,2024-07-04,NA,07:20:00,exblank_2024_077,1050,2024,; xn tech: SC; xn date: 2025-03-17; xn notes: ; filtration comments:  ; tech:,Bar View,Fiona Nash,0-0.5,NA,NA,NA,NA,present,NA,NA,NA,"Coos Bay, Oregon","Coos Bay, Oregon",NA,Box 3,negpcr-2024-1
pecoe-1416,Field blank,motu386,31,Unknown bacteria,Bacteria,CB_BV,OR_CB,OR_CB,43.35965,-124.316933,NA,NA,NA,NA,ASV1003,offtarget,Unknown bacteria,Bacteria,offtarget,98.438,2.36e-126,Bacteria,NA,NA,1,2024-07-04,NA,07:20:00,exblank_2024_077,1050,2024,; xn tech: SC; xn date: 2025-03-17; xn notes: ; filtration comments:  ; tech:,Bar View,Fiona Nash,0-0.5,NA,NA,NA,NA,present,NA,NA,NA,"Coos Bay, Oregon","Coos Bay, Oregon",NA,Box 3,negpcr-2024-1
pecoe-1416,Field blank,motu489,36,Unknown organism,Unknown organism,CB_BV,OR_CB,OR_CB,43.35965,-124.316933,NA,NA,NA,NA,ASV1756,offtarget,Unknown organism,Unknown organism,offtarget,99.225,3.029999999999999e-130,NA,NA,NA,1,2024-07-04,NA,07:20:00,exblank_2024_077,1050,2024,; xn tech: SC; xn date: 2025-03-17; xn notes: ; filtration comments:  ; tech:,Bar View,Fiona Nash,0-0.5,NA,NA,NA,NA,present,NA,NA,NA,"Coos Bay, Oregon","Coos Bay, Oregon",NA,Box 3,negpcr-2024-1
pecoe-1416,Field blank,motu709,674,Unknown organism,Unknown organism,CB_BV,OR_CB,OR_CB,43.35965,-124.316933,NA,NA,NA,NA,ASV1984,offtarget,Unknown organism,Unknown organism,offtarget,99.609,2.35e-131,NA,NA,NA,1,2024-07-04,NA,07:20:00,exblank_2024_077,1050,2024,; xn tech: SC; xn date: 2025-03-17; xn notes: ; filtration comments:  ; tech:,Bar View,Fiona Nash,0-0.5,NA,NA,NA,NA,present,NA,NA,NA,"Coos Bay, Oregon","Coos Bay, Oregon",NA,Box 3,negpcr-2024-1
pecoe-1416,Field blank,motu762,595,Bacteria,Bacteria,CB_BV,OR_CB,OR_CB,43.35965,-124.316933,NA,NA,NA,NA,ASV2121,offtarget,Bacteria,Bacteria,offtarget,94.332,1.1299999999999999e-104,Bacteria,NA,NA,1,2024-07-04,NA,07:20:00,exblank_2024_077,1050,2024,; xn tech: SC; xn date: 2025-03-17; xn notes: ; filtration comments:  ; tech:,Bar View,Fiona Nash,0-0.5,NA,NA,NA,NA,present,NA,NA,NA,"Coos Bay, Oregon","Coos Bay, Oregon",NA,Box 3,negpcr-2024-1
pecoe-1416,Field blank,motu618,13,Unknown bacteria,Bacteria,CB_BV,OR_CB,OR_CB,43.35965,-124.316933,NA,NA,NA,NA,ASV1744,offtarget,Unknown bacteria,Bacteria,offtarget,97.656,5.11e-123,Bacteria,NA,NA,1,2024-07-04,NA,07:20:00,exblank_2024_077,1050,2024,; xn tech: SC; xn date: 2025-03-17; xn notes: ; filtration comments:  ; tech:,Bar View,Fiona Nash,0-0.5,NA,NA,NA,NA,present,NA,NA,NA,"Coos Bay, Oregon","Coos Bay, Oregon",NA,Box 3,negpcr-2024-1
pecoe-1416,Field blank,motu798,318,Unknown organism,Unknown organism,CB_BV,OR_CB,OR_CB,43.35965,-124.316933,NA,NA,NA,NA,ASV2239,offtarget,Bacillariophyta,Diatom,offtarget,100,5.04e-133,Eukaryota,Bacillariophyta,NA,1,2024-07-04,NA,07:20:00,exblank_2024_077,1050,2024,; xn tech: SC; xn date: 2025-03-17; xn notes: ; filtration comments:  ; tech:,Bar View,Fiona Nash,0-0.5,NA,NA,NA,NA,present,NA,NA,NA,"Coos Bay, Oregon","Coos Bay, Oregon",NA,Box 3,negpcr-2024-1
pecoe-1416,Field blank,motu798,318,Unknown organism,Unknown organism,CB_BV,OR_CB,OR_CB,43.35965,-124.316933,NA,NA,NA,NA,ASV2239,offtarget,Bacillariophyta,Diatom,offtarget,100,5.04e-133,Eukaryota,Bacillariophyta,NA,1,2024-07-04,NA,07:20:00,exblank_2024_077,1050,2024,; xn tech: SC; xn date: 2025-03-17; xn notes: ; filtration comments:  ; tech:,Bar View,Fiona Nash,0-0.5,NA,NA,NA,NA,present,NA,NA,NA,"Coos Bay, Oregon","Coos Bay, Oregon",NA,Box 3,negpcr-2024-1
pecoe-1416,Field blank,motu848,88,uncultured Oomycota,Water mold,CB_BV,OR_CB,OR_CB,43.35965,-124.316933,NA,NA,NA,NA,ASV2394,offtarget,uncultured Oomycota,Water mold,offtarget,97.845,2.42e-111,Eukaryota,Oomycota,NA,1,2024-07-04,NA,07:20:00,exblank_2024_077,1050,2024,; xn tech: SC; xn date: 2025-03-17; xn notes: ; filtration comments:  ; tech:,Bar View,Fiona Nash,0-0.5,NA,NA,NA,NA,present,NA,NA,NA,"Coos Bay, Oregon","Coos Bay, Oregon",NA,Box 3,negpcr-2024-1
pecoe-1416,Field blank,motu630,114,Bacteria,Bacteria,CB_BV,OR_CB,OR_CB,43.35965,-124.316933,NA,NA,NA,NA,ASV1765,offtarget,Bacteria,Bacteria,offtarget,95.703,1.11e-114,Bacteria,NA,NA,1,2024-07-04,NA,07:20:00,exblank_2024_077,1050,2024,; xn tech: SC; xn date: 2025-03-17; xn notes: ; filtration comments:  ; tech:,Bar View,Fiona Nash,0-0.5,NA,NA,NA,NA,present,NA,NA,NA,"Coos Bay, Oregon","Coos Bay, Oregon",NA,Box 3,negpcr-2024-1
pecoe-1416,Field blank,motu592,210,Unknown bacteria,Bacteria,CB_BV,OR_CB,OR_CB,43.35965,-124.316933,NA,NA,NA,NA,ASV2655,offtarget,Unknown bacteria,Bacteria,offtarget,98.438,2.36e-126,Bacteria,NA,NA,1,2024-07-04,NA,07:20:00,exblank_2024_077,1050,2024,; xn tech: SC; xn date: 2025-03-17; xn notes: ; filtration comments:  ; tech:,Bar View,Fiona Nash,0-0.5,NA,NA,NA,NA,present,NA,NA,NA,"Coos Bay, Oregon","Coos Bay, Oregon",NA,Box 3,negpcr-2024-1
pecoe-1416,Field blank,motu1033,315,Unknown bacteria,Bacteria,CB_BV,OR_CB,OR_CB,43.35965,-124.316933,NA,NA,NA,NA,ASV2897,offtarget,Unknown bacteria,Bacteria,offtarget,99,1.47e-98,Bacteria,NA,NA,1,2024-07-04,NA,07:20:00,exblank_2024_077,1050,2024,; xn tech: SC; xn date: 2025-03-17; xn notes: ; filtration comments:  ; tech:,Bar View,Fiona Nash,0-0.5,NA,NA,NA,NA,present,NA,NA,NA,"Coos Bay, Oregon","Coos Bay, Oregon",NA,Box 3,negpcr-2024-1
pecoe-1416,Field blank,motu608,116,Unknown organism,Unknown organism,CB_BV,OR_CB,OR_CB,43.35965,-124.316933,NA,NA,NA,NA,ASV3410,offtarget,Unknown organism,Unknown organism,offtarget,100,5.04e-133,NA,NA,NA,1,2024-07-04,NA,07:20:00,exblank_2024_077,1050,2024,; xn tech: SC; xn date: 2025-03-17; xn notes: ; filtration comments:  ; tech:,Bar View,Fiona Nash,0-0.5,NA,NA,NA,NA,present,NA,NA,NA,"Coos Bay, Oregon","Coos Bay, Oregon",NA,Box 3,negpcr-2024-1
pecoe-1416,Field blank,motu798,46,Unknown organism,Unknown organism,CB_BV,OR_CB,OR_CB,43.35965,-124.316933,NA,NA,NA,NA,ASV3649,offtarget,Unknown organism,Unknown organism,offtarget,100,5.04e-133,NA,NA,NA,1,2024-07-04,NA,07:20:00,exblank_2024_077,1050,2024,; xn tech: SC; xn date: 2025-03-17; xn notes: ; filtration comments:  ; tech:,Bar View,Fiona Nash,0-0.5,NA,NA,NA,NA,present,NA,NA,NA,"Coos Bay, Oregon","Coos Bay, Oregon",NA,Box 3,negpcr-2024-1
pecoe-1416,Field blank,motu1582,10,Bacteria,Bacteria,CB_BV,OR_CB,OR_CB,43.35965,-124.316933,NA,NA,NA,NA,ASV4050,offtarget,Bacteria,Bacteria,offtarget,93.359,1.1299999999999999e-104,Bacteria,NA,NA,1,2024-07-04,NA,07:20:00,exblank_2024_077,1050,2024,; xn tech: SC; xn date: 2025-03-17; xn notes: ; filtration comments:  ; tech:,Bar View,Fiona Nash,0-0.5,NA,NA,NA,NA,present,NA,NA,NA,"Coos Bay, Oregon","Coos Bay, Oregon",NA,Box 3,negpcr-2024-1
pecoe-1416,Field blank,motu1970,12,Unknown organism,Unknown organism,CB_BV,OR_CB,OR_CB,43.35965,-124.316933,NA,NA,NA,NA,ASV4628,offtarget,Unknown organism,Unknown organism,offtarget,95.312,5.19e-113,NA,NA,NA,1,2024-07-04,NA,07:20:00,exblank_2024_077,1050,2024,; xn tech: SC; xn date: 2025-03-17; xn notes: ; filtration comments:  ; tech:,Bar View,Fiona Nash,0-0.5,NA,NA,NA,NA,present,NA,NA,NA,"Coos Bay, Oregon","Coos Bay, Oregon",NA,Box 3,negpcr-2024-1
pecoe-1416,Field blank,motu2133,8,Cyanobacteria,Cyanobacteria,CB_BV,OR_CB,OR_CB,43.35965,-124.316933,NA,NA,NA,NA,ASV4821,offtarget,Cyanobacteria,Cyanobacteria,offtarget,98.438,2.36e-126,Bacteria,Cyanobacteriota,NA,1,2024-07-04,NA,07:20:00,exblank_2024_077,1050,2024,; xn tech: SC; xn date: 2025-03-17; xn notes: ; filtration comments:  ; tech:,Bar View,Fiona Nash,0-0.5,NA,NA,NA,NA,present,NA,NA,NA,"Coos Bay, Oregon","Coos Bay, Oregon",NA,Box 3,negpcr-2024-1
pecoe-1431,Field blank,motu2439,1,Unknown organism,Unknown organism,YB_SBS,OR_YB,OR_YB,44.611535,-124.013767,NA,NA,NA,NA,ASV5143,offtarget,Unknown organism,Unknown organism,offtarget,97.656,5.11e-123,NA,NA,NA,1,2024-07-07,NA,09:28:00,exblank_2024_078,1000,2024,; xn tech: SC; xn date: 2025-03-24; xn notes: ; filtration comments:  ; tech:,Sallys Bend South,Fiona Nash,0-0.5,NA,NA,NA,NA,present,NA,NA,NA,"Yaquina Bay, Oregon","Yaquina Bay, Oregon",NA,Box 3,negpcr-2024-1
pecoe-1446,Field blank,motu163,11384,Unknown bacteria,Bacteria,JN_SB,AK_JN,AK_JN,58.6238,-134.93186,NA,NA,NA,NA,ASV334,offtarget,Unknown bacteria,Bacteria,offtarget,96.875,1.1099999999999995e-119,Bacteria,NA,NA,1,2024-07-20,NA,13:00:00,exblank_2024_084,1000,2024,; xn tech: SC; xn date: 2025-04-07; xn notes: ; filtration comments:  ; tech:,South Bridget Cove,"Julie Schram, Ed Schiff, Sebastian Schram",0-0.5,16.1,12.8,by_boat,2,present,patchy,"parallel to shore, started off small outcropping/point near small island",NA,"Juneau Region, Alaska","Juneau Region, Alaska",NA,Box 4,negpcr-2024-2
pecoe-1446,Field blank,motu268,2739,Bacteria,Bacteria,JN_SB,AK_JN,AK_JN,58.6238,-134.93186,NA,NA,NA,NA,ASV653,offtarget,Bacteria,Bacteria,offtarget,85.385,1.19e-69,Bacteria,NA,NA,1,2024-07-20,NA,13:00:00,exblank_2024_084,1000,2024,; xn tech: SC; xn date: 2025-04-07; xn notes: ; filtration comments:  ; tech:,South Bridget Cove,"Julie Schram, Ed Schiff, Sebastian Schram",0-0.5,16.1,12.8,by_boat,2,present,patchy,"parallel to shore, started off small outcropping/point near small island",NA,"Juneau Region, Alaska","Juneau Region, Alaska",NA,Box 4,negpcr-2024-2
pecoe-1446,Field blank,motu268,2739,Bacteria,Bacteria,JN_SB,AK_JN,AK_JN,58.6238,-134.93186,NA,NA,NA,NA,ASV653,offtarget,Bacteria,Bacteria,offtarget,85.385,1.19e-69,Bacteria,NA,NA,1,2024-07-20,NA,13:00:00,exblank_2024_084,1000,2024,; xn tech: SC; xn date: 2025-04-07; xn notes: ; filtration comments:  ; tech:,South Bridget Cove,"Julie Schram, Ed Schiff, Sebastian Schram",0-0.5,16.1,12.8,by_boat,2,present,patchy,"parallel to shore, started off small outcropping/point near small island",NA,"Juneau Region, Alaska","Juneau Region, Alaska",NA,Box 4,negpcr-2024-2
pecoe-1446,Field blank,motu283,2630,Cyanobacteriota,Bacteria,JN_SB,AK_JN,AK_JN,58.6238,-134.93186,NA,NA,NA,NA,ASV710,offtarget,Cyanobacteriota,Bacteria,offtarget,87.209,5.45e-78,Bacteria,Cyanobacteriota,NA,1,2024-07-20,NA,13:00:00,exblank_2024_084,1000,2024,; xn tech: SC; xn date: 2025-04-07; xn notes: ; filtration comments:  ; tech:,South Bridget Cove,"Julie Schram, Ed Schiff, Sebastian Schram",0-0.5,16.1,12.8,by_boat,2,present,patchy,"parallel to shore, started off small outcropping/point near small island",NA,"Juneau Region, Alaska","Juneau Region, Alaska",NA,Box 4,negpcr-2024-2
pecoe-1446,Field blank,motu307,3231,Bacteria,Bacteria,JN_SB,AK_JN,AK_JN,58.6238,-134.93186,NA,NA,NA,NA,ASV799,offtarget,Bacteria,Bacteria,offtarget,90.272,2.48e-91,Bacteria,NA,NA,1,2024-07-20,NA,13:00:00,exblank_2024_084,1000,2024,; xn tech: SC; xn date: 2025-04-07; xn notes: ; filtration comments:  ; tech:,South Bridget Cove,"Julie Schram, Ed Schiff, Sebastian Schram",0-0.5,16.1,12.8,by_boat,2,present,patchy,"parallel to shore, started off small outcropping/point near small island",NA,"Juneau Region, Alaska","Juneau Region, Alaska",NA,Box 4,negpcr-2024-2
pecoe-1446,Field blank,motu484,1424,Bacteria,Bacteria,JN_SB,AK_JN,AK_JN,58.6238,-134.93186,NA,NA,NA,NA,ASV1328,offtarget,Bacteria,Bacteria,offtarget,94.141,5.22e-108,Bacteria,NA,NA,1,2024-07-20,NA,13:00:00,exblank_2024_084,1000,2024,; xn tech: SC; xn date: 2025-04-07; xn notes: ; filtration comments:  ; tech:,South Bridget Cove,"Julie Schram, Ed Schiff, Sebastian Schram",0-0.5,16.1,12.8,by_boat,2,present,patchy,"parallel to shore, started off small outcropping/point near small island",NA,"Juneau Region, Alaska","Juneau Region, Alaska",NA,Box 4,negpcr-2024-2
pecoe-1446,Field blank,motu1104,278,No BLAST hit,No BLAST hit,JN_SB,AK_JN,AK_JN,58.6238,-134.93186,NA,NA,NA,NA,ASV3063,NA,No BLAST hit,No BLAST hit,NA,NA,NA,NA,NA,NA,1,2024-07-20,NA,13:00:00,exblank_2024_084,1000,2024,; xn tech: SC; xn date: 2025-04-07; xn notes: ; filtration comments:  ; tech:,South Bridget Cove,"Julie Schram, Ed Schiff, Sebastian Schram",0-0.5,16.1,12.8,by_boat,2,present,patchy,"parallel to shore, started off small outcropping/point near small island",NA,"Juneau Region, Alaska","Juneau Region, Alaska",NA,Box 4,negpcr-2024-2
pecoe-1446,Field blank,motu1334,13,Bacteria,Bacteria,JN_SB,AK_JN,AK_JN,58.6238,-134.93186,NA,NA,NA,NA,ASV3565,offtarget,Bacteria,Bacteria,offtarget,85.992,2.55e-71,Bacteria,NA,NA,1,2024-07-20,NA,13:00:00,exblank_2024_084,1000,2024,; xn tech: SC; xn date: 2025-04-07; xn notes: ; filtration comments:  ; tech:,South Bridget Cove,"Julie Schram, Ed Schiff, Sebastian Schram",0-0.5,16.1,12.8,by_boat,2,present,patchy,"parallel to shore, started off small outcropping/point near small island",NA,"Juneau Region, Alaska","Juneau Region, Alaska",NA,Box 4,negpcr-2024-2
pecoe-1446,Field blank,motu1411,165,Cyanobacteriota,Bacteria,JN_SB,AK_JN,AK_JN,58.6238,-134.93186,NA,NA,NA,NA,ASV3717,offtarget,Cyanobacteriota,Bacteria,offtarget,85.938,5.49e-73,Bacteria,Cyanobacteriota,NA,1,2024-07-20,NA,13:00:00,exblank_2024_084,1000,2024,; xn tech: SC; xn date: 2025-04-07; xn notes: ; filtration comments:  ; tech:,South Bridget Cove,"Julie Schram, Ed Schiff, Sebastian Schram",0-0.5,16.1,12.8,by_boat,2,present,patchy,"parallel to shore, started off small outcropping/point near small island",NA,"Juneau Region, Alaska","Juneau Region, Alaska",NA,Box 4,negpcr-2024-2
pecoe-1446,Field blank,motu1411,165,Cyanobacteriota,Bacteria,JN_SB,AK_JN,AK_JN,58.6238,-134.93186,NA,NA,NA,NA,ASV3717,offtarget,Cyanobacteriota,Bacteria,offtarget,85.938,5.49e-73,Bacteria,Cyanobacteriota,NA,1,2024-07-20,NA,13:00:00,exblank_2024_084,1000,2024,; xn tech: SC; xn date: 2025-04-07; xn notes: ; filtration comments:  ; tech:,South Bridget Cove,"Julie Schram, Ed Schiff, Sebastian Schram",0-0.5,16.1,12.8,by_boat,2,present,patchy,"parallel to shore, started off small outcropping/point near small island",NA,"Juneau Region, Alaska","Juneau Region, Alaska",NA,Box 4,negpcr-2024-2
pecoe-1446,Field blank,motu1760,91,Cyanobacteria,Cyanobacteria,JN_SB,AK_JN,AK_JN,58.6238,-134.93186,NA,NA,NA,NA,ASV4310,offtarget,Cyanobacteria,Cyanobacteria,offtarget,99.219,1.0899999999999997e-129,Bacteria,Cyanobacteriota,NA,1,2024-07-20,NA,13:00:00,exblank_2024_084,1000,2024,; xn tech: SC; xn date: 2025-04-07; xn notes: ; filtration comments:  ; tech:,South Bridget Cove,"Julie Schram, Ed Schiff, Sebastian Schram",0-0.5,16.1,12.8,by_boat,2,present,patchy,"parallel to shore, started off small outcropping/point near small island",NA,"Juneau Region, Alaska","Juneau Region, Alaska",NA,Box 4,negpcr-2024-2
pecoe-1446,Field blank,motu1827,26,Bacteria,Bacteria,JN_SB,AK_JN,AK_JN,58.6238,-134.93186,NA,NA,NA,NA,ASV4411,offtarget,Bacteria,Bacteria,offtarget,92.188,4.09e-99,Bacteria,NA,NA,1,2024-07-20,NA,13:00:00,exblank_2024_084,1000,2024,; xn tech: SC; xn date: 2025-04-07; xn notes: ; filtration comments:  ; tech:,South Bridget Cove,"Julie Schram, Ed Schiff, Sebastian Schram",0-0.5,16.1,12.8,by_boat,2,present,patchy,"parallel to shore, started off small outcropping/point near small island",NA,"Juneau Region, Alaska","Juneau Region, Alaska",NA,Box 4,negpcr-2024-2
pecoe-1446,Field blank,motu1984,40,Bacteria,Bacteria,JN_SB,AK_JN,AK_JN,58.6238,-134.93186,NA,NA,NA,NA,ASV4646,offtarget,Bacteria,Bacteria,offtarget,89.883,1.1499999999999999e-89,Bacteria,NA,NA,1,2024-07-20,NA,13:00:00,exblank_2024_084,1000,2024,; xn tech: SC; xn date: 2025-04-07; xn notes: ; filtration comments:  ; tech:,South Bridget Cove,"Julie Schram, Ed Schiff, Sebastian Schram",0-0.5,16.1,12.8,by_boat,2,present,patchy,"parallel to shore, started off small outcropping/point near small island",NA,"Juneau Region, Alaska","Juneau Region, Alaska",NA,Box 4,negpcr-2024-2
pecoe-1446,Field blank,motu1988,39,No BLAST hit,No BLAST hit,JN_SB,AK_JN,AK_JN,58.6238,-134.93186,NA,NA,NA,NA,ASV4651,NA,No BLAST hit,No BLAST hit,NA,NA,NA,NA,NA,NA,1,2024-07-20,NA,13:00:00,exblank_2024_084,1000,2024,; xn tech: SC; xn date: 2025-04-07; xn notes: ; filtration comments:  ; tech:,South Bridget Cove,"Julie Schram, Ed Schiff, Sebastian Schram",0-0.5,16.1,12.8,by_boat,2,present,patchy,"parallel to shore, started off small outcropping/point near small island",NA,"Juneau Region, Alaska","Juneau Region, Alaska",NA,Box 4,negpcr-2024-2
pecoe-1446,Field blank,motu1411,31,Cyanobacteriota,Bacteria,JN_SB,AK_JN,AK_JN,58.6238,-134.93186,NA,NA,NA,NA,ASV4712,offtarget,Cyanobacteriota,Bacteria,offtarget,85.938,5.49e-73,Bacteria,Cyanobacteriota,NA,1,2024-07-20,NA,13:00:00,exblank_2024_084,1000,2024,; xn tech: SC; xn date: 2025-04-07; xn notes: ; filtration comments:  ; tech:,South Bridget Cove,"Julie Schram, Ed Schiff, Sebastian Schram",0-0.5,16.1,12.8,by_boat,2,present,patchy,"parallel to shore, started off small outcropping/point near small island",NA,"Juneau Region, Alaska","Juneau Region, Alaska",NA,Box 4,negpcr-2024-2
pecoe-1446,Field blank,motu1295,21,Unknown organism,Unknown organism,JN_SB,AK_JN,AK_JN,58.6238,-134.93186,NA,NA,NA,NA,ASV4742,offtarget,Unknown organism,Unknown organism,offtarget,89.416,1.26e-94,NA,NA,NA,1,2024-07-20,NA,13:00:00,exblank_2024_084,1000,2024,; xn tech: SC; xn date: 2025-04-07; xn notes: ; filtration comments:  ; tech:,South Bridget Cove,"Julie Schram, Ed Schiff, Sebastian Schram",0-0.5,16.1,12.8,by_boat,2,present,patchy,"parallel to shore, started off small outcropping/point near small island",NA,"Juneau Region, Alaska","Juneau Region, Alaska",NA,Box 4,negpcr-2024-2
pecoe-1446,Field blank,motu2142,5,Bacteria,Bacteria,JN_SB,AK_JN,AK_JN,58.6238,-134.93186,NA,NA,NA,NA,ASV4830,offtarget,Bacteria,Bacteria,offtarget,93.411,1.1299999999999999e-104,Bacteria,NA,NA,1,2024-07-20,NA,13:00:00,exblank_2024_084,1000,2024,; xn tech: SC; xn date: 2025-04-07; xn notes: ; filtration comments:  ; tech:,South Bridget Cove,"Julie Schram, Ed Schiff, Sebastian Schram",0-0.5,16.1,12.8,by_boat,2,present,patchy,"parallel to shore, started off small outcropping/point near small island",NA,"Juneau Region, Alaska","Juneau Region, Alaska",NA,Box 4,negpcr-2024-2
pecoe-1446,Field blank,motu2201,4,Unknown organism,Unknown organism,JN_SB,AK_JN,AK_JN,58.6238,-134.93186,NA,NA,NA,NA,ASV4896,offtarget,Unknown organism,Unknown organism,offtarget,90.234,2.48e-91,NA,NA,NA,1,2024-07-20,NA,13:00:00,exblank_2024_084,1000,2024,; xn tech: SC; xn date: 2025-04-07; xn notes: ; filtration comments:  ; tech:,South Bridget Cove,"Julie Schram, Ed Schiff, Sebastian Schram",0-0.5,16.1,12.8,by_boat,2,present,patchy,"parallel to shore, started off small outcropping/point near small island",NA,"Juneau Region, Alaska","Juneau Region, Alaska",NA,Box 4,negpcr-2024-2
pecoe-1451,Field blank,motu163,2340,Unknown bacteria,Bacteria,JN_EC,AK_JN,AK_JN,58.6630462,-134.9163962,NA,NA,NA,NA,ASV334,offtarget,Unknown bacteria,Bacteria,offtarget,96.875,1.1099999999999995e-119,Bacteria,NA,NA,1,2024-07-21,NA,11:24:00,exblank_2024_084,1000,2024,; xn tech: SC; xn date: 2025-04-07; xn notes: ; filtration comments:  ; tech:,Echo Cove,"Julie Schram, Ed Schiff, Sebastian Schram",0-0.5,9.48,15,by_boat,1,present,"patchy strip parallel to shore, sparse seagrass ~1m long","parallel to shore roughly N-S (see sketch on data sheet); visibility of water not great but not terrible, sediment likely from increased river/stream runoff (lots of rain the week prior)",NA,"Juneau Region, Alaska","Juneau Region, Alaska",NA,Box 4,negpcr-2024-2
pecoe-1451,Field blank,motu268,661,Bacteria,Bacteria,JN_EC,AK_JN,AK_JN,58.6630462,-134.9163962,NA,NA,NA,NA,ASV653,offtarget,Bacteria,Bacteria,offtarget,85.385,1.19e-69,Bacteria,NA,NA,1,2024-07-21,NA,11:24:00,exblank_2024_084,1000,2024,; xn tech: SC; xn date: 2025-04-07; xn notes: ; filtration comments:  ; tech:,Echo Cove,"Julie Schram, Ed Schiff, Sebastian Schram",0-0.5,9.48,15,by_boat,1,present,"patchy strip parallel to shore, sparse seagrass ~1m long","parallel to shore roughly N-S (see sketch on data sheet); visibility of water not great but not terrible, sediment likely from increased river/stream runoff (lots of rain the week prior)",NA,"Juneau Region, Alaska","Juneau Region, Alaska",NA,Box 4,negpcr-2024-2
pecoe-1451,Field blank,motu268,661,Bacteria,Bacteria,JN_EC,AK_JN,AK_JN,58.6630462,-134.9163962,NA,NA,NA,NA,ASV653,offtarget,Bacteria,Bacteria,offtarget,85.385,1.19e-69,Bacteria,NA,NA,1,2024-07-21,NA,11:24:00,exblank_2024_084,1000,2024,; xn tech: SC; xn date: 2025-04-07; xn notes: ; filtration comments:  ; tech:,Echo Cove,"Julie Schram, Ed Schiff, Sebastian Schram",0-0.5,9.48,15,by_boat,1,present,"patchy strip parallel to shore, sparse seagrass ~1m long","parallel to shore roughly N-S (see sketch on data sheet); visibility of water not great but not terrible, sediment likely from increased river/stream runoff (lots of rain the week prior)",NA,"Juneau Region, Alaska","Juneau Region, Alaska",NA,Box 4,negpcr-2024-2
pecoe-1451,Field blank,motu283,78,Cyanobacteriota,Bacteria,JN_EC,AK_JN,AK_JN,58.6630462,-134.9163962,NA,NA,NA,NA,ASV710,offtarget,Cyanobacteriota,Bacteria,offtarget,87.209,5.45e-78,Bacteria,Cyanobacteriota,NA,1,2024-07-21,NA,11:24:00,exblank_2024_084,1000,2024,; xn tech: SC; xn date: 2025-04-07; xn notes: ; filtration comments:  ; tech:,Echo Cove,"Julie Schram, Ed Schiff, Sebastian Schram",0-0.5,9.48,15,by_boat,1,present,"patchy strip parallel to shore, sparse seagrass ~1m long","parallel to shore roughly N-S (see sketch on data sheet); visibility of water not great but not terrible, sediment likely from increased river/stream runoff (lots of rain the week prior)",NA,"Juneau Region, Alaska","Juneau Region, Alaska",NA,Box 4,negpcr-2024-2
pecoe-1451,Field blank,motu307,191,Bacteria,Bacteria,JN_EC,AK_JN,AK_JN,58.6630462,-134.9163962,NA,NA,NA,NA,ASV799,offtarget,Bacteria,Bacteria,offtarget,90.272,2.48e-91,Bacteria,NA,NA,1,2024-07-21,NA,11:24:00,exblank_2024_084,1000,2024,; xn tech: SC; xn date: 2025-04-07; xn notes: ; filtration comments:  ; tech:,Echo Cove,"Julie Schram, Ed Schiff, Sebastian Schram",0-0.5,9.48,15,by_boat,1,present,"patchy strip parallel to shore, sparse seagrass ~1m long","parallel to shore roughly N-S (see sketch on data sheet); visibility of water not great but not terrible, sediment likely from increased river/stream runoff (lots of rain the week prior)",NA,"Juneau Region, Alaska","Juneau Region, Alaska",NA,Box 4,negpcr-2024-2
pecoe-1451,Field blank,motu414,569,No BLAST hit,No BLAST hit,JN_EC,AK_JN,AK_JN,58.6630462,-134.9163962,NA,NA,NA,NA,ASV1085,NA,No BLAST hit,No BLAST hit,NA,NA,NA,NA,NA,NA,1,2024-07-21,NA,11:24:00,exblank_2024_084,1000,2024,; xn tech: SC; xn date: 2025-04-07; xn notes: ; filtration comments:  ; tech:,Echo Cove,"Julie Schram, Ed Schiff, Sebastian Schram",0-0.5,9.48,15,by_boat,1,present,"patchy strip parallel to shore, sparse seagrass ~1m long","parallel to shore roughly N-S (see sketch on data sheet); visibility of water not great but not terrible, sediment likely from increased river/stream runoff (lots of rain the week prior)",NA,"Juneau Region, Alaska","Juneau Region, Alaska",NA,Box 4,negpcr-2024-2
pecoe-1451,Field blank,motu439,1795,Bacteria,Bacteria,JN_EC,AK_JN,AK_JN,58.6630462,-134.9163962,NA,NA,NA,NA,ASV1170,offtarget,Bacteria,Bacteria,offtarget,87.549,1.17e-79,Bacteria,NA,NA,1,2024-07-21,NA,11:24:00,exblank_2024_084,1000,2024,; xn tech: SC; xn date: 2025-04-07; xn notes: ; filtration comments:  ; tech:,Echo Cove,"Julie Schram, Ed Schiff, Sebastian Schram",0-0.5,9.48,15,by_boat,1,present,"patchy strip parallel to shore, sparse seagrass ~1m long","parallel to shore roughly N-S (see sketch on data sheet); visibility of water not great but not terrible, sediment likely from increased river/stream runoff (lots of rain the week prior)",NA,"Juneau Region, Alaska","Juneau Region, Alaska",NA,Box 4,negpcr-2024-2
pecoe-1451,Field blank,motu870,444,Unknown bacteria,Bacteria,JN_EC,AK_JN,AK_JN,58.6630462,-134.9163962,NA,NA,NA,NA,ASV2458,offtarget,Unknown bacteria,Bacteria,offtarget,96.094,2.4e-116,Bacteria,NA,NA,1,2024-07-21,NA,11:24:00,exblank_2024_084,1000,2024,; xn tech: SC; xn date: 2025-04-07; xn notes: ; filtration comments:  ; tech:,Echo Cove,"Julie Schram, Ed Schiff, Sebastian Schram",0-0.5,9.48,15,by_boat,1,present,"patchy strip parallel to shore, sparse seagrass ~1m long","parallel to shore roughly N-S (see sketch on data sheet); visibility of water not great but not terrible, sediment likely from increased river/stream runoff (lots of rain the week prior)",NA,"Juneau Region, Alaska","Juneau Region, Alaska",NA,Box 4,negpcr-2024-2
pecoe-1451,Field blank,motu268,357,Bacteria,Bacteria,JN_EC,AK_JN,AK_JN,58.6630462,-134.9163962,NA,NA,NA,NA,ASV2734,offtarget,Bacteria,Bacteria,offtarget,85,5.53e-68,Bacteria,NA,NA,1,2024-07-21,NA,11:24:00,exblank_2024_084,1000,2024,; xn tech: SC; xn date: 2025-04-07; xn notes: ; filtration comments:  ; tech:,Echo Cove,"Julie Schram, Ed Schiff, Sebastian Schram",0-0.5,9.48,15,by_boat,1,present,"patchy strip parallel to shore, sparse seagrass ~1m long","parallel to shore roughly N-S (see sketch on data sheet); visibility of water not great but not terrible, sediment likely from increased river/stream runoff (lots of rain the week prior)",NA,"Juneau Region, Alaska","Juneau Region, Alaska",NA,Box 4,negpcr-2024-2
pecoe-1451,Field blank,motu1009,138,Bacteria,Bacteria,JN_EC,AK_JN,AK_JN,58.6630462,-134.9163962,NA,NA,NA,NA,ASV2845,offtarget,Bacteria,Bacteria,offtarget,90.31,2.48e-91,Bacteria,NA,NA,1,2024-07-21,NA,11:24:00,exblank_2024_084,1000,2024,; xn tech: SC; xn date: 2025-04-07; xn notes: ; filtration comments:  ; tech:,Echo Cove,"Julie Schram, Ed Schiff, Sebastian Schram",0-0.5,9.48,15,by_boat,1,present,"patchy strip parallel to shore, sparse seagrass ~1m long","parallel to shore roughly N-S (see sketch on data sheet); visibility of water not great but not terrible, sediment likely from increased river/stream runoff (lots of rain the week prior)",NA,"Juneau Region, Alaska","Juneau Region, Alaska",NA,Box 4,negpcr-2024-2
pecoe-1451,Field blank,motu1106,277,Bacteria,Bacteria,JN_EC,AK_JN,AK_JN,58.6630462,-134.9163962,NA,NA,NA,NA,ASV3067,offtarget,Bacteria,Bacteria,offtarget,88.417,5.43e-83,Bacteria,NA,NA,1,2024-07-21,NA,11:24:00,exblank_2024_084,1000,2024,; xn tech: SC; xn date: 2025-04-07; xn notes: ; filtration comments:  ; tech:,Echo Cove,"Julie Schram, Ed Schiff, Sebastian Schram",0-0.5,9.48,15,by_boat,1,present,"patchy strip parallel to shore, sparse seagrass ~1m long","parallel to shore roughly N-S (see sketch on data sheet); visibility of water not great but not terrible, sediment likely from increased river/stream runoff (lots of rain the week prior)",NA,"Juneau Region, Alaska","Juneau Region, Alaska",NA,Box 4,negpcr-2024-2
pecoe-1451,Field blank,motu1634,19,Gammaproteobacteria,Bacteria,JN_EC,AK_JN,AK_JN,58.6630462,-134.9163962,NA,NA,NA,Gammaproteobacteria,ASV4125,offtarget,Gammaproteobacteria,Bacteria,offtarget,85.87,5.99e-78,Bacteria,Pseudomonadota,NA,1,2024-07-21,NA,11:24:00,exblank_2024_084,1000,2024,; xn tech: SC; xn date: 2025-04-07; xn notes: ; filtration comments:  ; tech:,Echo Cove,"Julie Schram, Ed Schiff, Sebastian Schram",0-0.5,9.48,15,by_boat,1,present,"patchy strip parallel to shore, sparse seagrass ~1m long","parallel to shore roughly N-S (see sketch on data sheet); visibility of water not great but not terrible, sediment likely from increased river/stream runoff (lots of rain the week prior)",NA,"Juneau Region, Alaska","Juneau Region, Alaska",NA,Box 4,negpcr-2024-2
pecoe-1451,Field blank,motu1827,33,Bacteria,Bacteria,JN_EC,AK_JN,AK_JN,58.6630462,-134.9163962,NA,NA,NA,NA,ASV4411,offtarget,Bacteria,Bacteria,offtarget,92.188,4.09e-99,Bacteria,NA,NA,1,2024-07-21,NA,11:24:00,exblank_2024_084,1000,2024,; xn tech: SC; xn date: 2025-04-07; xn notes: ; filtration comments:  ; tech:,Echo Cove,"Julie Schram, Ed Schiff, Sebastian Schram",0-0.5,9.48,15,by_boat,1,present,"patchy strip parallel to shore, sparse seagrass ~1m long","parallel to shore roughly N-S (see sketch on data sheet); visibility of water not great but not terrible, sediment likely from increased river/stream runoff (lots of rain the week prior)",NA,"Juneau Region, Alaska","Juneau Region, Alaska",NA,Box 4,negpcr-2024-2
pecoe-1456,Field blank,motu163,3607,Unknown bacteria,Bacteria,JN_AN,AK_JN,AK_JN,58.380926,-134.696729,NA,NA,NA,NA,ASV334,offtarget,Unknown bacteria,Bacteria,offtarget,96.875,1.1099999999999995e-119,Bacteria,NA,NA,1,2024-07-22,NA,11:59:00,exblank_2024_084,1000,2024,; xn tech: SC; xn date: 2025-04-07; xn notes: ; filtration comments:  ; tech:,Auke Nu Cove,"Julie Schram, Matt Hart",0-0.5,33.5,17.4,by_foot,1,present,"patchy, ~0.5m long, some ephiphytic diatoms fouling",followed edge of sea grass patch (dense patches) in horseshoe pattern along edge,NA,"Juneau Region, Alaska","Juneau Region, Alaska",NA,Box 4,negpcr-2024-2
pecoe-1456,Field blank,motu61,131,No BLAST hit,No BLAST hit,JN_AN,AK_JN,AK_JN,58.380926,-134.696729,NA,NA,NA,NA,ASV69,NA,No BLAST hit,No BLAST hit,NA,NA,NA,NA,NA,NA,1,2024-07-22,NA,11:59:00,exblank_2024_084,1000,2024,; xn tech: SC; xn date: 2025-04-07; xn notes: ; filtration comments:  ; tech:,Auke Nu Cove,"Julie Schram, Matt Hart",0-0.5,33.5,17.4,by_foot,1,present,"patchy, ~0.5m long, some ephiphytic diatoms fouling",followed edge of sea grass patch (dense patches) in horseshoe pattern along edge,NA,"Juneau Region, Alaska","Juneau Region, Alaska",NA,Box 4,negpcr-2024-2
pecoe-1456,Field blank,motu61,131,No BLAST hit,No BLAST hit,JN_AN,AK_JN,AK_JN,58.380926,-134.696729,NA,NA,NA,NA,ASV69,NA,No BLAST hit,No BLAST hit,NA,NA,NA,NA,NA,NA,1,2024-07-22,NA,11:59:00,exblank_2024_084,1000,2024,; xn tech: SC; xn date: 2025-04-07; xn notes: ; filtration comments:  ; tech:,Auke Nu Cove,"Julie Schram, Matt Hart",0-0.5,33.5,17.4,by_foot,1,present,"patchy, ~0.5m long, some ephiphytic diatoms fouling",followed edge of sea grass patch (dense patches) in horseshoe pattern along edge,NA,"Juneau Region, Alaska","Juneau Region, Alaska",NA,Box 4,negpcr-2024-2
pecoe-1456,Field blank,motu268,1321,Bacteria,Bacteria,JN_AN,AK_JN,AK_JN,58.380926,-134.696729,NA,NA,NA,NA,ASV653,offtarget,Bacteria,Bacteria,offtarget,85.385,1.19e-69,Bacteria,NA,NA,1,2024-07-22,NA,11:59:00,exblank_2024_084,1000,2024,; xn tech: SC; xn date: 2025-04-07; xn notes: ; filtration comments:  ; tech:,Auke Nu Cove,"Julie Schram, Matt Hart",0-0.5,33.5,17.4,by_foot,1,present,"patchy, ~0.5m long, some ephiphytic diatoms fouling",followed edge of sea grass patch (dense patches) in horseshoe pattern along edge,NA,"Juneau Region, Alaska","Juneau Region, Alaska",NA,Box 4,negpcr-2024-2
pecoe-1456,Field blank,motu268,1321,Bacteria,Bacteria,JN_AN,AK_JN,AK_JN,58.380926,-134.696729,NA,NA,NA,NA,ASV653,offtarget,Bacteria,Bacteria,offtarget,85.385,1.19e-69,Bacteria,NA,NA,1,2024-07-22,NA,11:59:00,exblank_2024_084,1000,2024,; xn tech: SC; xn date: 2025-04-07; xn notes: ; filtration comments:  ; tech:,Auke Nu Cove,"Julie Schram, Matt Hart",0-0.5,33.5,17.4,by_foot,1,present,"patchy, ~0.5m long, some ephiphytic diatoms fouling",followed edge of sea grass patch (dense patches) in horseshoe pattern along edge,NA,"Juneau Region, Alaska","Juneau Region, Alaska",NA,Box 4,negpcr-2024-2
pecoe-1456,Field blank,motu283,353,Cyanobacteriota,Bacteria,JN_AN,AK_JN,AK_JN,58.380926,-134.696729,NA,NA,NA,NA,ASV710,offtarget,Cyanobacteriota,Bacteria,offtarget,87.209,5.45e-78,Bacteria,Cyanobacteriota,NA,1,2024-07-22,NA,11:59:00,exblank_2024_084,1000,2024,; xn tech: SC; xn date: 2025-04-07; xn notes: ; filtration comments:  ; tech:,Auke Nu Cove,"Julie Schram, Matt Hart",0-0.5,33.5,17.4,by_foot,1,present,"patchy, ~0.5m long, some ephiphytic diatoms fouling",followed edge of sea grass patch (dense patches) in horseshoe pattern along edge,NA,"Juneau Region, Alaska","Juneau Region, Alaska",NA,Box 4,negpcr-2024-2
pecoe-1456,Field blank,motu307,43,Bacteria,Bacteria,JN_AN,AK_JN,AK_JN,58.380926,-134.696729,NA,NA,NA,NA,ASV799,offtarget,Bacteria,Bacteria,offtarget,90.272,2.48e-91,Bacteria,NA,NA,1,2024-07-22,NA,11:59:00,exblank_2024_084,1000,2024,; xn tech: SC; xn date: 2025-04-07; xn notes: ; filtration comments:  ; tech:,Auke Nu Cove,"Julie Schram, Matt Hart",0-0.5,33.5,17.4,by_foot,1,present,"patchy, ~0.5m long, some ephiphytic diatoms fouling",followed edge of sea grass patch (dense patches) in horseshoe pattern along edge,NA,"Juneau Region, Alaska","Juneau Region, Alaska",NA,Box 4,negpcr-2024-2
pecoe-1456,Field blank,motu414,1517,No BLAST hit,No BLAST hit,JN_AN,AK_JN,AK_JN,58.380926,-134.696729,NA,NA,NA,NA,ASV1085,NA,No BLAST hit,No BLAST hit,NA,NA,NA,NA,NA,NA,1,2024-07-22,NA,11:59:00,exblank_2024_084,1000,2024,; xn tech: SC; xn date: 2025-04-07; xn notes: ; filtration comments:  ; tech:,Auke Nu Cove,"Julie Schram, Matt Hart",0-0.5,33.5,17.4,by_foot,1,present,"patchy, ~0.5m long, some ephiphytic diatoms fouling",followed edge of sea grass patch (dense patches) in horseshoe pattern along edge,NA,"Juneau Region, Alaska","Juneau Region, Alaska",NA,Box 4,negpcr-2024-2
pecoe-1456,Field blank,motu439,24,Bacteria,Bacteria,JN_AN,AK_JN,AK_JN,58.380926,-134.696729,NA,NA,NA,NA,ASV1170,offtarget,Bacteria,Bacteria,offtarget,87.549,1.17e-79,Bacteria,NA,NA,1,2024-07-22,NA,11:59:00,exblank_2024_084,1000,2024,; xn tech: SC; xn date: 2025-04-07; xn notes: ; filtration comments:  ; tech:,Auke Nu Cove,"Julie Schram, Matt Hart",0-0.5,33.5,17.4,by_foot,1,present,"patchy, ~0.5m long, some ephiphytic diatoms fouling",followed edge of sea grass patch (dense patches) in horseshoe pattern along edge,NA,"Juneau Region, Alaska","Juneau Region, Alaska",NA,Box 4,negpcr-2024-2
pecoe-1456,Field blank,motu584,974,Bacteria,Bacteria,JN_AN,AK_JN,AK_JN,58.380926,-134.696729,NA,NA,NA,NA,ASV1642,offtarget,Bacteria,Bacteria,offtarget,87.891,2.52e-81,Bacteria,NA,NA,1,2024-07-22,NA,11:59:00,exblank_2024_084,1000,2024,; xn tech: SC; xn date: 2025-04-07; xn notes: ; filtration comments:  ; tech:,Auke Nu Cove,"Julie Schram, Matt Hart",0-0.5,33.5,17.4,by_foot,1,present,"patchy, ~0.5m long, some ephiphytic diatoms fouling",followed edge of sea grass patch (dense patches) in horseshoe pattern along edge,NA,"Juneau Region, Alaska","Juneau Region, Alaska",NA,Box 4,negpcr-2024-2
pecoe-1456,Field blank,motu986,341,Cyanobacteriota,Bacteria,JN_AN,AK_JN,AK_JN,58.380926,-134.696729,NA,NA,NA,NA,ASV2785,offtarget,Cyanobacteriota,Bacteria,offtarget,86.434,1.18e-74,Bacteria,Cyanobacteriota,NA,1,2024-07-22,NA,11:59:00,exblank_2024_084,1000,2024,; xn tech: SC; xn date: 2025-04-07; xn notes: ; filtration comments:  ; tech:,Auke Nu Cove,"Julie Schram, Matt Hart",0-0.5,33.5,17.4,by_foot,1,present,"patchy, ~0.5m long, some ephiphytic diatoms fouling",followed edge of sea grass patch (dense patches) in horseshoe pattern along edge,NA,"Juneau Region, Alaska","Juneau Region, Alaska",NA,Box 4,negpcr-2024-2
pecoe-1456,Field blank,motu1009,190,Bacteria,Bacteria,JN_AN,AK_JN,AK_JN,58.380926,-134.696729,NA,NA,NA,NA,ASV2845,offtarget,Bacteria,Bacteria,offtarget,90.31,2.48e-91,Bacteria,NA,NA,1,2024-07-22,NA,11:59:00,exblank_2024_084,1000,2024,; xn tech: SC; xn date: 2025-04-07; xn notes: ; filtration comments:  ; tech:,Auke Nu Cove,"Julie Schram, Matt Hart",0-0.5,33.5,17.4,by_foot,1,present,"patchy, ~0.5m long, some ephiphytic diatoms fouling",followed edge of sea grass patch (dense patches) in horseshoe pattern along edge,NA,"Juneau Region, Alaska","Juneau Region, Alaska",NA,Box 4,negpcr-2024-2
pecoe-1456,Field blank,motu1334,2,Bacteria,Bacteria,JN_AN,AK_JN,AK_JN,58.380926,-134.696729,NA,NA,NA,NA,ASV3565,offtarget,Bacteria,Bacteria,offtarget,85.992,2.55e-71,Bacteria,NA,NA,1,2024-07-22,NA,11:59:00,exblank_2024_084,1000,2024,; xn tech: SC; xn date: 2025-04-07; xn notes: ; filtration comments:  ; tech:,Auke Nu Cove,"Julie Schram, Matt Hart",0-0.5,33.5,17.4,by_foot,1,present,"patchy, ~0.5m long, some ephiphytic diatoms fouling",followed edge of sea grass patch (dense patches) in horseshoe pattern along edge,NA,"Juneau Region, Alaska","Juneau Region, Alaska",NA,Box 4,negpcr-2024-2
pecoe-1456,Field blank,motu1634,96,Gammaproteobacteria,Bacteria,JN_AN,AK_JN,AK_JN,58.380926,-134.696729,NA,NA,NA,Gammaproteobacteria,ASV4125,offtarget,Gammaproteobacteria,Bacteria,offtarget,85.87,5.99e-78,Bacteria,Pseudomonadota,NA,1,2024-07-22,NA,11:59:00,exblank_2024_084,1000,2024,; xn tech: SC; xn date: 2025-04-07; xn notes: ; filtration comments:  ; tech:,Auke Nu Cove,"Julie Schram, Matt Hart",0-0.5,33.5,17.4,by_foot,1,present,"patchy, ~0.5m long, some ephiphytic diatoms fouling",followed edge of sea grass patch (dense patches) in horseshoe pattern along edge,NA,"Juneau Region, Alaska","Juneau Region, Alaska",NA,Box 4,negpcr-2024-2
pecoe-1456,Field blank,motu1791,83,Unknown organism,Unknown organism,JN_AN,AK_JN,AK_JN,58.380926,-134.696729,NA,NA,NA,NA,ASV4357,offtarget,Unknown organism,Unknown organism,offtarget,86.275,5.49e-73,NA,NA,NA,1,2024-07-22,NA,11:59:00,exblank_2024_084,1000,2024,; xn tech: SC; xn date: 2025-04-07; xn notes: ; filtration comments:  ; tech:,Auke Nu Cove,"Julie Schram, Matt Hart",0-0.5,33.5,17.4,by_foot,1,present,"patchy, ~0.5m long, some ephiphytic diatoms fouling",followed edge of sea grass patch (dense patches) in horseshoe pattern along edge,NA,"Juneau Region, Alaska","Juneau Region, Alaska",NA,Box 4,negpcr-2024-2
pecoe-1456,Field blank,motu1827,14,Bacteria,Bacteria,JN_AN,AK_JN,AK_JN,58.380926,-134.696729,NA,NA,NA,NA,ASV4411,offtarget,Bacteria,Bacteria,offtarget,92.188,4.09e-99,Bacteria,NA,NA,1,2024-07-22,NA,11:59:00,exblank_2024_084,1000,2024,; xn tech: SC; xn date: 2025-04-07; xn notes: ; filtration comments:  ; tech:,Auke Nu Cove,"Julie Schram, Matt Hart",0-0.5,33.5,17.4,by_foot,1,present,"patchy, ~0.5m long, some ephiphytic diatoms fouling",followed edge of sea grass patch (dense patches) in horseshoe pattern along edge,NA,"Juneau Region, Alaska","Juneau Region, Alaska",NA,Box 4,negpcr-2024-2
pecoe-1456,Field blank,motu1950,48,Bacteria,Bacteria,JN_AN,AK_JN,AK_JN,58.380926,-134.696729,NA,NA,NA,NA,ASV4599,offtarget,Bacteria,Bacteria,offtarget,92.188,1.14e-99,Bacteria,NA,NA,1,2024-07-22,NA,11:59:00,exblank_2024_084,1000,2024,; xn tech: SC; xn date: 2025-04-07; xn notes: ; filtration comments:  ; tech:,Auke Nu Cove,"Julie Schram, Matt Hart",0-0.5,33.5,17.4,by_foot,1,present,"patchy, ~0.5m long, some ephiphytic diatoms fouling",followed edge of sea grass patch (dense patches) in horseshoe pattern along edge,NA,"Juneau Region, Alaska","Juneau Region, Alaska",NA,Box 4,negpcr-2024-2
pecoe-1456,Field blank,motu2142,12,Bacteria,Bacteria,JN_AN,AK_JN,AK_JN,58.380926,-134.696729,NA,NA,NA,NA,ASV4830,offtarget,Bacteria,Bacteria,offtarget,93.411,1.1299999999999999e-104,Bacteria,NA,NA,1,2024-07-22,NA,11:59:00,exblank_2024_084,1000,2024,; xn tech: SC; xn date: 2025-04-07; xn notes: ; filtration comments:  ; tech:,Auke Nu Cove,"Julie Schram, Matt Hart",0-0.5,33.5,17.4,by_foot,1,present,"patchy, ~0.5m long, some ephiphytic diatoms fouling",followed edge of sea grass patch (dense patches) in horseshoe pattern along edge,NA,"Juneau Region, Alaska","Juneau Region, Alaska",NA,Box 4,negpcr-2024-2
pecoe-1456,Field blank,motu2201,4,Unknown organism,Unknown organism,JN_AN,AK_JN,AK_JN,58.380926,-134.696729,NA,NA,NA,NA,ASV4896,offtarget,Unknown organism,Unknown organism,offtarget,90.234,2.48e-91,NA,NA,NA,1,2024-07-22,NA,11:59:00,exblank_2024_084,1000,2024,; xn tech: SC; xn date: 2025-04-07; xn notes: ; filtration comments:  ; tech:,Auke Nu Cove,"Julie Schram, Matt Hart",0-0.5,33.5,17.4,by_foot,1,present,"patchy, ~0.5m long, some ephiphytic diatoms fouling",followed edge of sea grass patch (dense patches) in horseshoe pattern along edge,NA,"Juneau Region, Alaska","Juneau Region, Alaska",NA,Box 4,negpcr-2024-2
pecoe-1456,Field blank,motu2211,11,Bacteria,Bacteria,JN_AN,AK_JN,AK_JN,58.380926,-134.696729,NA,NA,NA,NA,ASV4907,offtarget,Bacteria,Bacteria,offtarget,91.016,1.15e-94,Bacteria,NA,NA,1,2024-07-22,NA,11:59:00,exblank_2024_084,1000,2024,; xn tech: SC; xn date: 2025-04-07; xn notes: ; filtration comments:  ; tech:,Auke Nu Cove,"Julie Schram, Matt Hart",0-0.5,33.5,17.4,by_foot,1,present,"patchy, ~0.5m long, some ephiphytic diatoms fouling",followed edge of sea grass patch (dense patches) in horseshoe pattern along edge,NA,"Juneau Region, Alaska","Juneau Region, Alaska",NA,Box 4,negpcr-2024-2
pecoe-1461,Field blank,motu268,35,Bacteria,Bacteria,JN_BC,AK_JN,AK_JN,58.3852961,-134.6493267,NA,NA,NA,NA,ASV653,offtarget,Bacteria,Bacteria,offtarget,85.385,1.19e-69,Bacteria,NA,NA,1,2024-07-24,NA,12:28:00,exblank_2024_084,1000,2024,; xn tech: SC; xn date: 2025-04-07; xn notes: ; filtration comments:  ; tech:,Bay Creek,"Julie Schram, Ed Schiff, Sebastian Schram",0-0.5,28.8,15.1,by_foot,2.5,present,"~1m long grass, dense patches, dense band","sampled parallel to shore, one sample per dock slip",NA,"Juneau Region, Alaska","Juneau Region, Alaska",NA,Box 4,negpcr-2024-2
pecoe-1461,Field blank,motu268,35,Bacteria,Bacteria,JN_BC,AK_JN,AK_JN,58.3852961,-134.6493267,NA,NA,NA,NA,ASV653,offtarget,Bacteria,Bacteria,offtarget,85.385,1.19e-69,Bacteria,NA,NA,1,2024-07-24,NA,12:28:00,exblank_2024_084,1000,2024,; xn tech: SC; xn date: 2025-04-07; xn notes: ; filtration comments:  ; tech:,Bay Creek,"Julie Schram, Ed Schiff, Sebastian Schram",0-0.5,28.8,15.1,by_foot,2.5,present,"~1m long grass, dense patches, dense band","sampled parallel to shore, one sample per dock slip",NA,"Juneau Region, Alaska","Juneau Region, Alaska",NA,Box 4,negpcr-2024-2
pecoe-1461,Field blank,motu283,788,Cyanobacteriota,Bacteria,JN_BC,AK_JN,AK_JN,58.3852961,-134.6493267,NA,NA,NA,NA,ASV710,offtarget,Cyanobacteriota,Bacteria,offtarget,87.209,5.45e-78,Bacteria,Cyanobacteriota,NA,1,2024-07-24,NA,12:28:00,exblank_2024_084,1000,2024,; xn tech: SC; xn date: 2025-04-07; xn notes: ; filtration comments:  ; tech:,Bay Creek,"Julie Schram, Ed Schiff, Sebastian Schram",0-0.5,28.8,15.1,by_foot,2.5,present,"~1m long grass, dense patches, dense band","sampled parallel to shore, one sample per dock slip",NA,"Juneau Region, Alaska","Juneau Region, Alaska",NA,Box 4,negpcr-2024-2
pecoe-1461,Field blank,motu1334,171,Bacteria,Bacteria,JN_BC,AK_JN,AK_JN,58.3852961,-134.6493267,NA,NA,NA,NA,ASV3565,offtarget,Bacteria,Bacteria,offtarget,85.992,2.55e-71,Bacteria,NA,NA,1,2024-07-24,NA,12:28:00,exblank_2024_084,1000,2024,; xn tech: SC; xn date: 2025-04-07; xn notes: ; filtration comments:  ; tech:,Bay Creek,"Julie Schram, Ed Schiff, Sebastian Schram",0-0.5,28.8,15.1,by_foot,2.5,present,"~1m long grass, dense patches, dense band","sampled parallel to shore, one sample per dock slip",NA,"Juneau Region, Alaska","Juneau Region, Alaska",NA,Box 4,negpcr-2024-2
pecoe-1466,Field blank,motu163,2,Unknown bacteria,Bacteria,JN_FC,AK_JN,AK_JN,58.33234,-134.61055,NA,NA,NA,NA,ASV334,offtarget,Unknown bacteria,Bacteria,offtarget,96.875,1.1099999999999995e-119,Bacteria,NA,NA,1,2024-07-28,NA,14:19:00,exblank_2024_084,1000,2024,; xn tech: SC; xn date: 2025-04-07; xn notes: ; filtration comments:  ; tech:,Fish Creek,"Julie Schram, Matt Hart, Sebastian Schram",0-0.5,10.8,14.3,by_foot,1,present,"long patchy aggregtion ~3m wide, follows fw channel up beach; seagrass ~0.5m lng","perpendicular to shore, working towards shore, samples ~10m apart at consistent depth of ~1m",NA,"Juneau Region, Alaska","Juneau Region, Alaska",NA,Box 4,negpcr-2024-2
pecoe-1466,Field blank,motu268,21,Bacteria,Bacteria,JN_FC,AK_JN,AK_JN,58.33234,-134.61055,NA,NA,NA,NA,ASV653,offtarget,Bacteria,Bacteria,offtarget,85.385,1.19e-69,Bacteria,NA,NA,1,2024-07-28,NA,14:19:00,exblank_2024_084,1000,2024,; xn tech: SC; xn date: 2025-04-07; xn notes: ; filtration comments:  ; tech:,Fish Creek,"Julie Schram, Matt Hart, Sebastian Schram",0-0.5,10.8,14.3,by_foot,1,present,"long patchy aggregtion ~3m wide, follows fw channel up beach; seagrass ~0.5m lng","perpendicular to shore, working towards shore, samples ~10m apart at consistent depth of ~1m",NA,"Juneau Region, Alaska","Juneau Region, Alaska",NA,Box 4,negpcr-2024-2
pecoe-1466,Field blank,motu268,21,Bacteria,Bacteria,JN_FC,AK_JN,AK_JN,58.33234,-134.61055,NA,NA,NA,NA,ASV653,offtarget,Bacteria,Bacteria,offtarget,85.385,1.19e-69,Bacteria,NA,NA,1,2024-07-28,NA,14:19:00,exblank_2024_084,1000,2024,; xn tech: SC; xn date: 2025-04-07; xn notes: ; filtration comments:  ; tech:,Fish Creek,"Julie Schram, Matt Hart, Sebastian Schram",0-0.5,10.8,14.3,by_foot,1,present,"long patchy aggregtion ~3m wide, follows fw channel up beach; seagrass ~0.5m lng","perpendicular to shore, working towards shore, samples ~10m apart at consistent depth of ~1m",NA,"Juneau Region, Alaska","Juneau Region, Alaska",NA,Box 4,negpcr-2024-2
pecoe-1466,Field blank,motu283,312,Cyanobacteriota,Bacteria,JN_FC,AK_JN,AK_JN,58.33234,-134.61055,NA,NA,NA,NA,ASV710,offtarget,Cyanobacteriota,Bacteria,offtarget,87.209,5.45e-78,Bacteria,Cyanobacteriota,NA,1,2024-07-28,NA,14:19:00,exblank_2024_084,1000,2024,; xn tech: SC; xn date: 2025-04-07; xn notes: ; filtration comments:  ; tech:,Fish Creek,"Julie Schram, Matt Hart, Sebastian Schram",0-0.5,10.8,14.3,by_foot,1,present,"long patchy aggregtion ~3m wide, follows fw channel up beach; seagrass ~0.5m lng","perpendicular to shore, working towards shore, samples ~10m apart at consistent depth of ~1m",NA,"Juneau Region, Alaska","Juneau Region, Alaska",NA,Box 4,negpcr-2024-2
pecoe-1466,Field blank,motu1376,174,Bacteria,Bacteria,JN_FC,AK_JN,AK_JN,58.33234,-134.61055,NA,NA,NA,NA,ASV3650,offtarget,Bacteria,Bacteria,offtarget,92.188,4.09e-99,Bacteria,NA,NA,1,2024-07-28,NA,14:19:00,exblank_2024_084,1000,2024,; xn tech: SC; xn date: 2025-04-07; xn notes: ; filtration comments:  ; tech:,Fish Creek,"Julie Schram, Matt Hart, Sebastian Schram",0-0.5,10.8,14.3,by_foot,1,present,"long patchy aggregtion ~3m wide, follows fw channel up beach; seagrass ~0.5m lng","perpendicular to shore, working towards shore, samples ~10m apart at consistent depth of ~1m",NA,"Juneau Region, Alaska","Juneau Region, Alaska",NA,Box 4,negpcr-2024-2
pecoe-1466,Field blank,motu1295,6,Unknown organism,Unknown organism,JN_FC,AK_JN,AK_JN,58.33234,-134.61055,NA,NA,NA,NA,ASV4742,offtarget,Unknown organism,Unknown organism,offtarget,89.416,1.26e-94,NA,NA,NA,1,2024-07-28,NA,14:19:00,exblank_2024_084,1000,2024,; xn tech: SC; xn date: 2025-04-07; xn notes: ; filtration comments:  ; tech:,Fish Creek,"Julie Schram, Matt Hart, Sebastian Schram",0-0.5,10.8,14.3,by_foot,1,present,"long patchy aggregtion ~3m wide, follows fw channel up beach; seagrass ~0.5m lng","perpendicular to shore, working towards shore, samples ~10m apart at consistent depth of ~1m",NA,"Juneau Region, Alaska","Juneau Region, Alaska",NA,Box 4,negpcr-2024-2
pecoe-1466,Field blank,motu2201,4,Unknown organism,Unknown organism,JN_FC,AK_JN,AK_JN,58.33234,-134.61055,NA,NA,NA,NA,ASV4896,offtarget,Unknown organism,Unknown organism,offtarget,90.234,2.48e-91,NA,NA,NA,1,2024-07-28,NA,14:19:00,exblank_2024_084,1000,2024,; xn tech: SC; xn date: 2025-04-07; xn notes: ; filtration comments:  ; tech:,Fish Creek,"Julie Schram, Matt Hart, Sebastian Schram",0-0.5,10.8,14.3,by_foot,1,present,"long patchy aggregtion ~3m wide, follows fw channel up beach; seagrass ~0.5m lng","perpendicular to shore, working towards shore, samples ~10m apart at consistent depth of ~1m",NA,"Juneau Region, Alaska","Juneau Region, Alaska",NA,Box 4,negpcr-2024-2
pecoe-1471,Field blank,motu2381,3,Unknown organism,Unknown organism,NC_RB,CA_SF,CA_NCb,37.87382,-122.49199,NA,NA,NA,NA,ASV5085,offtarget,Unknown organism,Unknown organism,offtarget,94.488,1.45e-108,NA,NA,NA,1,2024-08-07,NA,09:30:00,exblank_2024_076,1000,2024,; xn tech: SC; xn date: 2025-03-16; xn notes: ; filtration comments:  ; tech:,Richardson Bay,"Margot Buchbinder, Sebastian Garcia, Josie Collier",0-0.5,32,20.2,by_foot,1.2,present,"healthy looking plants, tall (at surface)","start at GPS point, go in ~10m intervals to the ~NNW (against ebb tide)",NA,"San Francisco Bay, California","San Francisco Bay 1, California",NA,Box 3,negpcr-2024-2
pecoe-1481,Field blank,motu11,3,Oncorhynchus,Salmon species,NC_PM,CA_SF,CA_NCb,37.94617,-122.41955,Oncorhynchus,Salmonidae,Salmoniformes,Teleostei,ASV11,genus,Oncorhynchus keta,Chum salmon,species,100,7.31e-85,Eukaryota,Chordata,0,1,2024-08-08,NA,09:52:00,exblank_2024_076,1000,2024,; xn tech: SC; xn date: 2025-03-16; xn notes: ; filtration comments:  ; tech:,Point Molate,"Margot Buchbinder, Becca Morris",0-0.5,28.1,18.1,by_foot,1.2,present,"large, leahty plants, patchy, epiphytized",Transect starts at GPS point and continues parallel to shore (~SSE) points 10-15m apart,NA,"San Francisco Bay, California","San Francisco Bay 1, California",NA,Box 3,negpcr-2024-2
pecoe-1481,Field blank,motu11,3,Oncorhynchus,Salmon species,NC_PM,CA_SF,CA_NCb,37.94617,-122.41955,Oncorhynchus,Salmonidae,Salmoniformes,Teleostei,ASV11,genus,Oncorhynchus keta,Chum salmon,species,100,7.31e-85,Eukaryota,Chordata,0,1,2024-08-08,NA,09:52:00,exblank_2024_076,1000,2024,; xn tech: SC; xn date: 2025-03-16; xn notes: ; filtration comments:  ; tech:,Point Molate,"Margot Buchbinder, Becca Morris",0-0.5,28.1,18.1,by_foot,1.2,present,"large, leahty plants, patchy, epiphytized",Transect starts at GPS point and continues parallel to shore (~SSE) points 10-15m apart,NA,"San Francisco Bay, California","San Francisco Bay 1, California",NA,Box 3,negpcr-2024-2
pecoe-1481,Field blank,motu48,413303,Acanthogobius flavimanus,Yellowfin goby,NC_PM,CA_SF,CA_NCb,37.94617,-122.41955,Acanthogobius,Gobiidae,Gobiiformes,Teleostei,ASV52,species,Acanthogobius flavimanus,Yellowfin goby,species,100,9.32e-84,Eukaryota,Chordata,0,1,2024-08-08,NA,09:52:00,exblank_2024_076,1000,2024,; xn tech: SC; xn date: 2025-03-16; xn notes: ; filtration comments:  ; tech:,Point Molate,"Margot Buchbinder, Becca Morris",0-0.5,28.1,18.1,by_foot,1.2,present,"large, leahty plants, patchy, epiphytized",Transect starts at GPS point and continues parallel to shore (~SSE) points 10-15m apart,NA,"San Francisco Bay, California","San Francisco Bay 1, California",NA,Box 3,negpcr-2024-2
pecoe-1481,Field blank,motu48,413303,Acanthogobius flavimanus,Yellowfin goby,NC_PM,CA_SF,CA_NCb,37.94617,-122.41955,Acanthogobius,Gobiidae,Gobiiformes,Teleostei,ASV52,species,Acanthogobius flavimanus,Yellowfin goby,species,100,9.32e-84,Eukaryota,Chordata,0,1,2024-08-08,NA,09:52:00,exblank_2024_076,1000,2024,; xn tech: SC; xn date: 2025-03-16; xn notes: ; filtration comments:  ; tech:,Point Molate,"Margot Buchbinder, Becca Morris",0-0.5,28.1,18.1,by_foot,1.2,present,"large, leahty plants, patchy, epiphytized",Transect starts at GPS point and continues parallel to shore (~SSE) points 10-15m apart,NA,"San Francisco Bay, California","San Francisco Bay 1, California",NA,Box 3,negpcr-2024-2
pecoe-1481,Field blank,motu154,6,Unknown organism,Unknown organism,NC_PM,CA_SF,CA_NCb,37.94617,-122.41955,NA,NA,NA,NA,ASV716,offtarget,Unknown organism,Unknown organism,offtarget,100,5.04e-133,NA,NA,NA,1,2024-08-08,NA,09:52:00,exblank_2024_076,1000,2024,; xn tech: SC; xn date: 2025-03-16; xn notes: ; filtration comments:  ; tech:,Point Molate,"Margot Buchbinder, Becca Morris",0-0.5,28.1,18.1,by_foot,1.2,present,"large, leahty plants, patchy, epiphytized",Transect starts at GPS point and continues parallel to shore (~SSE) points 10-15m apart,NA,"San Francisco Bay, California","San Francisco Bay 1, California",NA,Box 3,negpcr-2024-2
pecoe-1481,Field blank,motu1506,7,Bacteria,Bacteria,NC_PM,CA_SF,CA_NCb,37.94617,-122.41955,NA,NA,NA,NA,ASV3915,offtarget,Bacteria,Bacteria,offtarget,96.094,2.4e-116,Bacteria,Cyanobacteriota,NA,1,2024-08-08,NA,09:52:00,exblank_2024_076,1000,2024,; xn tech: SC; xn date: 2025-03-16; xn notes: ; filtration comments:  ; tech:,Point Molate,"Margot Buchbinder, Becca Morris",0-0.5,28.1,18.1,by_foot,1.2,present,"large, leahty plants, patchy, epiphytized",Transect starts at GPS point and continues parallel to shore (~SSE) points 10-15m apart,NA,"San Francisco Bay, California","San Francisco Bay 1, California",NA,Box 3,negpcr-2024-2
pecoe-1481,Field blank,motu2094,16,Unknown bacteria,Bacteria,NC_PM,CA_SF,CA_NCb,37.94617,-122.41955,NA,NA,NA,NA,ASV4776,offtarget,Unknown bacteria,Bacteria,offtarget,98.776,6.61e-122,Bacteria,NA,NA,1,2024-08-08,NA,09:52:00,exblank_2024_076,1000,2024,; xn tech: SC; xn date: 2025-03-16; xn notes: ; filtration comments:  ; tech:,Point Molate,"Margot Buchbinder, Becca Morris",0-0.5,28.1,18.1,by_foot,1.2,present,"large, leahty plants, patchy, epiphytized",Transect starts at GPS point and continues parallel to shore (~SSE) points 10-15m apart,NA,"San Francisco Bay, California","San Francisco Bay 1, California",NA,Box 3,negpcr-2024-2
pecoe-1481,Field blank,motu2288,3,Unknown organism,Unknown organism,NC_PM,CA_SF,CA_NCb,37.94617,-122.41955,NA,NA,NA,NA,ASV4989,offtarget,Unknown organism,Unknown organism,offtarget,90.945,5.329999999999998e-93,NA,NA,NA,1,2024-08-08,NA,09:52:00,exblank_2024_076,1000,2024,; xn tech: SC; xn date: 2025-03-16; xn notes: ; filtration comments:  ; tech:,Point Molate,"Margot Buchbinder, Becca Morris",0-0.5,28.1,18.1,by_foot,1.2,present,"large, leahty plants, patchy, epiphytized",Transect starts at GPS point and continues parallel to shore (~SSE) points 10-15m apart,NA,"San Francisco Bay, California","San Francisco Bay 1, California",NA,Box 3,negpcr-2024-2
pecoe-1494,Field blank,motu1920,1,Unknown bacteria,Bacteria,MB_CB,CA_MB,CA_MB,35.37211,-120.86052,NA,NA,NA,NA,ASV4555,offtarget,Unknown bacteria,Bacteria,offtarget,100,6.57e-127,Bacteria,NA,NA,1,2024-07-12,NA,09:41:00,exblank_2024_080,1000,2024,; xn tech: SC; xn date: 2025-03-26; xn notes: ; filtration comments:  ; tech:,Coleman Beach,"K. Twist, A. Mortensen",0-0.5,33,15,by_foot,1-1.5,present,sampled in eelgrass bed,"Started at GPS coordinates; headed East to West starting closest to beach then heading towards harbour mouth. Samples 10m apart, consistent depth.",NA,"Morro Bay, California","Morro Bay, California",NA,Box 3,negpcr-2024-2
pecoe-1505,Field blank,motu676,3,Unknown organism,Unknown organism,CC_GOG1,BC_CC,BC_CC,51.92338,-128.46883,NA,NA,NA,NA,ASV1899,offtarget,Unknown organism,Unknown organism,offtarget,100,5.04e-133,NA,NA,NA,1,2024-07-07,NA,14:41:00,exblank_2024_070,1000,2024,; xn tech: SC; xn date: 2025-02-28; xn notes: ; filtration comments:  ; tech:,Duck Island,"Carolyn, Rumer, Krystal, Luba, Margot",0-0.5,31,13,by_boat,1-1.8,present,"continuous seagreass bed 80% cover, medium density",NA,NA,Central Coast British Columbia,Central Coast British Columbia,NA,Box 2,negpcr-2024-2
pecoe-1505,Field blank,motu957,104,Brucellaceae,Bacteria,CC_GOG1,BC_CC,BC_CC,51.92338,-128.46883,Brucella,Brucellaceae,Hyphomicrobiales,Alphaproteobacteria,ASV2703,offtarget,Brucellaceae,Bacteria,offtarget,92.218,1.14e-99,Bacteria,Pseudomonadota,NA,1,2024-07-07,NA,14:41:00,exblank_2024_070,1000,2024,; xn tech: SC; xn date: 2025-02-28; xn notes: ; filtration comments:  ; tech:,Duck Island,"Carolyn, Rumer, Krystal, Luba, Margot",0-0.5,31,13,by_boat,1-1.8,present,"continuous seagreass bed 80% cover, medium density",NA,NA,Central Coast British Columbia,Central Coast British Columbia,NA,Box 2,negpcr-2024-2
pecoe-1506,Field blank,motu2440,1,Unknown bacteria,Bacteria,LA_LN,CA_LA,CA_LA,33.602146,-117.882643,NA,NA,NA,NA,ASV5144,offtarget,Unknown bacteria,Bacteria,offtarget,97.491,5.499999999999999e-133,Bacteria,NA,NA,1,2024-07-09,NA,12:31:00,exblank_2024_075,800,2024,; xn tech: SC; xn date: 2025-03-13; xn notes: ; filtration comments:  ; tech:,Lower Newport Bay,"Sophie, Tessa, Rebeka, Andrea, Kirra, Mia, Dr. B.",0-0.5,35.2,22.3,by_foot,1.5,present,"~0.5m tall, fairly dense at 1m depth","from jetty towards Northeast, last two a little deeper, 10m apart",NA,"Los Angeles, California","Los Angeles, California",NA,Box 3,negpcr-2024-2
pecoe-1521,Field blank,motu2154,16,Unknown organism,Unknown organism,LA_AB,CA_LA,CA_LA,33.756244,-118.131133,NA,NA,NA,NA,ASV4844,offtarget,Unknown organism,Unknown organism,offtarget,100,5.04e-133,NA,NA,NA,1,2024-07-16,NA,10:52:00,exblank_2024_077,800,2024,; xn tech: SC; xn date: 2025-03-17; xn notes: ; filtration comments:  ; tech:,Alamitos Bay,"Tessa, Rebeka, Andrea, Kirra, Mia",0.5-1,35.2,22.5,by_foot,1-2,present,"patchy, sparse to dense, long, full","10m apart, consistent depth",NA,"Los Angeles, California","Los Angeles, California",NA,Box 3,negpcr-2024-2
pecoe-1526,Field blank,motu4,5,Atherinopsis californiensis,Jack silverside,LA_JD,CA_LA,CA_LA,33.762067,-118.119511,Atherinopsis,Atherinidae,Atheriniformes,Teleostei,ASV4,species,Atherinopsis,Atherinopsis silverside species,genus,95.858,1.23e-72,Eukaryota,Chordata,0,1,2024-07-18,NA,11:11:00,exblank_2024_075,700,2024,; xn tech: SC; xn date: 2025-03-13; xn notes: ; filtration comments:  ; tech:,Jack Dunster Reserve,"Sophie, Tessa, Rebeka, Andrea, Kirra, Mia",0.5-1,34.9,22.6,by_foot,1.5,present,"patchy, then becomes thick, tall 0.5-1m height in some areas","10m apart, consistent depth",NA,"Los Angeles, California","Los Angeles, California",NA,Box 3,negpcr-2024-2
pecoe-1526,Field blank,motu4,5,Atherinopsis californiensis,Jack silverside,LA_JD,CA_LA,CA_LA,33.762067,-118.119511,Atherinopsis,Atherinidae,Atheriniformes,Teleostei,ASV4,species,Atherinopsis,Atherinopsis silverside species,genus,95.858,1.23e-72,Eukaryota,Chordata,0,1,2024-07-18,NA,11:11:00,exblank_2024_075,700,2024,; xn tech: SC; xn date: 2025-03-13; xn notes: ; filtration comments:  ; tech:,Jack Dunster Reserve,"Sophie, Tessa, Rebeka, Andrea, Kirra, Mia",0.5-1,34.9,22.6,by_foot,1.5,present,"patchy, then becomes thick, tall 0.5-1m height in some areas","10m apart, consistent depth",NA,"Los Angeles, California","Los Angeles, California",NA,Box 3,negpcr-2024-2
pecoe-1526,Field blank,motu935,146,Unknown organism,Unknown organism,LA_JD,CA_LA,CA_LA,33.762067,-118.119511,NA,NA,NA,NA,ASV2646,offtarget,Unknown organism,Unknown organism,offtarget,100,5.04e-133,NA,NA,NA,1,2024-07-18,NA,11:11:00,exblank_2024_075,700,2024,; xn tech: SC; xn date: 2025-03-13; xn notes: ; filtration comments:  ; tech:,Jack Dunster Reserve,"Sophie, Tessa, Rebeka, Andrea, Kirra, Mia",0.5-1,34.9,22.6,by_foot,1.5,present,"patchy, then becomes thick, tall 0.5-1m height in some areas","10m apart, consistent depth",NA,"Los Angeles, California","Los Angeles, California",NA,Box 3,negpcr-2024-2
pecoe-1526,Field blank,motu935,146,Unknown organism,Unknown organism,LA_JD,CA_LA,CA_LA,33.762067,-118.119511,NA,NA,NA,NA,ASV2646,offtarget,Unknown organism,Unknown organism,offtarget,100,5.04e-133,NA,NA,NA,1,2024-07-18,NA,11:11:00,exblank_2024_075,700,2024,; xn tech: SC; xn date: 2025-03-13; xn notes: ; filtration comments:  ; tech:,Jack Dunster Reserve,"Sophie, Tessa, Rebeka, Andrea, Kirra, Mia",0.5-1,34.9,22.6,by_foot,1.5,present,"patchy, then becomes thick, tall 0.5-1m height in some areas","10m apart, consistent depth",NA,"Los Angeles, California","Los Angeles, California",NA,Box 3,negpcr-2024-2
pecoe-1531,Field blank,motu2441,1,No BLAST hit,No BLAST hit,PS_SH,WA_PS,WA_PSa,48.504952,-122.672569,NA,NA,NA,NA,ASV5145,NA,No BLAST hit,No BLAST hit,NA,NA,NA,NA,NA,NA,1,2024-07-18,NA,11:53:00,exblank_2024_064,600,2024,did not open at field site; xn tech: AC; xn date: 2025-02-07; xn notes: ; filtration comments:  ; tech:,Ship Harbour,Sobocinsky,0-0.5,27.3,14.6,by_foot,1,present,NA,see diagram on datasheet,NA,"Puget Sound & Padilla Bay, Washington","Padilla Bay, Washington",NA,BOX1,negpcr-2024-2
pecoe-1536,Field blank,motu217,8360,Unknown bacteria,Bacteria,PS_BV,WA_PS,WA_PSa,48.4874467,-122.4832919,NA,NA,NA,NA,ASV477,offtarget,Unknown bacteria,Bacteria,offtarget,96.484,5.1499999999999985e-118,Bacteria,NA,NA,1,2024-07-19,NA,11:00:00,exblank_2024_075,600,2024,tap water; xn tech: SC; xn date: 2025-03-13; xn notes: ; filtration comments:  ; tech:,Bayview,"Sobocinsky, Tulloch, Grealish",0-0.5,27.7,20.8,by_foot,0.75,present,"patchy zone, marina, same zone, japonica nearer to shore",see diagram on datasheet,"fish seen: stickleback, pipefish, flatfish (juvenile English sole?)","Puget Sound & Padilla Bay, Washington","Padilla Bay, Washington",NA,Box 3,negpcr-2024-3
pecoe-1536,Field blank,motu482,282,Unknown bacteria,Bacteria,PS_BV,WA_PS,WA_PSa,48.4874467,-122.4832919,NA,NA,NA,NA,ASV1319,offtarget,Unknown bacteria,Bacteria,offtarget,99.609,2.35e-131,Bacteria,NA,NA,1,2024-07-19,NA,11:00:00,exblank_2024_075,600,2024,tap water; xn tech: SC; xn date: 2025-03-13; xn notes: ; filtration comments:  ; tech:,Bayview,"Sobocinsky, Tulloch, Grealish",0-0.5,27.7,20.8,by_foot,0.75,present,"patchy zone, marina, same zone, japonica nearer to shore",see diagram on datasheet,"fish seen: stickleback, pipefish, flatfish (juvenile English sole?)","Puget Sound & Padilla Bay, Washington","Padilla Bay, Washington",NA,Box 3,negpcr-2024-3
pecoe-1536,Field blank,motu2063,27,Unknown bacteria,Bacteria,PS_BV,WA_PS,WA_PSa,48.4874467,-122.4832919,NA,NA,NA,NA,ASV4744,offtarget,Unknown bacteria,Bacteria,offtarget,97.255,8.559999999999998e-121,Bacteria,NA,NA,1,2024-07-19,NA,11:00:00,exblank_2024_075,600,2024,tap water; xn tech: SC; xn date: 2025-03-13; xn notes: ; filtration comments:  ; tech:,Bayview,"Sobocinsky, Tulloch, Grealish",0-0.5,27.7,20.8,by_foot,0.75,present,"patchy zone, marina, same zone, japonica nearer to shore",see diagram on datasheet,"fish seen: stickleback, pipefish, flatfish (juvenile English sole?)","Puget Sound & Padilla Bay, Washington","Padilla Bay, Washington",NA,Box 3,negpcr-2024-3
pecoe-1536,Field blank,motu2214,11,Unknown bacteria,Bacteria,PS_BV,WA_PS,WA_PSa,48.4874467,-122.4832919,NA,NA,NA,NA,ASV4910,offtarget,Unknown bacteria,Bacteria,offtarget,96.094,2.4e-116,Bacteria,NA,NA,1,2024-07-19,NA,11:00:00,exblank_2024_075,600,2024,tap water; xn tech: SC; xn date: 2025-03-13; xn notes: ; filtration comments:  ; tech:,Bayview,"Sobocinsky, Tulloch, Grealish",0-0.5,27.7,20.8,by_foot,0.75,present,"patchy zone, marina, same zone, japonica nearer to shore",see diagram on datasheet,"fish seen: stickleback, pipefish, flatfish (juvenile English sole?)","Puget Sound & Padilla Bay, Washington","Padilla Bay, Washington",NA,Box 3,negpcr-2024-3
pecoe-1541,Field blank,motu61,131,No BLAST hit,No BLAST hit,PS_BB,WA_PS,WA_PSa,48.72824,-122.506265,NA,NA,NA,NA,ASV69,NA,No BLAST hit,No BLAST hit,NA,NA,NA,NA,NA,NA,1,2024-07-22,NA,11:01:00,exblank_2024_074,600,2024,; xn tech: SC; xn date: 2025-03-12; xn notes: ; filtration comments:  ; tech:,Bellingham Bay,"Sobocinsky, Tulloch, Grealish",1-2,22.5,19.3,by_foot,1.25-1.5,present,continuous bed,see diagram on datasheet,NA,"Puget Sound & Padilla Bay, Washington","Padilla Bay, Washington",NA,Box 2,negpcr-2024-3
pecoe-1541,Field blank,motu61,131,No BLAST hit,No BLAST hit,PS_BB,WA_PS,WA_PSa,48.72824,-122.506265,NA,NA,NA,NA,ASV69,NA,No BLAST hit,No BLAST hit,NA,NA,NA,NA,NA,NA,1,2024-07-22,NA,11:01:00,exblank_2024_074,600,2024,; xn tech: SC; xn date: 2025-03-12; xn notes: ; filtration comments:  ; tech:,Bellingham Bay,"Sobocinsky, Tulloch, Grealish",1-2,22.5,19.3,by_foot,1.25-1.5,present,continuous bed,see diagram on datasheet,NA,"Puget Sound & Padilla Bay, Washington","Padilla Bay, Washington",NA,Box 2,negpcr-2024-3
pecoe-1575,Field blank,motu1,15,Cymatogaster aggregata,Shiner perch,PP_JJ,BC_PP,BC_PP,48.92165,-125.27545,Cymatogaster,Embiotocidae,Ovalentaria incertae sedis,Teleostei,ASV1,species,Cymatogaster aggregata,Shiner perch,species,100,2.61e-84,Eukaryota,Chordata,0,1,2024-07-26,NA,12:53:00,exblank_2024_083,1000,2024,; xn tech: SC; xn date: 2025-04-03; xn notes: ; filtration comments:  ; tech:,Jaques-Jarvis Lagoon,"Yakimishyn, Jennifer Bohlen, Krista Graham, Crystal",0-0.5,31.8,15.8,by_boat,1.5,present,NA,samples taken ~10m apart parallel to shore over eelgrass meadow,NA,"Pacific Rim Park, British Columbia","Pacific Rim Park, British Columbia",NA,Box 4,negpcr-2024-3
pecoe-1575,Field blank,motu1,15,Cymatogaster aggregata,Shiner perch,PP_JJ,BC_PP,BC_PP,48.92165,-125.27545,Cymatogaster,Embiotocidae,Ovalentaria incertae sedis,Teleostei,ASV1,species,Cymatogaster aggregata,Shiner perch,species,100,2.61e-84,Eukaryota,Chordata,0,1,2024-07-26,NA,12:53:00,exblank_2024_083,1000,2024,; xn tech: SC; xn date: 2025-04-03; xn notes: ; filtration comments:  ; tech:,Jaques-Jarvis Lagoon,"Yakimishyn, Jennifer Bohlen, Krista Graham, Crystal",0-0.5,31.8,15.8,by_boat,1.5,present,NA,samples taken ~10m apart parallel to shore over eelgrass meadow,NA,"Pacific Rim Park, British Columbia","Pacific Rim Park, British Columbia",NA,Box 4,negpcr-2024-3
pecoe-1575,Field blank,motu3,19,Clupea pallasii,Pacific herring,PP_JJ,BC_PP,BC_PP,48.92165,-125.27545,Clupea,Clupeidae,Clupeiformes,Teleostei,ASV3,species,Clupea pallasii,Pacific herring,species,100,1.6e-86,Eukaryota,Chordata,0,1,2024-07-26,NA,12:53:00,exblank_2024_083,1000,2024,; xn tech: SC; xn date: 2025-04-03; xn notes: ; filtration comments:  ; tech:,Jaques-Jarvis Lagoon,"Yakimishyn, Jennifer Bohlen, Krista Graham, Crystal",0-0.5,31.8,15.8,by_boat,1.5,present,NA,samples taken ~10m apart parallel to shore over eelgrass meadow,NA,"Pacific Rim Park, British Columbia","Pacific Rim Park, British Columbia",NA,Box 4,negpcr-2024-3
pecoe-1575,Field blank,motu3,19,Clupea pallasii,Pacific herring,PP_JJ,BC_PP,BC_PP,48.92165,-125.27545,Clupea,Clupeidae,Clupeiformes,Teleostei,ASV3,species,Clupea pallasii,Pacific herring,species,100,1.6e-86,Eukaryota,Chordata,0,1,2024-07-26,NA,12:53:00,exblank_2024_083,1000,2024,; xn tech: SC; xn date: 2025-04-03; xn notes: ; filtration comments:  ; tech:,Jaques-Jarvis Lagoon,"Yakimishyn, Jennifer Bohlen, Krista Graham, Crystal",0-0.5,31.8,15.8,by_boat,1.5,present,NA,samples taken ~10m apart parallel to shore over eelgrass meadow,NA,"Pacific Rim Park, British Columbia","Pacific Rim Park, British Columbia",NA,Box 4,negpcr-2024-3
pecoe-1575,Field blank,motu8,9,Engraulis mordax,Californian anchovy,PP_JJ,BC_PP,BC_PP,48.92165,-125.27545,Engraulis,Engraulidae,Clupeiformes,Teleostei,ASV8,species,Engraulis mordax,Californian anchovy,species,100,4.49e-87,Eukaryota,Chordata,0,1,2024-07-26,NA,12:53:00,exblank_2024_083,1000,2024,; xn tech: SC; xn date: 2025-04-03; xn notes: ; filtration comments:  ; tech:,Jaques-Jarvis Lagoon,"Yakimishyn, Jennifer Bohlen, Krista Graham, Crystal",0-0.5,31.8,15.8,by_boat,1.5,present,NA,samples taken ~10m apart parallel to shore over eelgrass meadow,NA,"Pacific Rim Park, British Columbia","Pacific Rim Park, British Columbia",NA,Box 4,negpcr-2024-3
pecoe-1575,Field blank,motu8,9,Engraulis mordax,Californian anchovy,PP_JJ,BC_PP,BC_PP,48.92165,-125.27545,Engraulis,Engraulidae,Clupeiformes,Teleostei,ASV8,species,Engraulis mordax,Californian anchovy,species,100,4.49e-87,Eukaryota,Chordata,0,1,2024-07-26,NA,12:53:00,exblank_2024_083,1000,2024,; xn tech: SC; xn date: 2025-04-03; xn notes: ; filtration comments:  ; tech:,Jaques-Jarvis Lagoon,"Yakimishyn, Jennifer Bohlen, Krista Graham, Crystal",0-0.5,31.8,15.8,by_boat,1.5,present,NA,samples taken ~10m apart parallel to shore over eelgrass meadow,NA,"Pacific Rim Park, British Columbia","Pacific Rim Park, British Columbia",NA,Box 4,negpcr-2024-3
pecoe-1575,Field blank,motu32,3,Embiotocidae,Surfperch family,PP_JJ,BC_PP,BC_PP,48.92165,-125.27545,Phanerodon,Embiotocidae,Ovalentaria incertae sedis,Teleostei,ASV34,family,Phanerodon vacca,Pile perch,species,100,2.61e-84,Eukaryota,Chordata,0,1,2024-07-26,NA,12:53:00,exblank_2024_083,1000,2024,; xn tech: SC; xn date: 2025-04-03; xn notes: ; filtration comments:  ; tech:,Jaques-Jarvis Lagoon,"Yakimishyn, Jennifer Bohlen, Krista Graham, Crystal",0-0.5,31.8,15.8,by_boat,1.5,present,NA,samples taken ~10m apart parallel to shore over eelgrass meadow,NA,"Pacific Rim Park, British Columbia","Pacific Rim Park, British Columbia",NA,Box 4,negpcr-2024-3
pecoe-1575,Field blank,motu32,3,Embiotocidae,Surfperch family,PP_JJ,BC_PP,BC_PP,48.92165,-125.27545,Phanerodon,Embiotocidae,Ovalentaria incertae sedis,Teleostei,ASV34,family,Phanerodon vacca,Pile perch,species,100,2.61e-84,Eukaryota,Chordata,0,1,2024-07-26,NA,12:53:00,exblank_2024_083,1000,2024,; xn tech: SC; xn date: 2025-04-03; xn notes: ; filtration comments:  ; tech:,Jaques-Jarvis Lagoon,"Yakimishyn, Jennifer Bohlen, Krista Graham, Crystal",0-0.5,31.8,15.8,by_boat,1.5,present,NA,samples taken ~10m apart parallel to shore over eelgrass meadow,NA,"Pacific Rim Park, British Columbia","Pacific Rim Park, British Columbia",NA,Box 4,negpcr-2024-3
pecoe-1575,Field blank,motu43,2,Citharichthys stigmaeus,Speckled sanddab,PP_JJ,BC_PP,BC_PP,48.92165,-125.27545,Citharichthys,Paralichthyidae,Pleuronectiformes,Teleostei,ASV57,species,Citharichthys stigmaeus,Speckled sanddab,species,100,7.31e-85,Eukaryota,Chordata,0,1,2024-07-26,NA,12:53:00,exblank_2024_083,1000,2024,; xn tech: SC; xn date: 2025-04-03; xn notes: ; filtration comments:  ; tech:,Jaques-Jarvis Lagoon,"Yakimishyn, Jennifer Bohlen, Krista Graham, Crystal",0-0.5,31.8,15.8,by_boat,1.5,present,NA,samples taken ~10m apart parallel to shore over eelgrass meadow,NA,"Pacific Rim Park, British Columbia","Pacific Rim Park, British Columbia",NA,Box 4,negpcr-2024-3
pecoe-1588,Field blank,motu2,3,Leptocottus armatus,Pacific staghorn sculpin,PP_HI,BC_PP,BC_PP,48.9517,-125.314117,Leptocottus,Cottidae,Perciformes,Teleostei,ASV2,species,Leptocottus armatus,Pacific staghorn sculpin,species,100,2.05e-85,Eukaryota,Chordata,0,1,2024-07-23,NA,13:47:00,exblank_2024_083,1000,2024,; xn tech: SC; xn date: 2025-04-03; xn notes: ; filtration comments:  ; tech:,Hand Island,"Yakimishyn, Jennifer Bohlen, Krista Graham, Crystal",0-0.5,31.1,17,by_boat,0.8,present,NA,samples taken ~10m apart at same depth over eelgras meadow,NA,"Pacific Rim Park, British Columbia","Pacific Rim Park, British Columbia",NA,Box 4,negpcr-2024-3
pecoe-1588,Field blank,motu2,3,Leptocottus armatus,Pacific staghorn sculpin,PP_HI,BC_PP,BC_PP,48.9517,-125.314117,Leptocottus,Cottidae,Perciformes,Teleostei,ASV2,species,Leptocottus armatus,Pacific staghorn sculpin,species,100,2.05e-85,Eukaryota,Chordata,0,1,2024-07-23,NA,13:47:00,exblank_2024_083,1000,2024,; xn tech: SC; xn date: 2025-04-03; xn notes: ; filtration comments:  ; tech:,Hand Island,"Yakimishyn, Jennifer Bohlen, Krista Graham, Crystal",0-0.5,31.1,17,by_boat,0.8,present,NA,samples taken ~10m apart at same depth over eelgras meadow,NA,"Pacific Rim Park, British Columbia","Pacific Rim Park, British Columbia",NA,Box 4,negpcr-2024-3
pecoe-1588,Field blank,motu5,4,Gasterosteus aculeatus,Three-spined stickleback,PP_HI,BC_PP,BC_PP,48.9517,-125.314117,Gasterosteus,Gasterosteidae,Perciformes,Teleostei,ASV5,species,Gasterosteus aculeatus,Three-spined stickleback,species,100,7.31e-85,Eukaryota,Chordata,0,1,2024-07-23,NA,13:47:00,exblank_2024_083,1000,2024,; xn tech: SC; xn date: 2025-04-03; xn notes: ; filtration comments:  ; tech:,Hand Island,"Yakimishyn, Jennifer Bohlen, Krista Graham, Crystal",0-0.5,31.1,17,by_boat,0.8,present,NA,samples taken ~10m apart at same depth over eelgras meadow,NA,"Pacific Rim Park, British Columbia","Pacific Rim Park, British Columbia",NA,Box 4,negpcr-2024-3
pecoe-1588,Field blank,motu5,4,Gasterosteus aculeatus,Three-spined stickleback,PP_HI,BC_PP,BC_PP,48.9517,-125.314117,Gasterosteus,Gasterosteidae,Perciformes,Teleostei,ASV5,species,Gasterosteus aculeatus,Three-spined stickleback,species,100,7.31e-85,Eukaryota,Chordata,0,1,2024-07-23,NA,13:47:00,exblank_2024_083,1000,2024,; xn tech: SC; xn date: 2025-04-03; xn notes: ; filtration comments:  ; tech:,Hand Island,"Yakimishyn, Jennifer Bohlen, Krista Graham, Crystal",0-0.5,31.1,17,by_boat,0.8,present,NA,samples taken ~10m apart at same depth over eelgras meadow,NA,"Pacific Rim Park, British Columbia","Pacific Rim Park, British Columbia",NA,Box 4,negpcr-2024-3
pecoe-1588,Field blank,motu1569,126,Unknown organism,Unknown organism,PP_HI,BC_PP,BC_PP,48.9517,-125.314117,NA,NA,NA,NA,ASV4028,offtarget,Unknown organism,Unknown organism,offtarget,88.672,1.16e-84,NA,NA,NA,1,2024-07-23,NA,13:47:00,exblank_2024_083,1000,2024,; xn tech: SC; xn date: 2025-04-03; xn notes: ; filtration comments:  ; tech:,Hand Island,"Yakimishyn, Jennifer Bohlen, Krista Graham, Crystal",0-0.5,31.1,17,by_boat,0.8,present,NA,samples taken ~10m apart at same depth over eelgras meadow,NA,"Pacific Rim Park, British Columbia","Pacific Rim Park, British Columbia",NA,Box 4,negpcr-2024-3
pecoe-1626,Field blank,motu1,1,Cymatogaster aggregata,Shiner perch,SD_CI,CA_SD,CA_SD,32.7005,-117.1731,Cymatogaster,Embiotocidae,Ovalentaria incertae sedis,Teleostei,ASV1,species,Cymatogaster aggregata,Shiner perch,species,100,2.61e-84,Eukaryota,Chordata,0,1,2024-08-06,NA,NA,exblank_2024_086,900,2024,; xn tech: SC; xn date: 2025-04-09; xn notes: ; filtration comments:  ; tech:,Coronado Island,Lily Jannick,NA,24.11,21.12,by_foot,NA,present,NA,"10m apart, consistent depth",NA,"San Diego region, California","San Diego region, California",NA,Box 4,negpcr-2024-3
pecoe-1626,Field blank,motu1,1,Cymatogaster aggregata,Shiner perch,SD_CI,CA_SD,CA_SD,32.7005,-117.1731,Cymatogaster,Embiotocidae,Ovalentaria incertae sedis,Teleostei,ASV1,species,Cymatogaster aggregata,Shiner perch,species,100,2.61e-84,Eukaryota,Chordata,0,1,2024-08-06,NA,NA,exblank_2024_086,900,2024,; xn tech: SC; xn date: 2025-04-09; xn notes: ; filtration comments:  ; tech:,Coronado Island,Lily Jannick,NA,24.11,21.12,by_foot,NA,present,NA,"10m apart, consistent depth",NA,"San Diego region, California","San Diego region, California",NA,Box 4,negpcr-2024-3
pecoe-1640,Field blank,motu3,7,Clupea pallasii,Pacific herring,NC_WP,CA_SF,CA_NCa,38.32,-123.05,Clupea,Clupeidae,Clupeiformes,Teleostei,ASV3,species,Clupea pallasii,Pacific herring,species,100,1.6e-86,Eukaryota,Chordata,0,1,2024-09-05,NA,08:17:00,exblank_2024_063,1000,2024,; xn tech: AC; xn date: 2025-02-05; xn notes: ; filtration comments:  ; tech:,Westside Park,"Nicky Young, Grace Callahan",0-0.5,35,16,by_foot,1,present,NA,"10m apart, consistent depth, parallel to shore",NA,"San Francisco Bay, California","Bodega Bay, California",NA,BOX1,negpcr-2024-4
pecoe-1640,Field blank,motu3,7,Clupea pallasii,Pacific herring,NC_WP,CA_SF,CA_NCa,38.32,-123.05,Clupea,Clupeidae,Clupeiformes,Teleostei,ASV3,species,Clupea pallasii,Pacific herring,species,100,1.6e-86,Eukaryota,Chordata,0,1,2024-09-05,NA,08:17:00,exblank_2024_063,1000,2024,; xn tech: AC; xn date: 2025-02-05; xn notes: ; filtration comments:  ; tech:,Westside Park,"Nicky Young, Grace Callahan",0-0.5,35,16,by_foot,1,present,NA,"10m apart, consistent depth, parallel to shore",NA,"San Francisco Bay, California","Bodega Bay, California",NA,BOX1,negpcr-2024-4
pecoe-1640,Field blank,motu4,2,Atherinopsis californiensis,Jack silverside,NC_WP,CA_SF,CA_NCa,38.32,-123.05,Atherinopsis,Atherinidae,Atheriniformes,Teleostei,ASV4,species,Atherinopsis,Atherinopsis silverside species,genus,95.858,1.23e-72,Eukaryota,Chordata,0,1,2024-09-05,NA,08:17:00,exblank_2024_063,1000,2024,; xn tech: AC; xn date: 2025-02-05; xn notes: ; filtration comments:  ; tech:,Westside Park,"Nicky Young, Grace Callahan",0-0.5,35,16,by_foot,1,present,NA,"10m apart, consistent depth, parallel to shore",NA,"San Francisco Bay, California","Bodega Bay, California",NA,BOX1,negpcr-2024-4
pecoe-1640,Field blank,motu4,2,Atherinopsis californiensis,Jack silverside,NC_WP,CA_SF,CA_NCa,38.32,-123.05,Atherinopsis,Atherinidae,Atheriniformes,Teleostei,ASV4,species,Atherinopsis,Atherinopsis silverside species,genus,95.858,1.23e-72,Eukaryota,Chordata,0,1,2024-09-05,NA,08:17:00,exblank_2024_063,1000,2024,; xn tech: AC; xn date: 2025-02-05; xn notes: ; filtration comments:  ; tech:,Westside Park,"Nicky Young, Grace Callahan",0-0.5,35,16,by_foot,1,present,NA,"10m apart, consistent depth, parallel to shore",NA,"San Francisco Bay, California","Bodega Bay, California",NA,BOX1,negpcr-2024-4
pecoe-1640,Field blank,motu62,8,Brachyistius frenatus,Kelp perch,NC_WP,CA_SF,CA_NCa,38.32,-123.05,Brachyistius,Embiotocidae,Ovalentaria incertae sedis,Teleostei,ASV70,species,Brachyistius frenatus,Kelp perch,species,100,7.31e-85,Eukaryota,Chordata,0,1,2024-09-05,NA,08:17:00,exblank_2024_063,1000,2024,; xn tech: AC; xn date: 2025-02-05; xn notes: ; filtration comments:  ; tech:,Westside Park,"Nicky Young, Grace Callahan",0-0.5,35,16,by_foot,1,present,NA,"10m apart, consistent depth, parallel to shore",NA,"San Francisco Bay, California","Bodega Bay, California",NA,BOX1,negpcr-2024-4
pecoe-1640,Field blank,motu62,8,Brachyistius frenatus,Kelp perch,NC_WP,CA_SF,CA_NCa,38.32,-123.05,Brachyistius,Embiotocidae,Ovalentaria incertae sedis,Teleostei,ASV70,species,Brachyistius frenatus,Kelp perch,species,100,7.31e-85,Eukaryota,Chordata,0,1,2024-09-05,NA,08:17:00,exblank_2024_063,1000,2024,; xn tech: AC; xn date: 2025-02-05; xn notes: ; filtration comments:  ; tech:,Westside Park,"Nicky Young, Grace Callahan",0-0.5,35,16,by_foot,1,present,NA,"10m apart, consistent depth, parallel to shore",NA,"San Francisco Bay, California","Bodega Bay, California",NA,BOX1,negpcr-2024-4
pecoe-1640,Field blank,motu1,18,Cymatogaster aggregata,Shiner perch,NC_WP,CA_SF,CA_NCa,38.32,-123.05,Cymatogaster,Embiotocidae,Ovalentaria incertae sedis,Teleostei,ASV113,species,Cymatogaster aggregata,Shiner perch,species,99.405,1.2099999999999999e-82,Eukaryota,Chordata,0,1,2024-09-05,NA,08:17:00,exblank_2024_063,1000,2024,; xn tech: AC; xn date: 2025-02-05; xn notes: ; filtration comments:  ; tech:,Westside Park,"Nicky Young, Grace Callahan",0-0.5,35,16,by_foot,1,present,NA,"10m apart, consistent depth, parallel to shore",NA,"San Francisco Bay, California","Bodega Bay, California",NA,BOX1,negpcr-2024-4
pecoe-1640,Field blank,motu42,3,Embiotoca lateralis,Striped seaperch,NC_WP,CA_SF,CA_NCa,38.32,-123.05,Embiotoca,Embiotocidae,Ovalentaria incertae sedis,Teleostei,ASV519,species,Embiotoca lateralis,Striped seaperch,species,99.405,1.2099999999999999e-82,Eukaryota,Chordata,0,1,2024-09-05,NA,08:17:00,exblank_2024_063,1000,2024,; xn tech: AC; xn date: 2025-02-05; xn notes: ; filtration comments:  ; tech:,Westside Park,"Nicky Young, Grace Callahan",0-0.5,35,16,by_foot,1,present,NA,"10m apart, consistent depth, parallel to shore",NA,"San Francisco Bay, California","Bodega Bay, California",NA,BOX1,negpcr-2024-4
pecoe-1642,Field blank,motu1,3,Cymatogaster aggregata,Shiner perch,NC_BL,CA_NC,CA_NCa,38.19,-122.93,Cymatogaster,Embiotocidae,Ovalentaria incertae sedis,Teleostei,ASV1,species,Cymatogaster aggregata,Shiner perch,species,100,2.61e-84,Eukaryota,Chordata,0,1,2024-09-06,NA,15:48:00,exblank_2024_074,1000,2024,; xn tech: SC; xn date: 2025-03-12; xn notes: ; filtration comments:  ; tech:,Blakes Landing,"Grace Callahan, Nicky Young",0-0.5,40,NA,by_foot,1.5,present,patchy,"10m apart, consistent depth",NA,"Bodega Bay, California","Bodega Bay, California",NA,Box 2,negpcr-2024-4
pecoe-1642,Field blank,motu1,3,Cymatogaster aggregata,Shiner perch,NC_BL,CA_NC,CA_NCa,38.19,-122.93,Cymatogaster,Embiotocidae,Ovalentaria incertae sedis,Teleostei,ASV1,species,Cymatogaster aggregata,Shiner perch,species,100,2.61e-84,Eukaryota,Chordata,0,1,2024-09-06,NA,15:48:00,exblank_2024_074,1000,2024,; xn tech: SC; xn date: 2025-03-12; xn notes: ; filtration comments:  ; tech:,Blakes Landing,"Grace Callahan, Nicky Young",0-0.5,40,NA,by_foot,1.5,present,patchy,"10m apart, consistent depth",NA,"Bodega Bay, California","Bodega Bay, California",NA,Box 2,negpcr-2024-4
pecoe-1646,Field blank,motu1,1,Cymatogaster aggregata,Shiner perch,NV_PC,BC_NV,BC_NV,50.5176714,-127.65447,Cymatogaster,Embiotocidae,Ovalentaria incertae sedis,Teleostei,ASV1,species,Cymatogaster aggregata,Shiner perch,species,100,2.61e-84,Eukaryota,Chordata,0,1,2024-09-01,NA,12:46:00,exblank_2024_089,800,2024,samples kept cooler then fridge before filtering; xn tech: SC; xn date: 2025-04-16; xn notes: ; filtration comments:  ; tech:,Pamphlet Cove,"Jennifer Sunday, Mike McDermid",0-0.5,NA,14.5,by_boat,1.5,present,patchy but healthy,NA,NA,"North Vancouver Island, British Columbia","North Vancouver Island, British Columbia",NA,Box 4,negpcr-2024-4
pecoe-1646,Field blank,motu1,1,Cymatogaster aggregata,Shiner perch,NV_PC,BC_NV,BC_NV,50.5176714,-127.65447,Cymatogaster,Embiotocidae,Ovalentaria incertae sedis,Teleostei,ASV1,species,Cymatogaster aggregata,Shiner perch,species,100,2.61e-84,Eukaryota,Chordata,0,1,2024-09-01,NA,12:46:00,exblank_2024_089,800,2024,samples kept cooler then fridge before filtering; xn tech: SC; xn date: 2025-04-16; xn notes: ; filtration comments:  ; tech:,Pamphlet Cove,"Jennifer Sunday, Mike McDermid",0-0.5,NA,14.5,by_boat,1.5,present,patchy but healthy,NA,NA,"North Vancouver Island, British Columbia","North Vancouver Island, British Columbia",NA,Box 4,negpcr-2024-4
pecoe-1662,Field blank,motu2442,1,Unknown organism,Unknown organism,NV_KB,BC_NV,BC_NV,50.4963966,-127.8563,NA,NA,NA,NA,ASV5146,offtarget,Unknown organism,Unknown organism,offtarget,93.798,2.4299999999999994e-106,NA,NA,NA,1,2024-09-02,NA,12:30:00,exblank_2024_089,500,2024,"samples kept cooler until filtering, all outside; xn tech: SC; xn date: 2025-04-16; xn notes: ; filtration comments:  ; tech:",Kaprino Bay,"Jennifer Sunday, Mike McDermid",0-0.5,NA,NA,by_boat,1.5,present,healthy,pumped outside in sun and wind,NA,"North Vancouver Island, British Columbia","North Vancouver Island, British Columbia",NA,Box 4,negpcr-2024-4
pecoe-1666,Field blank,motu32,2,Embiotocidae,Surfperch family,NV_BI,BC_NV,BC_NV,50.487651,-128.04075,Phanerodon,Embiotocidae,Ovalentaria incertae sedis,Teleostei,ASV34,family,Phanerodon vacca,Pile perch,species,100,2.61e-84,Eukaryota,Chordata,0,1,2024-09-02,NA,14:07:00,exblank_2024_089,350,2024,"samples kept cooler until filtering, all outside; xn tech: SC; xn date: 2025-04-16; xn notes: ; filtration comments:  ; tech:",Browning Inlet,"Jennifer Sunday, Mike McDermid",0-0.5,NA,15.8,by_boat,1.5,present,healthy,pumped outside in sun and wind,NA,"North Vancouver Island, British Columbia","North Vancouver Island, British Columbia",NA,Box 4,negpcr-2024-4
pecoe-1666,Field blank,motu32,2,Embiotocidae,Surfperch family,NV_BI,BC_NV,BC_NV,50.487651,-128.04075,Phanerodon,Embiotocidae,Ovalentaria incertae sedis,Teleostei,ASV34,family,Phanerodon vacca,Pile perch,species,100,2.61e-84,Eukaryota,Chordata,0,1,2024-09-02,NA,14:07:00,exblank_2024_089,350,2024,"samples kept cooler until filtering, all outside; xn tech: SC; xn date: 2025-04-16; xn notes: ; filtration comments:  ; tech:",Browning Inlet,"Jennifer Sunday, Mike McDermid",0-0.5,NA,15.8,by_boat,1.5,present,healthy,pumped outside in sun and wind,NA,"North Vancouver Island, British Columbia","North Vancouver Island, British Columbia",NA,Box 4,negpcr-2024-4
pecoe-1666,Field blank,motu449,1744,Unknown organism,Unknown organism,NV_BI,BC_NV,BC_NV,50.487651,-128.04075,NA,NA,NA,NA,ASV1199,offtarget,Unknown organism,Unknown organism,offtarget,97.211,1.4399999999999996e-118,NA,NA,NA,1,2024-09-02,NA,14:07:00,exblank_2024_089,350,2024,"samples kept cooler until filtering, all outside; xn tech: SC; xn date: 2025-04-16; xn notes: ; filtration comments:  ; tech:",Browning Inlet,"Jennifer Sunday, Mike McDermid",0-0.5,NA,15.8,by_boat,1.5,present,healthy,pumped outside in sun and wind,NA,"North Vancouver Island, British Columbia","North Vancouver Island, British Columbia",NA,Box 4,negpcr-2024-4
pecoe-1676,Field blank,motu286,34,Unknown organism,Unknown organism,HB_SB,CA_HB,CA_HB,40.772876,-124.212334,NA,NA,NA,NA,ASV721,offtarget,Unknown organism,Unknown organism,offtarget,94.574,1.12e-109,NA,NA,NA,1,2024-09-11,NA,11:54:00,exblank_2024_088,1000,2024,; xn tech: SC; xn date: 2025-04-14; xn notes: ; filtration comments:  ; tech:,Samoa Boat Ramp,Johnathon Richardson,0-0.5,36,15,by_foot,1,present,thick,"parallel to shore, 0m from shore, 10 m apart",NA,"Humboldt Bay, California","Humboldt Bay, California",NA,Box 4,negpcr-2024-4
pecoe-1676,Field blank,motu328,3146,Bacteria,Bacteria,HB_SB,CA_HB,CA_HB,40.772876,-124.212334,NA,NA,NA,NA,ASV852,offtarget,Bacteria,Bacteria,offtarget,94.8,5.22e-108,Bacteria,NA,NA,1,2024-09-11,NA,11:54:00,exblank_2024_088,1000,2024,; xn tech: SC; xn date: 2025-04-14; xn notes: ; filtration comments:  ; tech:,Samoa Boat Ramp,Johnathon Richardson,0-0.5,36,15,by_foot,1,present,thick,"parallel to shore, 0m from shore, 10 m apart",NA,"Humboldt Bay, California","Humboldt Bay, California",NA,Box 4,negpcr-2024-4
pecoe-1676,Field blank,motu1295,199,Unknown organism,Unknown organism,HB_SB,CA_HB,CA_HB,40.772876,-124.212334,NA,NA,NA,NA,ASV3497,offtarget,Unknown organism,Unknown organism,offtarget,89.781,2.709999999999999e-96,NA,NA,NA,1,2024-09-11,NA,11:54:00,exblank_2024_088,1000,2024,; xn tech: SC; xn date: 2025-04-14; xn notes: ; filtration comments:  ; tech:,Samoa Boat Ramp,Johnathon Richardson,0-0.5,36,15,by_foot,1,present,thick,"parallel to shore, 0m from shore, 10 m apart",NA,"Humboldt Bay, California","Humboldt Bay, California",NA,Box 4,negpcr-2024-4
pecoe-1676,Field blank,motu1295,199,Unknown organism,Unknown organism,HB_SB,CA_HB,CA_HB,40.772876,-124.212334,NA,NA,NA,NA,ASV3497,offtarget,Unknown organism,Unknown organism,offtarget,89.781,2.709999999999999e-96,NA,NA,NA,1,2024-09-11,NA,11:54:00,exblank_2024_088,1000,2024,; xn tech: SC; xn date: 2025-04-14; xn notes: ; filtration comments:  ; tech:,Samoa Boat Ramp,Johnathon Richardson,0-0.5,36,15,by_foot,1,present,thick,"parallel to shore, 0m from shore, 10 m apart",NA,"Humboldt Bay, California","Humboldt Bay, California",NA,Box 4,negpcr-2024-4
pecoe-1676,Field blank,motu2072,9,Bacteria,Bacteria,HB_SB,CA_HB,CA_HB,40.772876,-124.212334,NA,NA,NA,NA,ASV4754,offtarget,Bacteria,Bacteria,offtarget,94.531,1.12e-109,Bacteria,NA,NA,1,2024-09-11,NA,11:54:00,exblank_2024_088,1000,2024,; xn tech: SC; xn date: 2025-04-14; xn notes: ; filtration comments:  ; tech:,Samoa Boat Ramp,Johnathon Richardson,0-0.5,36,15,by_foot,1,present,thick,"parallel to shore, 0m from shore, 10 m apart",NA,"Humboldt Bay, California","Humboldt Bay, California",NA,Box 4,negpcr-2024-4
pecoe-1676,Field blank,motu2155,12,No BLAST hit,No BLAST hit,HB_SB,CA_HB,CA_HB,40.772876,-124.212334,NA,NA,NA,NA,ASV4845,NA,No BLAST hit,No BLAST hit,NA,NA,NA,NA,NA,NA,1,2024-09-11,NA,11:54:00,exblank_2024_088,1000,2024,; xn tech: SC; xn date: 2025-04-14; xn notes: ; filtration comments:  ; tech:,Samoa Boat Ramp,Johnathon Richardson,0-0.5,36,15,by_foot,1,present,thick,"parallel to shore, 0m from shore, 10 m apart",NA,"Humboldt Bay, California","Humboldt Bay, California",NA,Box 4,negpcr-2024-4
pecoe-1676,Field blank,motu2289,6,Bacteria,Bacteria,HB_SB,CA_HB,CA_HB,40.772876,-124.212334,NA,NA,NA,NA,ASV4990,offtarget,Bacteria,Bacteria,offtarget,92.578,2.449999999999999e-101,Bacteria,NA,NA,1,2024-09-11,NA,11:54:00,exblank_2024_088,1000,2024,; xn tech: SC; xn date: 2025-04-14; xn notes: ; filtration comments:  ; tech:,Samoa Boat Ramp,Johnathon Richardson,0-0.5,36,15,by_foot,1,present,thick,"parallel to shore, 0m from shore, 10 m apart",NA,"Humboldt Bay, California","Humboldt Bay, California",NA,Box 4,negpcr-2024-4
pecoe-1681,Field blank,motu286,3976,Unknown organism,Unknown organism,HB_KS,CA_HB,CA_HB,40.737335,-124.22034,NA,NA,NA,NA,ASV721,offtarget,Unknown organism,Unknown organism,offtarget,94.574,1.12e-109,NA,NA,NA,1,2024-09-12,NA,09:14:00,exblank_2024_088,1000,2024,; xn tech: SC; xn date: 2025-04-14; xn notes: ; filtration comments:  ; tech:,King Salmon,Johnathon Richardson,0-0.5,36,14,by_foot,1,present,sparse,"parallel to shore, 0m from shore, 10 m apart",NA,"Humboldt Bay, California","Humboldt Bay, California",NA,Box 4,negpcr-2024-4
pecoe-1681,Field blank,motu321,3247,Bacteria,Bacteria,HB_KS,CA_HB,CA_HB,40.737335,-124.22034,NA,NA,NA,NA,ASV835,offtarget,Bacteria,Bacteria,offtarget,85.824,2.55e-71,Bacteria,NA,NA,1,2024-09-12,NA,09:14:00,exblank_2024_088,1000,2024,; xn tech: SC; xn date: 2025-04-14; xn notes: ; filtration comments:  ; tech:,King Salmon,Johnathon Richardson,0-0.5,36,14,by_foot,1,present,sparse,"parallel to shore, 0m from shore, 10 m apart",NA,"Humboldt Bay, California","Humboldt Bay, California",NA,Box 4,negpcr-2024-4
pecoe-1681,Field blank,motu2155,4,No BLAST hit,No BLAST hit,HB_KS,CA_HB,CA_HB,40.737335,-124.22034,NA,NA,NA,NA,ASV4845,NA,No BLAST hit,No BLAST hit,NA,NA,NA,NA,NA,NA,1,2024-09-12,NA,09:14:00,exblank_2024_088,1000,2024,; xn tech: SC; xn date: 2025-04-14; xn notes: ; filtration comments:  ; tech:,King Salmon,Johnathon Richardson,0-0.5,36,14,by_foot,1,present,sparse,"parallel to shore, 0m from shore, 10 m apart",NA,"Humboldt Bay, California","Humboldt Bay, California",NA,Box 4,negpcr-2024-4
pecoe-1686,Field blank,motu61,156,No BLAST hit,No BLAST hit,HB_EB,CA_HB,CA_HB,40.803473,-124.176972,NA,NA,NA,NA,ASV69,NA,No BLAST hit,No BLAST hit,NA,NA,NA,NA,NA,NA,1,2024-09-13,NA,11:51:00,exblank_2024_086,1000,2024,; xn tech: SC; xn date: 2025-04-09; xn notes: ; filtration comments:  ; tech:,Eureka Boat Ramp,Johnathon Richardson,0-0.5,37,15,by_foot,3,present,sparse,"parallel to shore, 0m from shore, 10 m apart",NA,"Humboldt Bay, California","Humboldt Bay, California",NA,Box 4,negpcr-2024-4
pecoe-1686,Field blank,motu61,156,No BLAST hit,No BLAST hit,HB_EB,CA_HB,CA_HB,40.803473,-124.176972,NA,NA,NA,NA,ASV69,NA,No BLAST hit,No BLAST hit,NA,NA,NA,NA,NA,NA,1,2024-09-13,NA,11:51:00,exblank_2024_086,1000,2024,; xn tech: SC; xn date: 2025-04-09; xn notes: ; filtration comments:  ; tech:,Eureka Boat Ramp,Johnathon Richardson,0-0.5,37,15,by_foot,3,present,sparse,"parallel to shore, 0m from shore, 10 m apart",NA,"Humboldt Bay, California","Humboldt Bay, California",NA,Box 4,negpcr-2024-4
pecoe-1686,Field blank,motu639,827,Bacteria,Bacteria,HB_EB,CA_HB,CA_HB,40.803473,-124.176972,NA,NA,NA,NA,ASV1791,offtarget,Bacteria,Bacteria,offtarget,94.922,2.41e-111,Bacteria,NA,NA,1,2024-09-13,NA,11:51:00,exblank_2024_086,1000,2024,; xn tech: SC; xn date: 2025-04-09; xn notes: ; filtration comments:  ; tech:,Eureka Boat Ramp,Johnathon Richardson,0-0.5,37,15,by_foot,3,present,sparse,"parallel to shore, 0m from shore, 10 m apart",NA,"Humboldt Bay, California","Humboldt Bay, California",NA,Box 4,negpcr-2024-4
pecoe-1686,Field blank,motu2072,17,Bacteria,Bacteria,HB_EB,CA_HB,CA_HB,40.803473,-124.176972,NA,NA,NA,NA,ASV4754,offtarget,Bacteria,Bacteria,offtarget,94.531,1.12e-109,Bacteria,NA,NA,1,2024-09-13,NA,11:51:00,exblank_2024_086,1000,2024,; xn tech: SC; xn date: 2025-04-09; xn notes: ; filtration comments:  ; tech:,Eureka Boat Ramp,Johnathon Richardson,0-0.5,37,15,by_foot,3,present,sparse,"parallel to shore, 0m from shore, 10 m apart",NA,"Humboldt Bay, California","Humboldt Bay, California",NA,Box 4,negpcr-2024-4
pecoe-1686,Field blank,motu2290,6,Bacteria,Bacteria,HB_EB,CA_HB,CA_HB,40.803473,-124.176972,NA,NA,NA,NA,ASV4991,offtarget,Bacteria,Bacteria,offtarget,93.798,2.4299999999999994e-106,Bacteria,NA,NA,1,2024-09-13,NA,11:51:00,exblank_2024_086,1000,2024,; xn tech: SC; xn date: 2025-04-09; xn notes: ; filtration comments:  ; tech:,Eureka Boat Ramp,Johnathon Richardson,0-0.5,37,15,by_foot,3,present,sparse,"parallel to shore, 0m from shore, 10 m apart",NA,"Humboldt Bay, California","Humboldt Bay, California",NA,Box 4,negpcr-2024-4
pecoe-1695,Field blank,motu1,2,Cymatogaster aggregata,Shiner perch,CC_KIS2,BC_CC,BC_CC,51.8367,-128.2393,Cymatogaster,Embiotocidae,Ovalentaria incertae sedis,Teleostei,ASV1,species,Cymatogaster aggregata,Shiner perch,species,100,2.61e-84,Eukaryota,Chordata,0,1,2024-08-18,NA,13:00:00,exblank_2024_062,1000,2024,; xn tech: AC&CJ; xn date: 2025-01-22; xn notes: ; filtration comments:  ; tech:,SE Spider Island,"KB, AN, RO",0-0.5,28.2,14.9,by_boat,2.5-3,present,"patchy, macro is present, canopy low","right of shore to left across bay; 10m distance between collections, consistent depth acros",NA,Central Coast British Columbia,Central Coast British Columbia,NA,BOX1,negpcr-2024-4
pecoe-1695,Field blank,motu1,2,Cymatogaster aggregata,Shiner perch,CC_KIS2,BC_CC,BC_CC,51.8367,-128.2393,Cymatogaster,Embiotocidae,Ovalentaria incertae sedis,Teleostei,ASV1,species,Cymatogaster aggregata,Shiner perch,species,100,2.61e-84,Eukaryota,Chordata,0,1,2024-08-18,NA,13:00:00,exblank_2024_062,1000,2024,; xn tech: AC&CJ; xn date: 2025-01-22; xn notes: ; filtration comments:  ; tech:,SE Spider Island,"KB, AN, RO",0-0.5,28.2,14.9,by_boat,2.5-3,present,"patchy, macro is present, canopy low","right of shore to left across bay; 10m distance between collections, consistent depth acros",NA,Central Coast British Columbia,Central Coast British Columbia,NA,BOX1,negpcr-2024-4
pecoe-1700,Field blank,motu1,1,Cymatogaster aggregata,Shiner perch,CC_PBA,BC_CC,BC_CC,51.64654,-128.119089,Cymatogaster,Embiotocidae,Ovalentaria incertae sedis,Teleostei,ASV1,species,Cymatogaster aggregata,Shiner perch,species,100,2.61e-84,Eukaryota,Chordata,0,1,2024-08-19,NA,13:33:00,exblank_2024_062,1000,2024,; xn tech: AC&CJ; xn date: 2025-01-22; xn notes: ; filtration comments:  ; tech:,Pruth Bay,"KB, AN, RO",0-0.5,24.31,15.8,by_boat,1.5-2,present,"large dense bed, tall canopy 1+m; seagrass lessens closer to shore; not a lot at intertidal where they seine",10m apart along shoreline,NA,Central Coast British Columbia,Central Coast British Columbia,NA,BOX1,negpcr-2024-4
pecoe-1700,Field blank,motu1,1,Cymatogaster aggregata,Shiner perch,CC_PBA,BC_CC,BC_CC,51.64654,-128.119089,Cymatogaster,Embiotocidae,Ovalentaria incertae sedis,Teleostei,ASV1,species,Cymatogaster aggregata,Shiner perch,species,100,2.61e-84,Eukaryota,Chordata,0,1,2024-08-19,NA,13:33:00,exblank_2024_062,1000,2024,; xn tech: AC&CJ; xn date: 2025-01-22; xn notes: ; filtration comments:  ; tech:,Pruth Bay,"KB, AN, RO",0-0.5,24.31,15.8,by_boat,1.5-2,present,"large dense bed, tall canopy 1+m; seagrass lessens closer to shore; not a lot at intertidal where they seine",10m apart along shoreline,NA,Central Coast British Columbia,Central Coast British Columbia,NA,BOX1,negpcr-2024-4
pecoe-1705,Field blank,motu1,2,Cymatogaster aggregata,Shiner perch,CC_CHP,BC_CC,BC_CC,51.67622,-128.1234,Cymatogaster,Embiotocidae,Ovalentaria incertae sedis,Teleostei,ASV1,species,Cymatogaster aggregata,Shiner perch,species,100,2.61e-84,Eukaryota,Chordata,0,1,2024-08-20,NA,13:57:00,exblank_2024_074,1000,2024,; xn tech: SC; xn date: 2025-03-12; xn notes: ; filtration comments:  ; tech:,Choked Pocket,"KB, AN, RO",0-0.5,27.37,11.63,by_boat,1.5,present,"patches of dense eelgras, patches are large, canopy ~0.5-1m, macro and ulva present w/in seagrass (mainly in areas of no gr)","10m apart, ~1.5m depth parallel to shore",NA,Central Coast British Columbia,Central Coast British Columbia,NA,Box 2,negpcr-2024-4
pecoe-1705,Field blank,motu1,2,Cymatogaster aggregata,Shiner perch,CC_CHP,BC_CC,BC_CC,51.67622,-128.1234,Cymatogaster,Embiotocidae,Ovalentaria incertae sedis,Teleostei,ASV1,species,Cymatogaster aggregata,Shiner perch,species,100,2.61e-84,Eukaryota,Chordata,0,1,2024-08-20,NA,13:57:00,exblank_2024_074,1000,2024,; xn tech: SC; xn date: 2025-03-12; xn notes: ; filtration comments:  ; tech:,Choked Pocket,"KB, AN, RO",0-0.5,27.37,11.63,by_boat,1.5,present,"patches of dense eelgras, patches are large, canopy ~0.5-1m, macro and ulva present w/in seagrass (mainly in areas of no gr)","10m apart, ~1.5m depth parallel to shore",NA,Central Coast British Columbia,Central Coast British Columbia,NA,Box 2,negpcr-2024-4
pecoe-1705,Field blank,motu61,3,No BLAST hit,No BLAST hit,CC_CHP,BC_CC,BC_CC,51.67622,-128.1234,NA,NA,NA,NA,ASV69,NA,No BLAST hit,No BLAST hit,NA,NA,NA,NA,NA,NA,1,2024-08-20,NA,13:57:00,exblank_2024_074,1000,2024,; xn tech: SC; xn date: 2025-03-12; xn notes: ; filtration comments:  ; tech:,Choked Pocket,"KB, AN, RO",0-0.5,27.37,11.63,by_boat,1.5,present,"patches of dense eelgras, patches are large, canopy ~0.5-1m, macro and ulva present w/in seagrass (mainly in areas of no gr)","10m apart, ~1.5m depth parallel to shore",NA,Central Coast British Columbia,Central Coast British Columbia,NA,Box 2,negpcr-2024-4
pecoe-1705,Field blank,motu61,3,No BLAST hit,No BLAST hit,CC_CHP,BC_CC,BC_CC,51.67622,-128.1234,NA,NA,NA,NA,ASV69,NA,No BLAST hit,No BLAST hit,NA,NA,NA,NA,NA,NA,1,2024-08-20,NA,13:57:00,exblank_2024_074,1000,2024,; xn tech: SC; xn date: 2025-03-12; xn notes: ; filtration comments:  ; tech:,Choked Pocket,"KB, AN, RO",0-0.5,27.37,11.63,by_boat,1.5,present,"patches of dense eelgras, patches are large, canopy ~0.5-1m, macro and ulva present w/in seagrass (mainly in areas of no gr)","10m apart, ~1.5m depth parallel to shore",NA,Central Coast British Columbia,Central Coast British Columbia,NA,Box 2,negpcr-2024-4
