region_name,site_code,sample_id,sample_collection_date,decimal_latitude,decimal_longitude,collection_time,filter_time,treatment,extraction_blank,volume_filtered,year,sample_box,pcr_blank,sample_notes,location_name,personnel,swell_m,tide,wind,rain,salinity_psu,temperature_c,collection_method,bottom_depth_m,seagrass_presence,seagrass_notes,describe_transect,notes,region_code,region_name_label,region_code_label
NA,NA,exblank-2021-001,NA,NA,NA,NA,NA,Extraction blank,exblank-2021-001,1000,2021,NA,NA, ; xn tech:  ; xn date: 12/9/21; xn notes: ; filtration comments:  ; tech:  ,NA,NA,NA,NA,NA,NA,NA,NA,NA,NA,NA,NA,NA,NA,NA,NA,NA
NA,NA,exblank-2021-002,NA,NA,NA,NA,NA,Extraction blank,exblank-2021-002,1000,2021,NA,NA, ; xn tech:  ; xn date: 1/13/22; xn notes: ; filtration comments:  ; tech:  ,NA,NA,NA,NA,NA,NA,NA,NA,NA,NA,NA,NA,NA,NA,NA,NA,NA
NA,NA,exblank-2021-003,NA,NA,NA,NA,NA,Extraction blank,exblank-2021-003,1000,2021,NA,NA, ; xn tech:  ; xn date: 3/8/22; xn notes: ; filtration comments:  ; tech:  ,NA,NA,NA,NA,NA,NA,NA,NA,NA,NA,NA,NA,NA,NA,NA,NA,NA
NA,NA,exblank-2021-004,NA,NA,NA,NA,NA,Extraction blank,exblank-2021-004,1000,2021,NA,NA, ; xn tech:  ; xn date: 3/18/22; xn notes: ; filtration comments:  ; tech:  ,NA,NA,NA,NA,NA,NA,NA,NA,NA,NA,NA,NA,NA,NA,NA,NA,NA
NA,NA,exblank-2021-005a,NA,NA,NA,NA,NA,Extraction blank,exblank-2021-005a,1000,2021,NA,NA, ; xn tech:  ; xn date: 3/23/22; xn notes: ; filtration comments:  ; tech:  ,NA,NA,NA,NA,NA,NA,NA,NA,NA,NA,NA,NA,NA,NA,NA,NA,NA
NA,NA,exblank-2021-005b,NA,NA,NA,NA,NA,Extraction blank,exblank-2021-005b,1000,2021,NA,NA, ; xn tech:  ; xn date: 3/25/22; xn notes: ; filtration comments:  ; tech:  ,NA,NA,NA,NA,NA,NA,NA,NA,NA,NA,NA,NA,NA,NA,NA,NA,NA
NA,NA,exblank-2021-006,NA,NA,NA,NA,NA,Extraction blank,exblank-2021-006,1000,2021,NA,NA, ; xn tech:  ; xn date: 3/28/22; xn notes: ; filtration comments:  ; tech:  ,NA,NA,NA,NA,NA,NA,NA,NA,NA,NA,NA,NA,NA,NA,NA,NA,NA
NA,NA,exblank-2021-007,NA,NA,NA,NA,NA,Extraction blank,exblank-2021-007,1000,2021,NA,NA, ; xn tech:  ; xn date: 3/29/22; xn notes: ; filtration comments:  ; tech:  ,NA,NA,NA,NA,NA,NA,NA,NA,NA,NA,NA,NA,NA,NA,NA,NA,NA
NA,NA,exblank-2021-008,NA,NA,NA,NA,NA,Extraction blank,exblank-2021-008,1000,2021,NA,NA, ; xn tech:  ; xn date: 4/1/22; xn notes: ; filtration comments:  ; tech:  ,NA,NA,NA,NA,NA,NA,NA,NA,NA,NA,NA,NA,NA,NA,NA,NA,NA
NA,NA,exblank-2021-009,NA,NA,NA,NA,NA,Extraction blank,exblank-2021-009,1000,2021,NA,NA, ; xn tech:  ; xn date: 4/4/22; xn notes: ; filtration comments:  ; tech:  ,NA,NA,NA,NA,NA,NA,NA,NA,NA,NA,NA,NA,NA,NA,NA,NA,NA
NA,NA,exblank-2021-010,NA,NA,NA,NA,NA,Extraction blank,exblank-2021-010,1000,2021,NA,NA, ; xn tech:  ; xn date: 4/5/22; xn notes: ; filtration comments:  ; tech:  ,NA,NA,NA,NA,NA,NA,NA,NA,NA,NA,NA,NA,NA,NA,NA,NA,NA
NA,NA,exblank-2021-011,NA,NA,NA,NA,NA,Extraction blank,exblank-2021-011,1000,2021,NA,NA, ; xn tech:  ; xn date: 4/11/22; xn notes: ; filtration comments:  ; tech:  ,NA,NA,NA,NA,NA,NA,NA,NA,NA,NA,NA,NA,NA,NA,NA,NA,NA
NA,NA,exblank-2021-012,NA,NA,NA,NA,NA,Extraction blank,exblank-2021-012,1000,2021,NA,NA, ; xn tech:  ; xn date: 4/13/22; xn notes: ; filtration comments:  ; tech:  ,NA,NA,NA,NA,NA,NA,NA,NA,NA,NA,NA,NA,NA,NA,NA,NA,NA
NA,NA,exblank-2021-013,NA,NA,NA,NA,NA,Extraction blank,exblank-2021-013,1000,2021,NA,NA, ; xn tech:  ; xn date: 4/18/22; xn notes: ; filtration comments:  ; tech:  ,NA,NA,NA,NA,NA,NA,NA,NA,NA,NA,NA,NA,NA,NA,NA,NA,NA
NA,NA,exblank-2021-014,NA,NA,NA,NA,NA,Extraction blank,exblank-2021-014,1000,2021,NA,NA, ; xn tech:  ; xn date: 4/19/22; xn notes: ; filtration comments:  ; tech:  ,NA,NA,NA,NA,NA,NA,NA,NA,NA,NA,NA,NA,NA,NA,NA,NA,NA
NA,NA,exblank-2021-015,NA,NA,NA,NA,NA,Extraction blank,exblank-2021-015,1000,2021,NA,NA, ; xn tech:  ; xn date: 4/21/22; xn notes: ; filtration comments:  ; tech:  ,NA,NA,NA,NA,NA,NA,NA,NA,NA,NA,NA,NA,NA,NA,NA,NA,NA
NA,NA,exblank-2021-016,NA,NA,NA,NA,NA,Extraction blank,exblank-2021-016,1000,2021,NA,NA, ; xn tech:  ; xn date: 4/26/22; xn notes: ; filtration comments:  ; tech:  ,NA,NA,NA,NA,NA,NA,NA,NA,NA,NA,NA,NA,NA,NA,NA,NA,NA
NA,NA,exblank-2021-017,NA,NA,NA,NA,NA,Extraction blank,exblank-2021-017,1000,2021,NA,NA, ; xn tech:  ; xn date: 5/4/22; xn notes: ; filtration comments:  ; tech:  ,NA,NA,NA,NA,NA,NA,NA,NA,NA,NA,NA,NA,NA,NA,NA,NA,NA
NA,NA,exblank-2021-018,NA,NA,NA,NA,NA,Extraction blank,exblank-2021-018,1000,2021,NA,NA, ; xn tech:  ; xn date: 5/5/22; xn notes: ; filtration comments:  ; tech:  ,NA,NA,NA,NA,NA,NA,NA,NA,NA,NA,NA,NA,NA,NA,NA,NA,NA
NA,NA,exblank-2021-019,NA,NA,NA,NA,NA,Extraction blank,exblank-2021-019,1000,2021,NA,NA, ; xn tech:  ; xn date: 5/6/22; xn notes: ; filtration comments:  ; tech:  ,NA,NA,NA,NA,NA,NA,NA,NA,NA,NA,NA,NA,NA,NA,NA,NA,NA
NA,NA,exblank-2021-020,NA,NA,NA,NA,NA,Extraction blank,exblank-2021-020,1000,2021,NA,NA, ; xn tech:  ; xn date: 5/10/22; xn notes: ; filtration comments:  ; tech:  ,NA,NA,NA,NA,NA,NA,NA,NA,NA,NA,NA,NA,NA,NA,NA,NA,NA
NA,NA,exblank-2022-024,NA,NA,NA,NA,NA,Extraction blank,exblank-2022-024,NA,2022,NA,NA, ; xn tech:  ; xn date:  ; xn notes: ; filtration comments:  ; tech:  ,NA,NA,NA,NA,NA,NA,NA,NA,NA,NA,NA,NA,NA,NA,NA,NA,NA
NA,NA,exblank-2022-025,NA,NA,NA,NA,NA,Extraction blank,exblank-2022-025,NA,2022,NA,NA, ; xn tech:  ; xn date:  ; xn notes: ; filtration comments:  ; tech:  ,NA,NA,NA,NA,NA,NA,NA,NA,NA,NA,NA,NA,NA,NA,NA,NA,NA
NA,NA,exblank-2022-026,NA,NA,NA,NA,NA,Extraction blank,exblank-2022-026,NA,2022,NA,NA, ; xn tech:  ; xn date:  ; xn notes: ; filtration comments:  ; tech:  ,NA,NA,NA,NA,NA,NA,NA,NA,NA,NA,NA,NA,NA,NA,NA,NA,NA
NA,NA,exblank-2022-027,NA,NA,NA,NA,NA,Extraction blank,exblank-2022-027,NA,2022,NA,NA, ; xn tech:  ; xn date:  ; xn notes: ; filtration comments:  ; tech:  ,NA,NA,NA,NA,NA,NA,NA,NA,NA,NA,NA,NA,NA,NA,NA,NA,NA
NA,NA,exblank-2022-028,NA,NA,NA,NA,NA,Extraction blank,exblank-2022-028,NA,2022,NA,NA, ; xn tech:  ; xn date:  ; xn notes: ; filtration comments:  ; tech:  ,NA,NA,NA,NA,NA,NA,NA,NA,NA,NA,NA,NA,NA,NA,NA,NA,NA
NA,NA,exblank-2022-029,NA,NA,NA,NA,NA,Extraction blank,exblank-2022-029,NA,2022,NA,NA, ; xn tech:  ; xn date:  ; xn notes: ; filtration comments:  ; tech:  ,NA,NA,NA,NA,NA,NA,NA,NA,NA,NA,NA,NA,NA,NA,NA,NA,NA
NA,NA,exblank-2022-031,NA,NA,NA,NA,NA,Extraction blank,exblank-2022-031,NA,2022,NA,NA, ; xn tech:  ; xn date:  ; xn notes: ; filtration comments:  ; tech:  ,NA,NA,NA,NA,NA,NA,NA,NA,NA,NA,NA,NA,NA,NA,NA,NA,NA
NA,NA,exblank-2022-032,NA,NA,NA,NA,NA,Extraction blank,exblank-2022-032,NA,2022,NA,NA, ; xn tech:  ; xn date:  ; xn notes: ; filtration comments:  ; tech:  ,NA,NA,NA,NA,NA,NA,NA,NA,NA,NA,NA,NA,NA,NA,NA,NA,NA
NA,NA,exblank-2022-033,NA,NA,NA,NA,NA,Extraction blank,exblank-2022-033,NA,2022,NA,NA, ; xn tech:  ; xn date:  ; xn notes: ; filtration comments:  ; tech:  ,NA,NA,NA,NA,NA,NA,NA,NA,NA,NA,NA,NA,NA,NA,NA,NA,NA
NA,NA,exblank-2022-034,NA,NA,NA,NA,NA,Extraction blank,exblank-2022-034,NA,2022,NA,NA, ; xn tech:  ; xn date:  ; xn notes: ; filtration comments:  ; tech:  ,NA,NA,NA,NA,NA,NA,NA,NA,NA,NA,NA,NA,NA,NA,NA,NA,NA
NA,NA,exblank-2022-035,NA,NA,NA,NA,NA,Extraction blank,exblank-2022-035,NA,2022,NA,NA, ; xn tech:  ; xn date:  ; xn notes: ; filtration comments:  ; tech:  ,NA,NA,NA,NA,NA,NA,NA,NA,NA,NA,NA,NA,NA,NA,NA,NA,NA
NA,NA,exblank-2022-036,NA,NA,NA,NA,NA,Extraction blank,exblank-2022-036,NA,2022,NA,NA, ; xn tech:  ; xn date:  ; xn notes: ; filtration comments:  ; tech:  ,NA,NA,NA,NA,NA,NA,NA,NA,NA,NA,NA,NA,NA,NA,NA,NA,NA
NA,NA,exblank-2022-037,NA,NA,NA,NA,NA,Extraction blank,exblank-2022-037,NA,2022,NA,NA, ; xn tech:  ; xn date:  ; xn notes: ; filtration comments:  ; tech:  ,NA,NA,NA,NA,NA,NA,NA,NA,NA,NA,NA,NA,NA,NA,NA,NA,NA
NA,NA,exblank-2022-038,NA,NA,NA,NA,NA,Extraction blank,exblank-2022-038,NA,2022,NA,NA, ; xn tech:  ; xn date:  ; xn notes: ; filtration comments:  ; tech:  ,NA,NA,NA,NA,NA,NA,NA,NA,NA,NA,NA,NA,NA,NA,NA,NA,NA
NA,NA,exblank-2023-41,NA,NA,NA,NA,NA,Extraction blank,exblank-2023-41,NA,2023,NA,NA, ; xn tech:  ; xn date: 2023-08-09; xn notes: ; filtration comments:  ; tech:  ,NA,NA,NA,NA,NA,NA,NA,NA,NA,NA,NA,NA,NA,NA,NA,NA,NA
NA,NA,exblank-2023-42,NA,NA,NA,NA,NA,Extraction blank,exblank-2023-42,NA,2023,NA,NA, ; xn tech:  ; xn date: 2023-08-10; xn notes: ; filtration comments:  ; tech:  ,NA,NA,NA,NA,NA,NA,NA,NA,NA,NA,NA,NA,NA,NA,NA,NA,NA
NA,NA,exblank-2023-43,NA,NA,NA,NA,NA,Extraction blank,exblank-2023-43,NA,2023,NA,NA, ; xn tech:  ; xn date: 2023-08-14; xn notes: ; filtration comments:  ; tech:  ,NA,NA,NA,NA,NA,NA,NA,NA,NA,NA,NA,NA,NA,NA,NA,NA,NA
NA,NA,exblank-2023-44,NA,NA,NA,NA,NA,Extraction blank,exblank-2023-44,NA,2023,NA,NA, ; xn tech:  ; xn date: 2023-08-15; xn notes: ; filtration comments:  ; tech:  ,NA,NA,NA,NA,NA,NA,NA,NA,NA,NA,NA,NA,NA,NA,NA,NA,NA
NA,NA,exblank-2023-45,NA,NA,NA,NA,NA,Extraction blank,exblank-2023-45,NA,2023,NA,NA, ; xn tech:  ; xn date: 2023-08-16; xn notes: ; filtration comments:  ; tech:  ,NA,NA,NA,NA,NA,NA,NA,NA,NA,NA,NA,NA,NA,NA,NA,NA,NA
NA,NA,exblank-2023-46,NA,NA,NA,NA,NA,Extraction blank,exblank-2023-46,NA,2023,NA,NA, ; xn tech:  ; xn date: 2023-08-17; xn notes: ; filtration comments:  ; tech:  ,NA,NA,NA,NA,NA,NA,NA,NA,NA,NA,NA,NA,NA,NA,NA,NA,NA
NA,NA,exblank-2023-47,NA,NA,NA,NA,NA,Extraction blank,exblank-2023-47,NA,2023,NA,NA, ; xn tech:  ; xn date: 2023-08-23; xn notes: ; filtration comments:  ; tech:  ,NA,NA,NA,NA,NA,NA,NA,NA,NA,NA,NA,NA,NA,NA,NA,NA,NA
NA,NA,exblank-2023-48,NA,NA,NA,NA,NA,Extraction blank,exblank-2023-48,NA,2023,NA,NA, ; xn tech:  ; xn date: 2023-08-24; xn notes: ; filtration comments:  ; tech:  ,NA,NA,NA,NA,NA,NA,NA,NA,NA,NA,NA,NA,NA,NA,NA,NA,NA
NA,NA,exblank-2023-49,NA,NA,NA,NA,NA,Extraction blank,exblank-2023-49,NA,2023,NA,NA, ; xn tech:  ; xn date: 2023-08-25; xn notes: ; filtration comments:  ; tech:  ,NA,NA,NA,NA,NA,NA,NA,NA,NA,NA,NA,NA,NA,NA,NA,NA,NA
NA,NA,exblank-2023-50,NA,NA,NA,NA,NA,Extraction blank,exblank-2023-50,NA,2023,NA,NA, ; xn tech:  ; xn date: 2023-08-28; xn notes: ; filtration comments:  ; tech:  ,NA,NA,NA,NA,NA,NA,NA,NA,NA,NA,NA,NA,NA,NA,NA,NA,NA
NA,NA,exblank-2023-51,NA,NA,NA,NA,NA,Extraction blank,exblank-2023-51,NA,2023,NA,NA, ; xn tech:  ; xn date: 2023-10-16; xn notes: ; filtration comments:  ; tech:  ,NA,NA,NA,NA,NA,NA,NA,NA,NA,NA,NA,NA,NA,NA,NA,NA,NA
NA,NA,exblank-2023-52,NA,NA,NA,NA,NA,Extraction blank,exblank-2023-52,NA,2023,NA,NA, ; xn tech:  ; xn date: 2023-10-20; xn notes: ; filtration comments:  ; tech:  ,NA,NA,NA,NA,NA,NA,NA,NA,NA,NA,NA,NA,NA,NA,NA,NA,NA
NA,NA,exblank-2023-53,NA,NA,NA,NA,NA,Extraction blank,exblank-2023-53,NA,2023,NA,NA, ; xn tech:  ; xn date: 2023-10-26; xn notes: ; filtration comments:  ; tech:  ,NA,NA,NA,NA,NA,NA,NA,NA,NA,NA,NA,NA,NA,NA,NA,NA,NA
NA,NA,exblank-2023-54,NA,NA,NA,NA,NA,Extraction blank,exblank-2023-54,NA,2023,NA,NA, ; xn tech:  ; xn date: 2023-10-27; xn notes: ; filtration comments:  ; tech:  ,NA,NA,NA,NA,NA,NA,NA,NA,NA,NA,NA,NA,NA,NA,NA,NA,NA
NA,NA,exblank-2023-55,NA,NA,NA,NA,NA,Extraction blank,exblank-2023-55,NA,2023,NA,NA, ; xn tech:  ; xn date: 2023-10-28; xn notes: ; filtration comments:  ; tech:  ,NA,NA,NA,NA,NA,NA,NA,NA,NA,NA,NA,NA,NA,NA,NA,NA,NA
NA,NA,exblank-2023-56,NA,NA,NA,NA,NA,Extraction blank,exblank-2023-56,NA,2023,NA,NA, ; xn tech:  ; xn date: 2023-10-30; xn notes: ; filtration comments:  ; tech:  ,NA,NA,NA,NA,NA,NA,NA,NA,NA,NA,NA,NA,NA,NA,NA,NA,NA
NA,NA,exblank-2023-57,NA,NA,NA,NA,NA,Extraction blank,exblank-2023-57,NA,2023,NA,NA, ; xn tech:  ; xn date: 2023-11-02; xn notes: ; filtration comments:  ; tech:  ,NA,NA,NA,NA,NA,NA,NA,NA,NA,NA,NA,NA,NA,NA,NA,NA,NA
NA,NA,exblank-2023-58,NA,NA,NA,NA,NA,Extraction blank,exblank-2023-58,NA,2023,NA,NA, ; xn tech:  ; xn date: 2023-12-12; xn notes: ; filtration comments:  ; tech:  ,NA,NA,NA,NA,NA,NA,NA,NA,NA,NA,NA,NA,NA,NA,NA,NA,NA
NA,NA,exblank-2023-59,NA,NA,NA,NA,NA,Extraction blank,exblank-2023-59,NA,2023,NA,NA, ; xn tech:  ; xn date: 2023-12-13; xn notes: ; filtration comments:  ; tech:  ,NA,NA,NA,NA,NA,NA,NA,NA,NA,NA,NA,NA,NA,NA,NA,NA,NA
NA,NA,exblank-2023-60,NA,NA,NA,NA,NA,Extraction blank,exblank-2023-60,NA,2023,NA,NA, ; xn tech:  ; xn date: 2023-12-15; xn notes: ; filtration comments:  ; tech:  ,NA,NA,NA,NA,NA,NA,NA,NA,NA,NA,NA,NA,NA,NA,NA,NA,NA
NA,NA,exblank-2023-61,NA,NA,NA,NA,NA,Extraction blank,exblank-2023-61,NA,2023,NA,NA, ; xn tech:  ; xn date: 2023-12-19; xn notes: ; filtration comments:  ; tech:  ,NA,NA,NA,NA,NA,NA,NA,NA,NA,NA,NA,NA,NA,NA,NA,NA,NA
NA,NA,exblank-2024-062,NA,NA,NA,NA,NA,Extraction blank,exblank-2024-062,NA,2024,NA,negpcr-2024-4, ; xn tech:  ; xn date:  ; xn notes: ; filtration comments:  ; tech:  ,NA,NA,NA,NA,NA,NA,NA,NA,NA,NA,NA,NA,NA,NA,NA,NA,NA
NA,NA,exblank-2024-063,NA,NA,NA,NA,NA,Extraction blank,exblank-2024-063,NA,2024,NA,negpcr-2024-4, ; xn tech:  ; xn date:  ; xn notes: ; filtration comments:  ; tech:  ,NA,NA,NA,NA,NA,NA,NA,NA,NA,NA,NA,NA,NA,NA,NA,NA,NA
NA,NA,exblank-2024-064,NA,NA,NA,NA,NA,Extraction blank,exblank-2024-064,NA,2024,NA,negpcr-2024-4, ; xn tech:  ; xn date:  ; xn notes: ; filtration comments:  ; tech:  ,NA,NA,NA,NA,NA,NA,NA,NA,NA,NA,NA,NA,NA,NA,NA,NA,NA
NA,NA,exblank-2024-065,NA,NA,NA,NA,NA,Extraction blank,exblank-2024-065,NA,2024,NA,negpcr-2024-4, ; xn tech:  ; xn date:  ; xn notes: ; filtration comments:  ; tech:  ,NA,NA,NA,NA,NA,NA,NA,NA,NA,NA,NA,NA,NA,NA,NA,NA,NA
NA,NA,exblank-2024-066,NA,NA,NA,NA,NA,Extraction blank,exblank-2024-066,NA,2024,NA,negpcr-2024-4, ; xn tech:  ; xn date:  ; xn notes: ; filtration comments:  ; tech:  ,NA,NA,NA,NA,NA,NA,NA,NA,NA,NA,NA,NA,NA,NA,NA,NA,NA
NA,NA,exblank-2024-067,NA,NA,NA,NA,NA,Extraction blank,exblank-2024-067,NA,2024,NA,negpcr-2024-4, ; xn tech:  ; xn date:  ; xn notes: ; filtration comments:  ; tech:  ,NA,NA,NA,NA,NA,NA,NA,NA,NA,NA,NA,NA,NA,NA,NA,NA,NA
NA,NA,exblank-2024-068,NA,NA,NA,NA,NA,Extraction blank,exblank-2024-068,NA,2024,NA,negpcr-2024-4, ; xn tech:  ; xn date:  ; xn notes: ; filtration comments:  ; tech:  ,NA,NA,NA,NA,NA,NA,NA,NA,NA,NA,NA,NA,NA,NA,NA,NA,NA
NA,NA,exblank-2024-069,NA,NA,NA,NA,NA,Extraction blank,exblank-2024-069,NA,2024,NA,negpcr-2024-4, ; xn tech:  ; xn date:  ; xn notes: ; filtration comments:  ; tech:  ,NA,NA,NA,NA,NA,NA,NA,NA,NA,NA,NA,NA,NA,NA,NA,NA,NA
NA,NA,exblank-2024-070,NA,NA,NA,NA,NA,Extraction blank,exblank-2024-070,NA,2024,NA,negpcr-2024-4, ; xn tech:  ; xn date:  ; xn notes: ; filtration comments:  ; tech:  ,NA,NA,NA,NA,NA,NA,NA,NA,NA,NA,NA,NA,NA,NA,NA,NA,NA
NA,NA,exblank-2024-071,NA,NA,NA,NA,NA,Extraction blank,exblank-2024-071,NA,2024,NA,negpcr-2024-4, ; xn tech:  ; xn date:  ; xn notes: ; filtration comments:  ; tech:  ,NA,NA,NA,NA,NA,NA,NA,NA,NA,NA,NA,NA,NA,NA,NA,NA,NA
NA,NA,exblank-2024-072,NA,NA,NA,NA,NA,Extraction blank,exblank-2024-072,NA,2024,NA,negpcr-2024-4, ; xn tech:  ; xn date:  ; xn notes: ; filtration comments:  ; tech:  ,NA,NA,NA,NA,NA,NA,NA,NA,NA,NA,NA,NA,NA,NA,NA,NA,NA
NA,NA,exblank-2024-073,NA,NA,NA,NA,NA,Extraction blank,exblank-2024-073,NA,2024,NA,negpcr-2024-4, ; xn tech:  ; xn date:  ; xn notes: ; filtration comments:  ; tech:  ,NA,NA,NA,NA,NA,NA,NA,NA,NA,NA,NA,NA,NA,NA,NA,NA,NA
NA,NA,exblank-2024-074,NA,NA,NA,NA,NA,Extraction blank,exblank-2024-074,NA,2024,NA,negpcr-2024-4, ; xn tech:  ; xn date:  ; xn notes: ; filtration comments:  ; tech:  ,NA,NA,NA,NA,NA,NA,NA,NA,NA,NA,NA,NA,NA,NA,NA,NA,NA
NA,NA,exblank-2024-080,NA,NA,NA,NA,NA,Extraction blank,exblank-2024-080,NA,2024,NA,negpcr-2024-4, ; xn tech:  ; xn date:  ; xn notes: ; filtration comments:  ; tech:  ,NA,NA,NA,NA,NA,NA,NA,NA,NA,NA,NA,NA,NA,NA,NA,NA,NA
NA,NA,exblank-2024-081,NA,NA,NA,NA,NA,Extraction blank,exblank-2024-081,NA,2024,NA,negpcr-2024-4, ; xn tech:  ; xn date:  ; xn notes: ; filtration comments:  ; tech:  ,NA,NA,NA,NA,NA,NA,NA,NA,NA,NA,NA,NA,NA,NA,NA,NA,NA
NA,NA,exblank-2024-082,NA,NA,NA,NA,NA,Extraction blank,exblank-2024-082,NA,2024,NA,negpcr-2024-4, ; xn tech:  ; xn date:  ; xn notes: ; filtration comments:  ; tech:  ,NA,NA,NA,NA,NA,NA,NA,NA,NA,NA,NA,NA,NA,NA,NA,NA,NA
NA,NA,exblank-2024-083,NA,NA,NA,NA,NA,Extraction blank,exblank-2024-083,NA,2024,NA,negpcr-2024-4, ; xn tech:  ; xn date:  ; xn notes: ; filtration comments:  ; tech:  ,NA,NA,NA,NA,NA,NA,NA,NA,NA,NA,NA,NA,NA,NA,NA,NA,NA
NA,NA,exblank-2024-086,NA,NA,NA,NA,NA,Extraction blank,exblank-2024-086,NA,2024,NA,negpcr-2024-4, ; xn tech:  ; xn date:  ; xn notes: ; filtration comments:  ; tech:  ,NA,NA,NA,NA,NA,NA,NA,NA,NA,NA,NA,NA,NA,NA,NA,NA,NA
NA,NA,exblank-2024-087,NA,NA,NA,NA,NA,Extraction blank,exblank-2024-087,NA,2024,NA,negpcr-2024-4, ; xn tech:  ; xn date:  ; xn notes: ; filtration comments:  ; tech:  ,NA,NA,NA,NA,NA,NA,NA,NA,NA,NA,NA,NA,NA,NA,NA,NA,NA
NA,NA,exblank-2024-089,NA,NA,NA,NA,NA,Extraction blank,exblank-2024-089,NA,2024,NA,negpcr-2024-4, ; xn tech:  ; xn date:  ; xn notes: ; filtration comments:  ; tech:  ,NA,NA,NA,NA,NA,NA,NA,NA,NA,NA,NA,NA,NA,NA,NA,NA,NA
NA,NA,negpcr-2021-bsa-redos,NA,NA,NA,NA,NA,PCR blank,NA,1000,2021,NA,NA, ; xn tech:  ; xn date:  ; xn notes: ; filtration comments:  ; tech:  ,NA,NA,NA,NA,NA,NA,NA,NA,NA,NA,NA,NA,NA,NA,NA,NA,NA
NA,NA,negpcr-2021-p04,NA,NA,NA,NA,NA,PCR blank,NA,1000,2021,NA,NA, ; xn tech:  ; xn date:  ; xn notes: ; filtration comments:  ; tech:  ,NA,NA,NA,NA,NA,NA,NA,NA,NA,NA,NA,NA,NA,NA,NA,NA,NA
NA,NA,negpcr-2021-p05,NA,NA,NA,NA,NA,PCR blank,NA,1000,2021,NA,NA, ; xn tech:  ; xn date:  ; xn notes: ; filtration comments:  ; tech:  ,NA,NA,NA,NA,NA,NA,NA,NA,NA,NA,NA,NA,NA,NA,NA,NA,NA
NA,NA,negpcr-2021-p08,NA,NA,NA,NA,NA,PCR blank,NA,1000,2021,NA,NA, ; xn tech:  ; xn date:  ; xn notes: ; filtration comments:  ; tech:  ,NA,NA,NA,NA,NA,NA,NA,NA,NA,NA,NA,NA,NA,NA,NA,NA,NA
NA,NA,negpcr-2022-1,NA,NA,NA,NA,NA,PCR blank,NA,NA,2022,NA,NA, ; xn tech:  ; xn date:  ; xn notes: ; filtration comments:  ; tech:  ,NA,NA,NA,NA,NA,NA,NA,NA,NA,NA,NA,NA,NA,NA,NA,NA,NA
NA,NA,negpcr-2022-2,NA,NA,NA,NA,NA,PCR blank,NA,NA,2022,NA,NA, ; xn tech:  ; xn date:  ; xn notes: ; filtration comments:  ; tech:  ,NA,NA,NA,NA,NA,NA,NA,NA,NA,NA,NA,NA,NA,NA,NA,NA,NA
NA,NA,negpcr-2022-3,NA,NA,NA,NA,NA,PCR blank,NA,NA,2022,NA,NA, ; xn tech:  ; xn date:  ; xn notes: ; filtration comments:  ; tech:  ,NA,NA,NA,NA,NA,NA,NA,NA,NA,NA,NA,NA,NA,NA,NA,NA,NA
NA,NA,negpcr-2023-1,NA,NA,NA,NA,NA,PCR blank,NA,NA,2023,NA,NA, ; xn tech:  ; xn date:  ; xn notes: ; filtration comments:  ; tech:  ,NA,NA,NA,NA,NA,NA,NA,NA,NA,NA,NA,NA,NA,NA,NA,NA,NA
NA,NA,negpcr-2023-2,NA,NA,NA,NA,NA,PCR blank,NA,NA,2023,NA,NA, ; xn tech:  ; xn date:  ; xn notes: ; filtration comments:  ; tech:  ,NA,NA,NA,NA,NA,NA,NA,NA,NA,NA,NA,NA,NA,NA,NA,NA,NA
NA,NA,negpcr-2023-3,NA,NA,NA,NA,NA,PCR blank,NA,NA,2023,NA,NA, ; xn tech:  ; xn date:  ; xn notes: ; filtration comments:  ; tech:  ,NA,NA,NA,NA,NA,NA,NA,NA,NA,NA,NA,NA,NA,NA,NA,NA,NA
NA,NA,negpcr-2023-4,NA,NA,NA,NA,NA,PCR blank,NA,NA,2023,NA,NA, ; xn tech:  ; xn date:  ; xn notes: ; filtration comments:  ; tech:  ,NA,NA,NA,NA,NA,NA,NA,NA,NA,NA,NA,NA,NA,NA,NA,NA,NA
NA,NA,negpcr-2024-1,NA,NA,NA,NA,NA,PCR blank,NA,NA,2024,NA,negpcr-2024-1, ; xn tech:  ; xn date:  ; xn notes: ; filtration comments:  ; tech:  ,NA,NA,NA,NA,NA,NA,NA,NA,NA,NA,NA,NA,NA,NA,NA,NA,NA
NA,NA,negpcr-2024-2,NA,NA,NA,NA,NA,PCR blank,NA,NA,2024,NA,negpcr-2024-2, ; xn tech:  ; xn date:  ; xn notes: ; filtration comments:  ; tech:  ,NA,NA,NA,NA,NA,NA,NA,NA,NA,NA,NA,NA,NA,NA,NA,NA,NA
NA,NA,negpcr-2024-3,NA,NA,NA,NA,NA,PCR blank,NA,NA,2024,NA,negpcr-2024-3, ; xn tech:  ; xn date:  ; xn notes: ; filtration comments:  ; tech:  ,NA,NA,NA,NA,NA,NA,NA,NA,NA,NA,NA,NA,NA,NA,NA,NA,NA
NA,NA,negpcr-2024-4,NA,NA,NA,NA,NA,PCR blank,NA,NA,2024,NA,negpcr-2024-4, ; xn tech:  ; xn date:  ; xn notes: ; filtration comments:  ; tech:  ,NA,NA,NA,NA,NA,NA,NA,NA,NA,NA,NA,NA,NA,NA,NA,NA,NA
CA_NC,NC_E,pecoe-0001,2021-06-24,38.10503,-122.8484,9:40-10:00,4:30:00,Sample,exblank-2021-001,950,2021,NA,NA,filtered 950mL; xn tech:  ; xn date: 12/9/21; xn notes: ; filtration comments:  ; tech:  ,Millerton,Claire Murphy,0-0.5,low,light,none,35,"U: 17.57, L: 19.0",by_foot,1-1.5,present,NA,"Sampled along a channel, moving ~10m apart between samples. Moved away from shore but stayed at a consistent depth.",Temperatures are from the upper (U) and lower (L) transects from the eelgrass wasting disease project. Data is from 24 hours before sampling. GPS coordinates are the average lat. and long. for the wasting disease transects.,CA_NCa,"Bodega Bay, California","Bodega Bay, California"
CA_NC,NC_E,pecoe-0002,2021-06-24,38.10503,-122.8484,9:40-10:00,6:30:00,Sample,exblank-2021-001,850,2021,NA,NA,filtered 850mL; xn tech:  ; xn date: 12/9/21; xn notes: ; filtration comments:  ; tech:  ,Millerton,Claire Murphy,0-0.5,low,light,none,35,"U: 17.57, L: 19.0",by_foot,1-1.5,present,NA,"Sampled along a channel, moving ~10m apart between samples. Moved away from shore but stayed at a consistent depth.",Temperatures are from the upper (U) and lower (L) transects from the eelgrass wasting disease project. Data is from 24 hours before sampling. GPS coordinates are the average lat. and long. for the wasting disease transects.,CA_NCa,"Bodega Bay, California","Bodega Bay, California"
CA_NC,NC_E,pecoe-0003,2021-06-24,38.10503,-122.8484,9:40-10:00,6:06:00,Sample,exblank-2021-001,850,2021,NA,NA,filtered 850mL; xn tech:  ; xn date: 12/9/21; xn notes: ; filtration comments:  ; tech:  ,Millerton,Claire Murphy,0-0.5,low,light,none,35,"U: 17.57, L: 19.0",by_foot,1-1.5,present,NA,"Sampled along a channel, moving ~10m apart between samples. Moved away from shore but stayed at a consistent depth.",Temperatures are from the upper (U) and lower (L) transects from the eelgrass wasting disease project. Data is from 24 hours before sampling. GPS coordinates are the average lat. and long. for the wasting disease transects.,CA_NCa,"Bodega Bay, California","Bodega Bay, California"
CA_NC,NC_E,pecoe-0004,2021-06-24,38.10503,-122.8484,9:40-10:00,3:15:00,Sample,exblank-2021-001,900,2021,NA,NA,filtered 900mL; xn tech:  ; xn date: 12/9/21; xn notes: ; filtration comments:  ; tech:  ,Millerton,Claire Murphy,0-0.5,low,light,none,35,"U: 17.57, L: 19.0",by_foot,1-1.5,present,NA,"Sampled along a channel, moving ~10m apart between samples. Moved away from shore but stayed at a consistent depth.",Temperatures are from the upper (U) and lower (L) transects from the eelgrass wasting disease project. Data is from 24 hours before sampling. GPS coordinates are the average lat. and long. for the wasting disease transects.,CA_NCa,"Bodega Bay, California","Bodega Bay, California"
CA_NC,NC_E,pecoe-0005,2021-06-24,38.10503,-122.8484,NA,2:30:00,Field blank,exblank-2021-001,1000,2021,NA,NA, ; xn tech:  ; xn date: 12/9/21; xn notes: ; filtration comments:  ; tech:  ,Millerton,Claire Murphy,0-0.5,low,light,none,35,"U: 17.57, L: 19.0",by_foot,1-1.5,present,NA,"Sampled along a channel, moving ~10m apart between samples. Moved away from shore but stayed at a consistent depth.",Temperatures are from the upper (U) and lower (L) transects from the eelgrass wasting disease project. Data is from 24 hours before sampling. GPS coordinates are the average lat. and long. for the wasting disease transects.,CA_NCa,"Bodega Bay, California","Bodega Bay, California"
CA_NC,NC_BL,pecoe-0006,2021-06-25,38.17851,-122.9088,NA,10:36:00,Field blank,exblank-2021-001,1000,2021,NA,NA, ; xn tech:  ; xn date: 12/9/21; xn notes: ; filtration comments:  ; tech:  ,Blakes Landing,Claire Murphy,0-0.5,low,light,none,35,"U: 14.804, L: 17.855",by_foot,1.0,present,NA,Sampled parallel to shore near the edge of the intertidal portion of the bed. Sampled ~10m apart and at a consistent depth.,Temperatures are from the upper (U) and lower (L) transects from the eelgrass wasting disease project. GPS coordinates are the average lat. and long. for the wasting disease transects.,CA_NCa,"Bodega Bay, California","Bodega Bay, California"
CA_NC,NC_BL,pecoe-0007,2021-06-25,38.17851,-122.9088,7:40-7:56,11:30:00,Sample,exblank-2021-001,1000,2021,NA,NA, ; xn tech:  ; xn date: 12/9/21; xn notes: ; filtration comments:  ; tech:  ,Blakes Landing,Claire Murphy,0-0.5,low,light,none,35,"U: 14.804, L: 17.855",by_foot,1.0,present,NA,Sampled parallel to shore near the edge of the intertidal portion of the bed. Sampled ~10m apart and at a consistent depth.,Temperatures are from the upper (U) and lower (L) transects from the eelgrass wasting disease project. GPS coordinates are the average lat. and long. for the wasting disease transects.,CA_NCa,"Bodega Bay, California","Bodega Bay, California"
CA_NC,NC_BL,pecoe-0008,2021-06-25,38.17851,-122.9088,7:40-7:56,12:15:00,Sample,exblank-2021-001,1000,2021,NA,NA, ; xn tech:  ; xn date: 12/9/21; xn notes: ; filtration comments:  ; tech:  ,Blakes Landing,Claire Murphy,0-0.5,low,light,none,35,"U: 14.804, L: 17.855",by_foot,1.0,present,NA,Sampled parallel to shore near the edge of the intertidal portion of the bed. Sampled ~10m apart and at a consistent depth.,Temperatures are from the upper (U) and lower (L) transects from the eelgrass wasting disease project. GPS coordinates are the average lat. and long. for the wasting disease transects.,CA_NCa,"Bodega Bay, California","Bodega Bay, California"
CA_NC,NC_BL,pecoe-0009,2021-06-25,38.17851,-122.9088,7:40-7:56,12:40:00,Sample,exblank-2021-001,700,2021,NA,NA,filtered 700mL; xn tech:  ; xn date: 12/9/21; xn notes: ; filtration comments:  ; tech:  ,Blakes Landing,Claire Murphy,0-0.5,low,light,none,35,"U: 14.804, L: 17.855",by_foot,1.0,present,NA,Sampled parallel to shore near the edge of the intertidal portion of the bed. Sampled ~10m apart and at a consistent depth.,Temperatures are from the upper (U) and lower (L) transects from the eelgrass wasting disease project. GPS coordinates are the average lat. and long. for the wasting disease transects.,CA_NCa,"Bodega Bay, California","Bodega Bay, California"
CA_NC,NC_BL,pecoe-0010,2021-06-25,38.17851,-122.9088,7:40-7:56,1:05:00,Sample,exblank-2021-001,750,2021,NA,NA,filtered 750mL; xn tech:  ; xn date: 12/9/21; xn notes: ; filtration comments:  ; tech:  ,Blakes Landing,Claire Murphy,0-0.5,low,light,none,35,"U: 14.804, L: 17.855",by_foot,1.0,present,NA,Sampled parallel to shore near the edge of the intertidal portion of the bed. Sampled ~10m apart and at a consistent depth.,Temperatures are from the upper (U) and lower (L) transects from the eelgrass wasting disease project. GPS coordinates are the average lat. and long. for the wasting disease transects.,CA_NCa,"Bodega Bay, California","Bodega Bay, California"
CA_SF,NC_WP,pecoe-0011,2021-06-27,38.31891,-123.0537,8:30-8:45,1:25:00,Sample,exblank-2021-001,750,2021,NA,NA,filtered 750mL; xn tech:  ; xn date: 12/9/21; xn notes: ; filtration comments:  ; tech:  ,Westside Park,Claire Murphy,0.5-1,low,light,none,35,14.613,by_foot,1-1.5,present,very dense,Sampled along a channel. Each sample was ~10m apart. We moved parallel to the shore and stayed at a similar depth.,Temperature from upper transect for the eelgrass wasting disease project. GPS coordinates are the average lat. and long. for the wasting disease transects.,CA_NCa,"San Francisco Bay, California","Bodega Bay, California"
CA_SF,NC_WP,pecoe-0012,2021-06-27,38.31891,-123.0537,8:30-8:45,2:06:00,Sample,exblank-2021-002,700,2021,NA,NA,filtered 700mL; xn tech:  ; xn date: 1/13/22; xn notes: ; filtration comments:  ; tech:  ,Westside Park,Claire Murphy,0.5-1,low,light,none,35,14.613,by_foot,1-1.5,present,very dense,Sampled along a channel. Each sample was ~10m apart. We moved parallel to the shore and stayed at a similar depth.,Temperature from upper transect for the eelgrass wasting disease project. GPS coordinates are the average lat. and long. for the wasting disease transects.,CA_NCa,"San Francisco Bay, California","Bodega Bay, California"
CA_SF,NC_WP,pecoe-0013,2021-06-27,38.31891,-123.0537,8:30-8:45,12:54:00,Sample,exblank-2021-002,650,2021,NA,NA,filtered 650mL; xn tech:  ; xn date: 1/13/22; xn notes: ; filtration comments:  ; tech:  ,Westside Park,Claire Murphy,0.5-1,low,light,none,35,14.613,by_foot,1-1.5,present,very dense,Sampled along a channel. Each sample was ~10m apart. We moved parallel to the shore and stayed at a similar depth.,Temperature from upper transect for the eelgrass wasting disease project. GPS coordinates are the average lat. and long. for the wasting disease transects.,CA_NCa,"San Francisco Bay, California","Bodega Bay, California"
CA_SF,NC_WP,pecoe-0014,2021-06-27,38.31891,-123.0537,NA,12:00:00,Field blank,exblank-2021-002,1000,2021,NA,NA, ; xn tech:  ; xn date: 1/13/22; xn notes: ; filtration comments:  ; tech:  ,Westside Park,Claire Murphy,0.5-1,low,light,none,35,14.613,by_foot,1-1.5,present,very dense,Sampled along a channel. Each sample was ~10m apart. We moved parallel to the shore and stayed at a similar depth.,Temperature from upper transect for the eelgrass wasting disease project. GPS coordinates are the average lat. and long. for the wasting disease transects.,CA_NCa,"San Francisco Bay, California","Bodega Bay, California"
CA_SF,NC_WP,pecoe-0015,2021-06-27,38.31891,-123.0537,8:30-8:45,12:20:00,Sample,exblank-2021-002,600,2021,NA,NA,filtered 600mL; xn tech:  ; xn date: 1/13/22; xn notes: ; filtration comments:  ; tech:  ,Westside Park,Claire Murphy,0.5-1,low,light,none,35,14.613,by_foot,1-1.5,present,very dense,Sampled along a channel. Each sample was ~10m apart. We moved parallel to the shore and stayed at a similar depth.,Temperature from upper transect for the eelgrass wasting disease project. GPS coordinates are the average lat. and long. for the wasting disease transects.,CA_NCa,"San Francisco Bay, California","Bodega Bay, California"
CA_NC,NC_B,pecoe-0016,2021-07-25,38.3339,-123.0595,9:45:00,2:43:00,Sample,exblank-2021-002,350,2021,NA,NA,filtered 350mL; xn tech:  ; xn date: 1/13/22; xn notes: ; filtration comments:  ; tech:  ,Masons Marina,Claire Murphy,0-0.5,low,none,none,35,14.325,by_foot,1-1.5,present,NA,Sampled within the grass bed (water was too high to sample deep edge). Each sample was ~10m apart and ran parallel to shore.,Temperature is from the lower trasect for the eelgrass wasting disease project. Temperature is from 24 hours before sampling. GPS coordinates are the average lat. and long. for the wasting disease transects.,CA_NCa,"Bodega Bay, California","Bodega Bay, California"
CA_NC,NC_B,pecoe-0017,2021-07-25,38.3339,-123.0595,9:20:00,1:48:00,Sample,exblank-2021-002,500,2021,NA,NA,filtered 500mL; xn tech:  ; xn date: 1/13/22; xn notes: ; filtration comments:  ; tech:  ,Masons Marina,Claire Murphy,0-0.5,low,none,none,35,14.325,by_foot,1-1.5,present,NA,Sampled within the grass bed (water was too high to sample deep edge). Each sample was ~10m apart and ran parallel to shore.,Temperature is from the lower trasect for the eelgrass wasting disease project. Temperature is from 24 hours before sampling. GPS coordinates are the average lat. and long. for the wasting disease transects.,CA_NCa,"Bodega Bay, California","Bodega Bay, California"
CA_NC,NC_B,pecoe-0018,2021-07-25,38.3339,-123.0595,9:15:00,1:15:00,Sample,exblank-2021-002,500,2021,NA,NA,filtered 500mL; xn tech:  ; xn date: 1/13/22; xn notes: ; filtration comments:  ; tech:  ,Masons Marina,Claire Murphy,0-0.5,low,none,none,35,14.325,by_foot,1-1.5,present,NA,Sampled within the grass bed (water was too high to sample deep edge). Each sample was ~10m apart and ran parallel to shore.,Temperature is from the lower trasect for the eelgrass wasting disease project. Temperature is from 24 hours before sampling. GPS coordinates are the average lat. and long. for the wasting disease transects.,CA_NCa,"Bodega Bay, California","Bodega Bay, California"
CA_NC,NC_B,pecoe-0019,2021-07-25,38.3339,-123.0595,9:38:00,2:20:00,Sample,exblank-2021-002,350,2021,NA,NA,filtered 350mL; xn tech:  ; xn date: 1/13/22; xn notes: ; filtration comments:  ; tech:  ,Masons Marina,Claire Murphy,0-0.5,low,none,none,35,14.325,by_foot,1-1.5,present,NA,Sampled within the grass bed (water was too high to sample deep edge). Each sample was ~10m apart and ran parallel to shore.,Temperature is from the lower trasect for the eelgrass wasting disease project. Temperature is from 24 hours before sampling. GPS coordinates are the average lat. and long. for the wasting disease transects.,CA_NCa,"Bodega Bay, California","Bodega Bay, California"
CA_NC,NC_B,pecoe-0020,2021-07-25,38.3339,-123.0595,NA,1:05:00,Field blank,exblank-2021-002,1000,2021,NA,NA, ; xn tech:  ; xn date: 1/13/22; xn notes: ; filtration comments:  ; tech:  ,Masons Marina,Claire Murphy,0-0.5,low,none,none,35,14.325,by_foot,1-1.5,present,NA,Sampled within the grass bed (water was too high to sample deep edge). Each sample was ~10m apart and ran parallel to shore.,Temperature is from the lower trasect for the eelgrass wasting disease project. Temperature is from 24 hours before sampling. GPS coordinates are the average lat. and long. for the wasting disease transects.,CA_NCa,"Bodega Bay, California","Bodega Bay, California"
CA_NC,NC_D,pecoe-0021,2021-07-27,38.30995,-123.059,8:40:00,2:34:00,Sample,exblank-2021-002,500,2021,NA,NA,filtered 500mL; xn tech:  ; xn date: 1/13/22; xn notes: ; filtration comments:  ; tech:  ,Campbell Cove,Claire Murphy,0-0.5,low,none,none,35,12.98,by_foot,1-1.5,present,lots of epiphytes,Sampled 10m apart at a consistent depth. Sampled along a small channel at the edge of the bed.,Temperature is from the upper transects from the eelgrass wasting disease project. Temperature is from 24 hours before sampling. GPS coordinates are the average lat. and long. for the wasting disease transects.,CA_NCa,"Bodega Bay, California","Bodega Bay, California"
CA_NC,NC_D,pecoe-0022,2021-07-27,38.30995,-123.059,NA,12:48:00,Field blank,exblank-2021-002,1000,2021,NA,NA, ; xn tech:  ; xn date: 1/13/22; xn notes: ; filtration comments:  ; tech:  ,Campbell Cove,Claire Murphy,0-0.5,low,none,none,35,12.98,by_foot,1-1.5,present,lots of epiphytes,Sampled 10m apart at a consistent depth. Sampled along a small channel at the edge of the bed.,Temperature is from the upper transects from the eelgrass wasting disease project. Temperature is from 24 hours before sampling. GPS coordinates are the average lat. and long. for the wasting disease transects.,CA_NCa,"Bodega Bay, California","Bodega Bay, California"
CA_NC,NC_D,pecoe-0023,2021-07-27,38.30995,-123.059,8:44:00,3:16:00,Sample,exblank-2021-005B,500,2021,NA,NA,filtered 500mL; xn tech:  ; xn date: 3/25/22; xn notes: ; filtration comments:  ; tech:  ,Campbell Cove,Claire Murphy,0-0.5,low,none,none,35,12.98,by_foot,1-1.5,present,lots of epiphytes,Sampled 10m apart at a consistent depth. Sampled along a small channel at the edge of the bed.,Temperature is from the upper transects from the eelgrass wasting disease project. Temperature is from 24 hours before sampling. GPS coordinates are the average lat. and long. for the wasting disease transects.,CA_NCa,"Bodega Bay, California","Bodega Bay, California"
CA_NC,NC_D,pecoe-0024,2021-07-27,38.30995,-123.059,8:49:00,1:09:00,Sample,exblank-2021-005B,550,2021,NA,NA,filtered 550mL; xn tech:  ; xn date: 3/25/22; xn notes: ; filtration comments:  ; tech:  ,Campbell Cove,Claire Murphy,0-0.5,low,none,none,35,12.98,by_foot,1-1.5,present,lots of epiphytes,Sampled 10m apart at a consistent depth. Sampled along a small channel at the edge of the bed.,Temperature is from the upper transects from the eelgrass wasting disease project. Temperature is from 24 hours before sampling. GPS coordinates are the average lat. and long. for the wasting disease transects.,CA_NCa,"Bodega Bay, California","Bodega Bay, California"
CA_NC,NC_D,pecoe-0025,2021-07-27,38.30995,-123.059,8:54:00,1:45:00,Sample,exblank-2021-005B,550,2021,NA,NA,filtered 550mL; xn tech:  ; xn date: 3/25/22; xn notes: ; filtration comments:  ; tech:  ,Campbell Cove,Claire Murphy,0-0.5,low,none,none,35,12.98,by_foot,1-1.5,present,lots of epiphytes,Sampled 10m apart at a consistent depth. Sampled along a small channel at the edge of the bed.,Temperature is from the upper transects from the eelgrass wasting disease project. Temperature is from 24 hours before sampling. GPS coordinates are the average lat. and long. for the wasting disease transects.,CA_NCa,"Bodega Bay, California","Bodega Bay, California"
OR_CB,CB_FP,pecoe-0026,2021-07-23,43.35965,-124.310117,7:45:00,ND,Sample,exblank-2021-006,1000,2021,NA,NA,No HEPA Filter was provided in kit. Pumped air is unfiltered.; xn tech:  ; xn date: 3/28/22; xn notes: ; filtration comments:  ; tech:  ,Fossil Point,"FTN, RSM",0-0.5,flood,none,none,35,ND,by_foot,NA,present,"Patchy, with ulva","parallel to shore, about 10m away from shore, 10m apart","original coordinate: 43° 21.579'N, 124° 18.607'W",OR_CB,"Coos Bay, Oregon","Coos Bay, Oregon"
OR_CB,CB_FP,pecoe-0027,2021-07-23,43.35965,-124.310117,7:45:00,35 min,Sample,exblank-2021-006,1000,2021,NA,NA,No HEPA Filter was provided in kit. Pumped air is unfiltered.; xn tech:  ; xn date: 3/28/22; xn notes: ; filtration comments:  ; tech:  ,Fossil Point,"FTN, RSM",0-0.5,flood,none,none,35,ND,by_foot,NA,present,"Patchy, with ulva","parallel to shore, about 10m away from shore, 10m apart","original coordinate: 43° 21.579'N, 124° 18.607'W",OR_CB,"Coos Bay, Oregon","Coos Bay, Oregon"
OR_CB,CB_FP,pecoe-0028,2021-07-23,43.35965,-124.310117,7:45:00,58 min,Sample,exblank-2021-006,1000,2021,NA,NA,No HEPA Filter was provided in kit. Pumped air is unfiltered.; xn tech:  ; xn date: 3/28/22; xn notes: ; filtration comments:  ; tech:  ,Fossil Point,"FTN, RSM",0-0.5,flood,none,none,35,ND,by_foot,NA,present,"Patchy, with ulva","parallel to shore, about 10m away from shore, 10m apart","original coordinate: 43° 21.579'N, 124° 18.607'W",OR_CB,"Coos Bay, Oregon","Coos Bay, Oregon"
OR_CB,CB_FP,pecoe-0030,2021-07-23,43.35965,-124.310117,7:45:00,23 min,Sample,exblank-2021-006,1000,2021,NA,NA,No HEPA Filter was provided in kit. Pumped air is unfiltered.; xn tech:  ; xn date: 3/28/22; xn notes: ; filtration comments:  ; tech:  ,Fossil Point,"FTN, RSM",0-0.5,flood,none,none,35,ND,by_foot,NA,present,"Patchy, with ulva","parallel to shore, about 10m away from shore, 10m apart","original coordinate: 43° 21.579'N, 124° 18.607'W",OR_CB,"Coos Bay, Oregon","Coos Bay, Oregon"
OR_YB,YB_SBS,pecoe-0031,2021-06-25,44.61245,-124.013317,7:00:00,ND,Sample,exblank-2021-008,1000,2021,NA,NA,No HEPA Filter was provided in kit. Pumped air is unfiltered.; xn tech:  ; xn date: 4/1/22; xn notes: ; filtration comments:  ; tech:  ,Sallys Bend South,"MKE, FTN, RSM",ND,flood,ND,ND,39,ND,by_foot,NA,present,Upper transect density: 28 shoot/m^2; Lower transect density: 83 shoots/m^2,"parallel to shore, about 10m away from shore, 10m apart","original coordinates: 44° 36.747'N, 124° 0.799'W",OR_YB,"Yaquina Bay, Oregon","Yaquina Bay, Oregon"
OR_YB,YB_SBS,pecoe-0032,2021-06-25,44.61245,-124.013317,7:00:00,ND,Sample,exblank-2021-008,1000,2021,NA,NA,No HEPA Filter was provided in kit. Pumped air is unfiltered.; xn tech:  ; xn date: 4/1/22; xn notes: ; filtration comments:  ; tech:  ,Sallys Bend South,"MKE, FTN, RSM",ND,flood,ND,ND,39,ND,by_foot,NA,present,Upper transect density: 28 shoot/m^2; Lower transect density: 83 shoots/m^2,"parallel to shore, about 10m away from shore, 10m apart","original coordinates: 44° 36.747'N, 124° 0.799'W",OR_YB,"Yaquina Bay, Oregon","Yaquina Bay, Oregon"
OR_YB,YB_SBS,pecoe-0033,2021-06-25,44.61245,-124.013317,7:00:00,ND,Sample,exblank-2021-008,1000,2021,NA,NA,No HEPA Filter was provided in kit. Pumped air is unfiltered.; xn tech:  ; xn date: 4/1/22; xn notes: ; filtration comments:  ; tech:  ,Sallys Bend South,"MKE, FTN, RSM",ND,flood,ND,ND,39,ND,by_foot,NA,present,Upper transect density: 28 shoot/m^2; Lower transect density: 83 shoots/m^2,"parallel to shore, about 10m away from shore, 10m apart","original coordinates: 44° 36.747'N, 124° 0.799'W",OR_YB,"Yaquina Bay, Oregon","Yaquina Bay, Oregon"
OR_YB,YB_SBS,pecoe-0034,2021-06-25,44.61245,-124.013317,7:00:00,ND,Field blank,exblank-2021-008,1000,2021,NA,NA,No HEPA Filter was provided in kit. Pumped air is unfiltered.; xn tech:  ; xn date: 4/1/22; xn notes: ; filtration comments:  ; tech:  ,Sallys Bend South,"MKE, FTN, RSM",ND,flood,ND,ND,39,ND,by_foot,NA,present,Upper transect density: 28 shoot/m^2; Lower transect density: 83 shoots/m^2,"parallel to shore, about 10m away from shore, 10m apart","original coordinates: 44° 36.747'N, 124° 0.799'W",OR_YB,"Yaquina Bay, Oregon","Yaquina Bay, Oregon"
OR_YB,YB_SBS,pecoe-0035,2021-06-25,44.61245,-124.013317,7:00:00,ND,Sample,exblank-2021-008,1000,2021,NA,NA,No HEPA Filter was provided in kit. Pumped air is unfiltered.; xn tech:  ; xn date: 4/1/22; xn notes: ; filtration comments:  ; tech:  ,Sallys Bend South,"MKE, FTN, RSM",ND,flood,ND,ND,39,ND,by_foot,NA,present,Upper transect density: 28 shoot/m^2; Lower transect density: 83 shoots/m^2,"parallel to shore, about 10m away from shore, 10m apart","original coordinates: 44° 36.747'N, 124° 0.799'W",OR_YB,"Yaquina Bay, Oregon","Yaquina Bay, Oregon"
OR_YB,YB_SBN,pecoe-0036,2021-06-24,44.622867,-124.023817,6:30:00,ND,Sample,exblank-2021-006,1000,2021,NA,NA,Sample #1 split onto two filters (PECOe036 & PECOe040) No HEPA Filter was provided in kit. Pumped air is unfiltered.; xn tech:  ; xn date: 3/28/22; xn notes: ; filtration comments:  ; tech:  ,Sallys Bend North,"MKE, FTN, RSM",ND,flood,ND,ND,32,ND,by_foot,NA,present,Upper transect density: 24 shoot/m^2; Lower transect density: 62 shoots/m^2,"parallel to shore, about 10m away from shore, 10m apart","original coordinates: 44° 37.372'N, 124° 1.429'W",OR_YB,"Yaquina Bay, Oregon","Yaquina Bay, Oregon"
OR_YB,YB_SBN,pecoe-0037,2021-06-24,44.622867,-124.023817,6:30:00,ND,Field blank,exblank-2021-006,1000,2021,NA,NA,No HEPA Filter was provided in kit. Pumped air is unfiltered.; xn tech:  ; xn date: 3/28/22; xn notes: ; filtration comments:  ; tech:  ,Sallys Bend North,"MKE, FTN, RSM",ND,flood,ND,ND,32,ND,by_foot,NA,present,Upper transect density: 24 shoot/m^2; Lower transect density: 62 shoots/m^2,"parallel to shore, about 10m away from shore, 10m apart","original coordinates: 44° 37.372'N, 124° 1.429'W",OR_YB,"Yaquina Bay, Oregon","Yaquina Bay, Oregon"
OR_YB,YB_SBN,pecoe-0038,2021-06-24,44.622867,-124.023817,6:30:00,ND,Sample,exblank-2021-006,1000,2021,NA,NA,No HEPA Filter was provided in kit. Pumped air is unfiltered.; xn tech:  ; xn date: 3/28/22; xn notes: ; filtration comments:  ; tech:  ,Sallys Bend North,"MKE, FTN, RSM",ND,flood,ND,ND,32,ND,by_foot,NA,present,Upper transect density: 24 shoot/m^2; Lower transect density: 62 shoots/m^2,"parallel to shore, about 10m away from shore, 10m apart","original coordinates: 44° 37.372'N, 124° 1.429'W",OR_YB,"Yaquina Bay, Oregon","Yaquina Bay, Oregon"
OR_YB,YB_SBN,pecoe-0039,2021-06-24,44.622867,-124.023817,6:30:00,ND,Sample,exblank-2021-006,1000,2021,NA,NA,No HEPA Filter was provided in kit. Pumped air is unfiltered.; xn tech:  ; xn date: 3/28/22; xn notes: ; filtration comments:  ; tech:  ,Sallys Bend North,"MKE, FTN, RSM",ND,flood,ND,ND,32,ND,by_foot,NA,present,Upper transect density: 24 shoot/m^2; Lower transect density: 62 shoots/m^2,"parallel to shore, about 10m away from shore, 10m apart","original coordinates: 44° 37.372'N, 124° 1.429'W",OR_YB,"Yaquina Bay, Oregon","Yaquina Bay, Oregon"
OR_YB,YB_SBN,pecoe-0040,2021-06-24,44.622867,-124.023817,6:30:00,ND,Sample,exblank-2021-006,1000,2021,NA,NA,Sample #1 split onto two filters (PECOe036 & PECOe040) No HEPA Filter was provided in kit. Pumped air is unfiltered.; xn tech:  ; xn date: 3/28/22; xn notes: ; filtration comments:  ; tech:  ,Sallys Bend North,"MKE, FTN, RSM",ND,flood,ND,ND,32,ND,by_foot,NA,present,Upper transect density: 24 shoot/m^2; Lower transect density: 62 shoots/m^2,"parallel to shore, about 10m away from shore, 10m apart","original coordinates: 44° 37.372'N, 124° 1.429'W",OR_YB,"Yaquina Bay, Oregon","Yaquina Bay, Oregon"
OR_CB,CB_FP,pecoe-0041,2021-07-23,43.35965,-124.310117,7:45:00,15 min,Field blank,exblank-2021-006,1000,2021,NA,NA,No HEPA Filter was provided in kit. Pumped air is unfiltered.; xn tech:  ; xn date: 3/28/22; xn notes: ; filtration comments:  ; tech:  ,Fossil Point,"FTN, RSM",0-0.5,flood,none,none,35,ND,by_foot,NA,present,"Patchy, with ulva","parallel to shore, about 10m away from shore, 10m apart","original coordinate: 43° 21.579'N, 124° 18.607'W",OR_CB,"Coos Bay, Oregon","Coos Bay, Oregon"
OR_YB,YB_SBN,pecoe-0042,2021-06-24,44.622867,-124.023817,6:30:00,ND,Sample,exblank-2021-006,1000,2021,NA,NA,No HEPA Filter was provided in kit. Pumped air is unfiltered.; xn tech:  ; xn date: 3/28/22; xn notes: ; filtration comments:  ; tech:  ,Sallys Bend North,"MKE, FTN, RSM",ND,flood,ND,ND,32,ND,by_foot,NA,present,Upper transect density: 24 shoot/m^2; Lower transect density: 62 shoots/m^2,"parallel to shore, about 10m away from shore, 10m apart","original coordinates: 44° 37.372'N, 124° 1.429'W",OR_YB,"Yaquina Bay, Oregon","Yaquina Bay, Oregon"
OR_CB,CB_BV,pecoe-0043,2021-07-23,43.35965,-124.316933,6:50:00,20 min,Sample,exblank-2021-006,1000,2021,NA,NA,No HEPA Filter was provided in kit. Pumped air is unfiltered.; xn tech:  ; xn date: 3/28/22; xn notes: ; filtration comments:  ; tech:  ,Bar View,"FTN, RSM",0-0.5,flood,light,none,36,ND,by_foot,NA,present,"Dense, some ulva and cystocera; observed rockfish and english sole in bed","parallel to shore, about 10m away from shore, 10m apart",original coordinate: 43° 21.579'N 124° 19.106'W,OR_CB,"Coos Bay, Oregon","Coos Bay, Oregon"
OR_CB,CB_BV,pecoe-0044,2021-07-23,43.35965,-124.316933,6:50:00,20 min,Sample,exblank-2021-006,1000,2021,NA,NA,No HEPA Filter was provided in kit. Pumped air is unfiltered.; xn tech:  ; xn date: 3/28/22; xn notes: ; filtration comments:  ; tech:  ,Bar View,"FTN, RSM",0-0.5,flood,light,none,36,ND,by_foot,NA,present,"Dense, some ulva and cystocera; observed rockfish and english sole in bed","parallel to shore, about 10m away from shore, 10m apart",original coordinate: 43° 21.579'N 124° 19.106'W,OR_CB,"Coos Bay, Oregon","Coos Bay, Oregon"
OR_CB,CB_BV,pecoe-0045,2021-07-23,43.35965,-124.316933,6:50:00,20 min,Sample,exblank-2021-006,1000,2021,NA,NA,No HEPA Filter was provided in kit. Pumped air is unfiltered.; xn tech:  ; xn date: 3/28/22; xn notes: ; filtration comments:  ; tech:  ,Bar View,"FTN, RSM",0-0.5,flood,light,none,36,ND,by_foot,NA,present,"Dense, some ulva and cystocera; observed rockfish and english sole in bed","parallel to shore, about 10m away from shore, 10m apart",original coordinate: 43° 21.579'N 124° 19.106'W,OR_CB,"Coos Bay, Oregon","Coos Bay, Oregon"
OR_YB,YB_IF,pecoe-0046,2021-06-26,44.617633,-124.029183,8:00:00,ND,Sample,exblank-2021-006,1000,2021,NA,NA,No HEPA Filter was provided in kit. Pumped air is unfiltered.; xn tech:  ; xn date: 3/28/22; xn notes: ; filtration comments:  ; tech:  ,Idaho Flats,"MKE, FTN, RSM",ND,flood,ND,ND,36,ND,by_foot,NA,present,Upper transect density: 40 shoot/m^2; Lower transect density: 98 shoots/m^2,"parallel to shore, about 10m away from shore, 10m apart","original coordinate: 44° 37.058'N, 124° 1.751'W",OR_YB,"Yaquina Bay, Oregon","Yaquina Bay, Oregon"
OR_YB,YB_IF,pecoe-0047,2021-06-26,44.617633,-124.029183,8:00:00,ND,Sample,exblank-2021-006,1000,2021,NA,NA,No HEPA Filter was provided in kit. Pumped air is unfiltered.; xn tech:  ; xn date: 3/28/22; xn notes: ; filtration comments:  ; tech:  ,Idaho Flats,"MKE, FTN, RSM",ND,flood,ND,ND,36,ND,by_foot,NA,present,Upper transect density: 40 shoot/m^2; Lower transect density: 98 shoots/m^2,"parallel to shore, about 10m away from shore, 10m apart","original coordinate: 44° 37.058'N, 124° 1.751'W",OR_YB,"Yaquina Bay, Oregon","Yaquina Bay, Oregon"
OR_YB,YB_IF,pecoe-0048,2021-06-26,44.617633,-124.029183,8:00:00,ND,Sample,exblank-2021-006,1000,2021,NA,NA,No HEPA Filter was provided in kit. Pumped air is unfiltered.; xn tech:  ; xn date: 3/28/22; xn notes: ; filtration comments:  ; tech:  ,Idaho Flats,"MKE, FTN, RSM",ND,flood,ND,ND,36,ND,by_foot,NA,present,Upper transect density: 40 shoot/m^2; Lower transect density: 98 shoots/m^2,"parallel to shore, about 10m away from shore, 10m apart","original coordinate: 44° 37.058'N, 124° 1.751'W",OR_YB,"Yaquina Bay, Oregon","Yaquina Bay, Oregon"
OR_YB,YB_IF,pecoe-0049,2021-06-26,44.617633,-124.029183,8:00:00,ND,Field blank,exblank-2021-006,1000,2021,NA,NA,No HEPA Filter was provided in kit. Pumped air is unfiltered.; xn tech:  ; xn date: 3/28/22; xn notes: ; filtration comments:  ; tech:  ,Idaho Flats,"MKE, FTN, RSM",ND,flood,ND,ND,36,ND,by_foot,NA,present,Upper transect density: 40 shoot/m^2; Lower transect density: 98 shoots/m^2,"parallel to shore, about 10m away from shore, 10m apart","original coordinate: 44° 37.058'N, 124° 1.751'W",OR_YB,"Yaquina Bay, Oregon","Yaquina Bay, Oregon"
OR_YB,YB_IF,pecoe-0050,2021-06-26,44.617633,-124.029183,8:00:00,ND,Sample,exblank-2021-006,1000,2021,NA,NA,No HEPA Filter was provided in kit. Pumped air is unfiltered.; xn tech:  ; xn date: 3/28/22; xn notes: ; filtration comments:  ; tech:  ,Idaho Flats,"MKE, FTN, RSM",ND,flood,ND,ND,36,ND,by_foot,NA,present,Upper transect density: 40 shoot/m^2; Lower transect density: 98 shoots/m^2,"parallel to shore, about 10m away from shore, 10m apart","original coordinate: 44° 37.058'N, 124° 1.751'W",OR_YB,"Yaquina Bay, Oregon","Yaquina Bay, Oregon"
BC_HG,HG_MDD,pecoe-0051,2021-08-11,54.008889,-132.15,NA,12:46:00,Field blank,exblank-2021-005B,1000,2021,NA,NA, ; xn tech:  ; xn date: 3/25/22; xn notes: ; filtration comments:  ; tech:  ,Masset Downtown Dock,Lianna Gendall,0-0.5,low,light,none,NA,NA,by_foot,NA,present,"Seagrass bed was large, at a tide of 0.34 some areas of seagrass was exposed. The bed went out in either direction along the shore from the Masset downtown dock out of site and varied from 20 m width to 40 m width perpendicular to the shore. Fairly continuous dense cover (see photos & video) The seagrass ranged in length but was about 0.8-1.2 meter long but then with the current the canopy was only about .30 m off the bottom.",(Water was ~1. 1 m above the bottom. The tide was 2.1 m above chart datum. So the Approximately 50 meters southeast of the dock the samples started and moved northwest towards the dock at 10 m intervals at a bottom depth of approximately ~1.06 below chart datum.  (Water was ~1.4 m above the bottom. The tide was 0.34 m above chart datum. So the bottom was at ~1.06 below chart datum) bottom was at ~1 m above chart datum),NA,BC_HGa,"Haida Gwaii, British Columbia","Haida Gwaii, British Columbia"
BC_HG,HG_MDD,pecoe-0052,2021-08-11,54.008889,-132.15,11:38:00,3:24:00,Sample,exblank-2021-005B,1000,2021,NA,NA, ; xn tech:  ; xn date: 3/25/22; xn notes: ; filtration comments:  ; tech:  ,Masset Downtown Dock,Lianna Gendall,0-0.5,low,light,none,NA,NA,by_foot,NA,present,"Seagrass bed was large, at a tide of 0.34 some areas of seagrass was exposed. The bed went out in either direction along the shore from the Masset downtown dock out of site and varied from 20 m width to 40 m width perpendicular to the shore. Fairly continuous dense cover (see photos & video) The seagrass ranged in length but was about 0.8-1.2 meter long but then with the current the canopy was only about .30 m off the bottom.",(Water was ~1. 1 m above the bottom. The tide was 2.1 m above chart datum. So the Approximately 50 meters southeast of the dock the samples started and moved northwest towards the dock at 10 m intervals at a bottom depth of approximately ~1.06 below chart datum.  (Water was ~1.4 m above the bottom. The tide was 0.34 m above chart datum. So the bottom was at ~1.06 below chart datum) bottom was at ~1 m above chart datum),NA,BC_HGa,"Haida Gwaii, British Columbia","Haida Gwaii, British Columbia"
BC_HG,HG_MDD,pecoe-0053,2021-08-11,54.008889,-132.15,11:40:00,3:48:00,Sample,exblank-2021-005B,1000,2021,NA,NA, ; xn tech:  ; xn date: 3/25/22; xn notes: ; filtration comments:  ; tech:  ,Masset Downtown Dock,Lianna Gendall,0-0.5,low,light,none,NA,NA,by_foot,NA,present,"Seagrass bed was large, at a tide of 0.34 some areas of seagrass was exposed. The bed went out in either direction along the shore from the Masset downtown dock out of site and varied from 20 m width to 40 m width perpendicular to the shore. Fairly continuous dense cover (see photos & video) The seagrass ranged in length but was about 0.8-1.2 meter long but then with the current the canopy was only about .30 m off the bottom.",(Water was ~1. 1 m above the bottom. The tide was 2.1 m above chart datum. So the Approximately 50 meters southeast of the dock the samples started and moved northwest towards the dock at 10 m intervals at a bottom depth of approximately ~1.06 below chart datum.  (Water was ~1.4 m above the bottom. The tide was 0.34 m above chart datum. So the bottom was at ~1.06 below chart datum) bottom was at ~1 m above chart datum),NA,BC_HGa,"Haida Gwaii, British Columbia","Haida Gwaii, British Columbia"
BC_HG,HG_MDD,pecoe-0054,2021-08-11,54.008889,-132.15,11:36:00,2:53:00,Sample,exblank-2021-006,1000,2021,NA,NA, ; xn tech:  ; xn date: 3/28/22; xn notes: ; filtration comments:  ; tech:  ,Masset Downtown Dock,Lianna Gendall,0-0.5,low,light,none,NA,NA,by_foot,NA,present,"Seagrass bed was large, at a tide of 0.34 some areas of seagrass was exposed. The bed went out in either direction along the shore from the Masset downtown dock out of site and varied from 20 m width to 40 m width perpendicular to the shore. Fairly continuous dense cover (see photos & video) The seagrass ranged in length but was about 0.8-1.2 meter long but then with the current the canopy was only about .30 m off the bottom.",(Water was ~1. 1 m above the bottom. The tide was 2.1 m above chart datum. So the Approximately 50 meters southeast of the dock the samples started and moved northwest towards the dock at 10 m intervals at a bottom depth of approximately ~1.06 below chart datum.  (Water was ~1.4 m above the bottom. The tide was 0.34 m above chart datum. So the bottom was at ~1.06 below chart datum) bottom was at ~1 m above chart datum),NA,BC_HGa,"Haida Gwaii, British Columbia","Haida Gwaii, British Columbia"
BC_HG,HG_MDD,pecoe-0055,2021-08-11,54.008889,-132.15,11:44:00,4:20:00,Sample,exblank-2021-006,1000,2021,NA,NA, ; xn tech:  ; xn date: 3/28/22; xn notes: ; filtration comments:  ; tech:  ,Masset Downtown Dock,Lianna Gendall,0-0.5,low,light,none,NA,NA,by_foot,NA,present,"Seagrass bed was large, at a tide of 0.34 some areas of seagrass was exposed. The bed went out in either direction along the shore from the Masset downtown dock out of site and varied from 20 m width to 40 m width perpendicular to the shore. Fairly continuous dense cover (see photos & video) The seagrass ranged in length but was about 0.8-1.2 meter long but then with the current the canopy was only about .30 m off the bottom.",(Water was ~1. 1 m above the bottom. The tide was 2.1 m above chart datum. So the Approximately 50 meters southeast of the dock the samples started and moved northwest towards the dock at 10 m intervals at a bottom depth of approximately ~1.06 below chart datum.  (Water was ~1.4 m above the bottom. The tide was 0.34 m above chart datum. So the bottom was at ~1.06 below chart datum) bottom was at ~1 m above chart datum),NA,BC_HGa,"Haida Gwaii, British Columbia","Haida Gwaii, British Columbia"
BC_HG,HG_RI,pecoe-0056,2021-06-27,52.575011,-131.39638,NA,13:02,Sample,exblank-2021-011,1000,2021,NA,NA,"lots of algae in water clogging up filter and making filtering slow, 20-25 min per sample; xn tech:  ; xn date: 4/11/22; xn notes: ; filtration comments:  ; tech:  ",Ramsay Island,"Lynn Lee, Charonne Guthrie",0-0.5,low,none,none,NA,NA,by_boat,2-3,present,NA,image on datasheet,NA,BC_HGa,"Haida Gwaii, British Columbia","Haida Gwaii, British Columbia"
BC_HG,HG_RI,pecoe-0057,2021-06-27,52.575011,-131.39638,NA,13:32,Sample,exblank-2021-011,1000,2021,NA,NA, ; xn tech:  ; xn date: 4/11/22; xn notes: ; filtration comments:  ; tech:  ,Ramsay Island,"Lynn Lee, Charonne Guthrie",0-0.5,low,none,none,NA,NA,by_boat,2-3,present,NA,image on datasheet,NA,BC_HGa,"Haida Gwaii, British Columbia","Haida Gwaii, British Columbia"
BC_HG,HG_RI,pecoe-0058,2021-06-27,52.575011,-131.39638,NA,14:00,Sample,exblank-2021-011,1000,2021,NA,NA, ; xn tech:  ; xn date: 4/11/22; xn notes: ; filtration comments:  ; tech:  ,Ramsay Island,"Lynn Lee, Charonne Guthrie",0-0.5,low,none,none,NA,NA,by_boat,2-3,present,NA,image on datasheet,NA,BC_HGa,"Haida Gwaii, British Columbia","Haida Gwaii, British Columbia"
BC_HG,HG_RI,pecoe-0059,2021-06-27,52.575011,-131.39638,NA,12:38,Field blank,exblank-2021-011,1000,2021,NA,NA,day before. control sample filter came off and landed in plastic beaker; xn tech:  ; xn date: 4/11/22; xn notes: ; filtration comments:  ; tech:  ,Ramsay Island,"Lynn Lee, Charonne Guthrie",0-0.5,low,none,none,NA,NA,by_boat,2-3,present,NA,image on datasheet,NA,BC_HGa,"Haida Gwaii, British Columbia","Haida Gwaii, British Columbia"
BC_HG,HG_RI,pecoe-0060,2021-06-27,52.575011,-131.39638,NA,14:26,Sample,exblank-2021-011,1000,2021,NA,NA, ; xn tech:  ; xn date: 4/11/22; xn notes: ; filtration comments:  ; tech:  ,Ramsay Island,"Lynn Lee, Charonne Guthrie",0-0.5,low,none,none,NA,NA,by_boat,2-3,present,NA,image on datasheet,NA,BC_HGa,"Haida Gwaii, British Columbia","Haida Gwaii, British Columbia"
BC_HG,HG_LIE,pecoe-0061,2021-06-25,52.22138,-131.26855,NA,13:56:00,Field blank,exblank-2021-011,1000,2021,NA,NA,"""Done incorrectly. filtered first 1000 mL of control (did not dump out 100 mL before); xn tech:  ; xn date: 4/11/22; xn notes: ; filtration comments:  ; tech:  ",Louscoone Inlet,"Lynn Lee, Charonne Guthrie",0-0.5,flood,medium,none,31.6,15.9,by_boat,2.44,present,continuous eelgrass under sample,"north to south, samples were in order of 3, 2, 1, 4.",NA,BC_HGa,"Haida Gwaii, British Columbia","Haida Gwaii, British Columbia"
BC_HG,HG_LIE,pecoe-0062,2021-06-25,52.22138,-131.26855,11:19:00,14:32:00,Sample,exblank-2021-011,1000,2021,NA,NA,"filter popped off and fell into beaker. waypoint 52.22124, -13126833; xn tech:  ; xn date: 4/11/22; xn notes: ; filtration comments:  ; tech:  ",Louscoone Inlet,"Lynn Lee, Charonne Guthrie",0-0.5,flood,medium,none,31.6,15.9,by_boat,2.44,present,continuous eelgrass under sample,"north to south, samples were in order of 3, 2, 1, 4.",NA,BC_HGa,"Haida Gwaii, British Columbia","Haida Gwaii, British Columbia"
BC_HG,HG_LIE,pecoe-0063,2021-06-25,52.22138,-131.26855,11:22:00,14:57:00,Sample,exblank-2021-011,1000,2021,NA,NA,"waypoint: 52.22138, -131.26855; xn tech:  ; xn date: 4/11/22; xn notes: ; filtration comments:  ; tech:  ",Louscoone Inlet,"Lynn Lee, Charonne Guthrie",0-0.5,flood,medium,none,31.6,15.9,by_boat,2.44,present,continuous eelgrass under sample,"north to south, samples were in order of 3, 2, 1, 4.",NA,BC_HGa,"Haida Gwaii, British Columbia","Haida Gwaii, British Columbia"
BC_HG,HG_LIE,pecoe-0064,2021-06-25,52.22138,-131.26855,11:27:00,15:19:00,Sample,exblank-2021-011,1000,2021,NA,NA,"waypoint: 52.22147, -131.26881; xn tech:  ; xn date: 4/11/22; xn notes: ; filtration comments:  ; tech:  ",Louscoone Inlet,"Lynn Lee, Charonne Guthrie",0-0.5,flood,medium,none,31.6,15.9,by_boat,2.44,present,continuous eelgrass under sample,"north to south, samples were in order of 3, 2, 1, 4.",NA,BC_HGa,"Haida Gwaii, British Columbia","Haida Gwaii, British Columbia"
BC_HG,HG_LIE,pecoe-0065,2021-06-25,52.22138,-131.26855,11:31:00,15:46:00,Sample,exblank-2021-011,1000,2021,NA,NA,"waypoint: 52.22094, -131.26802; xn tech:  ; xn date: 4/11/22; xn notes: ; filtration comments:  ; tech:  ",Louscoone Inlet,"Lynn Lee, Charonne Guthrie",0-0.5,flood,medium,none,31.6,15.9,by_boat,2.44,present,continuous eelgrass under sample,"north to south, samples were in order of 3, 2, 1, 4.",NA,BC_HGa,"Haida Gwaii, British Columbia","Haida Gwaii, British Columbia"
BC_HG,HG_SB,pecoe-0066,2021-06-28,52.63103,-131.60861,9:16,10:25,Sample,exblank-2021-011,1000,2021,NA,NA,~15 min per sample to filter; xn tech:  ; xn date: 4/11/22; xn notes: ; filtration comments:  ; tech:  ,Sedgwick Bay,"Lynn Lee, Charonne Guthrie",0-0.5,ebb,none,none,31.7,16.9,by_boat,2-3,present,giant kelp and rocky outcrops present,"image on datasheet, clear water at site not a lot of phytoplankton","multiple temps, salinities, and coordinates. took first value of each.",BC_HGa,"Haida Gwaii, British Columbia","Haida Gwaii, British Columbia"
BC_HG,HG_SB,pecoe-0067,2021-06-28,52.63103,-131.60861,NA,10:06,Field blank,exblank-2021-011,1000,2021,NA,NA, ; xn tech:  ; xn date: 4/11/22; xn notes: ; filtration comments:  ; tech:  ,Sedgwick Bay,"Lynn Lee, Charonne Guthrie",0-0.5,ebb,none,none,31.7,16.9,by_boat,2-3,present,giant kelp and rocky outcrops present,"image on datasheet, clear water at site not a lot of phytoplankton","multiple temps, salinities, and coordinates. took first value of each.",BC_HGa,"Haida Gwaii, British Columbia","Haida Gwaii, British Columbia"
BC_HG,HG_SB,pecoe-0068,2021-06-28,52.63103,-131.60861,9:19,10:47-11:01,Sample,exblank-2021-011,1000,2021,NA,NA,~15 min per sample to filter; xn tech:  ; xn date: 4/11/22; xn notes: ; filtration comments:  ; tech:  ,Sedgwick Bay,"Lynn Lee, Charonne Guthrie",0-0.5,ebb,none,none,31.7,16.9,by_boat,2-3,present,giant kelp and rocky outcrops present,"image on datasheet, clear water at site not a lot of phytoplankton","multiple temps, salinities, and coordinates. took first value of each.",BC_HGa,"Haida Gwaii, British Columbia","Haida Gwaii, British Columbia"
BC_HG,HG_SB,pecoe-0069,2021-06-28,52.63103,-131.60861,9:22,11:09-11:25,Sample,exblank-2021-011,1000,2021,NA,NA,~15 min per sample to filter; xn tech:  ; xn date: 4/11/22; xn notes: ; filtration comments:  ; tech:  ,Sedgwick Bay,"Lynn Lee, Charonne Guthrie",0-0.5,ebb,none,none,31.7,16.9,by_boat,2-3,present,giant kelp and rocky outcrops present,"image on datasheet, clear water at site not a lot of phytoplankton","multiple temps, salinities, and coordinates. took first value of each.",BC_HGa,"Haida Gwaii, British Columbia","Haida Gwaii, British Columbia"
BC_HG,HG_SB,pecoe-0070,2021-06-28,52.63103,-131.60861,9:25,11:35,Sample,exblank-2021-011,1000,2021,NA,NA,~15 min per sample to filter; xn tech:  ; xn date: 4/11/22; xn notes: ; filtration comments:  ; tech:  ,Sedgwick Bay,"Lynn Lee, Charonne Guthrie",0-0.5,ebb,none,none,31.7,16.9,by_boat,2-3,present,giant kelp and rocky outcrops present,"image on datasheet, clear water at site not a lot of phytoplankton","multiple temps, salinities, and coordinates. took first value of each.",BC_HGa,"Haida Gwaii, British Columbia","Haida Gwaii, British Columbia"
BC_HG,HG_DSD,pecoe-0071,2021-08-20,54.009167,-132.14,NA,11:44:00,Field blank,exblank-2021-005B,1000,2021,NA,NA, ; xn tech:  ; xn date: 3/25/22; xn notes: ; filtration comments:  ; tech:  ,Delkatla Slough,Lianna Gendall,0-0.5,flood,light,none,NA,NA,by_foot,NA,present,"Seagrass was not very dense, quite patchy, narrow band maybe 10 m wide (see photos). Became patchier further away from dock. Covered in possibly brown epiphytes or diatoms. Canopy was only about 10 cm off the bottom but the seagrass ranged in length from a few cm to about 60 cm long.",Transect started directly northeast of public dock and went to approximately 40 meters northeast of the dock moving along the bottom at about 1.0 m above chart datum. (Water was ~1. 1 m above the bottom. The tide was 2.1 m above chart datum. So the bottom was at ~1 m above chart datum),NA,BC_HGa,"Haida Gwaii, British Columbia","Haida Gwaii, British Columbia"
BC_HG,HG_DSD,pecoe-0072,2021-08-20,54.009167,-132.14,10:54:00,12:05:00,Sample,exblank-2021-005B,1000,2021,NA,NA, ; xn tech:  ; xn date: 3/25/22; xn notes: ; filtration comments:  ; tech:  ,Delkatla Slough,Lianna Gendall,0-0.5,flood,light,none,NA,NA,by_foot,NA,present,"Seagrass was not very dense, quite patchy, narrow band maybe 10 m wide (see photos). Became patchier further away from dock. Covered in possibly brown epiphytes or diatoms. Canopy was only about 10 cm off the bottom but the seagrass ranged in length from a few cm to about 60 cm long.",Transect started directly northeast of public dock and went to approximately 40 meters northeast of the dock moving along the bottom at about 1.0 m above chart datum. (Water was ~1. 1 m above the bottom. The tide was 2.1 m above chart datum. So the bottom was at ~1 m above chart datum),NA,BC_HGa,"Haida Gwaii, British Columbia","Haida Gwaii, British Columbia"
BC_HG,HG_DSD,pecoe-0073,2021-08-20,54.009167,-132.14,10:57:00,12:32:00,Sample,exblank-2021-005B,700,2021,NA,NA,700; xn tech:  ; xn date: 3/25/22; xn notes: ; filtration comments:  ; tech:  ,Delkatla Slough,Lianna Gendall,0-0.5,flood,light,none,NA,NA,by_foot,NA,present,"Seagrass was not very dense, quite patchy, narrow band maybe 10 m wide (see photos). Became patchier further away from dock. Covered in possibly brown epiphytes or diatoms. Canopy was only about 10 cm off the bottom but the seagrass ranged in length from a few cm to about 60 cm long.",Transect started directly northeast of public dock and went to approximately 40 meters northeast of the dock moving along the bottom at about 1.0 m above chart datum. (Water was ~1. 1 m above the bottom. The tide was 2.1 m above chart datum. So the bottom was at ~1 m above chart datum),NA,BC_HGa,"Haida Gwaii, British Columbia","Haida Gwaii, British Columbia"
BC_HG,HG_DSD,pecoe-0074,2021-08-20,54.009167,-132.14,10:59:00,1:02:00,Sample,exblank-2021-005B,1000,2021,NA,NA, ; xn tech:  ; xn date: 3/25/22; xn notes: ; filtration comments:  ; tech:  ,Delkatla Slough,Lianna Gendall,0-0.5,flood,light,none,NA,NA,by_foot,NA,present,"Seagrass was not very dense, quite patchy, narrow band maybe 10 m wide (see photos). Became patchier further away from dock. Covered in possibly brown epiphytes or diatoms. Canopy was only about 10 cm off the bottom but the seagrass ranged in length from a few cm to about 60 cm long.",Transect started directly northeast of public dock and went to approximately 40 meters northeast of the dock moving along the bottom at about 1.0 m above chart datum. (Water was ~1. 1 m above the bottom. The tide was 2.1 m above chart datum. So the bottom was at ~1 m above chart datum),NA,BC_HGa,"Haida Gwaii, British Columbia","Haida Gwaii, British Columbia"
BC_HG,HG_DSD,pecoe-0075,2021-08-20,54.009167,-132.14,11:01:00,1:18:00,Sample,exblank-2021-005B,1000,2021,NA,NA, ; xn tech:  ; xn date: 3/25/22; xn notes: ; filtration comments:  ; tech:  ,Delkatla Slough,Lianna Gendall,0-0.5,flood,light,none,NA,NA,by_foot,NA,present,"Seagrass was not very dense, quite patchy, narrow band maybe 10 m wide (see photos). Became patchier further away from dock. Covered in possibly brown epiphytes or diatoms. Canopy was only about 10 cm off the bottom but the seagrass ranged in length from a few cm to about 60 cm long.",Transect started directly northeast of public dock and went to approximately 40 meters northeast of the dock moving along the bottom at about 1.0 m above chart datum. (Water was ~1. 1 m above the bottom. The tide was 2.1 m above chart datum. So the bottom was at ~1 m above chart datum),NA,BC_HGa,"Haida Gwaii, British Columbia","Haida Gwaii, British Columbia"
BC_PP,PP_K,pecoe-0076,2021-06-28,49.104117,-125.748433,14:30:00,17:01 - 17:15,Sample,exblank-2021-004,1000,2021,NA,NA,1000ml filtered; xn tech:  ; xn date: 3/18/22; xn notes: ; filtration comments:  ; tech:  ,Kootowis,"Yakimishyn, Jennifer Bohlen, Krista",0-0.5,slack,light,none,24.5,21.0,by_boat,1.8-2.9,present,NA,"end of transect 49 06.247, 125 44.921, samples taken 10m apart, over area beach seined","49 06.247,125 44.906",BC_PP,"Pacific Rim Park, British Columbia","Pacific Rim Park, British Columbia"
BC_PP,PP_K,pecoe-0077,2021-06-28,49.104117,-125.748433,NA,16:00 - 16:13,Field blank,exblank-2021-004,1000,2021,NA,NA,1000ml filtered; xn tech:  ; xn date: 3/18/22; xn notes: ; filtration comments:  ; tech:  ,Kootowis,"Yakimishyn, Jennifer Bohlen, Krista",0-0.5,slack,light,none,24.5,21.0,by_boat,1.8-2.9,present,NA,"end of transect 49 06.247, 125 44.921, samples taken 10m apart, over area beach seined","49 06.247,125 44.906",BC_PP,"Pacific Rim Park, British Columbia","Pacific Rim Park, British Columbia"
BC_PP,PP_K,pecoe-0078,2021-06-28,49.104117,-125.748433,14:30:00,16:45 - 16:58,Sample,exblank-2021-004,1000,2021,NA,NA,1000ml filtered; xn tech:  ; xn date: 3/18/22; xn notes: ; filtration comments:  ; tech:  ,Kootowis,"Yakimishyn, Jennifer Bohlen, Krista",0-0.5,slack,light,none,24.5,21.0,by_boat,1.8-2.9,present,NA,"end of transect 49 06.247, 125 44.921, samples taken 10m apart, over area beach seined","49 06.247,125 44.906",BC_PP,"Pacific Rim Park, British Columbia","Pacific Rim Park, British Columbia"
BC_PP,PP_K,pecoe-0079,2021-06-28,49.104117,-125.748433,14:30:00,16:15 - 16:25,Sample,exblank-2021-004,1000,2021,NA,NA,1000ml filtered; xn tech:  ; xn date: 3/18/22; xn notes: ; filtration comments:  ; tech:  ,Kootowis,"Yakimishyn, Jennifer Bohlen, Krista",0-0.5,slack,light,none,24.5,21.0,by_boat,1.8-2.9,present,NA,"end of transect 49 06.247, 125 44.921, samples taken 10m apart, over area beach seined","49 06.247,125 44.906",BC_PP,"Pacific Rim Park, British Columbia","Pacific Rim Park, British Columbia"
BC_PP,PP_K,pecoe-0080,2021-06-28,49.104117,-125.748433,14:30:00,16:30 - 16:41,Sample,exblank-2021-004,1000,2021,NA,NA,1000ml filtered; xn tech:  ; xn date: 3/18/22; xn notes: ; filtration comments:  ; tech:  ,Kootowis,"Yakimishyn, Jennifer Bohlen, Krista",0-0.5,slack,light,none,24.5,21.0,by_boat,1.8-2.9,present,NA,"end of transect 49 06.247, 125 44.921, samples taken 10m apart, over area beach seined","49 06.247,125 44.906",BC_PP,"Pacific Rim Park, British Columbia","Pacific Rim Park, British Columbia"
BC_PP,PP_O,pecoe-0081,2021-06-24,49.171917,-125.915683,11:15:00,13:02 - 13:18,Sample,exblank-2021-004,1000,2021,NA,NA,1000ml filtered; xn tech:  ; xn date: 3/18/22; xn notes: ; filtration comments:  ; tech:  ,Opitsat,"Yakimishyn, Jennifer Bohlen, Krista",0-0.5,flood,none,none,30.1,13.1,by_boat,1.0-1.5,present,NA,"end of transect 49 10.329, 125 54.988","49 10.315,125 54.941",BC_PP,"Pacific Rim Park, British Columbia","Pacific Rim Park, British Columbia"
BC_PP,PP_O,pecoe-0082,2021-06-24,49.171917,-125.915683,11:15:00,13:23 - 13:37,Sample,exblank-2021-004,1000,2021,NA,NA,1000ml filtered; xn tech:  ; xn date: 3/18/22; xn notes: ; filtration comments:  ; tech:  ,Opitsat,"Yakimishyn, Jennifer Bohlen, Krista",0-0.5,flood,none,none,30.1,13.1,by_boat,1.0-1.5,present,NA,"end of transect 49 10.329, 125 54.988","49 10.315,125 54.941",BC_PP,"Pacific Rim Park, British Columbia","Pacific Rim Park, British Columbia"
BC_PP,PP_O,pecoe-0083,2021-06-24,49.171917,-125.915683,11:15:00,13:56 - 14:10,Sample,exblank-2021-004,1000,2021,NA,NA,1000ml filtered; xn tech:  ; xn date: 3/18/22; xn notes: ; filtration comments:  ; tech:  ,Opitsat,"Yakimishyn, Jennifer Bohlen, Krista",0-0.5,flood,none,none,30.1,13.1,by_boat,1.0-1.5,present,NA,"end of transect 49 10.329, 125 54.988","49 10.315,125 54.941",BC_PP,"Pacific Rim Park, British Columbia","Pacific Rim Park, British Columbia"
BC_PP,PP_O,pecoe-0084,2021-06-24,49.171917,-125.915683,11:15:00,13:40 - 13:53,Sample,exblank-2021-004,1000,2021,NA,NA,1000ml filtered; xn tech:  ; xn date: 3/18/22; xn notes: ; filtration comments:  ; tech:  ,Opitsat,"Yakimishyn, Jennifer Bohlen, Krista",0-0.5,flood,none,none,30.1,13.1,by_boat,1.0-1.5,present,NA,"end of transect 49 10.329, 125 54.988","49 10.315,125 54.941",BC_PP,"Pacific Rim Park, British Columbia","Pacific Rim Park, British Columbia"
BC_PP,PP_O,pecoe-0085,2021-06-24,49.171917,-125.915683,NA,12:48 - 12:58,Field blank,exblank-2021-004,1000,2021,NA,NA,1000ml filtered; xn tech:  ; xn date: 3/18/22; xn notes: ; filtration comments:  ; tech:  ,Opitsat,"Yakimishyn, Jennifer Bohlen, Krista",0-0.5,flood,none,none,30.1,13.1,by_boat,1.0-1.5,present,NA,"end of transect 49 10.329, 125 54.988","49 10.315,125 54.941",BC_PP,"Pacific Rim Park, British Columbia","Pacific Rim Park, British Columbia"
BC_PP,PP_M,pecoe-0086,2021-06-29,49.1844,-125.884767,NA,15:32 - 15:43,Field blank,exblank-2021-004,1000,2021,NA,NA,1000ml filtered; xn tech:  ; xn date: 3/18/22; xn notes: ; filtration comments:  ; tech:  ,Monas,"Yakimishyn, Jennifer Bohlen, Krista",0-0.5,flood,medium,none,29,15.1,by_boat,0.8-2.0,present,NA,"end of transect 49 11.091, 125 53.027","49 11.064,125 53.086",BC_PP,"Pacific Rim Park, British Columbia","Pacific Rim Park, British Columbia"
BC_PP,PP_M,pecoe-0087,2021-06-29,49.1844,-125.884767,13:45:00,16:39 - 16:51,Sample,exblank-2021-004,1000,2021,NA,NA,1000ml filtered; xn tech:  ; xn date: 3/18/22; xn notes: ; filtration comments:  ; tech:  ,Monas,"Yakimishyn, Jennifer Bohlen, Krista",0-0.5,flood,medium,none,29,15.1,by_boat,0.8-2.0,present,NA,"end of transect 49 11.091, 125 53.027","49 11.064,125 53.086",BC_PP,"Pacific Rim Park, British Columbia","Pacific Rim Park, British Columbia"
BC_PP,PP_M,pecoe-0088,2021-06-29,49.1844,-125.884767,13:45:00,15:46 - 16:03,Sample,exblank-2021-004,1000,2021,NA,NA,1000ml filtered; xn tech:  ; xn date: 3/18/22; xn notes: ; filtration comments:  ; tech:  ,Monas,"Yakimishyn, Jennifer Bohlen, Krista",0-0.5,flood,medium,none,29,15.1,by_boat,0.8-2.0,present,NA,"end of transect 49 11.091, 125 53.027","49 11.064,125 53.086",BC_PP,"Pacific Rim Park, British Columbia","Pacific Rim Park, British Columbia"
BC_PP,PP_M,pecoe-0089,2021-06-29,49.1844,-125.884767,13:45:00,16:22 - 16:36,Sample,exblank-2021-004,1000,2021,NA,NA,1000ml filtered; xn tech:  ; xn date: 3/18/22; xn notes: ; filtration comments:  ; tech:  ,Monas,"Yakimishyn, Jennifer Bohlen, Krista",0-0.5,flood,medium,none,29,15.1,by_boat,0.8-2.0,present,NA,"end of transect 49 11.091, 125 53.027","49 11.064,125 53.086",BC_PP,"Pacific Rim Park, British Columbia","Pacific Rim Park, British Columbia"
BC_PP,PP_M,pecoe-0090,2021-06-29,49.1844,-125.884767,13:45:00,16:05 - 16:18,Sample,exblank-2021-004,1000,2021,NA,NA,1000ml filtered; xn tech:  ; xn date: 3/18/22; xn notes: ; filtration comments:  ; tech:  ,Monas,"Yakimishyn, Jennifer Bohlen, Krista",0-0.5,flood,medium,none,29,15.1,by_boat,0.8-2.0,present,NA,"end of transect 49 11.091, 125 53.027","49 11.064,125 53.086",BC_PP,"Pacific Rim Park, British Columbia","Pacific Rim Park, British Columbia"
BC_PP,PP_S,pecoe-0091,2021-06-25,49.19295,-125.862383,NA,13:57 - 14:07,Field blank,exblank-2021-004,1000,2021,NA,NA,1000ml filtered; xn tech:  ; xn date: 3/18/22; xn notes: ; filtration comments:  ; tech:  ,Sharp,"Yakimishyn, Jennifer Bohlen, Krista",0-0.5,flood,light,none,28.4,15.7,by_boat,1.1-1.3,present,NA,"end of transect 49 11.551, 125 51.727","49 11.577,125 51.743",BC_PP,"Pacific Rim Park, British Columbia","Pacific Rim Park, British Columbia"
BC_PP,PP_S,pecoe-0092,2021-06-25,49.19295,-125.862383,12:03:00,15:07 - 15:25,Sample,exblank-2021-004,1000,2021,NA,NA,1000ml filtered; xn tech:  ; xn date: 3/18/22; xn notes: ; filtration comments:  ; tech:  ,Sharp,"Yakimishyn, Jennifer Bohlen, Krista",0-0.5,flood,light,none,28.4,15.7,by_boat,1.1-1.3,present,NA,"end of transect 49 11.551, 125 51.727","49 11.577,125 51.743",BC_PP,"Pacific Rim Park, British Columbia","Pacific Rim Park, British Columbia"
BC_PP,PP_S,pecoe-0093,2021-06-25,49.19295,-125.862383,12:03:00,14:09 - 14:27,Sample,exblank-2021-004,1000,2021,NA,NA,1000ml filtered; xn tech:  ; xn date: 3/18/22; xn notes: ; filtration comments:  ; tech:  ,Sharp,"Yakimishyn, Jennifer Bohlen, Krista",0-0.5,flood,light,none,28.4,15.7,by_boat,1.1-1.3,present,NA,"end of transect 49 11.551, 125 51.727","49 11.577,125 51.743",BC_PP,"Pacific Rim Park, British Columbia","Pacific Rim Park, British Columbia"
BC_PP,PP_S,pecoe-0094,2021-06-25,49.19295,-125.862383,12:03:00,14:49 - 15:05,Sample,exblank-2021-004,1000,2021,NA,NA,1000ml filtered; xn tech:  ; xn date: 3/18/22; xn notes: ; filtration comments:  ; tech:  ,Sharp,"Yakimishyn, Jennifer Bohlen, Krista",0-0.5,flood,light,none,28.4,15.7,by_boat,1.1-1.3,present,NA,"end of transect 49 11.551, 125 51.727","49 11.577,125 51.743",BC_PP,"Pacific Rim Park, British Columbia","Pacific Rim Park, British Columbia"
BC_PP,PP_S,pecoe-0095,2021-06-25,49.19295,-125.862383,12:03:00,14:29 - 14:47,Sample,exblank-2021-004,1000,2021,NA,NA,1000ml filtered; xn tech:  ; xn date: 3/18/22; xn notes: ; filtration comments:  ; tech:  ,Sharp,"Yakimishyn, Jennifer Bohlen, Krista",0-0.5,flood,light,none,28.4,15.7,by_boat,1.1-1.3,present,NA,"end of transect 49 11.551, 125 51.727","49 11.577,125 51.743",BC_PP,"Pacific Rim Park, British Columbia","Pacific Rim Park, British Columbia"
BC_PP,PP_MI,pecoe-0096,2021-06-23,49.1213,-125.825617,1330,15:49-16:05,Sample,exblank-2021-010,1000,2021,NA,NA,1000ml filtered; xn tech:  ; xn date: 4/5/22; xn notes: ; filtration comments:  ; tech:  ,McBey Islets,"Yakimishyn, Jennifer Bohlen, Krista",0-0.5,ebb,light,none,NA,NA,by_boat,2.1-2.6,present,NA,"end of transect 49 07.245"", 125 49.448"", 10m apart approximately",observed school of shiner perch,BC_PP,"Pacific Rim Park, British Columbia","Pacific Rim Park, British Columbia"
BC_PP,PP_MI,pecoe-0097,2021-06-23,49.1213,-125.825617,1330,15:26-15:42,Sample,exblank-2021-010,1000,2021,NA,NA,1000ml filtered; xn tech:  ; xn date: 4/5/22; xn notes: ; filtration comments:  ; tech:  ,McBey Islets,"Yakimishyn, Jennifer Bohlen, Krista",0-0.5,ebb,light,none,NA,NA,by_boat,2.1-2.6,present,NA,"end of transect 49 07.245"", 125 49.448"", 10m apart approximately",observed school of shiner perch,BC_PP,"Pacific Rim Park, British Columbia","Pacific Rim Park, British Columbia"
BC_PP,PP_MI,pecoe-0098,2021-06-23,49.1213,-125.825617,1330,15:07-15:21,Sample,exblank-2021-010,1000,2021,NA,NA,1000ml filtered; xn tech:  ; xn date: 4/5/22; xn notes: ; filtration comments:  ; tech:  ,McBey Islets,"Yakimishyn, Jennifer Bohlen, Krista",0-0.5,ebb,light,none,NA,NA,by_boat,2.1-2.6,present,NA,"end of transect 49 07.245"", 125 49.448"", 10m apart approximately",observed school of shiner perch,BC_PP,"Pacific Rim Park, British Columbia","Pacific Rim Park, British Columbia"
BC_PP,PP_MI,pecoe-0099,2021-06-23,49.1213,-125.825617,1330,16:08,Sample,exblank-2021-010,1000,2021,NA,NA,1000ml filtered; xn tech:  ; xn date: 4/5/22; xn notes: ; filtration comments:  ; tech:  ,McBey Islets,"Yakimishyn, Jennifer Bohlen, Krista",0-0.5,ebb,light,none,NA,NA,by_boat,2.1-2.6,present,NA,"end of transect 49 07.245"", 125 49.448"", 10m apart approximately",observed school of shiner perch,BC_PP,"Pacific Rim Park, British Columbia","Pacific Rim Park, British Columbia"
BC_PP,PP_MI,pecoe-0100,2021-06-23,49.1213,-125.825617,NA,14:50-15:02,Field blank,exblank-2021-010,1000,2021,NA,NA,1000ml filtered; xn tech:  ; xn date: 4/5/22; xn notes: ; filtration comments:  ; tech:  ,McBey Islets,"Yakimishyn, Jennifer Bohlen, Krista",0-0.5,ebb,light,none,NA,NA,by_boat,2.1-2.6,present,NA,"end of transect 49 07.245"", 125 49.448"", 10m apart approximately",observed school of shiner perch,BC_PP,"Pacific Rim Park, British Columbia","Pacific Rim Park, British Columbia"
BC_PP,PP_EB,pecoe-0101,2021-06-26,49.195217,-125.9433,13:20:00,15:35 - 15:49,Sample,exblank-2021-007,1000,2021,NA,NA,1000ml filtered; xn tech:  ; xn date: 3/29/22; xn notes: ; filtration comments:  ; tech:  ,Elbow Bank,"Yakimishyn, Jennifer Bohlen, Krista",0-0.5,flood,light,none,30.1,13.4,by_boat,1.5-1.7,present,NA,end of transect 49 11.707 125 56.548,"49 11.713,125 56.598",BC_PP,"Pacific Rim Park, British Columbia","Pacific Rim Park, British Columbia"
BC_PP,PP_EB,pecoe-0102,2021-06-26,49.195217,-125.9433,13:20:00,14:47 - 15:01,Sample,exblank-2021-007,1000,2021,NA,NA,1000ml filtered; xn tech:  ; xn date: 3/29/22; xn notes: ; filtration comments:  ; tech:  ,Elbow Bank,"Yakimishyn, Jennifer Bohlen, Krista",0-0.5,flood,light,none,30.1,13.4,by_boat,1.5-1.7,present,NA,end of transect 49 11.707 125 56.548,"49 11.713,125 56.598",BC_PP,"Pacific Rim Park, British Columbia","Pacific Rim Park, British Columbia"
BC_PP,PP_EB,pecoe-0103,2021-06-26,49.195217,-125.9433,NA,14:34 - 14:44,Field blank,exblank-2021-004,1000,2021,NA,NA,1000ml filtered; xn tech:  ; xn date: 3/18/22; xn notes: ; filtration comments:  ; tech:  ,Elbow Bank,"Yakimishyn, Jennifer Bohlen, Krista",0-0.5,flood,light,none,30.1,13.4,by_boat,1.5-1.7,present,NA,end of transect 49 11.707 125 56.548,"49 11.713,125 56.598",BC_PP,"Pacific Rim Park, British Columbia","Pacific Rim Park, British Columbia"
BC_PP,PP_EB,pecoe-0104,2021-06-26,49.195217,-125.9433,13:20:00,15:19 - 15:31,Sample,exblank-2021-004,1000,2021,NA,NA,1000ml filtered; xn tech:  ; xn date: 3/18/22; xn notes: ; filtration comments:  ; tech:  ,Elbow Bank,"Yakimishyn, Jennifer Bohlen, Krista",0-0.5,flood,light,none,30.1,13.4,by_boat,1.5-1.7,present,NA,end of transect 49 11.707 125 56.548,"49 11.713,125 56.598",BC_PP,"Pacific Rim Park, British Columbia","Pacific Rim Park, British Columbia"
BC_PP,PP_EB,pecoe-0105,2021-06-26,49.195217,-125.9433,13:20:00,15:04 - 15:17,Sample,exblank-2021-004,1000,2021,NA,NA,1000ml filtered; xn tech:  ; xn date: 3/18/22; xn notes: ; filtration comments:  ; tech:  ,Elbow Bank,"Yakimishyn, Jennifer Bohlen, Krista",0-0.5,flood,light,none,30.1,13.4,by_boat,1.5-1.7,present,NA,end of transect 49 11.707 125 56.548,"49 11.713,125 56.598",BC_PP,"Pacific Rim Park, British Columbia","Pacific Rim Park, British Columbia"
WA_WB,WB_DP,pecoe-0106,2021-07-27,46.98382,-124.12465,NA,15:18:00,Field blank,exblank-2021-003,500,2021,NA,NA,500 ml; xn tech:  ; xn date: 3/8/22; xn notes: ; filtration comments:  ; tech:  ,Damon Point,"Jennifer Ruesink, Wesley Hull",0-0.5,flood,light,none,28,12.5,by_foot,0.5,present,"thick shoots, narrow fringe","west to east 10 m apart, along slough about 1 km from land",NA,WA_WB,"Willapa Bay, Washington","Willapa Bay, Washington"
WA_WB,WB_DP,pecoe-0107,2021-07-27,46.98382,-124.12465,10:46:00,15:39:00,Sample,exblank-2021-003,550,2021,NA,NA,550 ml; xn tech:  ; xn date: 3/8/22; xn notes: ; filtration comments:  ; tech:  ,Damon Point,"Jennifer Ruesink, Wesley Hull",0-0.5,flood,light,none,28,12.5,by_foot,0.5,present,"thick shoots, narrow fringe","west to east 10 m apart, along slough about 1 km from land",NA,WA_WB,"Willapa Bay, Washington","Willapa Bay, Washington"
WA_WB,WB_DP,pecoe-0108,2021-07-27,46.98382,-124.12465,10:50:00,15:55:00,Sample,exblank-2021-003,550,2021,NA,NA,550 ml; xn tech:  ; xn date: 3/8/22; xn notes: ; filtration comments:  ; tech:  ,Damon Point,"Jennifer Ruesink, Wesley Hull",0-0.5,flood,light,none,28,12.5,by_foot,0.5,present,"thick shoots, narrow fringe","west to east 10 m apart, along slough about 1 km from land",NA,WA_WB,"Willapa Bay, Washington","Willapa Bay, Washington"
WA_WB,WB_DP,pecoe-0109,2021-07-27,46.98382,-124.12465,10:52:00,16:16:00,Sample,exblank-2021-003,500,2021,NA,NA,500 ml; xn tech:  ; xn date: 3/8/22; xn notes: ; filtration comments:  ; tech:  ,Damon Point,"Jennifer Ruesink, Wesley Hull",0-0.5,flood,light,none,28,12.5,by_foot,0.5,present,"thick shoots, narrow fringe","west to east 10 m apart, along slough about 1 km from land",NA,WA_WB,"Willapa Bay, Washington","Willapa Bay, Washington"
WA_WB,WB_DP,pecoe-0110,2021-07-27,46.98382,-124.12465,10:54:00,16:31:00,Sample,exblank-2021-003,750,2021,NA,NA,750 ml; xn tech:  ; xn date: 3/8/22; xn notes: ; filtration comments:  ; tech:  ,Damon Point,"Jennifer Ruesink, Wesley Hull",0-0.5,flood,light,none,28,12.5,by_foot,0.5,present,"thick shoots, narrow fringe","west to east 10 m apart, along slough about 1 km from land",NA,WA_WB,"Willapa Bay, Washington","Willapa Bay, Washington"
WA_WB,WB_BC,pecoe-0111,2021-07-09,46.64021,-123.94357,NA,13:00:00,Field blank,exblank-2021-003,500,2021,NA,NA,500 ml; xn tech:  ; xn date: 3/8/22; xn notes: ; filtration comments:  ; tech:  ,Bay Center,"Jennifer Ruesink, Fiona Boardman",0-0.5,flood,light,none,25,18.0,by_boat,1.0,present,thick,"parallel to shore, about 300 m away from shore on shallow tidal flat, 10m apart",NA,WA_WB,"Willapa Bay, Washington","Willapa Bay, Washington"
WA_WB,WB_CO,pecoe-0112,2021-07-13,46.6722,-123.94543,10:24:00,13:12:00,Sample,exblank-2021-003,500,2021,NA,NA,500 ml; xn tech:  ; xn date: 3/8/22; xn notes: ; filtration comments:  ; tech:  ,Cutoff Channel from Bay Center,"Jennifer Ruesink, Fiona Boardman",0-0.5,low,light,none,27,17.0,by_foot,0.75,present,thick,"parallel to shore, about 2 km away from land in slough draining large tidal flat, 10 m apart",NA,WA_WB,"Willapa Bay, Washington","Willapa Bay, Washington"
WA_WB,WB_CO,pecoe-0113,2021-07-13,46.6722,-123.94543,10:27:00,13:36:00,Sample,exblank-2021-003,600,2021,NA,NA,600 ml; xn tech:  ; xn date: 3/8/22; xn notes: ; filtration comments:  ; tech:  ,Cutoff Channel from Bay Center,"Jennifer Ruesink, Fiona Boardman",0-0.5,low,light,none,27,17.0,by_foot,0.75,present,thick,"parallel to shore, about 2 km away from land in slough draining large tidal flat, 10 m apart",NA,WA_WB,"Willapa Bay, Washington","Willapa Bay, Washington"
WA_WB,WB_CO,pecoe-0114,2021-07-13,46.6722,-123.94543,10:30:00,14:25:00,Sample,exblank-2021-003,750,2021,NA,NA,750 ml; xn tech:  ; xn date: 3/8/22; xn notes: ; filtration comments:  ; tech:  ,Cutoff Channel from Bay Center,"Jennifer Ruesink, Fiona Boardman",0-0.5,low,light,none,27,17.0,by_foot,0.75,present,thick,"parallel to shore, about 2 km away from land in slough draining large tidal flat, 10 m apart",NA,WA_WB,"Willapa Bay, Washington","Willapa Bay, Washington"
WA_WB,WB_CO,pecoe-0115,2021-07-13,46.6722,-123.94543,10:34:00,15:25:00,Sample,exblank-2021-003,650,2021,NA,NA,650 ml; xn tech:  ; xn date: 3/8/22; xn notes: ; filtration comments:  ; tech:  ,Cutoff Channel from Bay Center,"Jennifer Ruesink, Fiona Boardman",0-0.5,low,light,none,27,17.0,by_foot,0.75,present,thick,"parallel to shore, about 2 km away from land in slough draining large tidal flat, 10 m apart",NA,WA_WB,"Willapa Bay, Washington","Willapa Bay, Washington"
WA_WB,WB_WR,pecoe-0116,2021-07-14,46.69456,-123.9037,NA,13:02:00,Field blank,exblank-2021-003,500,2021,NA,NA,500 ml; xn tech:  ; xn date: 3/8/22; xn notes: ; filtration comments:  ; tech:  ,Willapa River,"Jennifer Ruesink, Fiona Boardman",0-0.5,low,light,none,28,17.0,by_boat,0.75,present,thick,"perpendicular to shore, about 1 km from land near slough draining large tidal flat, 10 m apart",NA,WA_WB,"Willapa Bay, Washington","Willapa Bay, Washington"
WA_WB,WB_WR,pecoe-0117,2021-07-14,46.69456,-123.9037,8:53:00,13:17:00,Sample,exblank-2021-005A,500,2021,NA,NA,500 ml; xn tech:  ; xn date: 3/23/22; xn notes: ; filtration comments:  ; tech:  ,Willapa River,"Jennifer Ruesink, Fiona Boardman",0-0.5,low,light,none,28,17.0,by_boat,0.75,present,thick,"perpendicular to shore, about 1 km from land near slough draining large tidal flat, 10 m apart",NA,WA_WB,"Willapa Bay, Washington","Willapa Bay, Washington"
WA_WB,WB_WR,pecoe-0118,2021-07-14,46.69456,-123.9037,8:54:00,13:42:00,Sample,exblank-2021-005A,550,2021,NA,NA,550 ml; xn tech:  ; xn date: 3/23/22; xn notes: ; filtration comments:  ; tech:  ,Willapa River,"Jennifer Ruesink, Fiona Boardman",0-0.5,low,light,none,28,17.0,by_boat,0.75,present,thick,"perpendicular to shore, about 1 km from land near slough draining large tidal flat, 10 m apart",NA,WA_WB,"Willapa Bay, Washington","Willapa Bay, Washington"
WA_WB,WB_WR,pecoe-0119,2021-07-14,46.69456,-123.9037,8:56:00,14:12:00,Sample,exblank-2021-005A,600,2021,NA,NA,600 ml; xn tech:  ; xn date: 3/23/22; xn notes: ; filtration comments:  ; tech:  ,Willapa River,"Jennifer Ruesink, Fiona Boardman",0-0.5,low,light,none,28,17.0,by_boat,0.75,present,thick,"perpendicular to shore, about 1 km from land near slough draining large tidal flat, 10 m apart",NA,WA_WB,"Willapa Bay, Washington","Willapa Bay, Washington"
WA_WB,WB_WR,pecoe-0120,2021-07-14,46.69456,-123.9037,8:58:00,14:50:00,Sample,exblank-2021-005A,600,2021,NA,NA,600 ml; xn tech:  ; xn date: 3/23/22; xn notes: ; filtration comments:  ; tech:  ,Willapa River,"Jennifer Ruesink, Fiona Boardman",0-0.5,low,light,none,28,17.0,by_boat,0.75,present,thick,"perpendicular to shore, about 1 km from land near slough draining large tidal flat, 10 m apart",NA,WA_WB,"Willapa Bay, Washington","Willapa Bay, Washington"
WA_WB,WB_SB,pecoe-0121,2021-07-31,46.86764,-124.07164,NA,14:10:00,Field blank,exblank-2021-005A,600,2021,NA,NA,600 ml; xn tech:  ; xn date: 3/23/22; xn notes: ; filtration comments:  ; tech:  ,"South Bay, Grays Harbour",Jennifer Ruesink,0-0.5,ebb,light,none,28,15.0,by_boat,0.5,present,"thick shoots, 100x100 m bed","south to north 10 m apart, near channel",NA,WA_WB,"Willapa Bay, Washington","Willapa Bay, Washington"
WA_WB,WB_SB,pecoe-0122,2021-07-31,46.86764,-124.07164,11:13:00,14:24:00,Sample,exblank-2021-005A,500,2021,NA,NA,500 ml; xn tech:  ; xn date: 3/23/22; xn notes: ; filtration comments:  ; tech:  ,"South Bay, Grays Harbour",Jennifer Ruesink,0-0.5,ebb,light,none,28,15.0,by_boat,0.5,present,"thick shoots, 100x100 m bed","south to north 10 m apart, near channel",NA,WA_WB,"Willapa Bay, Washington","Willapa Bay, Washington"
WA_WB,WB_SB,pecoe-0123,2021-07-31,46.86764,-124.07164,11:17:00,14:47:00,Sample,exblank-2021-005A,550,2021,NA,NA,550 ml; xn tech:  ; xn date: 3/23/22; xn notes: ; filtration comments:  ; tech:  ,"South Bay, Grays Harbour",Jennifer Ruesink,0-0.5,ebb,light,none,28,15.0,by_boat,0.5,present,"thick shoots, 100x100 m bed","south to north 10 m apart, near channel",NA,WA_WB,"Willapa Bay, Washington","Willapa Bay, Washington"
WA_WB,WB_SB,pecoe-0124,2021-07-31,46.86764,-124.07164,11:20:00,15:19:00,Sample,exblank-2021-005A,500,2021,NA,NA,500 ml; xn tech:  ; xn date: 3/23/22; xn notes: ; filtration comments:  ; tech:  ,"South Bay, Grays Harbour",Jennifer Ruesink,0-0.5,ebb,light,none,28,15.0,by_boat,0.5,present,"thick shoots, 100x100 m bed","south to north 10 m apart, near channel",NA,WA_WB,"Willapa Bay, Washington","Willapa Bay, Washington"
WA_WB,WB_SB,pecoe-0125,2021-07-31,46.86764,-124.07164,11:24:00,15:45:00,Sample,exblank-2021-005A,600,2021,NA,NA,600 ml; xn tech:  ; xn date: 3/23/22; xn notes: ; filtration comments:  ; tech:  ,"South Bay, Grays Harbour",Jennifer Ruesink,0-0.5,ebb,light,none,28,15.0,by_boat,0.5,present,"thick shoots, 100x100 m bed","south to north 10 m apart, near channel",NA,WA_WB,"Willapa Bay, Washington","Willapa Bay, Washington"
WA_WB,WB_BC,pecoe-0126,2021-07-09,46.64021,-123.94357,NA,13:36:00,Field blank,exblank-2021-005A,500,2021,NA,NA,500 ml; xn tech:  ; xn date: 3/23/22; xn notes: ; filtration comments:  ; tech:  ,Bay Center,"Jennifer Ruesink, Fiona Boardman",0-0.5,flood,light,none,25,18.0,by_boat,1.0,present,thick,"parallel to shore, about 300 m away from shore on shallow tidal flat, 10m apart",NA,WA_WB,"Willapa Bay, Washington","Willapa Bay, Washington"
WA_WB,WB_BC,pecoe-0127,2021-07-09,46.64021,-123.94357,11:15:00,13:48:00,Sample,exblank-2021-005A,600,2021,NA,NA,600 ml; xn tech:  ; xn date: 3/23/22; xn notes: ; filtration comments:  ; tech:  ,Bay Center,"Jennifer Ruesink, Fiona Boardman",0-0.5,flood,light,none,25,18.0,by_boat,1.0,present,thick,"parallel to shore, about 300 m away from shore on shallow tidal flat, 10m apart",NA,WA_WB,"Willapa Bay, Washington","Willapa Bay, Washington"
WA_WB,WB_BC,pecoe-0128,2021-07-09,46.64021,-123.94357,11:19:00,14:17:00,Sample,exblank-2021-007,550,2021,NA,NA,550 ml; xn tech:  ; xn date: 3/29/22; xn notes: ; filtration comments:  ; tech:  ,Bay Center,"Jennifer Ruesink, Fiona Boardman",0-0.5,flood,light,none,25,18.0,by_boat,1.0,present,thick,"parallel to shore, about 300 m away from shore on shallow tidal flat, 10m apart",NA,WA_WB,"Willapa Bay, Washington","Willapa Bay, Washington"
WA_WB,WB_BC,pecoe-0129,2021-07-09,46.64021,-123.94357,11:23:00,14:41:00,Sample,exblank-2021-007,550,2021,NA,NA,550 ml; xn tech:  ; xn date: 3/29/22; xn notes: ; filtration comments:  ; tech:  ,Bay Center,"Jennifer Ruesink, Fiona Boardman",0-0.5,flood,light,none,25,18.0,by_boat,1.0,present,thick,"parallel to shore, about 300 m away from shore on shallow tidal flat, 10m apart",NA,WA_WB,"Willapa Bay, Washington","Willapa Bay, Washington"
WA_WB,WB_BC,pecoe-0130,2021-07-09,46.64021,-123.94357,11:26:00,15:06:00,Sample,exblank-2021-007,600,2021,NA,NA,600 ml; xn tech:  ; xn date: 3/29/22; xn notes: ; filtration comments:  ; tech:  ,Bay Center,"Jennifer Ruesink, Fiona Boardman",0-0.5,flood,light,none,25,18.0,by_boat,1.0,present,thick,"parallel to shore, about 300 m away from shore on shallow tidal flat, 10m apart",NA,WA_WB,"Willapa Bay, Washington","Willapa Bay, Washington"
AK_SE,SE_NZ,pecoe-0131,2021-07-09,55.248144,-132.879154,558,1401,Sample,exblank-2021-016,1000,2021,NA,NA, ; xn tech:  ; xn date: 4/26/22; xn notes: ; filtration comments:  ; tech:  ,Natzuhini Bay,"Ginny Eckert, Lia Domke, Carter Johnson, Jessica Whitney",0-0.5,ebb,none,light,26.7,13.9,by_boat,2.0,present,NA,"paralel to shore, 10m apart",26.7psu+13.7C at 2m; salinity + temp column are for 1m,AK_SE,Southeast Alaska,Southeast Alaska
AK_SE,SE_NZ,pecoe-0132,2021-07-09,55.248144,-132.879154,559,1425,Sample,exblank-2021-016,1000,2021,NA,NA, ; xn tech:  ; xn date: 4/26/22; xn notes: ; filtration comments:  ; tech:  ,Natzuhini Bay,"Ginny Eckert, Lia Domke, Carter Johnson, Jessica Whitney",0-0.5,ebb,none,light,26.7,13.9,by_boat,2.0,present,NA,"paralel to shore, 10m apart",26.7psu+13.7C at 2m; salinity + temp column are for 1m,AK_SE,Southeast Alaska,Southeast Alaska
AK_SE,SE_NZ,pecoe-0133,2021-07-09,55.248144,-132.879154,602,1450,Sample,exblank-2021-016,1000,2021,NA,NA, ; xn tech:  ; xn date: 4/26/22; xn notes: ; filtration comments:  ; tech:  ,Natzuhini Bay,"Ginny Eckert, Lia Domke, Carter Johnson, Jessica Whitney",0-0.5,ebb,none,light,26.7,13.9,by_boat,2.0,present,NA,"paralel to shore, 10m apart",26.7psu+13.7C at 2m; salinity + temp column are for 1m,AK_SE,Southeast Alaska,Southeast Alaska
AK_SE,SE_NZ,pecoe-0134,2021-07-09,55.248144,-132.879154,604,1510,Sample,exblank-2021-016,1000,2021,NA,NA, ; xn tech:  ; xn date: 4/26/22; xn notes: ; filtration comments:  ; tech:  ,Natzuhini Bay,"Ginny Eckert, Lia Domke, Carter Johnson, Jessica Whitney",0-0.5,ebb,none,light,26.7,13.9,by_boat,2.0,present,NA,"paralel to shore, 10m apart",26.7psu+13.7C at 2m; salinity + temp column are for 1m,AK_SE,Southeast Alaska,Southeast Alaska
AK_SE,SE_NZ,pecoe-0135,2021-07-09,55.248144,-132.879154,NA,1316,Field blank,exblank-2021-016,1000,2021,NA,NA, ; xn tech:  ; xn date: 4/26/22; xn notes: ; filtration comments:  ; tech:  ,Natzuhini Bay,"Ginny Eckert, Lia Domke, Carter Johnson, Jessica Whitney",0-0.5,ebb,none,light,26.7,13.9,by_boat,2.0,present,NA,"paralel to shore, 10m apart",26.7psu+13.7C at 2m; salinity + temp column are for 1m,AK_SE,Southeast Alaska,Southeast Alaska
AK_SE,SE_RF,pecoe-0136,2021-07-10,55.284338,-133.332594,644,1219,Sample,exblank-2021-016,1000,2021,NA,NA, ; xn tech:  ; xn date: 4/26/22; xn notes: ; filtration comments:  ; tech:  ,Port Refugio,"Ginny Eckert, Lia Domke, Carter Johnson, Jessica Whitney",0-0.5,ebb,none,light,28,13.9,by_boat,2.0,present,NA,"paralel to shore, 10m apart",28psu+13.9C at 2m; salinity + temp column are for 1m,AK_SE,Southeast Alaska,Southeast Alaska
AK_SE,SE_RF,pecoe-0137,2021-07-10,55.284338,-133.332594,646,1236,Sample,exblank-2021-016,850,2021,NA,NA,850; xn tech:  ; xn date: 4/26/22; xn notes: ; filtration comments:  ; tech:  ,Port Refugio,"Ginny Eckert, Lia Domke, Carter Johnson, Jessica Whitney",0-0.5,ebb,none,light,28,13.9,by_boat,2.0,present,NA,"paralel to shore, 10m apart",28psu+13.9C at 2m; salinity + temp column are for 1m,AK_SE,Southeast Alaska,Southeast Alaska
AK_SE,SE_RF,pecoe-0138,2021-07-10,55.284338,-133.332594,648,1253,Sample,exblank-2021-016,900,2021,NA,NA,900; xn tech:  ; xn date: 4/26/22; xn notes: ; filtration comments:  ; tech:  ,Port Refugio,"Ginny Eckert, Lia Domke, Carter Johnson, Jessica Whitney",0-0.5,ebb,none,light,28,13.9,by_boat,2.0,present,NA,"paralel to shore, 10m apart",28psu+13.9C at 2m; salinity + temp column are for 1m,AK_SE,Southeast Alaska,Southeast Alaska
AK_SE,SE_RF,pecoe-0139,2021-07-10,55.284338,-133.332594,649,1309,Sample,exblank-2021-016,1000,2021,NA,NA, ; xn tech:  ; xn date: 4/26/22; xn notes: ; filtration comments:  ; tech:  ,Port Refugio,"Ginny Eckert, Lia Domke, Carter Johnson, Jessica Whitney",0-0.5,ebb,none,light,28,13.9,by_boat,2.0,present,NA,"paralel to shore, 10m apart",28psu+13.9C at 2m; salinity + temp column are for 1m,AK_SE,Southeast Alaska,Southeast Alaska
AK_SE,SE_RF,pecoe-0140,2021-07-10,55.284338,-133.332594,NA,1158,Field blank,exblank-2021-016,1000,2021,NA,NA, ; xn tech:  ; xn date: 4/26/22; xn notes: ; filtration comments:  ; tech:  ,Port Refugio,"Ginny Eckert, Lia Domke, Carter Johnson, Jessica Whitney",0-0.5,ebb,none,light,28,13.9,by_boat,2.0,present,NA,"paralel to shore, 10m apart",28psu+13.9C at 2m; salinity + temp column are for 1m,AK_SE,Southeast Alaska,Southeast Alaska
AK_SE,SE_NF,pecoe-0141,2021-07-11,55.496398,-133.167232,708,1250,Sample,exblank-2021-016,1000,2021,NA,NA, ; xn tech:  ; xn date: 4/26/22; xn notes: ; filtration comments:  ; tech:  ,North Fish Egg Island,"Ginny Eckert, Lia Domke, Carter Johnson, Jessica Whitney",0-0.5,ebb,none,light,27.9,13.4,by_boat,2.0,present,NA,"paralel to shore, 10m apart",27.9psu+13.2C at 2m; salinity + temp column are for 1m,AK_SE,Southeast Alaska,Southeast Alaska
AK_SE,SE_NF,pecoe-0142,2021-07-11,55.496398,-133.167232,710,1305,Sample,exblank-2021-016,1000,2021,NA,NA, ; xn tech:  ; xn date: 4/26/22; xn notes: ; filtration comments:  ; tech:  ,North Fish Egg Island,"Ginny Eckert, Lia Domke, Carter Johnson, Jessica Whitney",0-0.5,ebb,none,light,27.9,13.4,by_boat,2.0,present,NA,"paralel to shore, 10m apart",27.9psu+13.2C at 2m; salinity + temp column are for 1m,AK_SE,Southeast Alaska,Southeast Alaska
AK_SE,SE_NF,pecoe-0143,2021-07-11,55.496398,-133.167232,712,1325,Sample,exblank-2021-016,1000,2021,NA,NA, ; xn tech:  ; xn date: 4/26/22; xn notes: ; filtration comments:  ; tech:  ,North Fish Egg Island,"Ginny Eckert, Lia Domke, Carter Johnson, Jessica Whitney",0-0.5,ebb,none,light,27.9,13.4,by_boat,2.0,present,NA,"paralel to shore, 10m apart",27.9psu+13.2C at 2m; salinity + temp column are for 1m,AK_SE,Southeast Alaska,Southeast Alaska
AK_SE,SE_NF,pecoe-0144,2021-07-11,55.496398,-133.167232,714,1340,Sample,exblank-2021-016,1000,2021,NA,NA, ; xn tech:  ; xn date: 4/26/22; xn notes: ; filtration comments:  ; tech:  ,North Fish Egg Island,"Ginny Eckert, Lia Domke, Carter Johnson, Jessica Whitney",0-0.5,ebb,none,light,27.9,13.4,by_boat,2.0,present,NA,"paralel to shore, 10m apart",27.9psu+13.2C at 2m; salinity + temp column are for 1m,AK_SE,Southeast Alaska,Southeast Alaska
AK_SE,SE_NF,pecoe-0145,2021-07-11,55.496398,-133.167232,NA,1230,Field blank,exblank-2021-016,1000,2021,NA,NA, ; xn tech:  ; xn date: 4/26/22; xn notes: ; filtration comments:  ; tech:  ,North Fish Egg Island,"Ginny Eckert, Lia Domke, Carter Johnson, Jessica Whitney",0-0.5,ebb,none,light,27.9,13.4,by_boat,2.0,present,NA,"paralel to shore, 10m apart",27.9psu+13.2C at 2m; salinity + temp column are for 1m,AK_SE,Southeast Alaska,Southeast Alaska
AK_SE,SE_SH,pecoe-0146,2021-07-12,55.597919,-133.162584,743,1323,Sample,exblank-2021-015,1000,2021,NA,NA, ; xn tech:  ; xn date: 4/21/22; xn notes: ; filtration comments:  ; tech:  ,Shinaku Inlet,"Ginny Eckert, Lia Domke, Carter Johnson, Jessica Whitney",0-0.5,ebb,none,light,27.1,15.0,by_boat,1.0,present,NA,"paralel to shore, 10m apart",27.1psu+14.9C at 2m; salinity + temp column are for 1m,AK_SE,Southeast Alaska,Southeast Alaska
AK_SE,SE_SH,pecoe-0147,2021-07-12,55.597919,-133.162584,748,1341,Sample,exblank-2021-016,1000,2021,NA,NA, ; xn tech:  ; xn date: 4/26/22; xn notes: ; filtration comments:  ; tech:  ,Shinaku Inlet,"Ginny Eckert, Lia Domke, Carter Johnson, Jessica Whitney",0-0.5,ebb,none,light,27.1,15.0,by_boat,1.0,present,NA,"paralel to shore, 10m apart",27.1psu+14.9C at 2m; salinity + temp column are for 1m,AK_SE,Southeast Alaska,Southeast Alaska
AK_SE,SE_SH,pecoe-0148,2021-07-12,55.597919,-133.162584,751,1400,Sample,exblank-2021-015,1000,2021,NA,NA, ; xn tech:  ; xn date: 4/21/22; xn notes: ; filtration comments:  ; tech:  ,Shinaku Inlet,"Ginny Eckert, Lia Domke, Carter Johnson, Jessica Whitney",0-0.5,ebb,none,light,27.1,15.0,by_boat,1.0,present,NA,"paralel to shore, 10m apart",27.1psu+14.9C at 2m; salinity + temp column are for 1m,AK_SE,Southeast Alaska,Southeast Alaska
AK_SE,SE_SH,pecoe-0149,2021-07-12,55.597919,-133.162584,753,1419,Sample,exblank-2021-015,1000,2021,NA,NA, ; xn tech:  ; xn date: 4/21/22; xn notes: ; filtration comments:  ; tech:  ,Shinaku Inlet,"Ginny Eckert, Lia Domke, Carter Johnson, Jessica Whitney",0-0.5,ebb,none,light,27.1,15.0,by_boat,1.0,present,NA,"paralel to shore, 10m apart",27.1psu+14.9C at 2m; salinity + temp column are for 1m,AK_SE,Southeast Alaska,Southeast Alaska
AK_SE,SE_SH,pecoe-0150,2021-07-12,55.597919,-133.162584,NA,1303,Field blank,exblank-2021-015,1000,2021,NA,NA, ; xn tech:  ; xn date: 4/21/22; xn notes: ; filtration comments:  ; tech:  ,Shinaku Inlet,"Ginny Eckert, Lia Domke, Carter Johnson, Jessica Whitney",0-0.5,ebb,none,light,27.1,15.0,by_boat,1.0,present,NA,"paralel to shore, 10m apart",27.1psu+14.9C at 2m; salinity + temp column are for 1m,AK_SE,Southeast Alaska,Southeast Alaska
AK_SE,SE_NS,pecoe-0151,2021-07-13,55.708572,-133.34121,824,1351,Sample,exblank-2021-015,750,2021,NA,NA,750; xn tech:  ; xn date: 4/21/22; xn notes: ; filtration comments:  ; tech:  ,Nossuk Bay,"Ginny Eckert, Lia Domke, Carter Johnson, Jessica Whitney",0-0.5,ebb,none,light,28.2,11.8,by_boat,2.0,present,NA,"paralel to shore, 10m apart",28.4psu+11.7C at 2m; salinity + temp column are for 1m,AK_SE,Southeast Alaska,Southeast Alaska
AK_SE,SE_NS,pecoe-0152,2021-07-13,55.708572,-133.34121,826,1410,Sample,exblank-2021-015,800,2021,NA,NA,800; xn tech:  ; xn date: 4/21/22; xn notes: ; filtration comments:  ; tech:  ,Nossuk Bay,"Ginny Eckert, Lia Domke, Carter Johnson, Jessica Whitney",0-0.5,ebb,none,light,28.2,11.8,by_boat,2.0,present,NA,"paralel to shore, 10m apart",28.4psu+11.7C at 2m; salinity + temp column are for 1m,AK_SE,Southeast Alaska,Southeast Alaska
AK_SE,SE_NS,pecoe-0153,2021-07-13,55.708572,-133.34121,828,1430,Sample,exblank-2021-015,950,2021,NA,NA,950; xn tech:  ; xn date: 4/21/22; xn notes: ; filtration comments:  ; tech:  ,Nossuk Bay,"Ginny Eckert, Lia Domke, Carter Johnson, Jessica Whitney",0-0.5,ebb,none,light,28.2,11.8,by_boat,2.0,present,NA,"paralel to shore, 10m apart",28.4psu+11.7C at 2m; salinity + temp column are for 1m,AK_SE,Southeast Alaska,Southeast Alaska
AK_SE,SE_NS,pecoe-0154,2021-07-13,55.708572,-133.34121,830,1445,Sample,exblank-2021-015,700,2021,NA,NA,700; xn tech:  ; xn date: 4/21/22; xn notes: ; filtration comments:  ; tech:  ,Nossuk Bay,"Ginny Eckert, Lia Domke, Carter Johnson, Jessica Whitney",0-0.5,ebb,none,light,28.2,11.8,by_boat,2.0,present,NA,"paralel to shore, 10m apart",28.4psu+11.7C at 2m; salinity + temp column are for 1m,AK_SE,Southeast Alaska,Southeast Alaska
AK_SE,SE_NS,pecoe-0155,2021-07-13,55.708572,-133.34121,NA,1335,Field blank,exblank-2021-015,1000,2021,NA,NA, ; xn tech:  ; xn date: 4/21/22; xn notes: ; filtration comments:  ; tech:  ,Nossuk Bay,"Ginny Eckert, Lia Domke, Carter Johnson, Jessica Whitney",0-0.5,ebb,none,light,28.2,11.8,by_boat,2.0,present,NA,"paralel to shore, 10m apart",28.4psu+11.7C at 2m; salinity + temp column are for 1m,AK_SE,Southeast Alaska,Southeast Alaska
CA_SD,SD_FI,pecoe-0161,2021-07-01,32.77171,-117.21962,8:40:00,1:02:00,Sample,exblank-2021-010,1000,2021,NA,NA, ; xn tech:  ; xn date: 4/5/22; xn notes: ; filtration comments:  ; tech:  ,Fiesta Island,"Karl, Emma, Crisila, August",0-0.5,low,light,none,NA,NA,by_foot,1.0,present,"continuous, thick, ~70cm tall. Heavily fouled with sessile fauna","10m apart, parallel to shore, over eelgrass",NA,CA_SD,"San Diego region, California","San Diego region, California"
CA_SD,SD_FI,pecoe-0162,2021-07-01,32.77171,-117.21962,NA,12:27:00,Field blank,exblank-2021-010,1000,2021,NA,NA,FI Filtered in lab; xn tech:  ; xn date: 4/5/22; xn notes: ; filtration comments:  ; tech:  ,Fiesta Island,"Karl, Emma, Crisila, August",0-0.5,low,light,none,NA,NA,by_foot,1.0,present,"continuous, thick, ~70cm tall. Heavily fouled with sessile fauna","10m apart, parallel to shore, over eelgrass",NA,CA_SD,"San Diego region, California","San Diego region, California"
CA_SD,SD_FI,pecoe-0163,2021-07-01,32.77171,-117.21962,8:39:00,12:45:00,Sample,exblank-2021-007,1000,2021,NA,NA, ; xn tech:  ; xn date: 3/29/22; xn notes: ; filtration comments:  ; tech:  ,Fiesta Island,"Karl, Emma, Crisila, August",0-0.5,low,light,none,NA,NA,by_foot,1.0,present,"continuous, thick, ~70cm tall. Heavily fouled with sessile fauna","10m apart, parallel to shore, over eelgrass",NA,CA_SD,"San Diego region, California","San Diego region, California"
CA_SD,SD_FI,pecoe-0164,2021-07-01,32.77171,-117.21962,8:41:00,1:23:00,Sample,exblank-2021-007,1000,2021,NA,NA, ; xn tech:  ; xn date: 3/29/22; xn notes: ; filtration comments:  ; tech:  ,Fiesta Island,"Karl, Emma, Crisila, August",0-0.5,low,light,none,NA,NA,by_foot,1.0,present,"continuous, thick, ~70cm tall. Heavily fouled with sessile fauna","10m apart, parallel to shore, over eelgrass",NA,CA_SD,"San Diego region, California","San Diego region, California"
CA_SD,SD_FI,pecoe-0165,2021-07-01,32.77171,-117.21962,8:43:00,1:40:00,Sample,exblank-2021-007,1000,2021,NA,NA, ; xn tech:  ; xn date: 3/29/22; xn notes: ; filtration comments:  ; tech:  ,Fiesta Island,"Karl, Emma, Crisila, August",0-0.5,low,light,none,NA,NA,by_foot,1.0,present,"continuous, thick, ~70cm tall. Heavily fouled with sessile fauna","10m apart, parallel to shore, over eelgrass",NA,CA_SD,"San Diego region, California","San Diego region, California"
CA_SD,SD_CV,pecoe-0166,2021-07-06,32.62568,-117.1066,NA,10:49:00,Field blank,exblank-2021-007,1000,2021,NA,NA,CV Filtered in field; xn tech:  ; xn date: 3/29/22; xn notes: ; filtration comments:  ; tech:  ,Chula Vista,"Vanessa, Anthony, Emma, August",0-0.5,low,medium,none,NA,NA,by_foot,1.0,present,"Short (~30cm), small, large epiphyte load, bed 20m from shore",NW > SE parallel to shore,NA,CA_SD,"San Diego region, California","San Diego region, California"
CA_SD,SD_CV,pecoe-0167,2021-07-06,32.62568,-117.1066,10:50:00,11:26:00,Sample,exblank-2021-007,1000,2021,NA,NA, ; xn tech:  ; xn date: 3/29/22; xn notes: ; filtration comments:  ; tech:  ,Chula Vista,"Vanessa, Anthony, Emma, August",0-0.5,low,medium,none,NA,NA,by_foot,1.0,present,"Short (~30cm), small, large epiphyte load, bed 20m from shore",NW > SE parallel to shore,NA,CA_SD,"San Diego region, California","San Diego region, California"
CA_SD,SD_CV,pecoe-0168,2021-07-06,32.62568,-117.1066,10:52:00,12:56:00,Sample,exblank-2021-007,1000,2021,NA,NA, ; xn tech:  ; xn date: 3/29/22; xn notes: ; filtration comments:  ; tech:  ,Chula Vista,"Vanessa, Anthony, Emma, August",0-0.5,low,medium,none,NA,NA,by_foot,1.0,present,"Short (~30cm), small, large epiphyte load, bed 20m from shore",NW > SE parallel to shore,NA,CA_SD,"San Diego region, California","San Diego region, California"
CA_SD,SD_CV,pecoe-0169,2021-07-06,32.62568,-117.1066,10:55:00,1:17:00,Sample,exblank-2021-007,1000,2021,NA,NA, ; xn tech:  ; xn date: 3/29/22; xn notes: ; filtration comments:  ; tech:  ,Chula Vista,"Vanessa, Anthony, Emma, August",0-0.5,low,medium,none,NA,NA,by_foot,1.0,present,"Short (~30cm), small, large epiphyte load, bed 20m from shore",NW > SE parallel to shore,NA,CA_SD,"San Diego region, California","San Diego region, California"
CA_SD,SD_CV,pecoe-0170,2021-07-06,32.62568,-117.1066,11:00:00,1:36:00,Sample,exblank-2021-007,1000,2021,NA,NA, ; xn tech:  ; xn date: 3/29/22; xn notes: ; filtration comments:  ; tech:  ,Chula Vista,"Vanessa, Anthony, Emma, August",0-0.5,low,medium,none,NA,NA,by_foot,1.0,present,"Short (~30cm), small, large epiphyte load, bed 20m from shore",NW > SE parallel to shore,NA,CA_SD,"San Diego region, California","San Diego region, California"
CA_SD,SD_SI,pecoe-0171,2021-07-02,32.71447,-117.22482,NA,9:50:00,Field blank,exblank-2021-007,1000,2021,NA,NA,SI Filtered in lab; xn tech:  ; xn date: 3/29/22; xn notes: ; filtration comments:  ; tech:  ,Shelter Island,"Karl, August, Crisila, Vaness",0-0.5,low,none,none,NA,NA,by_foot,1.0,present,"Patchy, variable, moderate shoot density. ~40cm shoot height","10m apart, parallel to shore, 1m depth",NA,CA_SD,"San Diego region, California","San Diego region, California"
CA_SD,SD_SI,pecoe-0172,2021-07-02,32.71447,-117.22482,9:00:00,10:10:00,Sample,exblank-2021-007,1000,2021,NA,NA, ; xn tech:  ; xn date: 3/29/22; xn notes: ; filtration comments:  ; tech:  ,Shelter Island,"Karl, August, Crisila, Vaness",0-0.5,low,none,none,NA,NA,by_foot,1.0,present,"Patchy, variable, moderate shoot density. ~40cm shoot height","10m apart, parallel to shore, 1m depth",NA,CA_SD,"San Diego region, California","San Diego region, California"
CA_SD,SD_SI,pecoe-0173,2021-07-02,32.71447,-117.22482,9:03:00,10:40:00,Sample,exblank-2021-007,1000,2021,NA,NA, ; xn tech:  ; xn date: 3/29/22; xn notes: ; filtration comments:  ; tech:  ,Shelter Island,"Karl, August, Crisila, Vaness",0-0.5,low,none,none,NA,NA,by_foot,1.0,present,"Patchy, variable, moderate shoot density. ~40cm shoot height","10m apart, parallel to shore, 1m depth",NA,CA_SD,"San Diego region, California","San Diego region, California"
CA_SD,SD_SI,pecoe-0174,2021-07-02,32.71447,-117.22482,9:05:00,11:05:00,Sample,exblank-2021-007,1000,2021,NA,NA, ; xn tech:  ; xn date: 3/29/22; xn notes: ; filtration comments:  ; tech:  ,Shelter Island,"Karl, August, Crisila, Vaness",0-0.5,low,none,none,NA,NA,by_foot,1.0,present,"Patchy, variable, moderate shoot density. ~40cm shoot height","10m apart, parallel to shore, 1m depth",NA,CA_SD,"San Diego region, California","San Diego region, California"
CA_SD,SD_SI,pecoe-0175,2021-07-02,32.71447,-117.22482,9:08:00,11:30:00,Sample,exblank-2021-007,1000,2021,NA,NA, ; xn tech:  ; xn date: 3/29/22; xn notes: ; filtration comments:  ; tech:  ,Shelter Island,"Karl, August, Crisila, Vaness",0-0.5,low,none,none,NA,NA,by_foot,1.0,present,"Patchy, variable, moderate shoot density. ~40cm shoot height","10m apart, parallel to shore, 1m depth",NA,CA_SD,"San Diego region, California","San Diego region, California"
CA_SD,SD_SDL,pecoe-0176,2021-07-07,32.9708,-117.2517,NA,11:41:00,Field blank,exblank-2021-010,1000,2021,NA,NA,SDL filtered in field; xn tech:  ; xn date: 4/5/22; xn notes: ; filtration comments:  ; tech:  ,San Dieguito Lagoon,"Karl, Crisila, August, Jess",0-0.5,high,none,none,NA,NA,by_foot,1.0,present,Tall and continuous. Very goopy mud.,"paralel to shore, about 10m away from shore in seagrass, 10m apart",NA,CA_SD,"San Diego region, California","San Diego region, California"
CA_SD,SD_SDL,pecoe-0177,2021-07-07,32.9708,-117.2517,11:20:00,11:56:00,Sample,exblank-2021-010,1000,2021,NA,NA, ; xn tech:  ; xn date: 4/5/22; xn notes: ; filtration comments:  ; tech:  ,San Dieguito Lagoon,"Karl, Crisila, August, Jess",0-0.5,high,none,none,NA,NA,by_foot,1.0,present,Tall and continuous. Very goopy mud.,"paralel to shore, about 10m away from shore in seagrass, 10m apart",NA,CA_SD,"San Diego region, California","San Diego region, California"
CA_SD,SD_SDL,pecoe-0178,2021-07-07,32.9708,-117.2517,11:23:00,12:24:00,Sample,exblank-2021-010,1000,2021,NA,NA, ; xn tech:  ; xn date: 4/5/22; xn notes: ; filtration comments:  ; tech:  ,San Dieguito Lagoon,"Karl, Crisila, August, Jess",0-0.5,high,none,none,NA,NA,by_foot,1.0,present,Tall and continuous. Very goopy mud.,"paralel to shore, about 10m away from shore in seagrass, 10m apart",NA,CA_SD,"San Diego region, California","San Diego region, California"
CA_SD,SD_SDL,pecoe-0179,2021-07-07,32.9708,-117.2517,11:26:00,12:49:00,Sample,exblank-2021-010,1000,2021,NA,NA, ; xn tech:  ; xn date: 4/5/22; xn notes: ; filtration comments:  ; tech:  ,San Dieguito Lagoon,"Karl, Crisila, August, Jess",0-0.5,high,none,none,NA,NA,by_foot,1.0,present,Tall and continuous. Very goopy mud.,"paralel to shore, about 10m away from shore in seagrass, 10m apart",NA,CA_SD,"San Diego region, California","San Diego region, California"
CA_SD,SD_SDL,pecoe-0180,2021-07-07,32.9708,-117.2517,11:29:00,1:20:00,Sample,exblank-2021-010,1000,2021,NA,NA, ; xn tech:  ; xn date: 4/5/22; xn notes: ; filtration comments:  ; tech:  ,San Dieguito Lagoon,"Karl, Crisila, August, Jess",0-0.5,high,none,none,NA,NA,by_foot,1.0,present,Tall and continuous. Very goopy mud.,"paralel to shore, about 10m away from shore in seagrass, 10m apart",NA,CA_SD,"San Diego region, California","San Diego region, California"
AK_JN,JN_FC,pecoe-0181,2021-07-17,58.3313,-134.608133,NA,13:16:00,Field blank,exblank-2021-012,1000,2021,NA,NA, ; xn tech:  ; xn date: 4/13/22; xn notes: ; filtration comments:  ; tech:  ,Fish Creek,"Scott Gabara, Preslee Chase, Gracelyn Ham",0-0.5,ebb,medium,none,14.6,13.75,by_foot,0.75,present,patchy,"away from shore, about 25m away from shore, ~10m apart",NA,AK_JN,"Juneau Region, Alaska","Juneau Region, Alaska"
AK_JN,JN_FC,pecoe-0182,2021-07-17,58.3313,-134.608133,11:08:00,13:32:00,Sample,exblank-2021-012,750,2021,NA,NA,750mL; xn tech:  ; xn date: 4/13/22; xn notes: ; filtration comments:  ; tech:  ,Fish Creek,"Scott Gabara, Preslee Chase, Gracelyn Ham",0-0.5,ebb,medium,none,14.6,13.75,by_foot,0.75,present,patchy,"away from shore, about 25m away from shore, ~10m apart",NA,AK_JN,"Juneau Region, Alaska","Juneau Region, Alaska"
AK_JN,JN_FC,pecoe-0183,2021-07-17,58.3313,-134.608133,11:18:00,13:50:00,Sample,exblank-2021-012,750,2021,NA,NA,750mL; xn tech:  ; xn date: 4/13/22; xn notes: ; filtration comments:  ; tech:  ,Fish Creek,"Scott Gabara, Preslee Chase, Gracelyn Ham",0-0.5,ebb,medium,none,14.6,13.75,by_foot,0.75,present,patchy,"away from shore, about 25m away from shore, ~10m apart",NA,AK_JN,"Juneau Region, Alaska","Juneau Region, Alaska"
AK_JN,JN_FC,pecoe-0184,2021-07-17,58.3313,-134.608133,11:22:00,14:06:00,Sample,exblank-2021-012,750,2021,NA,NA,750mL; xn tech:  ; xn date: 4/13/22; xn notes: ; filtration comments:  ; tech:  ,Fish Creek,"Scott Gabara, Preslee Chase, Gracelyn Ham",0-0.5,ebb,medium,none,14.6,13.75,by_foot,0.75,present,patchy,"away from shore, about 25m away from shore, ~10m apart",NA,AK_JN,"Juneau Region, Alaska","Juneau Region, Alaska"
AK_JN,JN_FC,pecoe-0185,2021-07-17,58.3313,-134.608133,11:25:00,14:26:00,Sample,exblank-2021-012,750,2021,NA,NA,750mL; xn tech:  ; xn date: 4/13/22; xn notes: ; filtration comments:  ; tech:  ,Fish Creek,"Scott Gabara, Preslee Chase, Gracelyn Ham",0-0.5,ebb,medium,none,14.6,13.75,by_foot,0.75,present,patchy,"away from shore, about 25m away from shore, ~10m apart",NA,AK_JN,"Juneau Region, Alaska","Juneau Region, Alaska"
AK_JN,JN_SB,pecoe-0186,2021-07-14,58.62695,-134.9442,8:46:00,10:57:00,Sample,exblank-2021-012,1000,2021,NA,NA, ; xn tech:  ; xn date: 4/13/22; xn notes: ; filtration comments:  ; tech:  ,South Bridget Cove,"Scott Gabara, Amalia Tamone, Preslee Chase, Gracelyn Ham",0-0.5,ebb,medium,none,14.4,13.2,by_foot,1.0,present,patchy,"away from shore, 4 points making a square, about 20m away from shore, 5-10m apart",NA,AK_JN,"Juneau Region, Alaska","Juneau Region, Alaska"
AK_JN,JN_SB,pecoe-0187,2021-07-14,58.62695,-134.9442,8:52:00,11:33:00,Sample,exblank-2021-012,1000,2021,NA,NA, ; xn tech:  ; xn date: 4/13/22; xn notes: ; filtration comments:  ; tech:  ,South Bridget Cove,"Scott Gabara, Amalia Tamone, Preslee Chase, Gracelyn Ham",0-0.5,ebb,medium,none,14.4,13.2,by_foot,1.0,present,patchy,"away from shore, 4 points making a square, about 20m away from shore, 5-10m apart",NA,AK_JN,"Juneau Region, Alaska","Juneau Region, Alaska"
AK_JN,JN_SB,pecoe-0188,2021-07-14,58.62695,-134.9442,8:58:00,12:09:00,Sample,exblank-2021-012,1000,2021,NA,NA, ; xn tech:  ; xn date: 4/13/22; xn notes: ; filtration comments:  ; tech:  ,South Bridget Cove,"Scott Gabara, Amalia Tamone, Preslee Chase, Gracelyn Ham",0-0.5,ebb,medium,none,14.4,13.2,by_foot,1.0,present,patchy,"away from shore, 4 points making a square, about 20m away from shore, 5-10m apart",NA,AK_JN,"Juneau Region, Alaska","Juneau Region, Alaska"
AK_JN,JN_SB,pecoe-0189,2021-07-14,58.62695,-134.9442,NA,10:36:00,Field blank,exblank-2021-012,1000,2021,NA,NA, ; xn tech:  ; xn date: 4/13/22; xn notes: ; filtration comments:  ; tech:  ,South Bridget Cove,"Scott Gabara, Amalia Tamone, Preslee Chase, Gracelyn Ham",0-0.5,ebb,medium,none,14.4,13.2,by_foot,1.0,present,patchy,"away from shore, 4 points making a square, about 20m away from shore, 5-10m apart",NA,AK_JN,"Juneau Region, Alaska","Juneau Region, Alaska"
AK_JN,JN_SB,pecoe-0190,2021-07-14,58.62695,-134.9442,9:03:00,12:37:00,Sample,exblank-2021-012,1000,2021,NA,NA, ; xn tech:  ; xn date: 4/13/22; xn notes: ; filtration comments:  ; tech:  ,South Bridget Cove,"Scott Gabara, Amalia Tamone, Preslee Chase, Gracelyn Ham",0-0.5,ebb,medium,none,14.4,13.2,by_foot,1.0,present,patchy,"away from shore, 4 points making a square, about 20m away from shore, 5-10m apart",NA,AK_JN,"Juneau Region, Alaska","Juneau Region, Alaska"
AK_JN,JN_AN,pecoe-0191,2021-07-16,58.38105625,-134.692431,10:45:00,13:52:00,Sample,exblank-2021-012,1000,2021,NA,NA, ; xn tech:  ; xn date: 4/13/22; xn notes: ; filtration comments:  ; tech:  ,Auke Nu Cove,"Scott Gabara, Amalia Tamone",0-0.5,ebb,none,none,11.45,14.65,by_foot,1.0,present,shallower part of large bed,"parallel to shore, about 25m away from shore, 10m apart",NA,AK_JN,"Juneau Region, Alaska","Juneau Region, Alaska"
AK_JN,JN_AN,pecoe-0192,2021-07-16,58.38105625,-134.692431,10:53:00,13:32:00,Sample,exblank-2021-012,1000,2021,NA,NA, ; xn tech:  ; xn date: 4/13/22; xn notes: ; filtration comments:  ; tech:  ,Auke Nu Cove,"Scott Gabara, Amalia Tamone",0-0.5,ebb,none,none,11.45,14.65,by_foot,1.0,present,shallower part of large bed,"parallel to shore, about 25m away from shore, 10m apart",NA,AK_JN,"Juneau Region, Alaska","Juneau Region, Alaska"
AK_JN,JN_AN,pecoe-0193,2021-07-16,58.38105625,-134.692431,10:51:00,13:13:00,Sample,exblank-2021-012,1000,2021,NA,NA, ; xn tech:  ; xn date: 4/13/22; xn notes: ; filtration comments:  ; tech:  ,Auke Nu Cove,"Scott Gabara, Amalia Tamone",0-0.5,ebb,none,none,11.45,14.65,by_foot,1.0,present,shallower part of large bed,"parallel to shore, about 25m away from shore, 10m apart",NA,AK_JN,"Juneau Region, Alaska","Juneau Region, Alaska"
AK_JN,JN_AN,pecoe-0194,2021-07-16,58.38105625,-134.692431,11:02:00,12:52:00,Sample,exblank-2021-012,1000,2021,NA,NA, ; xn tech:  ; xn date: 4/13/22; xn notes: ; filtration comments:  ; tech:  ,Auke Nu Cove,"Scott Gabara, Amalia Tamone",0-0.5,ebb,none,none,11.45,14.65,by_foot,1.0,present,shallower part of large bed,"parallel to shore, about 25m away from shore, 10m apart",NA,AK_JN,"Juneau Region, Alaska","Juneau Region, Alaska"
AK_JN,JN_AN,pecoe-0195,2021-07-16,58.38105625,-134.692431,NA,12:35:00,Field blank,exblank-2021-012,1000,2021,NA,NA, ; xn tech:  ; xn date: 4/13/22; xn notes: ; filtration comments:  ; tech:  ,Auke Nu Cove,"Scott Gabara, Amalia Tamone",0-0.5,ebb,none,none,11.45,14.65,by_foot,1.0,present,shallower part of large bed,"parallel to shore, about 25m away from shore, 10m apart",NA,AK_JN,"Juneau Region, Alaska","Juneau Region, Alaska"
AK_JN,JN_EC,pecoe-0196,2021-07-13,58.66285,-134.915917,NA,12:52:00,Field blank,exblank-2021-012,1000,2021,NA,NA, ; xn tech:  ; xn date: 4/13/22; xn notes: ; filtration comments:  ; tech:  ,Echo Cove,"Scott Gabara, Amalia Tamone",0-0.5,ebb,none,none,9.9,13.25,by_foot,1.0,present,"medium thickness, narrow bed","parallel to shore, about 10m away from shore, 5m apart",NA,AK_JN,"Juneau Region, Alaska","Juneau Region, Alaska"
AK_JN,JN_EC,pecoe-0197,2021-07-13,58.66285,-134.915917,9:33:00,13:47:00,Sample,exblank-2021-012,1000,2021,NA,NA, ; xn tech:  ; xn date: 4/13/22; xn notes: ; filtration comments:  ; tech:  ,Echo Cove,"Scott Gabara, Amalia Tamone",0-0.5,ebb,none,none,9.9,13.25,by_foot,1.0,present,"medium thickness, narrow bed","parallel to shore, about 10m away from shore, 5m apart",NA,AK_JN,"Juneau Region, Alaska","Juneau Region, Alaska"
AK_JN,JN_EC,pecoe-0198,2021-07-13,58.66285,-134.915917,9:37:00,14:08:00,Sample,exblank-2021-012,1000,2021,NA,NA, ; xn tech:  ; xn date: 4/13/22; xn notes: ; filtration comments:  ; tech:  ,Echo Cove,"Scott Gabara, Amalia Tamone",0-0.5,ebb,none,none,9.9,13.25,by_foot,1.0,present,"medium thickness, narrow bed","parallel to shore, about 10m away from shore, 5m apart",NA,AK_JN,"Juneau Region, Alaska","Juneau Region, Alaska"
AK_JN,JN_EC,pecoe-0199,2021-07-13,58.66285,-134.915917,9:18:00,13:12:00,Sample,exblank-2021-012,1000,2021,NA,NA, ; xn tech:  ; xn date: 4/13/22; xn notes: ; filtration comments:  ; tech:  ,Echo Cove,"Scott Gabara, Amalia Tamone",0-0.5,ebb,none,none,9.9,13.25,by_foot,1.0,present,"medium thickness, narrow bed","parallel to shore, about 10m away from shore, 5m apart",NA,AK_JN,"Juneau Region, Alaska","Juneau Region, Alaska"
AK_JN,JN_EC,pecoe-0200,2021-07-13,58.66285,-134.915917,9:29:00,13:27:00,Sample,exblank-2021-012,1000,2021,NA,NA, ; xn tech:  ; xn date: 4/13/22; xn notes: ; filtration comments:  ; tech:  ,Echo Cove,"Scott Gabara, Amalia Tamone",0-0.5,ebb,none,none,9.9,13.25,by_foot,1.0,present,"medium thickness, narrow bed","parallel to shore, about 10m away from shore, 5m apart",NA,AK_JN,"Juneau Region, Alaska","Juneau Region, Alaska"
AK_JN,JN_BC,pecoe-0201,2021-07-15,58.385583,-134.649183,9:30:00,12:34:00,Sample,exblank-2021-012,1000,2021,NA,NA, ; xn tech:  ; xn date: 4/13/22; xn notes: ; filtration comments:  ; tech:  ,Bay Creek,"Amalia Tamone, Preslee Chase, Gracelyn Ham",0-0.5,ebb,none,none,13,14.45,by_foot,1.0,present,small patchy bed,"parallel to shore, 4 points making a square, about 10m away from shore, 5m apart",NA,AK_JN,"Juneau Region, Alaska","Juneau Region, Alaska"
AK_JN,JN_BC,pecoe-0202,2021-07-15,58.385583,-134.649183,9:26:00,12:03:00,Sample,exblank-2021-012,1000,2021,NA,NA, ; xn tech:  ; xn date: 4/13/22; xn notes: ; filtration comments:  ; tech:  ,Bay Creek,"Amalia Tamone, Preslee Chase, Gracelyn Ham",0-0.5,ebb,none,none,13,14.45,by_foot,1.0,present,small patchy bed,"parallel to shore, 4 points making a square, about 10m away from shore, 5m apart",NA,AK_JN,"Juneau Region, Alaska","Juneau Region, Alaska"
AK_JN,JN_BC,pecoe-0203,2021-07-15,58.385583,-134.649183,9:21:00,11:12:00,Sample,exblank-2021-012,700,2021,NA,NA,700mL; xn tech:  ; xn date: 4/13/22; xn notes: ; filtration comments:  ; tech:  ,Bay Creek,"Amalia Tamone, Preslee Chase, Gracelyn Ham",0-0.5,ebb,none,none,13,14.45,by_foot,1.0,present,small patchy bed,"parallel to shore, 4 points making a square, about 10m away from shore, 5m apart",NA,AK_JN,"Juneau Region, Alaska","Juneau Region, Alaska"
AK_JN,JN_BC,pecoe-0204,2021-07-15,58.385583,-134.649183,9:16:00,10:40:00,Sample,exblank-2021-013,1000,2021,NA,NA, ; xn tech:  ; xn date: 4/18/22; xn notes: ; filtration comments:  ; tech:  ,Bay Creek,"Amalia Tamone, Preslee Chase, Gracelyn Ham",0-0.5,ebb,none,none,13,14.45,by_foot,1.0,present,small patchy bed,"parallel to shore, 4 points making a square, about 10m away from shore, 5m apart",NA,AK_JN,"Juneau Region, Alaska","Juneau Region, Alaska"
AK_JN,JN_BC,pecoe-0205,2021-07-15,58.385583,-134.649183,NA,10:25:00,Field blank,exblank-2021-013,1000,2021,NA,NA, ; xn tech:  ; xn date: 4/18/22; xn notes: ; filtration comments:  ; tech:  ,Bay Creek,"Amalia Tamone, Preslee Chase, Gracelyn Ham",0-0.5,ebb,none,none,13,14.45,by_foot,1.0,present,small patchy bed,"parallel to shore, 4 points making a square, about 10m away from shore, 5m apart",NA,AK_JN,"Juneau Region, Alaska","Juneau Region, Alaska"
AK_SE,SE_GK,pecoe-0206,2021-07-14,55.740587,-133.311905,850,1440,Sample,exblank-2021-015,1000,2021,NA,NA, ; xn tech:  ; xn date: 4/21/22; xn notes: ; filtration comments:  ; tech:  ,Guktu Bay,"Ginny Eckert, Lia Domke, Carter Johnson, Jessica Whitney",0-0.5,ebb,none,none,27.5,11.0,by_boat,2.0,present,NA,"paralel to shore, 10m apart",27.5psu+11C at 2m; salinity + temp column are for 1m,AK_SE,Southeast Alaska,Southeast Alaska
AK_SE,SE_GK,pecoe-0207,2021-07-14,55.740587,-133.311905,851,1456,Sample,exblank-2021-015,1000,2021,NA,NA, ; xn tech:  ; xn date: 4/21/22; xn notes: ; filtration comments:  ; tech:  ,Guktu Bay,"Ginny Eckert, Lia Domke, Carter Johnson, Jessica Whitney",0-0.5,ebb,none,none,27.5,11.0,by_boat,2.0,present,NA,"paralel to shore, 10m apart",27.5psu+11C at 2m; salinity + temp column are for 1m,AK_SE,Southeast Alaska,Southeast Alaska
AK_SE,SE_GK,pecoe-0208,2021-07-14,55.740587,-133.311905,853,1515,Sample,exblank-2021-015,1000,2021,NA,NA, ; xn tech:  ; xn date: 4/21/22; xn notes: ; filtration comments:  ; tech:  ,Guktu Bay,"Ginny Eckert, Lia Domke, Carter Johnson, Jessica Whitney",0-0.5,ebb,none,none,27.5,11.0,by_boat,2.0,present,NA,"paralel to shore, 10m apart",27.5psu+11C at 2m; salinity + temp column are for 1m,AK_SE,Southeast Alaska,Southeast Alaska
AK_SE,SE_GK,pecoe-0209,2021-07-14,55.740587,-133.311905,855,1530,Sample,exblank-2021-015,1000,2021,NA,NA, ; xn tech:  ; xn date: 4/21/22; xn notes: ; filtration comments:  ; tech:  ,Guktu Bay,"Ginny Eckert, Lia Domke, Carter Johnson, Jessica Whitney",0-0.5,ebb,none,none,27.5,11.0,by_boat,2.0,present,NA,"paralel to shore, 10m apart",27.5psu+11C at 2m; salinity + temp column are for 1m,AK_SE,Southeast Alaska,Southeast Alaska
AK_SE,SE_GK,pecoe-0210,2021-07-14,55.740587,-133.311905,NA,1426,Field blank,exblank-2021-015,1000,2021,NA,NA, ; xn tech:  ; xn date: 4/21/22; xn notes: ; filtration comments:  ; tech:  ,Guktu Bay,"Ginny Eckert, Lia Domke, Carter Johnson, Jessica Whitney",0-0.5,ebb,none,none,27.5,11.0,by_boat,2.0,present,NA,"paralel to shore, 10m apart",27.5psu+11C at 2m; salinity + temp column are for 1m,AK_SE,Southeast Alaska,Southeast Alaska
WA_WB,WB_PA,pecoe-0211,2021-07-06,46.49511,-124.02628,18:18:00,19:03:00,Sample,exblank-2021-007,500,2021,NA,NA,500 ml; xn tech:  ; xn date: 3/29/22; xn notes: ; filtration comments:  ; tech:  ,"Parcel A, Nahcotta","Jennifer Ruesink, Fiona Boardman",0-0.5,slack,light,none,25,19.0,by_boat,1.0,present,thick,"parallel to shore, about 300 m away from shore on shallow tidal flat near channel, 10m apart",Had to re-collect two samples the next day due to pump failure and learning curve,WA_WB,"Willapa Bay, Washington","Willapa Bay, Washington"
WA_WB,WB_PA,pecoe-0212,2021-07-06,46.49511,-124.02628,18:22:00,20:30:00,Sample,exblank-2021-007,500,2021,NA,NA,500 ml; xn tech:  ; xn date: 3/29/22; xn notes: ; filtration comments:  ; tech:  ,"Parcel A, Nahcotta","Jennifer Ruesink, Fiona Boardman",0-0.5,slack,light,none,25,19.0,by_boat,1.0,present,thick,"parallel to shore, about 300 m away from shore on shallow tidal flat near channel, 10m apart",Had to re-collect two samples the next day due to pump failure and learning curve,WA_WB,"Willapa Bay, Washington","Willapa Bay, Washington"
WA_WB,WB_PA,pecoe-0213,2021-07-06,46.49511,-124.02628,18:10:00,20:30:00,Sample,exblank-2021-007,750,2021,NA,NA,750 ml; xn tech:  ; xn date: 3/29/22; xn notes: ; filtration comments:  ; tech:  ,"Parcel A, Nahcotta","Jennifer Ruesink, Fiona Boardman",0-0.5,slack,light,none,25,19.0,by_boat,1.0,present,thick,"parallel to shore, about 300 m away from shore on shallow tidal flat near channel, 10m apart",Had to re-collect two samples the next day due to pump failure and learning curve,WA_WB,"Willapa Bay, Washington","Willapa Bay, Washington"
WA_WB,WB_PA,pecoe-0214,2021-07-06,46.49511,-124.02628,18:14:00,21:00:00,Sample,exblank-2021-007,300,2021,NA,NA,300 ml; xn tech:  ; xn date: 3/29/22; xn notes: ; filtration comments:  ; tech:  ,"Parcel A, Nahcotta","Jennifer Ruesink, Fiona Boardman",0-0.5,slack,light,none,25,19.0,by_boat,1.0,present,thick,"parallel to shore, about 300 m away from shore on shallow tidal flat near channel, 10m apart",Had to re-collect two samples the next day due to pump failure and learning curve,WA_WB,"Willapa Bay, Washington","Willapa Bay, Washington"
WA_WB,WB_PA,pecoe-0215,2021-07-06,46.49511,-124.02628,NA,20:00:00,Field blank,exblank-2021-007,1000,2021,NA,NA,1000 ml; xn tech:  ; xn date: 3/29/22; xn notes: ; filtration comments:  ; tech:  ,"Parcel A, Nahcotta","Jennifer Ruesink, Fiona Boardman",0-0.5,slack,light,none,25,19.0,by_boat,1.0,present,thick,"parallel to shore, about 300 m away from shore on shallow tidal flat near channel, 10m apart",Had to re-collect two samples the next day due to pump failure and learning curve,WA_WB,"Willapa Bay, Washington","Willapa Bay, Washington"
WA_PS,PS_BV,pecoe-0216,2021-07-13,48.485864,-122.480626,NA,11:30:00,Field blank,exblank-2021-016,1000,2021,NA,NA,1000; xn tech:  ; xn date: 4/26/22; xn notes: ; filtration comments:  ; tech:  ,Bayview,"Heidi Stewart, Kathryn Sebocinski",0-0.5,ebb,light,none,29.27,16.1,by_boat,1.0,present,"Zostera japonica primary. Fairly contiguous but not super dense. 6"" canopy height","north to south, away from state park parallel to boat ramp",NA,WA_PSa,"Puget Sound & Padilla Bay, Washington","Padilla Bay, Washington"
WA_PS,PS_BV,pecoe-0217,2021-07-13,48.485864,-122.480626,8:00:00,12:15:00,Sample,exblank-2021-016,750,2021,NA,NA,750; xn tech:  ; xn date: 4/26/22; xn notes: ; filtration comments:  ; tech:  ,Bayview,"Heidi Stewart, Kathryn Sebocinski",0-0.5,ebb,light,none,29.27,16.1,by_boat,1.0,present,"Zostera japonica primary. Fairly contiguous but not super dense. 6"" canopy height","north to south, away from state park parallel to boat ramp",NA,WA_PSa,"Puget Sound & Padilla Bay, Washington","Padilla Bay, Washington"
WA_PS,PS_BV,pecoe-0218,2021-07-13,48.485864,-122.480626,8:05:00,12:30:00,Sample,exblank-2021-016,700,2021,NA,NA,700; xn tech:  ; xn date: 4/26/22; xn notes: ; filtration comments:  ; tech:  ,Bayview,"Heidi Stewart, Kathryn Sebocinski",0-0.5,ebb,light,none,29.27,16.1,by_boat,1.0,present,"Zostera japonica primary. Fairly contiguous but not super dense. 6"" canopy height","north to south, away from state park parallel to boat ramp",NA,WA_PSa,"Puget Sound & Padilla Bay, Washington","Padilla Bay, Washington"
WA_PS,PS_BV,pecoe-0219,2021-07-13,48.485864,-122.480626,8:10:00,12:45:00,Sample,exblank-2021-016,600,2021,NA,NA,600; xn tech:  ; xn date: 4/26/22; xn notes: ; filtration comments:  ; tech:  ,Bayview,"Heidi Stewart, Kathryn Sebocinski",0-0.5,ebb,light,none,29.27,16.1,by_boat,1.0,present,"Zostera japonica primary. Fairly contiguous but not super dense. 6"" canopy height","north to south, away from state park parallel to boat ramp",NA,WA_PSa,"Puget Sound & Padilla Bay, Washington","Padilla Bay, Washington"
WA_PS,PS_BV,pecoe-0220,2021-07-13,48.485864,-122.480626,8:15:00,1:00:00,Sample,exblank-2021-016,600,2021,NA,NA,600; xn tech:  ; xn date: 4/26/22; xn notes: ; filtration comments:  ; tech:  ,Bayview,"Heidi Stewart, Kathryn Sebocinski",0-0.5,ebb,light,none,29.27,16.1,by_boat,1.0,present,"Zostera japonica primary. Fairly contiguous but not super dense. 6"" canopy height","north to south, away from state park parallel to boat ramp",NA,WA_PSa,"Puget Sound & Padilla Bay, Washington","Padilla Bay, Washington"
WA_PS,PS_SH,pecoe-0221,2021-07-21,48.505432,-122.67002599999999,NA,10:10:00,Field blank,exblank-2021-016,1000,2021,NA,NA,1000; xn tech:  ; xn date: 4/26/22; xn notes: ; filtration comments:  ; tech:  ,Ship Harbour,"Sobocinski, Stewart, Grizzy, Davis, Klee",0-0.5,ebb,light,none,30.5,11.3,by_boat,NA,present,"Dense patch -- big ?, hard to estimate total size ~hectare. canopy 1.5-2' ht. cover 75-100%","west to ? transect, parallel to shore, heading east. (note at top? cypress something?)",NA,WA_PSa,"Puget Sound & Padilla Bay, Washington","Padilla Bay, Washington"
WA_PS,PS_SH,pecoe-0222,2021-07-21,48.505432,-122.67002599999999,6:45:00,10:30:00,Sample,exblank-2021-017,800,2021,NA,NA,800; xn tech:  ; xn date: 5/4/22; xn notes: ; filtration comments:  ; tech:  ,Ship Harbour,"Sobocinski, Stewart, Grizzy, Davis, Klee",0-0.5,ebb,light,none,30.5,11.3,by_boat,NA,present,"Dense patch -- big ?, hard to estimate total size ~hectare. canopy 1.5-2' ht. cover 75-100%","west to ? transect, parallel to shore, heading east. (note at top? cypress something?)",NA,WA_PSa,"Puget Sound & Padilla Bay, Washington","Padilla Bay, Washington"
WA_PS,PS_SH,pecoe-0223,2021-07-21,48.505432,-122.67002599999999,6:50:00,10:45:00,Sample,exblank-2021-016,700,2021,NA,NA,700; xn tech:  ; xn date: 4/26/22; xn notes: ; filtration comments:  ; tech:  ,Ship Harbour,"Sobocinski, Stewart, Grizzy, Davis, Klee",0-0.5,ebb,light,none,30.5,11.3,by_boat,NA,present,"Dense patch -- big ?, hard to estimate total size ~hectare. canopy 1.5-2' ht. cover 75-100%","west to ? transect, parallel to shore, heading east. (note at top? cypress something?)",NA,WA_PSa,"Puget Sound & Padilla Bay, Washington","Padilla Bay, Washington"
WA_PS,PS_SH,pecoe-0224,2021-07-21,48.505432,-122.67002599999999,8:55:00,11:00:00,Sample,exblank-2021-017,700,2021,NA,NA,700; xn tech:  ; xn date: 5/4/22; xn notes: ; filtration comments:  ; tech:  ,Ship Harbour,"Sobocinski, Stewart, Grizzy, Davis, Klee",0-0.5,ebb,light,none,30.5,11.3,by_boat,NA,present,"Dense patch -- big ?, hard to estimate total size ~hectare. canopy 1.5-2' ht. cover 75-100%","west to ? transect, parallel to shore, heading east. (note at top? cypress something?)",NA,WA_PSa,"Puget Sound & Padilla Bay, Washington","Padilla Bay, Washington"
WA_PS,PS_SH,pecoe-0225,2021-07-21,48.505432,-122.67002599999999,7:00:00,11:20:00,Sample,exblank-2021-017,700,2021,NA,NA,700; xn tech:  ; xn date: 5/4/22; xn notes: ; filtration comments:  ; tech:  ,Ship Harbour,"Sobocinski, Stewart, Grizzy, Davis, Klee",0-0.5,ebb,light,none,30.5,11.3,by_boat,NA,present,"Dense patch -- big ?, hard to estimate total size ~hectare. canopy 1.5-2' ht. cover 75-100%","west to ? transect, parallel to shore, heading east. (note at top? cypress something?)",NA,WA_PSa,"Puget Sound & Padilla Bay, Washington","Padilla Bay, Washington"
CA_LA,LA_JD,pecoe-0226,2021-07-29,33.76166,-118.12036,NA,11:57:00,Field blank,exblank-2021-010,1000,2021,NA,NA, ; xn tech:  ; xn date: 4/5/22; xn notes: ; filtration comments:  ; tech:  ,Jack Dunster Reserve,"Sarah Bittick, Ahmad Mersaghian",0-0.5,slack,light,none,37.2,21.1,by_foot,1.5,present,"medium density, approximately 70% cover, plants 0.5 to over 1 meter tall. More dense close to shore and thins out. approximate bed size 100m parallel with shore X 40 meters perpendicular to shore","45 degree angle NW from shore along approximate equal depth contour, each sample ~12 meters from the last",NA,CA_LA,"Los Angeles, California","Los Angeles, California"
CA_LA,LA_JD,pecoe-0227,2021-07-29,33.76166,-118.12036,9:05:00,12:24:00,Sample,exblank-2021-008,1000,2021,NA,NA, ; xn tech:  ; xn date: 4/1/22; xn notes: ; filtration comments:  ; tech:  ,Jack Dunster Reserve,"Sarah Bittick, Ahmad Mersaghian",0-0.5,slack,light,none,37.2,21.1,by_foot,1.5,present,"medium density, approximately 70% cover, plants 0.5 to over 1 meter tall. More dense close to shore and thins out. approximate bed size 100m parallel with shore X 40 meters perpendicular to shore","45 degree angle NW from shore along approximate equal depth contour, each sample ~12 meters from the last",NA,CA_LA,"Los Angeles, California","Los Angeles, California"
CA_LA,LA_JD,pecoe-0228,2021-07-29,33.76166,-118.12036,9:23:00,12:53:00,Sample,exblank-2021-008,750,2021,NA,NA,"750 mL filtered, extra 60 mL syringe full of air required to push all water from filter; xn tech:  ; xn date: 4/1/22; xn notes: ; filtration comments:  ; tech:  ",Jack Dunster Reserve,"Sarah Bittick, Ahmad Mersaghian",0-0.5,slack,light,none,37.2,21.1,by_foot,1.5,present,"medium density, approximately 70% cover, plants 0.5 to over 1 meter tall. More dense close to shore and thins out. approximate bed size 100m parallel with shore X 40 meters perpendicular to shore","45 degree angle NW from shore along approximate equal depth contour, each sample ~12 meters from the last",NA,CA_LA,"Los Angeles, California","Los Angeles, California"
CA_LA,LA_JD,pecoe-0229,2021-07-29,33.76166,-118.12036,9:40:00,13:15:00,Sample,exblank-2021-008,1000,2021,NA,NA,extra 60 mL syringe full of air required to push all water from filter; xn tech:  ; xn date: 4/1/22; xn notes: ; filtration comments:  ; tech:  ,Jack Dunster Reserve,"Sarah Bittick, Ahmad Mersaghian",0-0.5,slack,light,none,37.2,21.1,by_foot,1.5,present,"medium density, approximately 70% cover, plants 0.5 to over 1 meter tall. More dense close to shore and thins out. approximate bed size 100m parallel with shore X 40 meters perpendicular to shore","45 degree angle NW from shore along approximate equal depth contour, each sample ~12 meters from the last",NA,CA_LA,"Los Angeles, California","Los Angeles, California"
CA_LA,LA_JD,pecoe-0230,2021-07-29,33.76166,-118.12036,9:48:00,13:42:00,Sample,exblank-2021-008,600,2021,NA,NA,600 mL filtered; xn tech:  ; xn date: 4/1/22; xn notes: ; filtration comments:  ; tech:  ,Jack Dunster Reserve,"Sarah Bittick, Ahmad Mersaghian",0-0.5,slack,light,none,37.2,21.1,by_foot,1.5,present,"medium density, approximately 70% cover, plants 0.5 to over 1 meter tall. More dense close to shore and thins out. approximate bed size 100m parallel with shore X 40 meters perpendicular to shore","45 degree angle NW from shore along approximate equal depth contour, each sample ~12 meters from the last",NA,CA_LA,"Los Angeles, California","Los Angeles, California"
CA_LA,LA_LN,pecoe-0231,2021-07-30,33.60218,-117.88266,NA,11:28:00,Field blank,exblank-2021-008,1000,2021,NA,NA, ; xn tech:  ; xn date: 4/1/22; xn notes: ; filtration comments:  ; tech:  ,Lower Newport Bay,"Sarah Bittick, Ahmad Mersaghian, Caroline Thorpe",0-0.5,slack,light,none,37.3,20.4,by_foot,1.0,present,"Medium density, 60-70% cover, plants 0.5 meters to over 1.5 meters tall, bed runs parallel to shore ~100 meters, perpendicular to shore 60-70 meters. The seagrass continues into the boat channel drop off, not sure how deep.",45 degrees angle south from sample 1 which was approximately 15 meters from shore. Each samples was 12-15 meters from the last,NA,CA_LA,"Los Angeles, California","Los Angeles, California"
CA_LA,LA_LN,pecoe-0232,2021-07-30,33.60218,-117.88266,9:00:00,11:50:00,Sample,exblank-2021-008,800,2021,NA,NA,"800 mL filtered, extra 60 mL syringe full of air required to push all water from filter; xn tech:  ; xn date: 4/1/22; xn notes: ; filtration comments:  ; tech:  ",Lower Newport Bay,"Sarah Bittick, Ahmad Mersaghian, Caroline Thorpe",0-0.5,slack,light,none,37.3,20.4,by_foot,1.0,present,"Medium density, 60-70% cover, plants 0.5 meters to over 1.5 meters tall, bed runs parallel to shore ~100 meters, perpendicular to shore 60-70 meters. The seagrass continues into the boat channel drop off, not sure how deep.",45 degrees angle south from sample 1 which was approximately 15 meters from shore. Each samples was 12-15 meters from the last,NA,CA_LA,"Los Angeles, California","Los Angeles, California"
CA_LA,LA_LN,pecoe-0233,2021-07-30,33.60218,-117.88266,9:04:00,12:20:00,Sample,exblank-2021-010,1000,2021,NA,NA,extra 60 mL syringe full of air required to push all water from filter; xn tech:  ; xn date: 4/5/22; xn notes: ; filtration comments:  ; tech:  ,Lower Newport Bay,"Sarah Bittick, Ahmad Mersaghian, Caroline Thorpe",0-0.5,slack,light,none,37.3,20.4,by_foot,1.0,present,"Medium density, 60-70% cover, plants 0.5 meters to over 1.5 meters tall, bed runs parallel to shore ~100 meters, perpendicular to shore 60-70 meters. The seagrass continues into the boat channel drop off, not sure how deep.",45 degrees angle south from sample 1 which was approximately 15 meters from shore. Each samples was 12-15 meters from the last,NA,CA_LA,"Los Angeles, California","Los Angeles, California"
CA_LA,LA_LN,pecoe-0234,2021-07-30,33.60218,-117.88266,9:07:00,12:52:00,Sample,exblank-2021-010,1000,2021,NA,NA,extra 60 mL syringe full of air required to push all water from filter; xn tech:  ; xn date: 4/5/22; xn notes: ; filtration comments:  ; tech:  ,Lower Newport Bay,"Sarah Bittick, Ahmad Mersaghian, Caroline Thorpe",0-0.5,slack,light,none,37.3,20.4,by_foot,1.0,present,"Medium density, 60-70% cover, plants 0.5 meters to over 1.5 meters tall, bed runs parallel to shore ~100 meters, perpendicular to shore 60-70 meters. The seagrass continues into the boat channel drop off, not sure how deep.",45 degrees angle south from sample 1 which was approximately 15 meters from shore. Each samples was 12-15 meters from the last,NA,CA_LA,"Los Angeles, California","Los Angeles, California"
CA_LA,LA_LN,pecoe-0235,2021-07-30,33.60218,-117.88266,9:14:00,13:26:00,Sample,exblank-2021-010,1000,2021,NA,NA,extra 60 mL syringe full of air required to push all water from filter; xn tech:  ; xn date: 4/5/22; xn notes: ; filtration comments:  ; tech:  ,Lower Newport Bay,"Sarah Bittick, Ahmad Mersaghian, Caroline Thorpe",0-0.5,slack,light,none,37.3,20.4,by_foot,1.0,present,"Medium density, 60-70% cover, plants 0.5 meters to over 1.5 meters tall, bed runs parallel to shore ~100 meters, perpendicular to shore 60-70 meters. The seagrass continues into the boat channel drop off, not sure how deep.",45 degrees angle south from sample 1 which was approximately 15 meters from shore. Each samples was 12-15 meters from the last,NA,CA_LA,"Los Angeles, California","Los Angeles, California"
CA_LA,LA_UN,pecoe-0236,2021-08-05,33.62125,-117.89889,NA,8:15:00,Field blank,exblank-2021-008,1000,2021,NA,NA, ; xn tech:  ; xn date: 4/1/22; xn notes: ; filtration comments:  ; tech:  ,Upper Newport Bay Restoration Bed,"Sarah Bittick, Ahmad Mersaghian",0-0.5,slack,light,none,36.7,21.6,by_foot,1.5,present,"lower density/patchy, up to 70% cover in some places but interspresed with 0-50% cover with Ulva and Gracilaria mixed in. Plants less than or equal to 1 meter tall",parallel to shore towards mouth of bay,NA,CA_LA,"Los Angeles, California","Los Angeles, California"
CA_LA,LA_UN,pecoe-0237,2021-08-05,33.62125,-117.89889,5:54:00,8:37:00,Sample,exblank-2021-008,1000,2021,NA,NA,extra 60 mL syringe full of air required to push all water from filter; xn tech:  ; xn date: 4/1/22; xn notes: ; filtration comments:  ; tech:  ,Upper Newport Bay Restoration Bed,"Sarah Bittick, Ahmad Mersaghian",0-0.5,slack,light,none,36.7,21.6,by_foot,1.5,present,"lower density/patchy, up to 70% cover in some places but interspresed with 0-50% cover with Ulva and Gracilaria mixed in. Plants less than or equal to 1 meter tall",parallel to shore towards mouth of bay,NA,CA_LA,"Los Angeles, California","Los Angeles, California"
CA_LA,LA_UN,pecoe-0238,2021-08-05,33.62125,-117.89889,6:02:00,9:04:00,Sample,exblank-2021-010,1000,2021,NA,NA,extra 60 mL syringe full of air required to push all water from filter; xn tech:  ; xn date: 4/5/22; xn notes: ; filtration comments:  ; tech:  ,Upper Newport Bay Restoration Bed,"Sarah Bittick, Ahmad Mersaghian",0-0.5,slack,light,none,36.7,21.6,by_foot,1.5,present,"lower density/patchy, up to 70% cover in some places but interspresed with 0-50% cover with Ulva and Gracilaria mixed in. Plants less than or equal to 1 meter tall",parallel to shore towards mouth of bay,NA,CA_LA,"Los Angeles, California","Los Angeles, California"
CA_LA,LA_UN,pecoe-0239,2021-08-05,33.62125,-117.89889,6:10:00,9:28:00,Sample,exblank-2021-010,1000,2021,NA,NA,extra 60 mL syringe full of air required to push all water from filter; xn tech:  ; xn date: 4/5/22; xn notes: ; filtration comments:  ; tech:  ,Upper Newport Bay Restoration Bed,"Sarah Bittick, Ahmad Mersaghian",0-0.5,slack,light,none,36.7,21.6,by_foot,1.5,present,"lower density/patchy, up to 70% cover in some places but interspresed with 0-50% cover with Ulva and Gracilaria mixed in. Plants less than or equal to 1 meter tall",parallel to shore towards mouth of bay,NA,CA_LA,"Los Angeles, California","Los Angeles, California"
CA_LA,LA_UN,pecoe-0240,2021-08-05,33.62125,-117.89889,6:20:00,10:00:00,Sample,exblank-2021-008,1000,2021,NA,NA,extra 60 mL syringe full of air required to push all water from filter; xn tech:  ; xn date: 4/1/22; xn notes: ; filtration comments:  ; tech:  ,Upper Newport Bay Restoration Bed,"Sarah Bittick, Ahmad Mersaghian",0-0.5,slack,light,none,36.7,21.6,by_foot,1.5,present,"lower density/patchy, up to 70% cover in some places but interspresed with 0-50% cover with Ulva and Gracilaria mixed in. Plants less than or equal to 1 meter tall",parallel to shore towards mouth of bay,NA,CA_LA,"Los Angeles, California","Los Angeles, California"
CA_LA,LA_MS,pecoe-0241,2021-08-06,33.768,-118.12841,NA,8:32:00,Field blank,exblank-2021-010,1000,2021,NA,NA, ; xn tech:  ; xn date: 4/5/22; xn notes: ; filtration comments:  ; tech:  ,Marine Stadium Restoration Bed,"Sarah Bittick, Ahmad Mersaghian, Caroline Thorpe",0-0.5,slack,light,none,37.3,20.9,by_foot,1.25,present,"very patchy 25-50% cover at most, interspersed with lots of Ulva, near two storm drains, tallest plants around 1 meter tall most 50-75cm,","parallel to shore, samples10 meters apart",NA,CA_LA,"Los Angeles, California","Los Angeles, California"
CA_LA,LA_MS,pecoe-0242,2021-08-06,33.768,-118.12841,6:45:00,8:50:00,Sample,exblank-2021-008,700,2021,NA,NA,"700 mL filtered, extra 60 mL syringe full of air required to push all water from filter; xn tech:  ; xn date: 4/1/22; xn notes: ; filtration comments:  ; tech:  ",Marine Stadium Restoration Bed,"Sarah Bittick, Ahmad Mersaghian, Caroline Thorpe",0-0.5,slack,light,none,37.3,20.9,by_foot,1.25,present,"very patchy 25-50% cover at most, interspersed with lots of Ulva, near two storm drains, tallest plants around 1 meter tall most 50-75cm,","parallel to shore, samples10 meters apart",NA,CA_LA,"Los Angeles, California","Los Angeles, California"
CA_LA,LA_MS,pecoe-0243,2021-08-06,33.768,-118.12841,6:50:00,9:20:00,Sample,exblank-2021-010,700,2021,NA,NA,"700 mL filtered, extra 60 mL syringe full of air required to push all water from filter; xn tech:  ; xn date: 4/5/22; xn notes: ; filtration comments:  ; tech:  ",Marine Stadium Restoration Bed,"Sarah Bittick, Ahmad Mersaghian, Caroline Thorpe",0-0.5,slack,light,none,37.3,20.9,by_foot,1.25,present,"very patchy 25-50% cover at most, interspersed with lots of Ulva, near two storm drains, tallest plants around 1 meter tall most 50-75cm,","parallel to shore, samples10 meters apart",NA,CA_LA,"Los Angeles, California","Los Angeles, California"
CA_LA,LA_MS,pecoe-0244,2021-08-06,33.768,-118.12841,6:56:00,9:49:00,Sample,exblank-2021-008,1000,2021,NA,NA,took 3 60 mL syringe full of air to push all water from filter; xn tech:  ; xn date: 4/1/22; xn notes: ; filtration comments:  ; tech:  ,Marine Stadium Restoration Bed,"Sarah Bittick, Ahmad Mersaghian, Caroline Thorpe",0-0.5,slack,light,none,37.3,20.9,by_foot,1.25,present,"very patchy 25-50% cover at most, interspersed with lots of Ulva, near two storm drains, tallest plants around 1 meter tall most 50-75cm,","parallel to shore, samples10 meters apart",NA,CA_LA,"Los Angeles, California","Los Angeles, California"
CA_LA,LA_MS,pecoe-0245,2021-08-06,33.768,-118.12841,7:05:00,10:33:00,Sample,exblank-2021-008,1000,2021,NA,NA, ; xn tech:  ; xn date: 4/1/22; xn notes: ; filtration comments:  ; tech:  ,Marine Stadium Restoration Bed,"Sarah Bittick, Ahmad Mersaghian, Caroline Thorpe",0-0.5,slack,light,none,37.3,20.9,by_foot,1.25,present,"very patchy 25-50% cover at most, interspersed with lots of Ulva, near two storm drains, tallest plants around 1 meter tall most 50-75cm,","parallel to shore, samples10 meters apart",NA,CA_LA,"Los Angeles, California","Los Angeles, California"
BC_CC,CC_CHP,pecoe-0280,2021-07-08,51.67622,-128.1234,7:15:00,10:20:00,Sample,exblank-2021-011,1000,2021,NA,NA,1000ml filtered using peristaltic pump; xn tech:  ; xn date: 4/11/22; xn notes: ; filtration comments:  ; tech:  ,Choked Pocket,"CP, ZM, KB, RO",0-0.5,flood,none,none,27.5,9.7,by_boat,1.4,present,"Very large meadow (~355,000m2); large sparse shoots with sandy patches throughout the meadow. Shoots 1-2m long with Smithora epiphytes.","10m apart, 1-2m depth, paralel to shell hash beach where seine is pulled up. Transect ~15m from shore",NA,BC_CC,Central Coast British Columbia,Central Coast British Columbia
BC_CC,CC_CHP,pecoe-0281,2021-07-08,51.67622,-128.1234,7:17:00,10:28:00,Sample,exblank-2021-011,1000,2021,NA,NA,1000ml filtered using peristaltic pump; xn tech:  ; xn date: 4/11/22; xn notes: ; filtration comments:  ; tech:  ,Choked Pocket,"CP, ZM, KB, RO",0-0.5,flood,none,none,27.5,9.7,by_boat,1.4,present,"Very large meadow (~355,000m2); large sparse shoots with sandy patches throughout the meadow. Shoots 1-2m long with Smithora epiphytes.","10m apart, 1-2m depth, paralel to shell hash beach where seine is pulled up. Transect ~15m from shore",NA,BC_CC,Central Coast British Columbia,Central Coast British Columbia
BC_CC,CC_CHP,pecoe-0282,2021-07-08,51.67622,-128.1234,7:19:00,10:40:00,Sample,exblank-2021-011,1000,2021,NA,NA,1000ml filtered using peristaltic pump; xn tech:  ; xn date: 4/11/22; xn notes: ; filtration comments:  ; tech:  ,Choked Pocket,"CP, ZM, KB, RO",0-0.5,flood,none,none,27.5,9.7,by_boat,1.4,present,"Very large meadow (~355,000m2); large sparse shoots with sandy patches throughout the meadow. Shoots 1-2m long with Smithora epiphytes.","10m apart, 1-2m depth, paralel to shell hash beach where seine is pulled up. Transect ~15m from shore",NA,BC_CC,Central Coast British Columbia,Central Coast British Columbia
BC_CC,CC_CHP,pecoe-0283,2021-07-08,51.67622,-128.1234,7:20:00,10:55:00,Sample,exblank-2021-011,1000,2021,NA,NA,1000ml filtered using peristaltic pump; xn tech:  ; xn date: 4/11/22; xn notes: ; filtration comments:  ; tech:  ,Choked Pocket,"CP, ZM, KB, RO",0-0.5,flood,none,none,27.5,9.7,by_boat,1.4,present,"Very large meadow (~355,000m2); large sparse shoots with sandy patches throughout the meadow. Shoots 1-2m long with Smithora epiphytes.","10m apart, 1-2m depth, paralel to shell hash beach where seine is pulled up. Transect ~15m from shore",NA,BC_CC,Central Coast British Columbia,Central Coast British Columbia
BC_CC,CC_CHP,pecoe-0284,2021-07-08,51.67622,-128.1234,NA,11:00:00,Field blank,exblank-2021-011,1000,2021,NA,NA,1000ml filtered using peristaltic pump; xn tech:  ; xn date: 4/11/22; xn notes: ; filtration comments:  ; tech:  ,Choked Pocket,"CP, ZM, KB, RO",0-0.5,flood,none,none,27.5,9.7,by_boat,1.4,present,"Very large meadow (~355,000m2); large sparse shoots with sandy patches throughout the meadow. Shoots 1-2m long with Smithora epiphytes.","10m apart, 1-2m depth, paralel to shell hash beach where seine is pulled up. Transect ~15m from shore",NA,BC_CC,Central Coast British Columbia,Central Coast British Columbia
BC_CC,CC_PBA,pecoe-0285,2021-07-10,51.64644,-128.11897,6:15:00,10:20:00,Sample,exblank-2021-013,1000,2021,NA,NA,1000ml filtered using peristaltic pump; xn tech:  ; xn date: 4/18/22; xn notes: ; filtration comments:  ; tech:  ,Pruth Bay,"CP, ZM, KB, RO",0-0.5,ebb,none,none,24.98,14.4,by_boat,2.0,present,"Small, relatively dense seagrass, meadow size ~35,000m2. freshwater input at back of bay","10m apart, depth varied from ~1.5-3m in southward direction. Just out from where seine was set",beach seined ~2hrs after eDNA collections,BC_CC,Central Coast British Columbia,Central Coast British Columbia
BC_CC,CC_PBA,pecoe-0286,2021-07-10,51.64644,-128.11897,NA,10:23:00,Field blank,exblank-2021-013,1000,2021,NA,NA,1000ml filtered using peristaltic pump; xn tech:  ; xn date: 4/18/22; xn notes: ; filtration comments:  ; tech:  ,Pruth Bay,"CP, ZM, KB, RO",0-0.5,ebb,none,none,24.98,14.4,by_boat,2.0,present,"Small, relatively dense seagrass, meadow size ~35,000m2. freshwater input at back of bay","10m apart, depth varied from ~1.5-3m in southward direction. Just out from where seine was set",beach seined ~2hrs after eDNA collections,BC_CC,Central Coast British Columbia,Central Coast British Columbia
BC_CC,CC_PBA,pecoe-0287,2021-07-10,51.64644,-128.11897,6:17:00,10:28:00,Sample,exblank-2021-013,1000,2021,NA,NA,1000ml filtered using peristaltic pump; xn tech:  ; xn date: 4/18/22; xn notes: ; filtration comments:  ; tech:  ,Pruth Bay,"CP, ZM, KB, RO",0-0.5,ebb,none,none,24.98,14.4,by_boat,2.0,present,"Small, relatively dense seagrass, meadow size ~35,000m2. freshwater input at back of bay","10m apart, depth varied from ~1.5-3m in southward direction. Just out from where seine was set",beach seined ~2hrs after eDNA collections,BC_CC,Central Coast British Columbia,Central Coast British Columbia
BC_CC,CC_PBA,pecoe-0288,2021-07-10,51.64644,-128.11897,6:19:00,10:43:00,Sample,exblank-2021-013,1000,2021,NA,NA,1000ml filtered using peristaltic pump; xn tech:  ; xn date: 4/18/22; xn notes: ; filtration comments:  ; tech:  ,Pruth Bay,"CP, ZM, KB, RO",0-0.5,ebb,none,none,24.98,14.4,by_boat,2.0,present,"Small, relatively dense seagrass, meadow size ~35,000m2. freshwater input at back of bay","10m apart, depth varied from ~1.5-3m in southward direction. Just out from where seine was set",beach seined ~2hrs after eDNA collections,BC_CC,Central Coast British Columbia,Central Coast British Columbia
BC_CC,CC_PBA,pecoe-0289,2021-07-10,51.64644,-128.11897,6:20:00,10:50:00,Sample,exblank-2021-013,1000,2021,NA,NA,1000ml filtered using peristaltic pump; xn tech:  ; xn date: 4/18/22; xn notes: ; filtration comments:  ; tech:  ,Pruth Bay,"CP, ZM, KB, RO",0-0.5,ebb,none,none,24.98,14.4,by_boat,2.0,present,"Small, relatively dense seagrass, meadow size ~35,000m2. freshwater input at back of bay","10m apart, depth varied from ~1.5-3m in southward direction. Just out from where seine was set",beach seined ~2hrs after eDNA collections,BC_CC,Central Coast British Columbia,Central Coast British Columbia
BC_CC,CC_KIS2,pecoe-0290,2021-07-12,51.8367,-128.2393,9:30:00,13:48:00,Sample,exblank-2021-013,1000,2021,NA,NA,1000ml filtered using peristaltic pump; xn tech:  ; xn date: 4/18/22; xn notes: ; filtration comments:  ; tech:  ,SE Spider Island,"CP, ZM, KB, RO",0-0.5,flood,none,none,27.4,14.0,by_boat,2.5,present,"In small bay, ~50m by 50m meadow with Macrocystis patches. Fairly long, dense shoots","10m apart across bay parallel to shore (back of bay), consistent depth",NA,BC_CC,Central Coast British Columbia,Central Coast British Columbia
BC_CC,CC_KIS2,pecoe-0291,2021-07-12,51.8367,-128.2393,9:32:00,13:49:00,Sample,exblank-2021-013,1000,2021,NA,NA,1000ml filtered using peristaltic pump; xn tech:  ; xn date: 4/18/22; xn notes: ; filtration comments:  ; tech:  ,SE Spider Island,"CP, ZM, KB, RO",0-0.5,flood,none,none,27.4,14.0,by_boat,2.5,present,"In small bay, ~50m by 50m meadow with Macrocystis patches. Fairly long, dense shoots","10m apart across bay parallel to shore (back of bay), consistent depth",NA,BC_CC,Central Coast British Columbia,Central Coast British Columbia
BC_CC,CC_KIS2,pecoe-0292,2021-07-12,51.8367,-128.2393,9:34:00,13:52:00,Sample,exblank-2021-013,1000,2021,NA,NA,1000ml filtered using peristaltic pump; xn tech:  ; xn date: 4/18/22; xn notes: ; filtration comments:  ; tech:  ,SE Spider Island,"CP, ZM, KB, RO",0-0.5,flood,none,none,27.4,14.0,by_boat,2.5,present,"In small bay, ~50m by 50m meadow with Macrocystis patches. Fairly long, dense shoots","10m apart across bay parallel to shore (back of bay), consistent depth",NA,BC_CC,Central Coast British Columbia,Central Coast British Columbia
BC_CC,CC_KIS2,pecoe-0293,2021-07-12,51.8367,-128.2393,9:36:00,14:12:00,Sample,exblank-2021-013,1000,2021,NA,NA,1000ml filtered using peristaltic pump; xn tech:  ; xn date: 4/18/22; xn notes: ; filtration comments:  ; tech:  ,SE Spider Island,"CP, ZM, KB, RO",0-0.5,flood,none,none,27.4,14.0,by_boat,2.5,present,"In small bay, ~50m by 50m meadow with Macrocystis patches. Fairly long, dense shoots","10m apart across bay parallel to shore (back of bay), consistent depth",NA,BC_CC,Central Coast British Columbia,Central Coast British Columbia
BC_CC,CC_KIS2,pecoe-0294,2021-07-12,51.8367,-128.2393,NA,14:14:00,Field blank,exblank-2021-013,1000,2021,NA,NA,1000ml filtered using peristaltic pump; xn tech:  ; xn date: 4/18/22; xn notes: ; filtration comments:  ; tech:  ,SE Spider Island,"CP, ZM, KB, RO",0-0.5,flood,none,none,27.4,14.0,by_boat,2.5,present,"In small bay, ~50m by 50m meadow with Macrocystis patches. Fairly long, dense shoots","10m apart across bay parallel to shore (back of bay), consistent depth",NA,BC_CC,Central Coast British Columbia,Central Coast British Columbia
BC_CC,CC_GOG1,pecoe-0295,2021-07-13,51.92408,-128.46883,10:16:00,15:15:00,Sample,exblank-2021-009,1000,2021,NA,NA,1000ml filtered using peristaltic pump; xn tech:  ; xn date: 4/4/22; xn notes: ; filtration comments:  ; tech:  ,Duck Island,"CP, ZM, KB, RO",0-0.5,slack,light,none,27.7,14.3,by_boat,2.0,present,"Quite continuous, dense meadow, takes up most of bay. Large shoots in subtidal, some Macrocystis intermixed","10m apart parallel to shore (back of bay), slightly further out from seining area, consistent depth.",NA,BC_CC,Central Coast British Columbia,Central Coast British Columbia
BC_CC,CC_GOG1,pecoe-0296,2021-07-13,51.92408,-128.46883,10:18:00,15:17:00,Field blank,exblank-2021-009,1000,2021,NA,NA,1000ml filtered using peristaltic pump; xn tech:  ; xn date: 4/4/22; xn notes: ; filtration comments:  ; tech:  ,Duck Island,"CP, ZM, KB, RO",0-0.5,slack,light,none,27.7,14.3,by_boat,2.0,present,"Quite continuous, dense meadow, takes up most of bay. Large shoots in subtidal, some Macrocystis intermixed","10m apart parallel to shore (back of bay), slightly further out from seining area, consistent depth.",NA,BC_CC,Central Coast British Columbia,Central Coast British Columbia
BC_CC,CC_GOG1,pecoe-0297,2021-07-13,51.92408,-128.46883,10:20:00,15:19:00,Sample,exblank-2021-009,1000,2021,NA,NA,1000ml filtered using peristaltic pump; xn tech:  ; xn date: 4/4/22; xn notes: ; filtration comments:  ; tech:  ,Duck Island,"CP, ZM, KB, RO",0-0.5,slack,light,none,27.7,14.3,by_boat,2.0,present,"Quite continuous, dense meadow, takes up most of bay. Large shoots in subtidal, some Macrocystis intermixed","10m apart parallel to shore (back of bay), slightly further out from seining area, consistent depth.",NA,BC_CC,Central Coast British Columbia,Central Coast British Columbia
BC_CC,CC_GOG1,pecoe-0298,2021-07-13,51.92408,-128.46883,10:22:00,15:30:00,Sample,exblank-2021-009,1000,2021,NA,NA,1000ml filtered using peristaltic pump; xn tech:  ; xn date: 4/4/22; xn notes: ; filtration comments:  ; tech:  ,Duck Island,"CP, ZM, KB, RO",0-0.5,slack,light,none,27.7,14.3,by_boat,2.0,present,"Quite continuous, dense meadow, takes up most of bay. Large shoots in subtidal, some Macrocystis intermixed","10m apart parallel to shore (back of bay), slightly further out from seining area, consistent depth.",NA,BC_CC,Central Coast British Columbia,Central Coast British Columbia
BC_CC,CC_GOG1,pecoe-0299,2021-07-13,51.92408,-128.46883,10:24:00,15:38:00,Sample,exblank-2021-009,1000,2021,NA,NA,1000ml filtered using peristaltic pump; xn tech:  ; xn date: 4/4/22; xn notes: ; filtration comments:  ; tech:  ,Duck Island,"CP, ZM, KB, RO",0-0.5,slack,light,none,27.7,14.3,by_boat,2.0,present,"Quite continuous, dense meadow, takes up most of bay. Large shoots in subtidal, some Macrocystis intermixed","10m apart parallel to shore (back of bay), slightly further out from seining area, consistent depth.",NA,BC_CC,Central Coast British Columbia,Central Coast British Columbia
BC_CC,CC_FAN3,pecoe-0300,2021-07-14,52.05342,-128.40335,11:31:00,16:12:00,Sample,exblank-2021-009,1000,2021,NA,NA,1000ml filtered using peristaltic pump; xn tech:  ; xn date: 4/4/22; xn notes: ; filtration comments:  ; tech:  ,McMullins South,"CP, ZM, KB, RO",0-0.5,flood,none,none,27.6,14.0,by_boat,1.5,present,"In fairly small, narrow, bay, meadow ~60m wide x 200m long, large fairly dense seagrass shoots with benthic algae (primarily Ulva), Macrocystis and some Phyllospadix intermixed","Narrow bay, so did transect perpendicular to shore (i.e. from back of bay outwards), 10m apart, consistent depth",NA,BC_CC,Central Coast British Columbia,Central Coast British Columbia
BC_CC,CC_FAN3,pecoe-0301,2021-07-14,52.05342,-128.40335,11:32:00,16:13:00,Sample,exblank-2021-009,1000,2021,NA,NA,1000ml filtered using peristaltic pump; xn tech:  ; xn date: 4/4/22; xn notes: ; filtration comments:  ; tech:  ,McMullins South,"CP, ZM, KB, RO",0-0.5,flood,none,none,27.6,14.0,by_boat,1.5,present,"In fairly small, narrow, bay, meadow ~60m wide x 200m long, large fairly dense seagrass shoots with benthic algae (primarily Ulva), Macrocystis and some Phyllospadix intermixed","Narrow bay, so did transect perpendicular to shore (i.e. from back of bay outwards), 10m apart, consistent depth",NA,BC_CC,Central Coast British Columbia,Central Coast British Columbia
BC_CC,CC_FAN3,pecoe-0302,2021-07-14,52.05342,-128.40335,11:33:00,16:16:00,Sample,exblank-2021-009,1000,2021,NA,NA,1000ml filtered using peristaltic pump; xn tech:  ; xn date: 4/4/22; xn notes: ; filtration comments:  ; tech:  ,McMullins South,"CP, ZM, KB, RO",0-0.5,flood,none,none,27.6,14.0,by_boat,1.5,present,"In fairly small, narrow, bay, meadow ~60m wide x 200m long, large fairly dense seagrass shoots with benthic algae (primarily Ulva), Macrocystis and some Phyllospadix intermixed","Narrow bay, so did transect perpendicular to shore (i.e. from back of bay outwards), 10m apart, consistent depth",NA,BC_CC,Central Coast British Columbia,Central Coast British Columbia
BC_CC,CC_FAN3,pecoe-0303,2021-07-14,52.05342,-128.40335,11:34:00,16:38:00,Sample,exblank-2021-009,1000,2021,NA,NA,1000ml filtered using peristaltic pump; xn tech:  ; xn date: 4/4/22; xn notes: ; filtration comments:  ; tech:  ,McMullins South,"CP, ZM, KB, RO",0-0.5,flood,none,none,27.6,14.0,by_boat,1.5,present,"In fairly small, narrow, bay, meadow ~60m wide x 200m long, large fairly dense seagrass shoots with benthic algae (primarily Ulva), Macrocystis and some Phyllospadix intermixed","Narrow bay, so did transect perpendicular to shore (i.e. from back of bay outwards), 10m apart, consistent depth",NA,BC_CC,Central Coast British Columbia,Central Coast British Columbia
BC_CC,CC_FAN3,pecoe-0304,2021-07-14,52.05342,-128.40335,NA,16:40:00,Field blank,exblank-2021-009,1000,2021,NA,NA,1000ml filtered using peristaltic pump; xn tech:  ; xn date: 4/4/22; xn notes: ; filtration comments:  ; tech:  ,McMullins South,"CP, ZM, KB, RO",0-0.5,flood,none,none,27.6,14.0,by_boat,1.5,present,"In fairly small, narrow, bay, meadow ~60m wide x 200m long, large fairly dense seagrass shoots with benthic algae (primarily Ulva), Macrocystis and some Phyllospadix intermixed","Narrow bay, so did transect perpendicular to shore (i.e. from back of bay outwards), 10m apart, consistent depth",NA,BC_CC,Central Coast British Columbia,Central Coast British Columbia
BC_IC,IC_GOW,pecoe-0305,2021-07-20,50.079883,-125.215733,9:23:00,11:45:00,Sample,exblank-2021-019,1000,2021,NA,NA, ; xn tech:  ; xn date: 5/6/22; xn notes: ; filtration comments:  ; tech:  ,Gowlland Harbour,"AO, KB, BC, NM",0-0.5,low,light,none,26.83,15.7,by_boat,1.1,present,"patchy bed, but dense areas and long blades","parallel to shore, about 10m away from shore, 10m apart",NA,BC_IC,"Inner Coast, British Columbia","Inner Coast, British Columbia"
BC_IC,IC_GOW,pecoe-0306,2021-07-20,50.079883,-125.215733,9:24:00,11:46:00,Sample,exblank-2021-013,1000,2021,NA,NA, ; xn tech:  ; xn date: 4/18/22; xn notes: ; filtration comments:  ; tech:  ,Gowlland Harbour,"AO, KB, BC, NM",0-0.5,low,light,none,26.83,15.7,by_boat,1.1,present,"patchy bed, but dense areas and long blades","parallel to shore, about 10m away from shore, 10m apart",NA,BC_IC,"Inner Coast, British Columbia","Inner Coast, British Columbia"
BC_IC,IC_GOW,pecoe-0307,2021-07-20,50.079883,-125.215733,9:26:00,11:50:00,Sample,exblank-2021-019,1000,2021,NA,NA, ; xn tech:  ; xn date: 5/6/22; xn notes: ; filtration comments:  ; tech:  ,Gowlland Harbour,"AO, KB, BC, NM",0-0.5,low,light,none,26.83,15.7,by_boat,1.1,present,"patchy bed, but dense areas and long blades","parallel to shore, about 10m away from shore, 10m apart",NA,BC_IC,"Inner Coast, British Columbia","Inner Coast, British Columbia"
BC_IC,IC_GOW,pecoe-0308,2021-07-20,50.079883,-125.215733,9:28:00,12:00:00,Sample,exblank-2021-013,1000,2021,NA,NA, ; xn tech:  ; xn date: 4/18/22; xn notes: ; filtration comments:  ; tech:  ,Gowlland Harbour,"AO, KB, BC, NM",0-0.5,low,light,none,26.83,15.7,by_boat,1.1,present,"patchy bed, but dense areas and long blades","parallel to shore, about 10m away from shore, 10m apart",NA,BC_IC,"Inner Coast, British Columbia","Inner Coast, British Columbia"
BC_IC,IC_GOW,pecoe-0309,2021-07-20,50.079883,-125.215733,9:30:00,12:00:00,Field blank,exblank-2021-019,1000,2021,NA,NA, ; xn tech:  ; xn date: 5/6/22; xn notes: ; filtration comments:  ; tech:  ,Gowlland Harbour,"AO, KB, BC, NM",0-0.5,low,light,none,26.83,15.7,by_boat,1.1,present,"patchy bed, but dense areas and long blades","parallel to shore, about 10m away from shore, 10m apart",NA,BC_IC,"Inner Coast, British Columbia","Inner Coast, British Columbia"
BC_IC,IC_SMB,pecoe-0310,2021-07-21,50.035533,-124.99495,8:28:00,14:00:00,Sample,exblank-2021-019,1000,2021,NA,NA, ; xn tech:  ; xn date: 5/6/22; xn notes: ; filtration comments:  ; tech:  ,Smelt Bay,"AO, KB, BC, CJ, RO",0-0.5,ebb,light,none,22.18,19.6,by_boat,1.5,present,zostera japonica higher up in intertidal; zostera marine in subtidal (where sample was taken),"parallel to shore, about 10m away from shore, 10m apart",NA,BC_IC,"Inner Coast, British Columbia","Inner Coast, British Columbia"
BC_IC,IC_SMB,pecoe-0311,2021-07-21,50.035533,-124.99495,8:36:00,14:00:00,Sample,exblank-2021-019,1000,2021,NA,NA, ; xn tech:  ; xn date: 5/6/22; xn notes: ; filtration comments:  ; tech:  ,Smelt Bay,"AO, KB, BC, CJ, RO",0-0.5,ebb,light,none,22.18,19.6,by_boat,1.5,present,zostera japonica higher up in intertidal; zostera marine in subtidal (where sample was taken),"parallel to shore, about 10m away from shore, 10m apart",NA,BC_IC,"Inner Coast, British Columbia","Inner Coast, British Columbia"
BC_IC,IC_SMB,pecoe-0312,2021-07-21,50.035533,-124.99495,8:37:00,14:00:00,Field blank,exblank-2021-019,1000,2021,NA,NA, ; xn tech:  ; xn date: 5/6/22; xn notes: ; filtration comments:  ; tech:  ,Smelt Bay,"AO, KB, BC, CJ, RO",0-0.5,ebb,light,none,22.18,19.6,by_boat,1.5,present,zostera japonica higher up in intertidal; zostera marine in subtidal (where sample was taken),"parallel to shore, about 10m away from shore, 10m apart",NA,BC_IC,"Inner Coast, British Columbia","Inner Coast, British Columbia"
CA_MB,MB_TP,pecoe-0324,2021-07-16,35.36039,-120.85194,NA,10:20:00,Field blank,exblank-2021-013,1000,2021,NA,NA,1000ml; xn tech:  ; xn date: 4/18/22; xn notes: ; filtration comments:  ; tech:  ,Tidelands Park,"Lisa Needles, Shyenne Heuer, Sierra Martin",0-0.5,slack,light,none,33.88,15.8,by_foot,1.4,present,thick,"10 m apart, along shoreline, consistent depth. Bed width ~6m",NA,CA_MB,"Morro Bay, California","Morro Bay, California"
CA_MB,MB_TP,pecoe-0325,2021-07-16,35.36039,-120.85194,9:54:00,10:36:00,Sample,exblank-2021-013,550,2021,NA,NA,550ml; xn tech:  ; xn date: 4/18/22; xn notes: ; filtration comments:  ; tech:  ,Tidelands Park,"Lisa Needles, Shyenne Heuer, Sierra Martin",0-0.5,slack,light,none,33.88,15.8,by_foot,1.4,present,thick,"10 m apart, along shoreline, consistent depth. Bed width ~6m",NA,CA_MB,"Morro Bay, California","Morro Bay, California"
CA_MB,MB_TP,pecoe-0326,2021-07-16,35.36039,-120.85194,9:57:00,11:13:00,Sample,exblank-2021-013,600,2021,NA,NA,600ml; xn tech:  ; xn date: 4/18/22; xn notes: ; filtration comments:  ; tech:  ,Tidelands Park,"Lisa Needles, Shyenne Heuer, Sierra Martin",0-0.5,slack,light,none,33.88,15.8,by_foot,1.4,present,thick,"10 m apart, along shoreline, consistent depth. Bed width ~6m",NA,CA_MB,"Morro Bay, California","Morro Bay, California"
CA_MB,MB_TP,pecoe-0327,2021-07-16,35.36039,-120.85194,10:03:00,11:40:00,Sample,exblank-2021-013,500,2021,NA,NA,500ml; xn tech:  ; xn date: 4/18/22; xn notes: ; filtration comments:  ; tech:  ,Tidelands Park,"Lisa Needles, Shyenne Heuer, Sierra Martin",0-0.5,slack,light,none,33.88,15.8,by_foot,1.4,present,thick,"10 m apart, along shoreline, consistent depth. Bed width ~6m",NA,CA_MB,"Morro Bay, California","Morro Bay, California"
CA_MB,MB_TP,pecoe-0328,2021-07-16,35.36039,-120.85194,10:08:00,12:19:00,Sample,NA,50,2021,NA,NA,sample thrown out only 50ml were able to be collected.; xn tech:  ; xn date: n/a; xn notes: ; filtration comments:  ; tech:  ,Tidelands Park,"Lisa Needles, Shyenne Heuer, Sierra Martin",0-0.5,slack,light,none,33.88,15.8,by_foot,1.4,present,thick,"10 m apart, along shoreline, consistent depth. Bed width ~6m",NA,CA_MB,"Morro Bay, California","Morro Bay, California"
CA_MB,MB_CB,pecoe-0329,2021-07-14,35.37208,-120.85974,14:44:00,16:38:00,Sample,exblank-2021-017,750,2021,NA,NA,750ml; xn tech:  ; xn date: 5/4/22; xn notes: ; filtration comments:  ; tech:  ,Coleman Beach,"Lisa Needles, Shyenne Heuer, Sierra Martin",0-0.5,slack,light,none,33.98,15.9,by_foot,1.5,present,thick,"paralel to shore, about 10m away from shore, 10m apart",NA,CA_MB,"Morro Bay, California","Morro Bay, California"
CA_MB,MB_CB,pecoe-0330,2021-07-14,35.37208,-120.85974,14:41:00,16:15:00,Sample,exblank-2021-017,700,2021,NA,NA,700ml; xn tech:  ; xn date: 5/4/22; xn notes: ; filtration comments:  ; tech:  ,Coleman Beach,"Lisa Needles, Shyenne Heuer, Sierra Martin",0-0.5,slack,light,none,33.98,15.9,by_foot,1.5,present,thick,"paralel to shore, about 10m away from shore, 10m apart",NA,CA_MB,"Morro Bay, California","Morro Bay, California"
CA_MB,MB_CB,pecoe-0331,2021-07-14,35.37208,-120.85974,14:39:00,15:51:00,Sample,exblank-2021-017,700,2021,NA,NA,700ml; xn tech:  ; xn date: 5/4/22; xn notes: ; filtration comments:  ; tech:  ,Coleman Beach,"Lisa Needles, Shyenne Heuer, Sierra Martin",0-0.5,slack,light,none,33.98,15.9,by_foot,1.5,present,thick,"paralel to shore, about 10m away from shore, 10m apart",NA,CA_MB,"Morro Bay, California","Morro Bay, California"
CA_MB,MB_CB,pecoe-0332,2021-07-14,35.37208,-120.85974,14:36:00,15:19:00,Sample,exblank-2021-017,1000,2021,NA,NA,1000ml; xn tech:  ; xn date: 5/4/22; xn notes: ; filtration comments:  ; tech:  ,Coleman Beach,"Lisa Needles, Shyenne Heuer, Sierra Martin",0-0.5,slack,light,none,33.98,15.9,by_foot,1.5,present,thick,"paralel to shore, about 10m away from shore, 10m apart",NA,CA_MB,"Morro Bay, California","Morro Bay, California"
CA_MB,MB_CB,pecoe-0333,2021-07-14,35.37208,-120.85974,NA,15:00:00,Field blank,exblank-2021-017,1000,2021,NA,NA,1000ml; xn tech:  ; xn date: 5/4/22; xn notes: ; filtration comments:  ; tech:  ,Coleman Beach,"Lisa Needles, Shyenne Heuer, Sierra Martin",0-0.5,slack,light,none,33.98,15.9,by_foot,1.5,present,thick,"paralel to shore, about 10m away from shore, 10m apart",NA,CA_MB,"Morro Bay, California","Morro Bay, California"
CA_SF,NC_PS,pecoe-0335,2021-07-16,37.97229,-122.42314,NA,11:51:00,Field blank,exblank-2021-017,1000,2021,NA,NA,1000; xn tech:  ; xn date: 5/4/22; xn notes: ; filtration comments:  ; tech:  ,Point San Pablo,"Margot Buchbinder, Christian Tettelbach",0-0.5,ebb,light,none,29.4,17.8,by_boat,1.25,present,"~25% cover (from boat, canopy approx. 1.5-2 m; continuous but patchy bed (~1-5 m diameter eelgrass patched, relatively close together); from summer surveys: 92% quadrats with plants, density 10.2 shoots/m^2, density in vegetated quadrats only 11.1 shoots/m^2","Transect W o E, 1-1.5 m depth, on boat moving slowly forward (not anchored), sampling points a little more than 10 m apart","Wildlife: harbor seal (Phoca vitulina), brown pelicans (Pelecanus occidentalis) present and feeding; collected eDNA prior to deploying baited traps (anchovy, squid). All eDNA collection completed & stored in cooler prior to opening bait cooler on the boat. Changed clothes before filtering in lab.",CA_NCb,"San Francisco Bay, California","San Francisco Bay 1, California"
CA_SF,NC_PS,pecoe-0336,2021-07-16,37.97229,-122.42314,9:00:00,12:26:00,Sample,exblank-2021-017,600,2021,NA,NA,600; xn tech:  ; xn date: 5/4/22; xn notes: ; filtration comments:  ; tech:  ,Point San Pablo,"Margot Buchbinder, Christian Tettelbach",0-0.5,ebb,light,none,29.4,17.8,by_boat,1.25,present,"~25% cover (from boat, canopy approx. 1.5-2 m; continuous but patchy bed (~1-5 m diameter eelgrass patched, relatively close together); from summer surveys: 92% quadrats with plants, density 10.2 shoots/m^2, density in vegetated quadrats only 11.1 shoots/m^2","Transect W o E, 1-1.5 m depth, on boat moving slowly forward (not anchored), sampling points a little more than 10 m apart","Wildlife: harbor seal (Phoca vitulina), brown pelicans (Pelecanus occidentalis) present and feeding; collected eDNA prior to deploying baited traps (anchovy, squid). All eDNA collection completed & stored in cooler prior to opening bait cooler on the boat. Changed clothes before filtering in lab.",CA_NCb,"San Francisco Bay, California","San Francisco Bay 1, California"
CA_SF,NC_PS,pecoe-0337,2021-07-16,37.97229,-122.42314,9:04:00,12:50:00,Sample,exblank-2021-017,650,2021,NA,NA,650; xn tech:  ; xn date: 5/4/22; xn notes: ; filtration comments:  ; tech:  ,Point San Pablo,"Margot Buchbinder, Christian Tettelbach",0-0.5,ebb,light,none,29.4,17.8,by_boat,1.25,present,"~25% cover (from boat, canopy approx. 1.5-2 m; continuous but patchy bed (~1-5 m diameter eelgrass patched, relatively close together); from summer surveys: 92% quadrats with plants, density 10.2 shoots/m^2, density in vegetated quadrats only 11.1 shoots/m^2","Transect W o E, 1-1.5 m depth, on boat moving slowly forward (not anchored), sampling points a little more than 10 m apart","Wildlife: harbor seal (Phoca vitulina), brown pelicans (Pelecanus occidentalis) present and feeding; collected eDNA prior to deploying baited traps (anchovy, squid). All eDNA collection completed & stored in cooler prior to opening bait cooler on the boat. Changed clothes before filtering in lab.",CA_NCb,"San Francisco Bay, California","San Francisco Bay 1, California"
CA_SF,NC_PS,pecoe-0338,2021-07-16,37.97229,-122.42314,9:06:00,13:19:00,Sample,exblank-2021-017,750,2021,NA,NA,750; xn tech:  ; xn date: 5/4/22; xn notes: ; filtration comments:  ; tech:  ,Point San Pablo,"Margot Buchbinder, Christian Tettelbach",0-0.5,ebb,light,none,29.4,17.8,by_boat,1.25,present,"~25% cover (from boat, canopy approx. 1.5-2 m; continuous but patchy bed (~1-5 m diameter eelgrass patched, relatively close together); from summer surveys: 92% quadrats with plants, density 10.2 shoots/m^2, density in vegetated quadrats only 11.1 shoots/m^2","Transect W o E, 1-1.5 m depth, on boat moving slowly forward (not anchored), sampling points a little more than 10 m apart","Wildlife: harbor seal (Phoca vitulina), brown pelicans (Pelecanus occidentalis) present and feeding; collected eDNA prior to deploying baited traps (anchovy, squid). All eDNA collection completed & stored in cooler prior to opening bait cooler on the boat. Changed clothes before filtering in lab.",CA_NCb,"San Francisco Bay, California","San Francisco Bay 1, California"
CA_SF,NC_PS,pecoe-0339,2021-07-16,37.97229,-122.42314,9:10:00,13:50:00,Sample,exblank-2021-017,700,2021,NA,NA,700; xn tech:  ; xn date: 5/4/22; xn notes: ; filtration comments:  ; tech:  ,Point San Pablo,"Margot Buchbinder, Christian Tettelbach",0-0.5,ebb,light,none,29.4,17.8,by_boat,1.25,present,"~25% cover (from boat, canopy approx. 1.5-2 m; continuous but patchy bed (~1-5 m diameter eelgrass patched, relatively close together); from summer surveys: 92% quadrats with plants, density 10.2 shoots/m^2, density in vegetated quadrats only 11.1 shoots/m^2","Transect W o E, 1-1.5 m depth, on boat moving slowly forward (not anchored), sampling points a little more than 10 m apart","Wildlife: harbor seal (Phoca vitulina), brown pelicans (Pelecanus occidentalis) present and feeding; collected eDNA prior to deploying baited traps (anchovy, squid). All eDNA collection completed & stored in cooler prior to opening bait cooler on the boat. Changed clothes before filtering in lab.",CA_NCb,"San Francisco Bay, California","San Francisco Bay 1, California"
CA_SF,NC_PM,pecoe-0340,2021-07-22,37.94549,-122.4191,NA,6:56:00,Field blank,exblank-2021-017,1000,2021,NA,NA, ; xn tech:  ; xn date: 5/4/22; xn notes: ; filtration comments:  ; tech:  ,Point Molate,"Margot Buchbinder, Emily Lam",0-0.5,slack,light,none,31,17.8,by_foot,1.0,present,"sampled a patchy part of the bed - patches 5-10 m apart; mean density 4.8 shoots/m^2, % veegtated quadrats = 54%, density in veegtated quads only = 8.9 shoots/m^2","Transect N to S, 10 m apart, consistently ~ 1 m depth","due to very low tide, had to sample in the deeper/patchier part of the bed.  Delayed due to access issue, so started sampling just after the low",CA_NCb,"San Francisco Bay, California","San Francisco Bay 1, California"
CA_SF,NC_PM,pecoe-0341,2021-07-22,37.94549,-122.4191,6:06:00,7:25:00,Sample,exblank-2021-017,600,2021,NA,NA,600; xn tech:  ; xn date: 5/4/22; xn notes: ; filtration comments:  ; tech:  ,Point Molate,"Margot Buchbinder, Emily Lam",0-0.5,slack,light,none,31,17.8,by_foot,1.0,present,"sampled a patchy part of the bed - patches 5-10 m apart; mean density 4.8 shoots/m^2, % veegtated quadrats = 54%, density in veegtated quads only = 8.9 shoots/m^2","Transect N to S, 10 m apart, consistently ~ 1 m depth","due to very low tide, had to sample in the deeper/patchier part of the bed.  Delayed due to access issue, so started sampling just after the low",CA_NCb,"San Francisco Bay, California","San Francisco Bay 1, California"
CA_SF,NC_PM,pecoe-0342,2021-07-22,37.94549,-122.4191,6:11:00,8:00:00,Sample,exblank-2021-017,700,2021,NA,NA,700; xn tech:  ; xn date: 5/4/22; xn notes: ; filtration comments:  ; tech:  ,Point Molate,"Margot Buchbinder, Emily Lam",0-0.5,slack,light,none,31,17.8,by_foot,1.0,present,"sampled a patchy part of the bed - patches 5-10 m apart; mean density 4.8 shoots/m^2, % veegtated quadrats = 54%, density in veegtated quads only = 8.9 shoots/m^2","Transect N to S, 10 m apart, consistently ~ 1 m depth","due to very low tide, had to sample in the deeper/patchier part of the bed.  Delayed due to access issue, so started sampling just after the low",CA_NCb,"San Francisco Bay, California","San Francisco Bay 1, California"
CA_SF,NC_PM,pecoe-0343,2021-07-22,37.94549,-122.4191,6:15:00,8:37:00,Sample,exblank-2021-017,700,2021,NA,NA,700; xn tech:  ; xn date: 5/4/22; xn notes: ; filtration comments:  ; tech:  ,Point Molate,"Margot Buchbinder, Emily Lam",0-0.5,slack,light,none,31,17.8,by_foot,1.0,present,"sampled a patchy part of the bed - patches 5-10 m apart; mean density 4.8 shoots/m^2, % veegtated quadrats = 54%, density in veegtated quads only = 8.9 shoots/m^2","Transect N to S, 10 m apart, consistently ~ 1 m depth","due to very low tide, had to sample in the deeper/patchier part of the bed.  Delayed due to access issue, so started sampling just after the low",CA_NCb,"San Francisco Bay, California","San Francisco Bay 1, California"
CA_SF,NC_PM,pecoe-0344,2021-07-22,37.94549,-122.4191,6:20:00,9:20:00,Sample,exblank-2021-017,950,2021,NA,NA,950; xn tech:  ; xn date: 5/4/22; xn notes: ; filtration comments:  ; tech:  ,Point Molate,"Margot Buchbinder, Emily Lam",0-0.5,slack,light,none,31,17.8,by_foot,1.0,present,"sampled a patchy part of the bed - patches 5-10 m apart; mean density 4.8 shoots/m^2, % veegtated quadrats = 54%, density in veegtated quads only = 8.9 shoots/m^2","Transect N to S, 10 m apart, consistently ~ 1 m depth","due to very low tide, had to sample in the deeper/patchier part of the bed.  Delayed due to access issue, so started sampling just after the low",CA_NCb,"San Francisco Bay, California","San Francisco Bay 1, California"
CA_NC,NC_B,pecoe-0345,2021-07-25,38.3339,-123.0595,NA,7:25:00,Field blank,exblank-2021-017,1000,2021,NA,NA,1000; xn tech:  ; xn date: 5/4/22; xn notes: ; filtration comments:  ; tech:  ,Masons Marina,Claire Murphy,0-0.5,low,none,none,35,14.325,by_foot,1-1.5,present,NA,Sampled within the grass bed (water was too high to sample deep edge). Each sample was ~10m apart and ran parallel to shore.,Temperature is from the lower trasect for the eelgrass wasting disease project. Temperature is from 24 hours before sampling. GPS coordinates are the average lat. and long. for the wasting disease transects.,CA_NCa,"Bodega Bay, California","Bodega Bay, California"
CA_NC,NC_B,pecoe-0346,2021-07-25,38.3339,-123.0595,6:26:00,7:50:00,Sample,exblank-2021-017,800,2021,NA,NA,800; xn tech:  ; xn date: 5/4/22; xn notes: ; filtration comments:  ; tech:  ,Masons Marina,Claire Murphy,0-0.5,low,none,none,35,14.325,by_foot,1-1.5,present,NA,Sampled within the grass bed (water was too high to sample deep edge). Each sample was ~10m apart and ran parallel to shore.,Temperature is from the lower trasect for the eelgrass wasting disease project. Temperature is from 24 hours before sampling. GPS coordinates are the average lat. and long. for the wasting disease transects.,CA_NCa,"Bodega Bay, California","Bodega Bay, California"
CA_NC,NC_B,pecoe-0347,2021-07-25,38.3339,-123.0595,6:29:00,8:32:00,Sample,exblank-2021-017,775,2021,NA,NA,775; xn tech:  ; xn date: 5/4/22; xn notes: ; filtration comments:  ; tech:  ,Masons Marina,Claire Murphy,0-0.5,low,none,none,35,14.325,by_foot,1-1.5,present,NA,Sampled within the grass bed (water was too high to sample deep edge). Each sample was ~10m apart and ran parallel to shore.,Temperature is from the lower trasect for the eelgrass wasting disease project. Temperature is from 24 hours before sampling. GPS coordinates are the average lat. and long. for the wasting disease transects.,CA_NCa,"Bodega Bay, California","Bodega Bay, California"
CA_NC,NC_B,pecoe-0348,2021-07-25,38.3339,-123.0595,6:30:00,9:10:00,Sample,exblank-2021-017,800,2021,NA,NA,"800, slow to filter after 500mL; xn tech:  ; xn date: 5/4/22; xn notes: ; filtration comments:  ; tech:  ",Masons Marina,Claire Murphy,0-0.5,low,none,none,35,14.325,by_foot,1-1.5,present,NA,Sampled within the grass bed (water was too high to sample deep edge). Each sample was ~10m apart and ran parallel to shore.,Temperature is from the lower trasect for the eelgrass wasting disease project. Temperature is from 24 hours before sampling. GPS coordinates are the average lat. and long. for the wasting disease transects.,CA_NCa,"Bodega Bay, California","Bodega Bay, California"
CA_NC,NC_B,pecoe-0349,2021-07-25,38.3339,-123.0595,6:33:00,9:53:00,Sample,exblank-2021-017,950,2021,NA,NA,950; xn tech:  ; xn date: 5/4/22; xn notes: ; filtration comments:  ; tech:  ,Masons Marina,Claire Murphy,0-0.5,low,none,none,35,14.325,by_foot,1-1.5,present,NA,Sampled within the grass bed (water was too high to sample deep edge). Each sample was ~10m apart and ran parallel to shore.,Temperature is from the lower trasect for the eelgrass wasting disease project. Temperature is from 24 hours before sampling. GPS coordinates are the average lat. and long. for the wasting disease transects.,CA_NCa,"Bodega Bay, California","Bodega Bay, California"
WA_PS,PS_IC,pecoe-0351,2021-07-27,48.5635,-122.93411,11:47:00,5:59:00,Sample,exblank-2021-020,1000,2021,NA,NA, ; xn tech:  ; xn date: 5/10/22; xn notes: ; filtration comments:  ; tech:  ,Indian Cove,"Lillian Aoki, Coco Dawkins, Olivia Graham, Jerimiah P",0-0.5,ebb,none,none,32,from HOBO,by_foot,1.2,present,"edge of large subtidal bed canopy height, 80 cm","consistent depth, parallel to shore",NA,WA_PSb,"Puget Sound & Padilla Bay, Washington","San Juan Islands, Washington"
WA_PS,PS_IC,pecoe-0352,2021-07-27,48.5635,-122.93411,11:41:00,5:30:00,Sample,exblank-2021-020,1000,2021,NA,NA, ; xn tech:  ; xn date: 5/10/22; xn notes: ; filtration comments:  ; tech:  ,Indian Cove,"Lillian Aoki, Coco Dawkins, Olivia Graham, Jerimiah P",0-0.5,ebb,none,none,32,from HOBO,by_foot,1.2,present,"edge of large subtidal bed canopy height, 80 cm","consistent depth, parallel to shore",NA,WA_PSb,"Puget Sound & Padilla Bay, Washington","San Juan Islands, Washington"
WA_PS,PS_IC,pecoe-0353,2021-07-27,48.5635,-122.93411,11:52:00,6:25:00,Sample,exblank-2021-020,1000,2021,NA,NA, ; xn tech:  ; xn date: 5/10/22; xn notes: ; filtration comments:  ; tech:  ,Indian Cove,"Lillian Aoki, Coco Dawkins, Olivia Graham, Jerimiah P",0-0.5,ebb,none,none,32,from HOBO,by_foot,1.2,present,"edge of large subtidal bed canopy height, 80 cm","consistent depth, parallel to shore",NA,WA_PSb,"Puget Sound & Padilla Bay, Washington","San Juan Islands, Washington"
WA_PS,PS_IC,pecoe-0354,2021-07-27,48.5635,-122.93411,11:36:00,5:03:00,Sample,exblank-2021-020,1000,2021,NA,NA, ; xn tech:  ; xn date: 5/10/22; xn notes: ; filtration comments:  ; tech:  ,Indian Cove,"Lillian Aoki, Coco Dawkins, Olivia Graham, Jerimiah P",0-0.5,ebb,none,none,32,from HOBO,by_foot,1.2,present,"edge of large subtidal bed canopy height, 80 cm","consistent depth, parallel to shore",NA,WA_PSb,"Puget Sound & Padilla Bay, Washington","San Juan Islands, Washington"
WA_PS,PS_IC,pecoe-0355,2021-07-27,48.5635,-122.93411,NA,4:39:00,Field blank,exblank-2021-020,1000,2021,NA,NA, ; xn tech:  ; xn date: 5/10/22; xn notes: ; filtration comments:  ; tech:  ,Indian Cove,"Lillian Aoki, Coco Dawkins, Olivia Graham, Jerimiah P",0-0.5,ebb,none,none,32,from HOBO,by_foot,1.2,present,"edge of large subtidal bed canopy height, 80 cm","consistent depth, parallel to shore",NA,WA_PSb,"Puget Sound & Padilla Bay, Washington","San Juan Islands, Washington"
WA_PS,PS_NC,pecoe-0356,2021-07-08,48.70463,-123.05442,NA,2:30:00,Field blank,exblank-2021-020,1000,2021,NA,NA, ; xn tech:  ; xn date: 5/10/22; xn notes: ; filtration comments:  ; tech:  ,"North Cove, Waldron Island",Olivia Graham,0-0.5,low,light,none,25,15.38,by_foot,1.0,present,"for detailed cover density, canopy height, etc., see NSF data. Distinct patches, epiphytes",consistent depth,"lots of disease on eelgrass (very large lesions), eelgrass in upper gully looked shockingly healthy, 25 ppt in gully",WA_PSb,"Puget Sound & Padilla Bay, Washington","San Juan Islands, Washington"
WA_PS,PS_NC,pecoe-0357,2021-07-08,48.70463,-123.05442,12:00:00,3:21:00,Sample,exblank-2021-020,850,2021,NA,NA,850 mL; xn tech:  ; xn date: 5/10/22; xn notes: ; filtration comments:  ; tech:  ,"North Cove, Waldron Island",Olivia Graham,0-0.5,low,light,none,25,15.38,by_foot,1.0,present,"for detailed cover density, canopy height, etc., see NSF data. Distinct patches, epiphytes",consistent depth,"lots of disease on eelgrass (very large lesions), eelgrass in upper gully looked shockingly healthy, 25 ppt in gully",WA_PSb,"Puget Sound & Padilla Bay, Washington","San Juan Islands, Washington"
WA_PS,PS_NC,pecoe-0358,2021-07-08,48.70463,-123.05442,12:15:00,5:54:00,Sample,exblank-2021-020,900,2021,NA,NA,900 mL; xn tech:  ; xn date: 5/10/22; xn notes: ; filtration comments:  ; tech:  ,"North Cove, Waldron Island",Olivia Graham,0-0.5,low,light,none,25,15.38,by_foot,1.0,present,"for detailed cover density, canopy height, etc., see NSF data. Distinct patches, epiphytes",consistent depth,"lots of disease on eelgrass (very large lesions), eelgrass in upper gully looked shockingly healthy, 25 ppt in gully",WA_PSb,"Puget Sound & Padilla Bay, Washington","San Juan Islands, Washington"
WA_PS,PS_NC,pecoe-0359,2021-07-08,48.70463,-123.05442,12:10:00,5:09:00,Sample,exblank-2021-020,900,2021,NA,NA,900 mL; xn tech:  ; xn date: 5/10/22; xn notes: ; filtration comments:  ; tech:  ,"North Cove, Waldron Island",Olivia Graham,0-0.5,low,light,none,25,15.38,by_foot,1.0,present,"for detailed cover density, canopy height, etc., see NSF data. Distinct patches, epiphytes",consistent depth,"lots of disease on eelgrass (very large lesions), eelgrass in upper gully looked shockingly healthy, 25 ppt in gully",WA_PSb,"Puget Sound & Padilla Bay, Washington","San Juan Islands, Washington"
WA_PS,PS_NC,pecoe-0360,2021-07-08,48.70463,-123.05442,12:05:00,4:17:00,Sample,exblank-2021-020,1000,2021,NA,NA, ; xn tech:  ; xn date: 5/10/22; xn notes: ; filtration comments:  ; tech:  ,"North Cove, Waldron Island",Olivia Graham,0-0.5,low,light,none,25,15.38,by_foot,1.0,present,"for detailed cover density, canopy height, etc., see NSF data. Distinct patches, epiphytes",consistent depth,"lots of disease on eelgrass (very large lesions), eelgrass in upper gully looked shockingly healthy, 25 ppt in gully",WA_PSb,"Puget Sound & Padilla Bay, Washington","San Juan Islands, Washington"
WA_PS,PS_FB,pecoe-0361,2021-07-26,48.4828,-123.07362,10:00:00,15:33:00,Sample,exblank-2021-020,750,2021,NA,NA,750 mL; xn tech:  ; xn date: 5/10/22; xn notes: ; filtration comments:  ; tech:  ,False Bay,"Lillian Aoki, Coco Dawkins",0-0.5,ebb,light,none,NA,from HOBO,by_boat,1.5,present,"seagrass patches (4 m^2), interspersed w tidal channels and sandbars, continuous bed bearby (see drone images)","parallel to sandbar, in patches of seagrass",NA,WA_PSb,"Puget Sound & Padilla Bay, Washington","San Juan Islands, Washington"
WA_PS,PS_FB,pecoe-0362,2021-07-26,48.4828,-123.07362,NA,14:26:00,Field blank,exblank-2021-020,1000,2021,NA,NA, ; xn tech:  ; xn date: 5/10/22; xn notes: ; filtration comments:  ; tech:  ,False Bay,"Lillian Aoki, Coco Dawkins",0-0.5,ebb,light,none,NA,from HOBO,by_boat,1.5,present,"seagrass patches (4 m^2), interspersed w tidal channels and sandbars, continuous bed bearby (see drone images)","parallel to sandbar, in patches of seagrass",NA,WA_PSb,"Puget Sound & Padilla Bay, Washington","San Juan Islands, Washington"
WA_PS,PS_FB,pecoe-0363,2021-07-26,48.4828,-123.07362,10:11:00,16:50:00,Sample,exblank-2021-020,1000,2021,NA,NA, ; xn tech:  ; xn date: 5/10/22; xn notes: ; filtration comments:  ; tech:  ,False Bay,"Lillian Aoki, Coco Dawkins",0-0.5,ebb,light,none,NA,from HOBO,by_boat,1.5,present,"seagrass patches (4 m^2), interspersed w tidal channels and sandbars, continuous bed bearby (see drone images)","parallel to sandbar, in patches of seagrass",NA,WA_PSb,"Puget Sound & Padilla Bay, Washington","San Juan Islands, Washington"
WA_PS,PS_FB,pecoe-0364,2021-07-26,48.4828,-123.07362,9:56:00,14:52:00,Sample,exblank-2021-020,750,2021,NA,NA,750 mL; xn tech:  ; xn date: 5/10/22; xn notes: ; filtration comments:  ; tech:  ,False Bay,"Lillian Aoki, Coco Dawkins",0-0.5,ebb,light,none,NA,from HOBO,by_boat,1.5,present,"seagrass patches (4 m^2), interspersed w tidal channels and sandbars, continuous bed bearby (see drone images)","parallel to sandbar, in patches of seagrass",NA,WA_PSb,"Puget Sound & Padilla Bay, Washington","San Juan Islands, Washington"
WA_PS,PS_FB,pecoe-0365,2021-07-26,48.4828,-123.07362,10:06:00,16:16:00,Sample,exblank-2021-020,600,2021,NA,NA,600 mL; xn tech:  ; xn date: 5/10/22; xn notes: ; filtration comments:  ; tech:  ,False Bay,"Lillian Aoki, Coco Dawkins",0-0.5,ebb,light,none,NA,from HOBO,by_boat,1.5,present,"seagrass patches (4 m^2), interspersed w tidal channels and sandbars, continuous bed bearby (see drone images)","parallel to sandbar, in patches of seagrass",NA,WA_PSb,"Puget Sound & Padilla Bay, Washington","San Juan Islands, Washington"
WA_PS,PS_BH,pecoe-0366,2021-07-10,48.69185,-122.9528,11:30:00,3:30:00,Sample,exblank-2021-020,925,2021,NA,NA,925 mL; xn tech:  ; xn date: 5/10/22; xn notes: ; filtration comments:  ; tech:  ,Beach Haven,Olivia Graham,0-0.5,low,light,none,31,from HOBO,by_foot,1.0,present,"intertidal almost nonexistent, robust shallow and deep subtidal","10 m apart, consistent depth, took samples in meadow not bare sand",NA,WA_PSb,"Puget Sound & Padilla Bay, Washington","San Juan Islands, Washington"
WA_PS,PS_BH,pecoe-0367,2021-07-10,48.69185,-122.9528,NA,2:55:00,Field blank,exblank-2021-020,1000,2021,NA,NA, ; xn tech:  ; xn date: 5/10/22; xn notes: ; filtration comments:  ; tech:  ,Beach Haven,Olivia Graham,0-0.5,low,light,none,31,from HOBO,by_foot,1.0,present,"intertidal almost nonexistent, robust shallow and deep subtidal","10 m apart, consistent depth, took samples in meadow not bare sand",NA,WA_PSb,"Puget Sound & Padilla Bay, Washington","San Juan Islands, Washington"
WA_PS,PS_BH,pecoe-0368,2021-07-10,48.69185,-122.9528,11:45:00,5:48:00,Sample,exblank-2021-020,800,2021,NA,NA,800 mL; xn tech:  ; xn date: 5/10/22; xn notes: ; filtration comments:  ; tech:  ,Beach Haven,Olivia Graham,0-0.5,low,light,none,31,from HOBO,by_foot,1.0,present,"intertidal almost nonexistent, robust shallow and deep subtidal","10 m apart, consistent depth, took samples in meadow not bare sand",NA,WA_PSb,"Puget Sound & Padilla Bay, Washington","San Juan Islands, Washington"
WA_PS,PS_BH,pecoe-0369,2021-07-10,48.69185,-122.9528,11:40:00,5:18:00,Sample,exblank-2021-020,800,2021,NA,NA,800 mL; xn tech:  ; xn date: 5/10/22; xn notes: ; filtration comments:  ; tech:  ,Beach Haven,Olivia Graham,0-0.5,low,light,none,31,from HOBO,by_foot,1.0,present,"intertidal almost nonexistent, robust shallow and deep subtidal","10 m apart, consistent depth, took samples in meadow not bare sand",NA,WA_PSb,"Puget Sound & Padilla Bay, Washington","San Juan Islands, Washington"
WA_PS,PS_BH,pecoe-0370,2021-07-10,48.69185,-122.9528,11:35:00,4:37:00,Sample,exblank-2021-020,800,2021,NA,NA,800 mL; xn tech:  ; xn date: 5/10/22; xn notes: ; filtration comments:  ; tech:  ,Beach Haven,Olivia Graham,0-0.5,low,light,none,31,from HOBO,by_foot,1.0,present,"intertidal almost nonexistent, robust shallow and deep subtidal","10 m apart, consistent depth, took samples in meadow not bare sand",NA,WA_PSb,"Puget Sound & Padilla Bay, Washington","San Juan Islands, Washington"
WA_PS,PS_FJ,pecoe-0371,2021-07-11,48.46859,-123.00181,13:55:00,18:28:00,Sample,exblank-2021-020,1000,2021,NA,NA, ; xn tech:  ; xn date: 5/10/22; xn notes: ; filtration comments:  ; tech:  ,Fourth of July Beach,"Lillian Aoki, Coco Dawkins",0.5-1,flood,medium,none,33,16.0,by_foot,1.0,present,thick,"paralel to shore, about 10m away from shore, 10m apart",NA,WA_PSb,"Puget Sound & Padilla Bay, Washington","San Juan Islands, Washington"
WA_PS,PS_FJ,pecoe-0372,2021-07-11,48.46859,-123.00181,NA,16:23:00,Field blank,exblank-2021-020,1000,2021,NA,NA,"filtering took less time at FJ than other sites, less turbid waters?; xn tech:  ; xn date: 5/10/22; xn notes: ; filtration comments:  ; tech:  ",Fourth of July Beach,"Lillian Aoki, Coco Dawkins",0.5-1,flood,medium,none,33,16.0,by_foot,1.0,present,thick,"paralel to shore, about 10m away from shore, 10m apart",NA,WA_PSb,"Puget Sound & Padilla Bay, Washington","San Juan Islands, Washington"
WA_PS,PS_FJ,pecoe-0373,2021-07-11,48.46859,-123.00181,13:45:00,17:53:00,Sample,exblank-2021-020,1000,2021,NA,NA, ; xn tech:  ; xn date: 5/10/22; xn notes: ; filtration comments:  ; tech:  ,Fourth of July Beach,"Lillian Aoki, Coco Dawkins",0.5-1,flood,medium,none,33,16.0,by_foot,1.0,present,thick,"paralel to shore, about 10m away from shore, 10m apart",NA,WA_PSb,"Puget Sound & Padilla Bay, Washington","San Juan Islands, Washington"
WA_PS,PS_FJ,pecoe-0374,2021-07-11,48.46859,-123.00181,13:25:00,16:50:00,Sample,exblank-2021-020,1000,2021,NA,NA, ; xn tech:  ; xn date: 5/10/22; xn notes: ; filtration comments:  ; tech:  ,Fourth of July Beach,"Lillian Aoki, Coco Dawkins",0.5-1,flood,medium,none,33,16.0,by_foot,1.0,present,thick,"paralel to shore, about 10m away from shore, 10m apart",NA,WA_PSb,"Puget Sound & Padilla Bay, Washington","San Juan Islands, Washington"
WA_PS,PS_FJ,pecoe-0375,2021-07-11,48.46859,-123.00181,13:35:00,17:20:00,Sample,exblank-2021-020,1000,2021,NA,NA, ; xn tech:  ; xn date: 5/10/22; xn notes: ; filtration comments:  ; tech:  ,Fourth of July Beach,"Lillian Aoki, Coco Dawkins",0.5-1,flood,medium,none,33,16.0,by_foot,1.0,present,thick,"paralel to shore, about 10m away from shore, 10m apart",NA,WA_PSb,"Puget Sound & Padilla Bay, Washington","San Juan Islands, Washington"
OR_CB,CB_BV,pecoe-0377,2021-07-23,43.35965,-124.316933,6:50:00,21 min,Sample,exblank-2021-006,1000,2021,NA,NA,No HEPA Filter was provided in kit. Pumped air is unfiltered.; xn tech:  ; xn date: 3/28/22; xn notes: ; filtration comments:  ; tech:  ,Bar View,"FTN, RSM",0-0.5,flood,light,none,36,ND,by_foot,NA,present,"Dense, some ulva and cystocera; observed rockfish and english sole in bed","parallel to shore, about 10m away from shore, 10m apart",original coordinate: 43° 21.579'N 124° 19.106'W,OR_CB,"Coos Bay, Oregon","Coos Bay, Oregon"
OR_CB,CB_BV,pecoe-0378,2021-07-23,43.35965,-124.316933,6:50:00,21 min,Field blank,exblank-2021-006,1000,2021,NA,NA,No HEPA Filter was provided in kit. Pumped air is unfiltered.; xn tech:  ; xn date: 3/28/22; xn notes: ; filtration comments:  ; tech:  ,Bar View,"FTN, RSM",0-0.5,flood,light,none,36,ND,by_foot,NA,present,"Dense, some ulva and cystocera; observed rockfish and english sole in bed","parallel to shore, about 10m away from shore, 10m apart",original coordinate: 43° 21.579'N 124° 19.106'W,OR_CB,"Coos Bay, Oregon","Coos Bay, Oregon"
CA_NC,NC_DE,pecoe-0379,2021-08-06,38.0645,-122.93317,NA,1130,Field blank,exblank-2021-013,1000,2021,NA,NA, ; xn tech:  ; xn date: 4/18/22; xn notes: ; filtration comments:  ; tech:  ,Drakes Estero,"B Hughes, A Cooper, J Jackson, M Ramsey",0-0.5,low,light,none,33.67,17.43,by_foot,1.0,present,"very large, extremely dense beds","10m apart (13 large steps) parallel to shore, walking north for subsequent samples, @ consistent depth",NA,CA_NCc,"Bodega Bay, California","San Francisco Bay 2, California"
CA_NC,NC_DE,pecoe-0380,2021-08-06,38.0645,-122.93317,900,1150,Sample,exblank-2021-013,850,2021,NA,NA,850mL filtered; xn tech:  ; xn date: 4/18/22; xn notes: ; filtration comments:  ; tech:  ,Drakes Estero,"B Hughes, A Cooper, J Jackson, M Ramsey",0-0.5,low,light,none,33.67,17.43,by_foot,1.0,present,"very large, extremely dense beds","10m apart (13 large steps) parallel to shore, walking north for subsequent samples, @ consistent depth",NA,CA_NCc,"Bodega Bay, California","San Francisco Bay 2, California"
CA_NC,NC_DE,pecoe-0381,2021-08-06,38.0645,-122.93317,902,1220,Sample,exblank-2021-013,725,2021,NA,NA,725mL filtered; xn tech:  ; xn date: 4/18/22; xn notes: ; filtration comments:  ; tech:  ,Drakes Estero,"B Hughes, A Cooper, J Jackson, M Ramsey",0-0.5,low,light,none,33.67,17.43,by_foot,1.0,present,"very large, extremely dense beds","10m apart (13 large steps) parallel to shore, walking north for subsequent samples, @ consistent depth",NA,CA_NCc,"Bodega Bay, California","San Francisco Bay 2, California"
CA_NC,NC_DE,pecoe-0382,2021-08-06,38.0645,-122.93317,905,1255,Sample,exblank-2021-013,675,2021,NA,NA,675mL filtered; xn tech:  ; xn date: 4/18/22; xn notes: ; filtration comments:  ; tech:  ,Drakes Estero,"B Hughes, A Cooper, J Jackson, M Ramsey",0-0.5,low,light,none,33.67,17.43,by_foot,1.0,present,"very large, extremely dense beds","10m apart (13 large steps) parallel to shore, walking north for subsequent samples, @ consistent depth",NA,CA_NCc,"Bodega Bay, California","San Francisco Bay 2, California"
CA_NC,NC_DE,pecoe-0383,2021-08-06,38.0645,-122.93317,907,1320,Sample,exblank-2021-013,750,2021,NA,NA,750mL filtered; xn tech:  ; xn date: 4/18/22; xn notes: ; filtration comments:  ; tech:  ,Drakes Estero,"B Hughes, A Cooper, J Jackson, M Ramsey",0-0.5,low,light,none,33.67,17.43,by_foot,1.0,present,"very large, extremely dense beds","10m apart (13 large steps) parallel to shore, walking north for subsequent samples, @ consistent depth",NA,CA_NCc,"Bodega Bay, California","San Francisco Bay 2, California"
BC_PP,PP_E,pecoe-0384,2021-07-14,48.876733,-125.305,13:35:00,15:24 - 15:46,Sample,exblank-2021-018,1000,2021,NA,NA,1000ml filtered; xn tech:  ; xn date: 5/5/22; xn notes: ; filtration comments:  ; tech:  ,Effingham,"Yakimishyn, Jennifer Bohlen, Krista",0-0.5,flood,light,none,31,14.6,by_boat,1.1-1.8,present,NA,"end of transect (location where the 4th sample was taken) 48 52.616, 125 18.361, 2 samples taken in one seine site, 1 sample taken over 2nd seine site, 1 sample taken over 3rd seine site","48 52.604,125 18.300",BC_PP,"Pacific Rim Park, British Columbia","Pacific Rim Park, British Columbia"
BC_PP,PP_E,pecoe-0385,2021-07-14,48.876733,-125.305,NA,14:10 - 14:20,Field blank,exblank-2021-018,1000,2021,NA,NA,1000ml filtered; xn tech:  ; xn date: 5/5/22; xn notes: ; filtration comments:  ; tech:  ,Effingham,"Yakimishyn, Jennifer Bohlen, Krista",0-0.5,flood,light,none,31,14.6,by_boat,1.1-1.8,present,NA,"end of transect (location where the 4th sample was taken) 48 52.616, 125 18.361, 2 samples taken in one seine site, 1 sample taken over 2nd seine site, 1 sample taken over 3rd seine site","48 52.604,125 18.300",BC_PP,"Pacific Rim Park, British Columbia","Pacific Rim Park, British Columbia"
BC_PP,PP_E,pecoe-0386,2021-07-14,48.876733,-125.305,13:35:00,14:27 - 14:42,Sample,exblank-2021-018,1000,2021,NA,NA,1000ml filtered; xn tech:  ; xn date: 5/5/22; xn notes: ; filtration comments:  ; tech:  ,Effingham,"Yakimishyn, Jennifer Bohlen, Krista",0-0.5,flood,light,none,31,14.6,by_boat,1.1-1.8,present,NA,"end of transect (location where the 4th sample was taken) 48 52.616, 125 18.361, 2 samples taken in one seine site, 1 sample taken over 2nd seine site, 1 sample taken over 3rd seine site","48 52.604,125 18.300",BC_PP,"Pacific Rim Park, British Columbia","Pacific Rim Park, British Columbia"
BC_PP,PP_E,pecoe-0387,2021-07-14,48.876733,-125.305,13:35:00,15:06 - 15:20,Sample,exblank-2021-018,1000,2021,NA,NA,1000ml filtered; xn tech:  ; xn date: 5/5/22; xn notes: ; filtration comments:  ; tech:  ,Effingham,"Yakimishyn, Jennifer Bohlen, Krista",0-0.5,flood,light,none,31,14.6,by_boat,1.1-1.8,present,NA,"end of transect (location where the 4th sample was taken) 48 52.616, 125 18.361, 2 samples taken in one seine site, 1 sample taken over 2nd seine site, 1 sample taken over 3rd seine site","48 52.604,125 18.300",BC_PP,"Pacific Rim Park, British Columbia","Pacific Rim Park, British Columbia"
BC_PP,PP_E,pecoe-0388,2021-07-14,48.876733,-125.305,13:35:00,14:47 - 15:01,Sample,exblank-2021-018,1000,2021,NA,NA,1000ml filtered; xn tech:  ; xn date: 5/5/22; xn notes: ; filtration comments:  ; tech:  ,Effingham,"Yakimishyn, Jennifer Bohlen, Krista",0-0.5,flood,light,none,31,14.6,by_boat,1.1-1.8,present,NA,"end of transect (location where the 4th sample was taken) 48 52.616, 125 18.361, 2 samples taken in one seine site, 1 sample taken over 2nd seine site, 1 sample taken over 3rd seine site","48 52.604,125 18.300",BC_PP,"Pacific Rim Park, British Columbia","Pacific Rim Park, British Columbia"
BC_PP,PP_C,pecoe-0389,2021-07-13,48.88845,-125.3797,13:53:00,15:43 - 15:51,Sample,exblank-2021-018,1000,2021,NA,NA,1000ml filtered; xn tech:  ; xn date: 5/5/22; xn notes: ; filtration comments:  ; tech:  ,Clarke,"Yakimishyn, Jennifer Bohlen, Krista",0.5-1,high,light,none,31,13.7,by_boat,1.6-2.2,present,NA,"end of transect 48 53.292, 125 22.783","48 53.307,125 22.782",BC_PP,"Pacific Rim Park, British Columbia","Pacific Rim Park, British Columbia"
BC_PP,PP_C,pecoe-0390,2021-07-13,48.88845,-125.3797,13:53:00,14:46 - 15:15,Sample,exblank-2021-018,1000,2021,NA,NA,1000ml filtered; xn tech:  ; xn date: 5/5/22; xn notes: ; filtration comments:  ; tech:  ,Clarke,"Yakimishyn, Jennifer Bohlen, Krista",0.5-1,high,light,none,31,13.7,by_boat,1.6-2.2,present,NA,"end of transect 48 53.292, 125 22.783","48 53.307,125 22.782",BC_PP,"Pacific Rim Park, British Columbia","Pacific Rim Park, British Columbia"
BC_PP,PP_C,pecoe-0391,2021-07-13,48.88845,-125.3797,13:53:00,15:21 - 15:34,Sample,exblank-2021-018,1000,2021,NA,NA,1000ml filtered; xn tech:  ; xn date: 5/5/22; xn notes: ; filtration comments:  ; tech:  ,Clarke,"Yakimishyn, Jennifer Bohlen, Krista",0.5-1,high,light,none,31,13.7,by_boat,1.6-2.2,present,NA,"end of transect 48 53.292, 125 22.783","48 53.307,125 22.782",BC_PP,"Pacific Rim Park, British Columbia","Pacific Rim Park, British Columbia"
BC_PP,PP_C,pecoe-0392,2021-07-13,48.88845,-125.3797,13:53:00,15:37 - 15:42,Sample,exblank-2021-018,1000,2021,NA,NA,1000ml filtered; xn tech:  ; xn date: 5/5/22; xn notes: ; filtration comments:  ; tech:  ,Clarke,"Yakimishyn, Jennifer Bohlen, Krista",0.5-1,high,light,none,31,13.7,by_boat,1.6-2.2,present,NA,"end of transect 48 53.292, 125 22.783","48 53.307,125 22.782",BC_PP,"Pacific Rim Park, British Columbia","Pacific Rim Park, British Columbia"
BC_PP,PP_C,pecoe-0393,2021-07-13,48.88845,-125.3797,NA,14:34 - 14:43,Field blank,exblank-2021-018,1000,2021,NA,NA,1000ml filtered; xn tech:  ; xn date: 5/5/22; xn notes: ; filtration comments:  ; tech:  ,Clarke,"Yakimishyn, Jennifer Bohlen, Krista",0.5-1,high,light,none,31,13.7,by_boat,1.6-2.2,present,NA,"end of transect 48 53.292, 125 22.783","48 53.307,125 22.782",BC_PP,"Pacific Rim Park, British Columbia","Pacific Rim Park, British Columbia"
BC_PP,PP_JJ,pecoe-0394,2021-07-10,48.924283,-125.2906,15:05:00,16:30 - 16:45,Sample,exblank-2021-018,1000,2021,NA,NA,1000ml filtered; xn tech:  ; xn date: 5/5/22; xn notes: ; filtration comments:  ; tech:  ,Jaques-Jarvis Lagoon,"Yakimishyn, Jennifer Bohlen, Krista",0.5-1,high,light,none,29.4,18.4,by_boat,1.6-2.4,present,NA,"second sample taken at 48 55.469, 125 17.448","shiner perch schools observed, 48 55.457,125 17.436",BC_PP,"Pacific Rim Park, British Columbia","Pacific Rim Park, British Columbia"
BC_PP,PP_JJ,pecoe-0395,2021-07-10,48.924283,-125.2906,15:05:00,17:50 - 18:10,Sample,exblank-2021-018,1000,2021,NA,NA,1000ml filtered; xn tech:  ; xn date: 5/5/22; xn notes: ; filtration comments:  ; tech:  ,Jaques-Jarvis Lagoon,"Yakimishyn, Jennifer Bohlen, Krista",0.5-1,high,light,none,29.4,18.4,by_boat,1.6-2.4,present,NA,"second sample taken at 48 55.469, 125 17.448","shiner perch schools observed, 48 55.457,125 17.436",BC_PP,"Pacific Rim Park, British Columbia","Pacific Rim Park, British Columbia"
BC_PP,PP_JJ,pecoe-0396,2021-07-10,48.924283,-125.2906,NA,16:10 - 16:20,Field blank,exblank-2021-018,1000,2021,NA,NA,1000ml filtered; xn tech:  ; xn date: 5/5/22; xn notes: ; filtration comments:  ; tech:  ,Jaques-Jarvis Lagoon,"Yakimishyn, Jennifer Bohlen, Krista",0.5-1,high,light,none,29.4,18.4,by_boat,1.6-2.4,present,NA,"second sample taken at 48 55.469, 125 17.448","shiner perch schools observed, 48 55.457,125 17.436",BC_PP,"Pacific Rim Park, British Columbia","Pacific Rim Park, British Columbia"
BC_PP,PP_JJ,pecoe-0397,2021-07-10,48.924283,-125.2906,15:05:00,17:23 - 17:41,Sample,exblank-2021-019,1000,2021,NA,NA,1000ml filtered; xn tech:  ; xn date: 5/6/22; xn notes: ; filtration comments:  ; tech:  ,Jaques-Jarvis Lagoon,"Yakimishyn, Jennifer Bohlen, Krista",0.5-1,high,light,none,29.4,18.4,by_boat,1.6-2.4,present,NA,"second sample taken at 48 55.469, 125 17.448","shiner perch schools observed, 48 55.457,125 17.436",BC_PP,"Pacific Rim Park, British Columbia","Pacific Rim Park, British Columbia"
BC_PP,PP_JJ,pecoe-0398,2021-07-10,48.924283,-125.2906,15:05:00,16:57 - 17:17,Sample,exblank-2021-019,1000,2021,NA,NA,1000ml filtered; xn tech:  ; xn date: 5/6/22; xn notes: ; filtration comments:  ; tech:  ,Jaques-Jarvis Lagoon,"Yakimishyn, Jennifer Bohlen, Krista",0.5-1,high,light,none,29.4,18.4,by_boat,1.6-2.4,present,NA,"second sample taken at 48 55.469, 125 17.448","shiner perch schools observed, 48 55.457,125 17.436",BC_PP,"Pacific Rim Park, British Columbia","Pacific Rim Park, British Columbia"
BC_PP,PP_HI,pecoe-0399,2021-07-12,48.951167,-125.313083,13:38:00,14:22 - 14:43,Sample,exblank-2021-018,1000,2021,NA,NA,1000ml filtered; xn tech:  ; xn date: 5/5/22; xn notes: ; filtration comments:  ; tech:  ,Hand Island,"Yakimishyn, Jennifer Bohlen, Krista",0-0.5,high,light,none,30.1,16.3,by_boat,1.5-2.0,present,NA,"end of transect 48 57.061, 125 18.806, samples taken 10m apart, where beach seines were made (10:00 - 10:30)","48 57.070,125 18.785",BC_PP,"Pacific Rim Park, British Columbia","Pacific Rim Park, British Columbia"
BC_PP,PP_HI,pecoe-0400,2021-07-12,48.951167,-125.313083,13:38:00,15:30 - 15:48,Sample,exblank-2021-018,1000,2021,NA,NA,1000ml filtered; xn tech:  ; xn date: 5/5/22; xn notes: ; filtration comments:  ; tech:  ,Hand Island,"Yakimishyn, Jennifer Bohlen, Krista",0-0.5,high,light,none,30.1,16.3,by_boat,1.5-2.0,present,NA,"end of transect 48 57.061, 125 18.806, samples taken 10m apart, where beach seines were made (10:00 - 10:30)","48 57.070,125 18.785",BC_PP,"Pacific Rim Park, British Columbia","Pacific Rim Park, British Columbia"
BC_PP,PP_HI,pecoe-0401,2021-07-12,48.951167,-125.313083,13:38:00,15:10 - 15:23,Sample,exblank-2021-018,1000,2021,NA,NA,1000ml filtered; xn tech:  ; xn date: 5/5/22; xn notes: ; filtration comments:  ; tech:  ,Hand Island,"Yakimishyn, Jennifer Bohlen, Krista",0-0.5,high,light,none,30.1,16.3,by_boat,1.5-2.0,present,NA,"end of transect 48 57.061, 125 18.806, samples taken 10m apart, where beach seines were made (10:00 - 10:30)","48 57.070,125 18.785",BC_PP,"Pacific Rim Park, British Columbia","Pacific Rim Park, British Columbia"
BC_PP,PP_HI,pecoe-0402,2021-07-12,48.951167,-125.313083,13:38:00,14:45 - 15:07,Sample,exblank-2021-018,1000,2021,NA,NA,1000ml filtered; xn tech:  ; xn date: 5/5/22; xn notes: ; filtration comments:  ; tech:  ,Hand Island,"Yakimishyn, Jennifer Bohlen, Krista",0-0.5,high,light,none,30.1,16.3,by_boat,1.5-2.0,present,NA,"end of transect 48 57.061, 125 18.806, samples taken 10m apart, where beach seines were made (10:00 - 10:30)","48 57.070,125 18.785",BC_PP,"Pacific Rim Park, British Columbia","Pacific Rim Park, British Columbia"
BC_PP,PP_HI,pecoe-0403,2021-07-12,48.951167,-125.313083,NA,14:10 - 14:19,Field blank,exblank-2021-018,1000,2021,NA,NA,1000ml filtered; xn tech:  ; xn date: 5/5/22; xn notes: ; filtration comments:  ; tech:  ,Hand Island,"Yakimishyn, Jennifer Bohlen, Krista",0-0.5,high,light,none,30.1,16.3,by_boat,1.5-2.0,present,NA,"end of transect 48 57.061, 125 18.806, samples taken 10m apart, where beach seines were made (10:00 - 10:30)","48 57.070,125 18.785",BC_PP,"Pacific Rim Park, British Columbia","Pacific Rim Park, British Columbia"
BC_PP,PP_SI,pecoe-0404,2021-07-11,48.992217,-125.346867,NA,13:38 - 13:50,Field blank,exblank-2021-018,1000,2021,NA,NA,1000ml filtered; xn tech:  ; xn date: 5/5/22; xn notes: ; filtration comments:  ; tech:  ,Stopper Islands,"Yakimishyn, Jennifer Bohlen, Krista",0-0.5,high,light,none,28.9,19.4,by_boat,1.6-1.9,present,NA,"samples taken along meadow, ~10-20m apart",48 59.533125 20.812,BC_PP,"Pacific Rim Park, British Columbia","Pacific Rim Park, British Columbia"
BC_PP,PP_SI,pecoe-0405,2021-07-11,48.992217,-125.346867,12:55:00,14:49 - 15:08,Sample,exblank-2021-018,1000,2021,NA,NA,1000ml filtered; xn tech:  ; xn date: 5/5/22; xn notes: ; filtration comments:  ; tech:  ,Stopper Islands,"Yakimishyn, Jennifer Bohlen, Krista",0-0.5,high,light,none,28.9,19.4,by_boat,1.6-1.9,present,NA,"samples taken along meadow, ~10-20m apart",48 59.533125 20.812,BC_PP,"Pacific Rim Park, British Columbia","Pacific Rim Park, British Columbia"
BC_PP,PP_SI,pecoe-0406,2021-07-11,48.992217,-125.346867,12:55:00,14:12 - 14:28,Sample,exblank-2021-018,1000,2021,NA,NA,1000ml filtered; xn tech:  ; xn date: 5/5/22; xn notes: ; filtration comments:  ; tech:  ,Stopper Islands,"Yakimishyn, Jennifer Bohlen, Krista",0-0.5,high,light,none,28.9,19.4,by_boat,1.6-1.9,present,NA,"samples taken along meadow, ~10-20m apart",48 59.533125 20.812,BC_PP,"Pacific Rim Park, British Columbia","Pacific Rim Park, British Columbia"
BC_PP,PP_SI,pecoe-0407,2021-07-11,48.992217,-125.346867,12:55:00,13:54 - 14:07,Sample,exblank-2021-018,1000,2021,NA,NA,1000ml filtered; xn tech:  ; xn date: 5/5/22; xn notes: ; filtration comments:  ; tech:  ,Stopper Islands,"Yakimishyn, Jennifer Bohlen, Krista",0-0.5,high,light,none,28.9,19.4,by_boat,1.6-1.9,present,NA,"samples taken along meadow, ~10-20m apart",48 59.533125 20.812,BC_PP,"Pacific Rim Park, British Columbia","Pacific Rim Park, British Columbia"
BC_PP,PP_SI,pecoe-0408,2021-07-11,48.992217,-125.346867,12:55:00,14:30 - 14:45,Sample,exblank-2021-018,1000,2021,NA,NA,1000ml filtered; xn tech:  ; xn date: 5/5/22; xn notes: ; filtration comments:  ; tech:  ,Stopper Islands,"Yakimishyn, Jennifer Bohlen, Krista",0-0.5,high,light,none,28.9,19.4,by_boat,1.6-1.9,present,NA,"samples taken along meadow, ~10-20m apart",48 59.533125 20.812,BC_PP,"Pacific Rim Park, British Columbia","Pacific Rim Park, British Columbia"
BC_PP,PP_G,pecoe-0409,2021-07-10,48.9123,-125.260333,NA,15:53 - 16:00,Field blank,exblank-2021-019,1000,2021,NA,NA,1000ml filtered; xn tech:  ; xn date: 5/6/22; xn notes: ; filtration comments:  ; tech:  ,Gibraltar,"Yakimishyn, Jennifer Bohlen, Krista",0.5-1,high,light,none,29.3,17.8,by_boat,2.1-2.8,present,NA,"end of transect 48 54.747, 125 15.581","shiner perch schools observed, 48 54.738,125 15.620",BC_PP,"Pacific Rim Park, British Columbia","Pacific Rim Park, British Columbia"
BC_PP,PP_G,pecoe-0410,2021-07-10,48.9123,-125.260333,15:27:00,17:12 - 17:34,Sample,exblank-2021-019,1000,2021,NA,NA,1000ml filtered; xn tech:  ; xn date: 5/6/22; xn notes: ; filtration comments:  ; tech:  ,Gibraltar,"Yakimishyn, Jennifer Bohlen, Krista",0.5-1,high,light,none,29.3,17.8,by_boat,2.1-2.8,present,NA,"end of transect 48 54.747, 125 15.581","shiner perch schools observed, 48 54.738,125 15.620",BC_PP,"Pacific Rim Park, British Columbia","Pacific Rim Park, British Columbia"
BC_PP,PP_G,pecoe-0411,2021-07-10,48.9123,-125.260333,15:27:00,16:30 - 16:46,Sample,exblank-2021-019,1000,2021,NA,NA,1000ml filtered; xn tech:  ; xn date: 5/6/22; xn notes: ; filtration comments:  ; tech:  ,Gibraltar,"Yakimishyn, Jennifer Bohlen, Krista",0.5-1,high,light,none,29.3,17.8,by_boat,2.1-2.8,present,NA,"end of transect 48 54.747, 125 15.581","shiner perch schools observed, 48 54.738,125 15.620",BC_PP,"Pacific Rim Park, British Columbia","Pacific Rim Park, British Columbia"
BC_PP,PP_G,pecoe-0412,2021-07-10,48.9123,-125.260333,15:27:00,16:04 - 16:19,Sample,exblank-2021-019,1000,2021,NA,NA,1000ml filtered; xn tech:  ; xn date: 5/6/22; xn notes: ; filtration comments:  ; tech:  ,Gibraltar,"Yakimishyn, Jennifer Bohlen, Krista",0.5-1,high,light,none,29.3,17.8,by_boat,2.1-2.8,present,NA,"end of transect 48 54.747, 125 15.581","shiner perch schools observed, 48 54.738,125 15.620",BC_PP,"Pacific Rim Park, British Columbia","Pacific Rim Park, British Columbia"
BC_PP,PP_G,pecoe-0413,2021-07-10,48.9123,-125.260333,15:27:00,16:51 - 17:07,Sample,exblank-2021-019,1000,2021,NA,NA,1000ml filtered; xn tech:  ; xn date: 5/6/22; xn notes: ; filtration comments:  ; tech:  ,Gibraltar,"Yakimishyn, Jennifer Bohlen, Krista",0.5-1,high,light,none,29.3,17.8,by_boat,2.1-2.8,present,NA,"end of transect 48 54.747, 125 15.581","shiner perch schools observed, 48 54.738,125 15.620",BC_PP,"Pacific Rim Park, British Columbia","Pacific Rim Park, British Columbia"
BC_NV,NV_BI,pecoe-0419,2021-07-11,50.488572,-128.051842,NA,13:15:00,Field blank,exblank-2021-014,1000,2021,NA,NA, ; xn tech:  ; xn date: 4/19/22; xn notes: ; filtration comments:  ; tech:  ,Browning Inlet,"Jennifer Sunday, Mike McDermid",0-0.5,ebb,none,none,NA,NA,by_boat,1.75,present,"long band, ~10m thick along shore",NA,NA,BC_NV,"North Vancouver Island, British Columbia","North Vancouver Island, British Columbia"
BC_NV,NV_BI,pecoe-0420,2021-07-11,50.488572,-128.051842,9:58:00,14:58:00,Sample,exblank-2021-014,500,2021,NA,NA,500ml; xn tech:  ; xn date: 4/19/22; xn notes: ; filtration comments:  ; tech:  ,Browning Inlet,"Jennifer Sunday, Mike McDermid",0-0.5,ebb,none,none,NA,NA,by_boat,1.75,present,"long band, ~10m thick along shore",NA,NA,BC_NV,"North Vancouver Island, British Columbia","North Vancouver Island, British Columbia"
BC_NV,NV_BI,pecoe-0421,2021-07-11,50.488572,-128.051842,10:00:00,15:33:00,Sample,exblank-2021-014,500,2021,NA,NA,500ml; xn tech:  ; xn date: 4/19/22; xn notes: ; filtration comments:  ; tech:  ,Browning Inlet,"Jennifer Sunday, Mike McDermid",0-0.5,ebb,none,none,NA,NA,by_boat,1.75,present,"long band, ~10m thick along shore",NA,NA,BC_NV,"North Vancouver Island, British Columbia","North Vancouver Island, British Columbia"
BC_NV,NV_BI,pecoe-0422,2021-07-11,50.488572,-128.051842,10:03:00,15:58:00,Sample,exblank-2021-014,500,2021,NA,NA,500ml; xn tech:  ; xn date: 4/19/22; xn notes: ; filtration comments:  ; tech:  ,Browning Inlet,"Jennifer Sunday, Mike McDermid",0-0.5,ebb,none,none,NA,NA,by_boat,1.75,present,"long band, ~10m thick along shore",NA,NA,BC_NV,"North Vancouver Island, British Columbia","North Vancouver Island, British Columbia"
BC_NV,NV_BI,pecoe-0423,2021-07-11,50.488572,-128.051842,10:05:00,16:30:00,Sample,exblank-2021-014,500,2021,NA,NA,500ml; xn tech:  ; xn date: 4/19/22; xn notes: ; filtration comments:  ; tech:  ,Browning Inlet,"Jennifer Sunday, Mike McDermid",0-0.5,ebb,none,none,NA,NA,by_boat,1.75,present,"long band, ~10m thick along shore",NA,NA,BC_NV,"North Vancouver Island, British Columbia","North Vancouver Island, British Columbia"
BC_NV,NV_KB,pecoe-0424,2021-07-11,50.499439,-127.853168,NA,12:50:00,Field blank,exblank-2021-015,1000,2021,NA,NA, ; xn tech:  ; xn date: 4/21/22; xn notes: ; filtration comments:  ; tech:  ,Kaprino Bay,"Jennifer Sunday, Mike McDermid",0-0.5,ebb,none,none,NA,NA,by_boat,2.0,present,"offshore after fluvial plain, patchy but lots in area",NA,NA,BC_NV,"North Vancouver Island, British Columbia","North Vancouver Island, British Columbia"
BC_NV,NV_KB,pecoe-0425,2021-07-11,50.499439,-127.853168,9:15:00,13:40:00,Sample,exblank-2021-015,500,2021,NA,NA,500ml; xn tech:  ; xn date: 4/21/22; xn notes: ; filtration comments:  ; tech:  ,Kaprino Bay,"Jennifer Sunday, Mike McDermid",0-0.5,ebb,none,none,NA,NA,by_boat,2.0,present,"offshore after fluvial plain, patchy but lots in area",NA,NA,BC_NV,"North Vancouver Island, British Columbia","North Vancouver Island, British Columbia"
BC_NV,NV_KB,pecoe-0426,2021-07-11,50.499439,-127.853168,9:17:00,13:59:00,Sample,exblank-2021-015,600,2021,NA,NA,600ml; xn tech:  ; xn date: 4/21/22; xn notes: ; filtration comments:  ; tech:  ,Kaprino Bay,"Jennifer Sunday, Mike McDermid",0-0.5,ebb,none,none,NA,NA,by_boat,2.0,present,"offshore after fluvial plain, patchy but lots in area",NA,NA,BC_NV,"North Vancouver Island, British Columbia","North Vancouver Island, British Columbia"
BC_NV,NV_KB,pecoe-0427,2021-07-11,50.499439,-127.853168,9:19:00,14:20:00,Sample,exblank-2021-015,500,2021,NA,NA,500ml; xn tech:  ; xn date: 4/21/22; xn notes: ; filtration comments:  ; tech:  ,Kaprino Bay,"Jennifer Sunday, Mike McDermid",0-0.5,ebb,none,none,NA,NA,by_boat,2.0,present,"offshore after fluvial plain, patchy but lots in area",NA,NA,BC_NV,"North Vancouver Island, British Columbia","North Vancouver Island, British Columbia"
BC_NV,NV_KB,pecoe-0428,2021-07-11,50.499439,-127.853168,9:20:00,14:40:00,Sample,exblank-2021-015,675,2021,NA,NA,675ml; xn tech:  ; xn date: 4/21/22; xn notes: ; filtration comments:  ; tech:  ,Kaprino Bay,"Jennifer Sunday, Mike McDermid",0-0.5,ebb,none,none,NA,NA,by_boat,2.0,present,"offshore after fluvial plain, patchy but lots in area",NA,NA,BC_NV,"North Vancouver Island, British Columbia","North Vancouver Island, British Columbia"
BC_NV,NV_KC,pecoe-0429,2021-07-10,50.521548,-127.576556,NA,11:50:00,Field blank,exblank-2021-014,1000,2021,NA,NA, ; xn tech:  ; xn date: 4/19/22; xn notes: ; filtration comments:  ; tech:  ,Kokwina Cove,"Jennifer Sunday, Mike McDermid",0-0.5,ebb,none,none,NA,NA,by_boat,2.0,present,patchy band,"paralel to shore, about 10m away from shore, 10m apart",NA,BC_NV,"North Vancouver Island, British Columbia","North Vancouver Island, British Columbia"
BC_NV,NV_KC,pecoe-0430,2021-07-10,50.521548,-127.576556,9:28:00,12:20:00,Sample,exblank-2021-014,975,2021,NA,NA,975ml; xn tech:  ; xn date: 4/19/22; xn notes: ; filtration comments:  ; tech:  ,Kokwina Cove,"Jennifer Sunday, Mike McDermid",0-0.5,ebb,none,none,NA,NA,by_boat,2.0,present,patchy band,"paralel to shore, about 10m away from shore, 10m apart",NA,BC_NV,"North Vancouver Island, British Columbia","North Vancouver Island, British Columbia"
BC_NV,NV_KC,pecoe-0431,2021-07-10,50.521548,-127.576556,9:31:00,12:40:00,Sample,exblank-2021-014,1000,2021,NA,NA, ; xn tech:  ; xn date: 4/19/22; xn notes: ; filtration comments:  ; tech:  ,Kokwina Cove,"Jennifer Sunday, Mike McDermid",0-0.5,ebb,none,none,NA,NA,by_boat,2.0,present,patchy band,"paralel to shore, about 10m away from shore, 10m apart",NA,BC_NV,"North Vancouver Island, British Columbia","North Vancouver Island, British Columbia"
BC_NV,NV_KC,pecoe-0432,2021-07-10,50.521548,-127.576556,9:35:00,12:55:00,Sample,exblank-2021-014,1000,2021,NA,NA, ; xn tech:  ; xn date: 4/19/22; xn notes: ; filtration comments:  ; tech:  ,Kokwina Cove,"Jennifer Sunday, Mike McDermid",0-0.5,ebb,none,none,NA,NA,by_boat,2.0,present,patchy band,"paralel to shore, about 10m away from shore, 10m apart",NA,BC_NV,"North Vancouver Island, British Columbia","North Vancouver Island, British Columbia"
BC_NV,NV_KC,pecoe-0433,2021-07-10,50.521548,-127.576556,9:40:00,13:25:00,Sample,exblank-2021-014,1000,2021,NA,NA, ; xn tech:  ; xn date: 4/19/22; xn notes: ; filtration comments:  ; tech:  ,Kokwina Cove,"Jennifer Sunday, Mike McDermid",0-0.5,ebb,none,none,NA,NA,by_boat,2.0,present,patchy band,"paralel to shore, about 10m away from shore, 10m apart",NA,BC_NV,"North Vancouver Island, British Columbia","North Vancouver Island, British Columbia"
BC_NV,NV_JL,pecoe-0434,2021-07-09,50.444274,-127.501483,NA,9:45:00,Field blank,exblank-2021-015,1000,2021,NA,NA, ; xn tech:  ; xn date: 4/21/22; xn notes: ; filtration comments:  ; tech:  ,Jeune Landing,"Jennifer Sunday, Mike McDermid",0-0.5,ebb,none,none,NA,NA,by_foot,1.25,present,small patch,NA,NA,BC_NV,"North Vancouver Island, British Columbia","North Vancouver Island, British Columbia"
BC_NV,NV_JL,pecoe-0435,2021-07-09,50.444274,-127.501483,9:05:00,10:10:00,Sample,exblank-2021-014,1000,2021,NA,NA, ; xn tech:  ; xn date: 4/19/22; xn notes: ; filtration comments:  ; tech:  ,Jeune Landing,"Jennifer Sunday, Mike McDermid",0-0.5,ebb,none,none,NA,NA,by_foot,1.25,present,small patch,NA,NA,BC_NV,"North Vancouver Island, British Columbia","North Vancouver Island, British Columbia"
BC_NV,NV_JL,pecoe-0436,2021-07-09,50.444274,-127.501483,9:07:00,10:40:00,Sample,exblank-2021-015,1000,2021,NA,NA, ; xn tech:  ; xn date: 4/21/22; xn notes: ; filtration comments:  ; tech:  ,Jeune Landing,"Jennifer Sunday, Mike McDermid",0-0.5,ebb,none,none,NA,NA,by_foot,1.25,present,small patch,NA,NA,BC_NV,"North Vancouver Island, British Columbia","North Vancouver Island, British Columbia"
BC_NV,NV_JL,pecoe-0437,2021-07-09,50.444274,-127.501483,9:09:00,11:04:00,Sample,exblank-2021-015,1000,2021,NA,NA, ; xn tech:  ; xn date: 4/21/22; xn notes: ; filtration comments:  ; tech:  ,Jeune Landing,"Jennifer Sunday, Mike McDermid",0-0.5,ebb,none,none,NA,NA,by_foot,1.25,present,small patch,NA,NA,BC_NV,"North Vancouver Island, British Columbia","North Vancouver Island, British Columbia"
BC_NV,NV_JL,pecoe-0438,2021-07-09,50.444274,-127.501483,9:11:00,11:50:00,Sample,exblank-2021-015,1000,2021,NA,NA, ; xn tech:  ; xn date: 4/21/22; xn notes: ; filtration comments:  ; tech:  ,Jeune Landing,"Jennifer Sunday, Mike McDermid",0-0.5,ebb,none,none,NA,NA,by_foot,1.25,present,small patch,NA,NA,BC_NV,"North Vancouver Island, British Columbia","North Vancouver Island, British Columbia"
BC_IC,IC_SMB,pecoe-0439,2021-07-21,50.035533,-124.99495,8:38:00,14:15:00,Sample,exblank-2021-019,1000,2021,NA,NA, ; xn tech:  ; xn date: 5/6/22; xn notes: ; filtration comments:  ; tech:  ,Smelt Bay,"AO, KB, BC, CJ, RO",0-0.5,ebb,light,none,22.18,19.6,by_boat,1.5,present,zostera japonica higher up in intertidal; zostera marine in subtidal (where sample was taken),"parallel to shore, about 10m away from shore, 10m apart",NA,BC_IC,"Inner Coast, British Columbia","Inner Coast, British Columbia"
BC_IC,IC_SMB,pecoe-0440,2021-07-21,50.035533,-124.99495,8:38:00,14:18:00,Sample,exblank-2021-011,800,2021,NA,NA,800 mL; xn tech:  ; xn date: 4/11/22; xn notes: ; filtration comments:  ; tech:  ,Smelt Bay,"AO, KB, BC, CJ, RO",0-0.5,ebb,light,none,22.18,19.6,by_boat,1.5,present,zostera japonica higher up in intertidal; zostera marine in subtidal (where sample was taken),"parallel to shore, about 10m away from shore, 10m apart",NA,BC_IC,"Inner Coast, British Columbia","Inner Coast, British Columbia"
BC_IC,IC_SHS,pecoe-0441,2021-07-21,50.09155,-125.041933,11:05:00,14:25:00,Sample,exblank-2021-011,1000,2021,NA,NA, ; xn tech:  ; xn date: 4/11/22; xn notes: ; filtration comments:  ; tech:  ,Shark Spit,"AO, KB, BC, CJ, RO",0-0.5,flood,light,none,23.71,20.1,by_boat,1.2,present,zostera japonica higher up in intertidal; zostera marine in subtidal (where sample was taken),"parallel to shore, about 10m away from shore, 10m apart",NA,BC_IC,"Inner Coast, British Columbia","Inner Coast, British Columbia"
BC_IC,IC_SHS,pecoe-0442,2021-07-21,50.09155,-125.041933,11:07:00,14:35:00,Sample,exblank-2021-011,1000,2021,NA,NA, ; xn tech:  ; xn date: 4/11/22; xn notes: ; filtration comments:  ; tech:  ,Shark Spit,"AO, KB, BC, CJ, RO",0-0.5,flood,light,none,23.71,20.1,by_boat,1.2,present,zostera japonica higher up in intertidal; zostera marine in subtidal (where sample was taken),"parallel to shore, about 10m away from shore, 10m apart",NA,BC_IC,"Inner Coast, British Columbia","Inner Coast, British Columbia"
BC_IC,IC_SHS,pecoe-0443,2021-07-21,50.09155,-125.041933,11:09:00,14:45:00,Sample,exblank-2021-019,1000,2021,NA,NA, ; xn tech:  ; xn date: 5/6/22; xn notes: ; filtration comments:  ; tech:  ,Shark Spit,"AO, KB, BC, CJ, RO",0-0.5,flood,light,none,23.71,20.1,by_boat,1.2,present,zostera japonica higher up in intertidal; zostera marine in subtidal (where sample was taken),"parallel to shore, about 10m away from shore, 10m apart",NA,BC_IC,"Inner Coast, British Columbia","Inner Coast, British Columbia"
BC_IC,IC_SHS,pecoe-0444,2021-07-21,50.09155,-125.041933,11:11:00,14:45:00,Sample,exblank-2021-019,1000,2021,NA,NA, ; xn tech:  ; xn date: 5/6/22; xn notes: ; filtration comments:  ; tech:  ,Shark Spit,"AO, KB, BC, CJ, RO",0-0.5,flood,light,none,23.71,20.1,by_boat,1.2,present,zostera japonica higher up in intertidal; zostera marine in subtidal (where sample was taken),"parallel to shore, about 10m away from shore, 10m apart",NA,BC_IC,"Inner Coast, British Columbia","Inner Coast, British Columbia"
BC_IC,IC_SHS,pecoe-0445,2021-07-21,50.09155,-125.041933,11:12:00,14:50:00,Field blank,exblank-2021-019,1000,2021,NA,NA, ; xn tech:  ; xn date: 5/6/22; xn notes: ; filtration comments:  ; tech:  ,Shark Spit,"AO, KB, BC, CJ, RO",0-0.5,flood,light,none,23.71,20.1,by_boat,1.2,present,zostera japonica higher up in intertidal; zostera marine in subtidal (where sample was taken),"parallel to shore, about 10m away from shore, 10m apart",NA,BC_IC,"Inner Coast, British Columbia","Inner Coast, British Columbia"
BC_IC,IC_OPB,pecoe-0446,2021-07-22,50.137267,-125.21405,8:37:00,14:40:00,Sample,exblank-2021-010,1000,2021,NA,NA, ; xn tech:  ; xn date: 4/5/22; xn notes: ; filtration comments:  ; tech:  ,Open Bay,"KB, RO, BC, CJ",0-0.5,ebb,none,none,24.22,19.5,by_boat,1.2,present,"patchy, but not sparse; more larger patches along the rocks/shore 0.5m high",parallel to shore,NA,BC_IC,"Inner Coast, British Columbia","Inner Coast, British Columbia"
BC_IC,IC_OPB,pecoe-0447,2021-07-22,50.137267,-125.21405,8:39:00,14:40:00,Sample,exblank-2021-019,600,2021,NA,NA,600 mL; xn tech:  ; xn date: 5/6/22; xn notes: ; filtration comments:  ; tech:  ,Open Bay,"KB, RO, BC, CJ",0-0.5,ebb,none,none,24.22,19.5,by_boat,1.2,present,"patchy, but not sparse; more larger patches along the rocks/shore 0.5m high",parallel to shore,NA,BC_IC,"Inner Coast, British Columbia","Inner Coast, British Columbia"
BC_IC,IC_OPB,pecoe-0448,2021-07-22,50.137267,-125.21405,8:42:00,14:40:00,Sample,exblank-2021-010,1000,2021,NA,NA, ; xn tech:  ; xn date: 4/5/22; xn notes: ; filtration comments:  ; tech:  ,Open Bay,"KB, RO, BC, CJ",0-0.5,ebb,none,none,24.22,19.5,by_boat,1.2,present,"patchy, but not sparse; more larger patches along the rocks/shore 0.5m high",parallel to shore,NA,BC_IC,"Inner Coast, British Columbia","Inner Coast, British Columbia"
BC_IC,IC_OPB,pecoe-0449,2021-07-22,50.137267,-125.21405,8:45:00,15:00:00,Field blank,exblank-2021-019,1000,2021,NA,NA, ; xn tech:  ; xn date: 5/6/22; xn notes: ; filtration comments:  ; tech:  ,Open Bay,"KB, RO, BC, CJ",0-0.5,ebb,none,none,24.22,19.5,by_boat,1.2,present,"patchy, but not sparse; more larger patches along the rocks/shore 0.5m high",parallel to shore,NA,BC_IC,"Inner Coast, British Columbia","Inner Coast, British Columbia"
BC_IC,IC_OPB,pecoe-0450,2021-07-22,50.137267,-125.21405,8:43:00,15:00:00,Sample,exblank-2021-019,1000,2021,NA,NA, ; xn tech:  ; xn date: 5/6/22; xn notes: ; filtration comments:  ; tech:  ,Open Bay,"KB, RO, BC, CJ",0-0.5,ebb,none,none,24.22,19.5,by_boat,1.2,present,"patchy, but not sparse; more larger patches along the rocks/shore 0.5m high",parallel to shore,NA,BC_IC,"Inner Coast, British Columbia","Inner Coast, British Columbia"
BC_IC,IC_MAB,pecoe-0451,2021-07-22,50.117883,-125.225817,11:39:00,15:20:00,Sample,exblank-2021-009,1000,2021,NA,NA, ; xn tech:  ; xn date: 4/4/22; xn notes: ; filtration comments:  ; tech:  ,Marna's Bed,"KB, RO, BC, CJ",0-0.5,flood,light,none,24.11,20.5,by_boat,2.0,present,"very large bed, not sparse, eelgrass ~0.5-0.7m in length, lots of cover, very dense","parallel to shore, west north",NA,BC_IC,"Inner Coast, British Columbia","Inner Coast, British Columbia"
BC_IC,IC_MAB,pecoe-0452,2021-07-22,50.117883,-125.225817,11:40:00,15:20:00,Sample,exblank-2021-010,1000,2021,NA,NA, ; xn tech:  ; xn date: 4/5/22; xn notes: ; filtration comments:  ; tech:  ,Marna's Bed,"KB, RO, BC, CJ",0-0.5,flood,light,none,24.11,20.5,by_boat,2.0,present,"very large bed, not sparse, eelgrass ~0.5-0.7m in length, lots of cover, very dense","parallel to shore, west north",NA,BC_IC,"Inner Coast, British Columbia","Inner Coast, British Columbia"
BC_IC,IC_MAB,pecoe-0453,2021-07-22,50.117883,-125.225817,11:41:00,15:20:00,Sample,exblank-2021-019,1000,2021,NA,NA, ; xn tech:  ; xn date: 5/6/22; xn notes: ; filtration comments:  ; tech:  ,Marna's Bed,"KB, RO, BC, CJ",0-0.5,flood,light,none,24.11,20.5,by_boat,2.0,present,"very large bed, not sparse, eelgrass ~0.5-0.7m in length, lots of cover, very dense","parallel to shore, west north",NA,BC_IC,"Inner Coast, British Columbia","Inner Coast, British Columbia"
BC_IC,IC_MAB,pecoe-0454,2021-07-22,50.117883,-125.225817,11:44:00,15:40:00,Field blank,exblank-2021-019,1000,2021,NA,NA, ; xn tech:  ; xn date: 5/6/22; xn notes: ; filtration comments:  ; tech:  ,Marna's Bed,"KB, RO, BC, CJ",0-0.5,flood,light,none,24.11,20.5,by_boat,2.0,present,"very large bed, not sparse, eelgrass ~0.5-0.7m in length, lots of cover, very dense","parallel to shore, west north",NA,BC_IC,"Inner Coast, British Columbia","Inner Coast, British Columbia"
BC_IC,IC_MAB,pecoe-0455,2021-07-22,50.117883,-125.225817,11:42:00,15:40:00,Sample,exblank-2021-019,1000,2021,NA,NA, ; xn tech:  ; xn date: 5/6/22; xn notes: ; filtration comments:  ; tech:  ,Marna's Bed,"KB, RO, BC, CJ",0-0.5,flood,light,none,24.11,20.5,by_boat,2.0,present,"very large bed, not sparse, eelgrass ~0.5-0.7m in length, lots of cover, very dense","parallel to shore, west north",NA,BC_IC,"Inner Coast, British Columbia","Inner Coast, British Columbia"
AK_SE,SE_GK,pecoe-0456,2022-07-12,55.739816,-133.31202,443,1432,Field blank,exblank-2022-028,1000,2022,PECO2022 box 2,NA, ; xn tech: Rosie; xn date:  ; xn notes: ; filtration comments:  ; tech:  ,Guktu Bay,"Lia, Jessica, Emily",0-0.5,ebb,none,medium,28.2,11.3,by_boat,1,present,NA,NA,NA,AK_SE,Southeast Alaska,Southeast Alaska
AK_SE,SE_GK,pecoe-0457,2022-07-12,55.739816,-133.31202,432,1455,Sample,exblank-2022-028,1000,2022,PECO2022 box 2,NA, ; xn tech: Rosie; xn date:  ; xn notes: ; filtration comments:  ; tech:  ,Guktu Bay,"Lia, Jessica, Emily",0-0.5,ebb,none,medium,28.2,11.3,by_boat,1,present,NA,NA,NA,AK_SE,Southeast Alaska,Southeast Alaska
AK_SE,SE_GK,pecoe-0458,2022-07-12,55.739816,-133.31202,436,1511,Sample,exblank-2022-028,1000,2022,PECO2022 box 2,NA, ; xn tech: Rosie; xn date:  ; xn notes: ; filtration comments:  ; tech:  ,Guktu Bay,"Lia, Jessica, Emily",0-0.5,ebb,none,medium,28.2,11.3,by_boat,1,present,NA,NA,NA,AK_SE,Southeast Alaska,Southeast Alaska
AK_SE,SE_GK,pecoe-0459,2022-07-12,55.739816,-133.31202,439,1529,Sample,exblank-2022-028,1000,2022,PECO2022 box 2,NA, ; xn tech: Rosie; xn date:  ; xn notes: ; filtration comments:  ; tech:  ,Guktu Bay,"Lia, Jessica, Emily",0-0.5,ebb,none,medium,28.2,11.3,by_boat,1,present,NA,NA,NA,AK_SE,Southeast Alaska,Southeast Alaska
AK_SE,SE_GK,pecoe-0460,2022-07-12,55.739816,-133.31202,NA,NA,Sample,exblank-2022-028,1000,2022,PECO2022 box 2,NA,"sample not collected; xn tech: Rosie; xn date:  ; xn notes:Sterivex was dry, no buffer and looked like no sample had been filtered through; filtration comments:  ; tech:  ",Guktu Bay,"Lia, Jessica, Emily",0-0.5,ebb,none,medium,28.2,11.3,by_boat,1,present,NA,NA,NA,AK_SE,Southeast Alaska,Southeast Alaska
AK_SE,SE_NS,pecoe-0461,2022-07-13,55.70802,-133.34102,525,1603,Field blank,exblank-2022-028,1000,2022,PECO2022 box 2,NA," ; xn tech: Rosie; xn date:  ; xn notes:clogged column, required extra spins; filtration comments:  ; tech:  ",Nossuk Bay,"Lia, Jessica, Emily",0-0.5,ebb,none,light,27.9,13.1,by_boat,1.25,present,NA,NA,NA,AK_SE,Southeast Alaska,Southeast Alaska
AK_SE,SE_NS,pecoe-0462,2022-07-13,55.70802,-133.34102,517,1626,Sample,exblank-2022-028,1000,2022,PECO2022 box 2,NA, ; xn tech: Rosie; xn date:  ; xn notes: ; filtration comments:  ; tech:  ,Nossuk Bay,"Lia, Jessica, Emily",0-0.5,ebb,none,light,27.9,13.1,by_boat,1.25,present,NA,NA,NA,AK_SE,Southeast Alaska,Southeast Alaska
AK_SE,SE_NS,pecoe-0463,2022-07-13,55.70802,-133.34102,520,1648,Sample,exblank-2022-028,1000,2022,PECO2022 box 2,NA, ; xn tech: Rosie; xn date:  ; xn notes: ; filtration comments:  ; tech:  ,Nossuk Bay,"Lia, Jessica, Emily",0-0.5,ebb,none,light,27.9,13.1,by_boat,1.25,present,NA,NA,NA,AK_SE,Southeast Alaska,Southeast Alaska
AK_SE,SE_NS,pecoe-0464,2022-07-13,55.70802,-133.34102,522,1712,Sample,exblank-2022-028,1000,2022,PECO2022 box 2,NA, ; xn tech: Rosie; xn date:  ; xn notes: ; filtration comments:  ; tech:  ,Nossuk Bay,"Lia, Jessica, Emily",0-0.5,ebb,none,light,27.9,13.1,by_boat,1.25,present,NA,NA,NA,AK_SE,Southeast Alaska,Southeast Alaska
AK_SE,SE_NS,pecoe-0465,2022-07-13,55.70802,-133.34102,524,1730,Sample,exblank-2022-028,1000,2022,PECO2022 box 2,NA, ; xn tech: Rosie; xn date:  ; xn notes: ; filtration comments:  ; tech:  ,Nossuk Bay,"Lia, Jessica, Emily",0-0.5,ebb,none,light,27.9,13.1,by_boat,1.25,present,NA,NA,NA,AK_SE,Southeast Alaska,Southeast Alaska
AK_SE,SE_SH,pecoe-0466,2022-07-14,55.59929,-133.16,544,1358,Field blank,exblank-2022-029,1000,2022,PECO2022,NA, ; xn tech: Rosie; xn date:  ; xn notes: ; filtration comments:  ; tech:  ,Shinaku Inlet,"Lia, Jessica, Emily",0-0.5,ebb,medium,none,25.4,14.6,by_boat,2.25,present,NA,NA,NA,AK_SE,Southeast Alaska,Southeast Alaska
AK_SE,SE_SH,pecoe-0467,2022-07-14,55.59929,-133.16,534,1422,Sample,exblank-2022-029,1000,2022,PECO2022,NA, ; xn tech: Rosie; xn date:  ; xn notes: ; filtration comments:  ; tech:  ,Shinaku Inlet,"Lia, Jessica, Emily",0-0.5,ebb,medium,none,25.4,14.6,by_boat,2.25,present,NA,NA,NA,AK_SE,Southeast Alaska,Southeast Alaska
AK_SE,SE_SH,pecoe-0468,2022-07-14,55.59929,-133.16,537,1445,Sample,exblank-2022-028,1000,2022,PECO2022 box 2,NA, ; xn tech: Rosie; xn date:  ; xn notes: ; filtration comments:  ; tech:  ,Shinaku Inlet,"Lia, Jessica, Emily",0-0.5,ebb,medium,none,25.4,14.6,by_boat,2.25,present,NA,NA,NA,AK_SE,Southeast Alaska,Southeast Alaska
AK_SE,SE_SH,pecoe-0469,2022-07-14,55.59929,-133.16,540,1509,Sample,exblank-2022-029,1000,2022,PECO2022,NA, ; xn tech: Rosie; xn date:  ; xn notes: ; filtration comments:  ; tech:  ,Shinaku Inlet,"Lia, Jessica, Emily",0-0.5,ebb,medium,none,25.4,14.6,by_boat,2.25,present,NA,NA,NA,AK_SE,Southeast Alaska,Southeast Alaska
AK_SE,SE_SH,pecoe-0470,2022-07-14,55.59929,-133.16,542,1535,Sample,exblank-2022-032,1000,2022,PECO2022 box 2,NA, ; xn tech: Carolyn; xn date:  ; xn notes: ; filtration comments:  ; tech:  ,Shinaku Inlet,"Lia, Jessica, Emily",0-0.5,ebb,medium,none,25.4,14.6,by_boat,2.25,present,NA,NA,NA,AK_SE,Southeast Alaska,Southeast Alaska
AK_SE,SE_NZ,pecoe-0471,2022-07-15,55.247155,-132.87914,650,1621,Field blank,exblank-2022-028,1000,2022,PECO2022 box 2,NA, ; xn tech: Rosie; xn date:  ; xn notes: ; filtration comments:  ; tech:  ,Natzuhini Bay,"Lia, Jessica, Emily",0-0.5,ebb,none,medium,26.5,14.2,by_boat,2,present,NA,NA,freshwater film at surface of water due to rain,AK_SE,Southeast Alaska,Southeast Alaska
AK_SE,SE_NZ,pecoe-0472,2022-07-15,55.247155,-132.87914,637,1643,Sample,exblank-2022-028,1000,2022,PECO2022 box 2,NA," ; xn tech: Rosie; xn date:  ; xn notes:clogged column, required extra spins; filtration comments:  ; tech:  ",Natzuhini Bay,"Lia, Jessica, Emily",0-0.5,ebb,none,medium,26.5,14.2,by_boat,2,present,NA,NA,freshwater film at surface of water due to rain,AK_SE,Southeast Alaska,Southeast Alaska
AK_SE,SE_NZ,pecoe-0473,2022-07-15,55.247155,-132.87914,640,1704,Sample,exblank-2022-028,1000,2022,PECO2022 box 2,NA," ; xn tech: Rosie; xn date:  ; xn notes:clogged column, required extra spins; filtration comments:  ; tech:  ",Natzuhini Bay,"Lia, Jessica, Emily",0-0.5,ebb,none,medium,26.5,14.2,by_boat,2,present,NA,NA,freshwater film at surface of water due to rain,AK_SE,Southeast Alaska,Southeast Alaska
AK_SE,SE_NZ,pecoe-0474,2022-07-15,55.247155,-132.87914,644,1725,Sample,exblank-2022-028,1000,2022,PECO2022 box 2,NA, ; xn tech: Rosie; xn date:  ; xn notes: ; filtration comments:  ; tech:  ,Natzuhini Bay,"Lia, Jessica, Emily",0-0.5,ebb,none,medium,26.5,14.2,by_boat,2,present,NA,NA,freshwater film at surface of water due to rain,AK_SE,Southeast Alaska,Southeast Alaska
AK_SE,SE_NZ,pecoe-0475,2022-07-15,55.247155,-132.87914,646,1748,Sample,exblank-2022-028,1000,2022,PECO2022 box 2,NA, ; xn tech: Rosie; xn date:  ; xn notes: ; filtration comments:  ; tech:  ,Natzuhini Bay,"Lia, Jessica, Emily",0-0.5,ebb,none,medium,26.5,14.2,by_boat,2,present,NA,NA,freshwater film at surface of water due to rain,AK_SE,Southeast Alaska,Southeast Alaska
AK_SE,SE_RF,pecoe-0476,2022-07-16,55.282137,-133.33403,744,1615,Field blank,exblank-2022-028,1000,2022,PECO2022 box 2,NA, ; xn tech: Rosie; xn date:  ; xn notes: ; filtration comments:  ; tech:  ,Port Refugio,"Lia, Jessica, Emily",0-0.5,ebb,none,none,27.6,12.8,by_boat,2.5,present,NA,NA,NA,AK_SE,Southeast Alaska,Southeast Alaska
AK_SE,SE_RF,pecoe-0477,2022-07-16,55.282137,-133.33403,732,1632,Sample,exblank-2022-028,1000,2022,PECO2022 box 2,NA," ; xn tech: Rosie; xn date:  ; xn notes:clogged column, required extra spins; filtration comments:  ; tech:  ",Port Refugio,"Lia, Jessica, Emily",0-0.5,ebb,none,none,27.6,12.8,by_boat,2.5,present,NA,NA,NA,AK_SE,Southeast Alaska,Southeast Alaska
AK_SE,SE_RF,pecoe-0478,2022-07-16,55.282137,-133.33403,735,1647,Sample,exblank-2022-028,1000,2022,PECO2022 box 2,NA, ; xn tech: Rosie; xn date:  ; xn notes: ; filtration comments:  ; tech:  ,Port Refugio,"Lia, Jessica, Emily",0-0.5,ebb,none,none,27.6,12.8,by_boat,2.5,present,NA,NA,NA,AK_SE,Southeast Alaska,Southeast Alaska
AK_SE,SE_RF,pecoe-0479,2022-07-16,55.282137,-133.33403,739,1703,Sample,exblank-2022-028,1000,2022,PECO2022 box 2,NA, ; xn tech: Rosie; xn date:  ; xn notes: ; filtration comments:  ; tech:  ,Port Refugio,"Lia, Jessica, Emily",0-0.5,ebb,none,none,27.6,12.8,by_boat,2.5,present,NA,NA,NA,AK_SE,Southeast Alaska,Southeast Alaska
AK_SE,SE_RF,pecoe-0480,2022-07-16,55.282137,-133.33403,741,1717,Sample,exblank-2022-028,1000,2022,PECO2022 box 2,NA," ; xn tech: Rosie; xn date:  ; xn notes:clogged column, required extra spins; filtration comments:  ; tech:  ",Port Refugio,"Lia, Jessica, Emily",0-0.5,ebb,none,none,27.6,12.8,by_boat,2.5,present,NA,NA,NA,AK_SE,Southeast Alaska,Southeast Alaska
WA_PS,PS_FJ,pecoe-0481,2022-06-27,48.4687187,-123.0033189,NA,15:18:00,Field blank,exblank-2022-031,1000,2022,NA,NA,Samples took a very long time to filter! Filtered 1000 mL; xn tech: Rosie; xn date:  ; xn notes: ; filtration comments:  ; tech:  ,Fourth of July Beach,"Olivia Graham, Katie Philipp",0-0.5,flood,none,none,23,20.5,by_foot,0.55,present,Long but patchy bed. Collected all samples in between intertidal and subtidal eelgrass (over bare sand directly adjacent to eelgrass to avoid getting too many diatoms/epiphytes in water sample).,"Collected 10 m apart, parallel to shore",`,WA_PSb,"Puget Sound & Padilla Bay, Washington","San Juan Islands, Washington"
WA_PS,PS_FJ,pecoe-0482,2022-06-27,48.4687187,-123.0033189,12:35:00,15:53:00,Sample,exblank-2022-031,1000,2022,NA,NA,Samples took a very long time to filter! Filtered 1000 mL; xn tech: Rosie; xn date:  ; xn notes: ; filtration comments:  ; tech:  ,Fourth of July Beach,"Olivia Graham, Katie Philipp",0-0.5,flood,none,none,23,20.5,by_foot,0.55,present,Long but patchy bed. Collected all samples in between intertidal and subtidal eelgrass (over bare sand directly adjacent to eelgrass to avoid getting too many diatoms/epiphytes in water sample).,"Collected 10 m apart, parallel to shore",`,WA_PSb,"Puget Sound & Padilla Bay, Washington","San Juan Islands, Washington"
WA_PS,PS_FJ,pecoe-0483,2022-06-27,48.4687187,-123.0033189,12:42:00,16:42:00,Sample,exblank-2022-031,1000,2022,NA,NA,Samples took a very long time to filter! Filtered 1000 mL; xn tech: Rosie; xn date:  ; xn notes: ; filtration comments:  ; tech:  ,Fourth of July Beach,"Olivia Graham, Katie Philipp",0-0.5,flood,none,none,23,20.5,by_foot,0.55,present,Long but patchy bed. Collected all samples in between intertidal and subtidal eelgrass (over bare sand directly adjacent to eelgrass to avoid getting too many diatoms/epiphytes in water sample).,"Collected 10 m apart, parallel to shore",`,WA_PSb,"Puget Sound & Padilla Bay, Washington","San Juan Islands, Washington"
WA_PS,PS_FJ,pecoe-0484,2022-06-27,48.4687187,-123.0033189,12:49:00,17:40:00,Sample,exblank-2022-031,1000,2022,NA,NA,Samples took a very long time to filter! Filtered 1000 mL; xn tech: Rosie; xn date:  ; xn notes: ; filtration comments:  ; tech:  ,Fourth of July Beach,"Olivia Graham, Katie Philipp",0-0.5,flood,none,none,23,20.5,by_foot,0.55,present,Long but patchy bed. Collected all samples in between intertidal and subtidal eelgrass (over bare sand directly adjacent to eelgrass to avoid getting too many diatoms/epiphytes in water sample).,"Collected 10 m apart, parallel to shore",`,WA_PSb,"Puget Sound & Padilla Bay, Washington","San Juan Islands, Washington"
WA_PS,PS_FJ,pecoe-0485,2022-06-27,48.4687187,-123.0033189,12:56:00,18:29:00,Sample,exblank-2022-031,1000,2022,NA,NA,Samples took a very long time to filter! Filtered 1000 mL; xn tech: Rosie; xn date:  ; xn notes: ; filtration comments:  ; tech:  ,Fourth of July Beach,"Olivia Graham, Katie Philipp",0-0.5,flood,none,none,23,20.5,by_foot,0.55,present,Long but patchy bed. Collected all samples in between intertidal and subtidal eelgrass (over bare sand directly adjacent to eelgrass to avoid getting too many diatoms/epiphytes in water sample).,"Collected 10 m apart, parallel to shore",`,WA_PSb,"Puget Sound & Padilla Bay, Washington","San Juan Islands, Washington"
WA_PS,PS_FB,pecoe-0486,2022-06-28,48.4829,-123.07476,NA,13:58:00,Field blank,exblank-2022-031,1000,2022,NA,NA,1000 mL; xn tech: Rosie; xn date:  ; xn notes: ; filtration comments:  ; tech:  ,False Bay,"Olivia Graham, Katie Philipp",0-0.5,flood,none,none,30,19.6,by_foot,1.0,present,"Small, patchy bed","Tide came in quickly, so slightly variable depth (between 0.5-1 m). Patchy meadow",NA,WA_PSb,"Puget Sound & Padilla Bay, Washington","San Juan Islands, Washington"
WA_PS,PS_FB,pecoe-0487,2022-06-28,48.4829,-123.07476,12:22:00,14:13:00,Sample,exblank-2022-035,1000,2022,NA,NA,1000 mL; xn tech: Rosie; xn date:  ; xn notes: ; filtration comments:  ; tech:  ,False Bay,"Olivia Graham, Katie Philipp",0-0.5,flood,none,none,30,19.6,by_foot,1.0,present,"Small, patchy bed","Tide came in quickly, so slightly variable depth (between 0.5-1 m). Patchy meadow",NA,WA_PSb,"Puget Sound & Padilla Bay, Washington","San Juan Islands, Washington"
WA_PS,PS_FB,pecoe-0488,2022-06-28,48.4829,-123.07476,12:28:00,14:45:00,Sample,exblank-2022-035,900,2022,NA,NA,900 mL; xn tech: Rosie; xn date:  ; xn notes: ; filtration comments:  ; tech:  ,False Bay,"Olivia Graham, Katie Philipp",0-0.5,flood,none,none,30,19.6,by_foot,1.0,present,"Small, patchy bed","Tide came in quickly, so slightly variable depth (between 0.5-1 m). Patchy meadow",NA,WA_PSb,"Puget Sound & Padilla Bay, Washington","San Juan Islands, Washington"
WA_PS,PS_FB,pecoe-0489,2022-06-28,48.4829,-123.07476,12:36:00,15:18:00,Sample,exblank-2022-031,800,2022,NA,NA,800 mL; xn tech: Rosie; xn date:  ; xn notes: ; filtration comments:  ; tech:  ,False Bay,"Olivia Graham, Katie Philipp",0-0.5,flood,none,none,30,19.6,by_foot,1.0,present,"Small, patchy bed","Tide came in quickly, so slightly variable depth (between 0.5-1 m). Patchy meadow",NA,WA_PSb,"Puget Sound & Padilla Bay, Washington","San Juan Islands, Washington"
WA_PS,PS_FB,pecoe-0490,2022-06-28,48.4829,-123.07476,12:49:00,15:40:00,Sample,exblank-2022-031,1000,2022,NA,NA,1000 mL; xn tech: Rosie; xn date:  ; xn notes: ; filtration comments:  ; tech:  ,False Bay,"Olivia Graham, Katie Philipp",0-0.5,flood,none,none,30,19.6,by_foot,1.0,present,"Small, patchy bed","Tide came in quickly, so slightly variable depth (between 0.5-1 m). Patchy meadow",NA,WA_PSb,"Puget Sound & Padilla Bay, Washington","San Juan Islands, Washington"
WA_PS,PS_NC,pecoe-0491,2022-06-29,48.7042064,-123.0551349,NA,15:10:00,Field blank,exblank-2022-031,500,2022,NA,NA,500 mL; xn tech: Rosie; xn date:  ; xn notes: ; filtration comments:  ; tech:  ,"North Cove, Waldron Island","Olivia Graham, Katie Philipp",0-0.5,flood,light,none,30,17.8,by_foot,1.0,present,Patchy bed with intertidal and subtidal eelgrass,"Sampled in patchy bed, but tried to collect samples directly above sediment (but adjacent to eelgrass) to avoid lots of macroalgae",NA,WA_PSb,"Puget Sound & Padilla Bay, Washington","San Juan Islands, Washington"
WA_PS,PS_NC,pecoe-0492,2022-06-29,48.7042064,-123.0551349,13:06:00,15:24:00,Sample,exblank-2022-031,500,2022,NA,NA,500 mL; xn tech: Rosie; xn date:  ; xn notes: ; filtration comments:  ; tech:  ,"North Cove, Waldron Island","Olivia Graham, Katie Philipp",0-0.5,flood,light,none,30,17.8,by_foot,1.0,present,Patchy bed with intertidal and subtidal eelgrass,"Sampled in patchy bed, but tried to collect samples directly above sediment (but adjacent to eelgrass) to avoid lots of macroalgae",NA,WA_PSb,"Puget Sound & Padilla Bay, Washington","San Juan Islands, Washington"
WA_PS,PS_NC,pecoe-0493,2022-06-29,48.7042064,-123.0551349,13:11:00,15:38:00,Sample,exblank-2022-031,500,2022,NA,NA,500 mL; xn tech: Rosie; xn date:  ; xn notes: ; filtration comments:  ; tech:  ,"North Cove, Waldron Island","Olivia Graham, Katie Philipp",0-0.5,flood,light,none,30,17.8,by_foot,1.0,present,Patchy bed with intertidal and subtidal eelgrass,"Sampled in patchy bed, but tried to collect samples directly above sediment (but adjacent to eelgrass) to avoid lots of macroalgae",NA,WA_PSb,"Puget Sound & Padilla Bay, Washington","San Juan Islands, Washington"
WA_PS,PS_NC,pecoe-0494,2022-06-29,48.7042064,-123.0551349,13:15:00,15:55:00,Sample,exblank-2022-031,500,2022,NA,NA,500 mL; xn tech: Rosie; xn date:  ; xn notes: ; filtration comments:  ; tech:  ,"North Cove, Waldron Island","Olivia Graham, Katie Philipp",0-0.5,flood,light,none,30,17.8,by_foot,1.0,present,Patchy bed with intertidal and subtidal eelgrass,"Sampled in patchy bed, but tried to collect samples directly above sediment (but adjacent to eelgrass) to avoid lots of macroalgae",NA,WA_PSb,"Puget Sound & Padilla Bay, Washington","San Juan Islands, Washington"
WA_PS,PS_NC,pecoe-0495,2022-06-29,48.7042064,-123.0551349,13:19:00,16:13:00,Sample,exblank-2022-031,500,2022,NA,NA,500 mL; xn tech: Rosie; xn date:  ; xn notes: ; filtration comments:  ; tech:  ,"North Cove, Waldron Island","Olivia Graham, Katie Philipp",0-0.5,flood,light,none,30,17.8,by_foot,1.0,present,Patchy bed with intertidal and subtidal eelgrass,"Sampled in patchy bed, but tried to collect samples directly above sediment (but adjacent to eelgrass) to avoid lots of macroalgae",NA,WA_PSb,"Puget Sound & Padilla Bay, Washington","San Juan Islands, Washington"
WA_PS,PS_IC,pecoe-0496,2022-06-30,48.5634903,-122.9348941,NA,15:58:00,Field blank,exblank-2022-031,500,2022,NA,NA,"500 mL; xn tech: Rosie; xn date:  ; xn notes:clogged column, needed extra spins; filtration comments:  ; tech:  ",Indian Cove,"Olivia Graham, Katie Philipp",0-0.5,flood,none,none,26,18.6,by_foot,1.2,present,"Big subtidal bed. Robust, continuous meadow. Collected samples directly above eelgrass (not bare sediment)",Sampled ~10 m apart in subtidal bed,NA,WA_PSb,"Puget Sound & Padilla Bay, Washington","San Juan Islands, Washington"
WA_PS,PS_IC,pecoe-0497,2022-06-30,48.5634903,-122.9348941,13:26:00,16:13:00,Sample,exblank-2022-031,500,2022,NA,NA,"500 mL; xn tech: Rosie; xn date:  ; xn notes:clogged column, needed extra spins; filtration comments:  ; tech:  ",Indian Cove,"Olivia Graham, Katie Philipp",0-0.5,flood,none,none,26,18.6,by_foot,1.2,present,"Big subtidal bed. Robust, continuous meadow. Collected samples directly above eelgrass (not bare sediment)",Sampled ~10 m apart in subtidal bed,NA,WA_PSb,"Puget Sound & Padilla Bay, Washington","San Juan Islands, Washington"
WA_PS,PS_IC,pecoe-0498,2022-06-30,48.5634903,-122.9348941,13:30:00,16:30:00,Sample,exblank-2022-031,500,2022,NA,NA,"500 mL. Forgot to add stopper to end before adding buffer! Some buffer drops came out, but I think the filter should still be fully submerged in buffer.; xn tech: Rosie; xn date:  ; xn notes:clogged column, needed extra spins; filtration comments:  ; tech:  ",Indian Cove,"Olivia Graham, Katie Philipp",0-0.5,flood,none,none,26,18.6,by_foot,1.2,present,"Big subtidal bed. Robust, continuous meadow. Collected samples directly above eelgrass (not bare sediment)",Sampled ~10 m apart in subtidal bed,NA,WA_PSb,"Puget Sound & Padilla Bay, Washington","San Juan Islands, Washington"
WA_PS,PS_IC,pecoe-0499,2022-06-30,48.5634903,-122.9348941,13:35:00,16:49:00,Sample,exblank-2022-031,500,2022,NA,NA,500 mL; xn tech: Rosie; xn date:  ; xn notes: ; filtration comments:  ; tech:  ,Indian Cove,"Olivia Graham, Katie Philipp",0-0.5,flood,none,none,26,18.6,by_foot,1.2,present,"Big subtidal bed. Robust, continuous meadow. Collected samples directly above eelgrass (not bare sediment)",Sampled ~10 m apart in subtidal bed,NA,WA_PSb,"Puget Sound & Padilla Bay, Washington","San Juan Islands, Washington"
WA_PS,PS_IC,pecoe-0500,2022-06-30,48.5634903,-122.9348941,13:38:00,17:06:00,Sample,exblank-2022-031,500,2022,NA,NA,"500 mL; xn tech: Rosie; xn date:  ; xn notes:Outlet broke off, significant leaking of longmires into whirlpak bag. Parafilmed for rest of extraction.; filtration comments:  ; tech:  ",Indian Cove,"Olivia Graham, Katie Philipp",0-0.5,flood,none,none,26,18.6,by_foot,1.2,present,"Big subtidal bed. Robust, continuous meadow. Collected samples directly above eelgrass (not bare sediment)",Sampled ~10 m apart in subtidal bed,NA,WA_PSb,"Puget Sound & Padilla Bay, Washington","San Juan Islands, Washington"
WA_PS,PS_BH,pecoe-0501,2022-07-14,48.6917494,-122.9527529,NA,15:39:00,Field blank,exblank-2022-031,750,2022,NA,NA,"750 mL; xn tech: Rosie; xn date:  ; xn notes:clogged column, needed extra spins; filtration comments:  ; tech:  ",Beach Haven,"Olivia Graham, Katie Philipp",0-0.5,ebb,light,none,24,missing,by_foot,1.0,present,"Robust subtidal bed. Very dense, good cover, very long shoots. Also very silty.",Sampled parallel to shore at approximately a consistent depth. First two samples collected approx 5 m apart (instead of 10 m),Water at site was very turbid. Lots of sediment and microalgal plumes,WA_PSb,"Puget Sound & Padilla Bay, Washington","San Juan Islands, Washington"
WA_PS,PS_BH,pecoe-0502,2022-07-14,48.6917494,-122.9527529,10:56:00,15:59:00,Sample,exblank-2022-031,550,2022,NA,NA,"550 mL. Forgot to add stopper to end before adding buffer! Some buffer drops came out, but I think the filter should still be fully submerged in buffer.; xn tech: Rosie; xn date:  ; xn notes:clogged column, needed extra spins; filtration comments:  ; tech:  ",Beach Haven,"Olivia Graham, Katie Philipp",0-0.5,ebb,light,none,24,missing,by_foot,1.0,present,"Robust subtidal bed. Very dense, good cover, very long shoots. Also very silty.",Sampled parallel to shore at approximately a consistent depth. First two samples collected approx 5 m apart (instead of 10 m),Water at site was very turbid. Lots of sediment and microalgal plumes,WA_PSb,"Puget Sound & Padilla Bay, Washington","San Juan Islands, Washington"
WA_PS,PS_BH,pecoe-0503,2022-07-14,48.6917494,-122.9527529,11:04:00,16:29:00,Sample,exblank-2022-031,550,2022,NA,NA,550 mL; xn tech: Rosie; xn date:  ; xn notes: ; filtration comments:  ; tech:  ,Beach Haven,"Olivia Graham, Katie Philipp",0-0.5,ebb,light,none,24,missing,by_foot,1.0,present,"Robust subtidal bed. Very dense, good cover, very long shoots. Also very silty.",Sampled parallel to shore at approximately a consistent depth. First two samples collected approx 5 m apart (instead of 10 m),Water at site was very turbid. Lots of sediment and microalgal plumes,WA_PSb,"Puget Sound & Padilla Bay, Washington","San Juan Islands, Washington"
WA_PS,PS_BH,pecoe-0504,2022-07-14,48.6917494,-122.9527529,11:12:00,16:45:00,Sample,exblank-2022-031,550,2022,NA,NA,550 mL; xn tech: Rosie; xn date:  ; xn notes: ; filtration comments:  ; tech:  ,Beach Haven,"Olivia Graham, Katie Philipp",0-0.5,ebb,light,none,24,missing,by_foot,1.0,present,"Robust subtidal bed. Very dense, good cover, very long shoots. Also very silty.",Sampled parallel to shore at approximately a consistent depth. First two samples collected approx 5 m apart (instead of 10 m),Water at site was very turbid. Lots of sediment and microalgal plumes,WA_PSb,"Puget Sound & Padilla Bay, Washington","San Juan Islands, Washington"
WA_PS,PS_BH,pecoe-0505,2022-07-14,48.6917494,-122.9527529,11:22:00,17:03:00,Sample,exblank-2022-031,550,2022,NA,NA,"550 mL; xn tech: Rosie; xn date:  ; xn notes:clogged column, needed extra spins; filtration comments:  ; tech:  ",Beach Haven,"Olivia Graham, Katie Philipp",0-0.5,ebb,light,none,24,missing,by_foot,1.0,present,"Robust subtidal bed. Very dense, good cover, very long shoots. Also very silty.",Sampled parallel to shore at approximately a consistent depth. First two samples collected approx 5 m apart (instead of 10 m),Water at site was very turbid. Lots of sediment and microalgal plumes,WA_PSb,"Puget Sound & Padilla Bay, Washington","San Juan Islands, Washington"
BC_PP,PP_MB,pecoe-0506,2022-07-13,48.97404,-125.31132,08:33:00,14:01 - 14:21,Sample,exblank-2022-027,1000,2022,PECO2022 box 2,NA, ; xn tech: Rosie; xn date:  ; xn notes: ; filtration comments:  ; tech:  ,"Mayne Bay, BC","Yakimishyn, Jennifer Bohlen, Krista",0-0.5,flood,light,none,27.7,18.5,by_boat,1.0-1.5,present,NA,"start of transect = decimal_lat/long, end of transect = 48.97404, -125.31132",NA,BC_PP,"Pacific Rim Park, British Columbia","Pacific Rim Park, British Columbia"
BC_PP,PP_MB,pecoe-0507,2022-07-13,48.97404,-125.31132,08:26:00,12:42 - 13:00,Sample,exblank-2022-028,1000,2022,PECO2022 box 2,NA," ; xn tech: Rosie; xn date:  ; xn notes:clogged column, required extra spins; filtration comments:  ; tech:  ","Mayne Bay, BC","Yakimishyn, Jennifer Bohlen, Krista",0-0.5,flood,light,none,27.7,18.5,by_boat,1.0-1.5,present,NA,"start of transect = decimal_lat/long, end of transect = 48.97404, -125.31132",NA,BC_PP,"Pacific Rim Park, British Columbia","Pacific Rim Park, British Columbia"
BC_PP,PP_MB,pecoe-0508,2022-07-13,48.97404,-125.31132,08:31:00,13:34 - 13:56,Sample,exblank-2022-027,1000,2022,PECO2022 box 2,NA, ; xn tech: Rosie; xn date:  ; xn notes: ; filtration comments:  ; tech:  ,"Mayne Bay, BC","Yakimishyn, Jennifer Bohlen, Krista",0-0.5,flood,light,none,27.7,18.5,by_boat,1.0-1.5,present,NA,"start of transect = decimal_lat/long, end of transect = 48.97404, -125.31132",NA,BC_PP,"Pacific Rim Park, British Columbia","Pacific Rim Park, British Columbia"
BC_PP,PP_MB,pecoe-0509,2022-07-13,48.97404,-125.31132,08:29:00,13:06 - 13:26,Sample,exblank-2022-027,1000,2022,PECO2022 box 2,NA," ; xn tech: Rosie; xn date:  ; xn notes:column clogged, required extra spins; filtration comments:  ; tech:  ","Mayne Bay, BC","Yakimishyn, Jennifer Bohlen, Krista",0-0.5,flood,light,none,27.7,18.5,by_boat,1.0-1.5,present,NA,"start of transect = decimal_lat/long, end of transect = 48.97404, -125.31132",NA,BC_PP,"Pacific Rim Park, British Columbia","Pacific Rim Park, British Columbia"
BC_PP,PP_MB,pecoe-0510,2022-07-13,48.97404,-125.31132,NA,12:26 - 12:39,Field blank,exblank-2022-028,1000,2022,PECO2022 box 2,NA, ; xn tech: Rosie; xn date:  ; xn notes: ; filtration comments:  ; tech:  ,"Mayne Bay, BC","Yakimishyn, Jennifer Bohlen, Krista",0-0.5,flood,light,none,27.7,18.5,by_boat,1.0-1.5,present,NA,"start of transect = decimal_lat/long, end of transect = 48.97404, -125.31132",NA,BC_PP,"Pacific Rim Park, British Columbia","Pacific Rim Park, British Columbia"
BC_PP,PP_HI,pecoe-0511,2022-07-14,48.951517,-125.30975,09:38:00,13:23 - 13:43,Sample,exblank-2022-027,1000,2022,PECO2022 box 2,NA," ; xn tech: Rosie; xn date:  ; xn notes:column clogged, required extra spins; filtration comments:  ; tech:  ","Hand Island, BC","Yakimishyn, Jennifer Bohlen, Krista",0-0.5,flood,light,none,29.6,16,by_boat,0.7-1.3,present,NA,"start of transect = decimal_lat/long, end of transect = 48 57.069, 125 18.813",NA,BC_PP,"Pacific Rim Park, British Columbia","Pacific Rim Park, British Columbia"
BC_PP,PP_HI,pecoe-0512,2022-07-14,48.951517,-125.30975,09:45:00,14:35 - 14:55,Sample,exblank-2022-027,1000,2022,PECO2022 box 2,NA, ; xn tech: Rosie; xn date:  ; xn notes: ; filtration comments:  ; tech:  ,"Hand Island, BC","Yakimishyn, Jennifer Bohlen, Krista",0-0.5,flood,light,none,29.6,16,by_boat,0.7-1.3,present,NA,"start of transect = decimal_lat/long, end of transect = 48 57.069, 125 18.813",NA,BC_PP,"Pacific Rim Park, British Columbia","Pacific Rim Park, British Columbia"
BC_PP,PP_HI,pecoe-0513,2022-07-14,48.951517,-125.30975,09:43:00,14:11 - 14:29,Sample,exblank-2022-027,1000,2022,PECO2022 box 2,NA, ; xn tech: Rosie; xn date:  ; xn notes: ; filtration comments:  ; tech:  ,"Hand Island, BC","Yakimishyn, Jennifer Bohlen, Krista",0-0.5,flood,light,none,29.6,16,by_boat,0.7-1.3,present,NA,"start of transect = decimal_lat/long, end of transect = 48 57.069, 125 18.813",NA,BC_PP,"Pacific Rim Park, British Columbia","Pacific Rim Park, British Columbia"
BC_PP,PP_HI,pecoe-0514,2022-07-14,48.951517,-125.30975,09:40:00,13:48 - 14:05,Sample,exblank-2022-027,1000,2022,PECO2022 box 2,NA," ; xn tech: Rosie; xn date:  ; xn notes:column clogged, required extra spins; filtration comments:  ; tech:  ","Hand Island, BC","Yakimishyn, Jennifer Bohlen, Krista",0-0.5,flood,light,none,29.6,16,by_boat,0.7-1.3,present,NA,"start of transect = decimal_lat/long, end of transect = 48 57.069, 125 18.813",NA,BC_PP,"Pacific Rim Park, British Columbia","Pacific Rim Park, British Columbia"
BC_PP,PP_HI,pecoe-0515,2022-07-14,48.951517,-125.30975,NA,13:04 - 13:16,Field blank,exblank-2022-027,1000,2022,PECO2022 box 2,NA," ; xn tech: Rosie; xn date:  ; xn notes:column clogged, required extra spins; filtration comments:  ; tech:  ","Hand Island, BC","Yakimishyn, Jennifer Bohlen, Krista",0-0.5,flood,light,none,29.6,16,by_boat,0.7-1.3,present,NA,"start of transect = decimal_lat/long, end of transect = 48 57.069, 125 18.813",NA,BC_PP,"Pacific Rim Park, British Columbia","Pacific Rim Park, British Columbia"
BC_PP,PP_E,pecoe-0516,2022-07-16,48.877117,-125.3054,10:06:00,13:34 - 14:03,Sample,exblank-2022-027,1000,2022,PECO2022 box 2,NA, ; xn tech: Rosie; xn date:  ; xn notes: ; filtration comments:  ; tech:  ,"Effingham, BC","Yakimishyn, Jennifer Bohlen, Krista",0-0.5,"low
",none,none,30.2,14,by_boat,4.2-4.3,present,NA,"start of transect = decimal_lat/long, end of transect = 48 52.613, 125 18.314",NA,BC_PP,"Pacific Rim Park, British Columbia","Pacific Rim Park, British Columbia"
BC_PP,PP_E,pecoe-0517,2022-07-16,48.877117,-125.3054,10:02:00,13:08 - 13:30,Sample,exblank-2022-027,1000,2022,PECO2022 box 2,NA, ; xn tech: Rosie; xn date:  ; xn notes: ; filtration comments:  ; tech:  ,"Effingham, BC","Yakimishyn, Jennifer Bohlen, Krista",0-0.5,"low
",none,none,30.2,14,by_boat,4.2-4.3,present,NA,"start of transect = decimal_lat/long, end of transect = 48 52.613, 125 18.314",NA,BC_PP,"Pacific Rim Park, British Columbia","Pacific Rim Park, British Columbia"
BC_PP,PP_E,pecoe-0518,2022-07-16,48.877117,-125.3054,10:08:00,14:08 - 14:29,Sample,exblank-2022-027,1000,2022,PECO2022 box 2,NA, ; xn tech: Rosie; xn date:  ; xn notes: ; filtration comments:  ; tech:  ,"Effingham, BC","Yakimishyn, Jennifer Bohlen, Krista",0-0.5,"low
",none,none,30.2,14,by_boat,4.2-4.3,present,NA,"start of transect = decimal_lat/long, end of transect = 48 52.613, 125 18.314",NA,BC_PP,"Pacific Rim Park, British Columbia","Pacific Rim Park, British Columbia"
BC_PP,PP_E,pecoe-0519,2022-07-16,48.877117,-125.3054,10:13:00,14:34 - 14:52,Sample,exblank-2022-027,1000,2022,PECO2022 box 2,NA, ; xn tech: Rosie; xn date:  ; xn notes: ; filtration comments:  ; tech:  ,"Effingham, BC","Yakimishyn, Jennifer Bohlen, Krista",0-0.5,"low
",none,none,30.2,14,by_boat,4.2-4.3,present,NA,"start of transect = decimal_lat/long, end of transect = 48 52.613, 125 18.314",NA,BC_PP,"Pacific Rim Park, British Columbia","Pacific Rim Park, British Columbia"
BC_PP,PP_E,pecoe-0520,2022-07-16,48.877117,-125.3054,NA,12:52 - 13:02,Field blank,exblank-2022-027,1000,2022,PECO2022 box 2,NA," ; xn tech: Rosie; xn date:  ; xn notes:column clogged, required extra spins; filtration comments:  ; tech:  ","Effingham, BC","Yakimishyn, Jennifer Bohlen, Krista",0-0.5,"low
",none,none,30.2,14,by_boat,4.2-4.3,present,NA,"start of transect = decimal_lat/long, end of transect = 48 52.613, 125 18.314",NA,BC_PP,"Pacific Rim Park, British Columbia","Pacific Rim Park, British Columbia"
BC_PP,PP_JJ,pecoe-0521,2022-07-17,48.92145,-125.275733,08:39:00,16:18 - 16:28,Sample,exblank-2022-027,1000,2022,PECO2022 box 2,NA," ; xn tech: Rosie; xn date:  ; xn notes:column clogged, required extra spins; filtration comments:  ; tech:  ",Jaques-Jarvis Lagoon,"Yakimishyn, Jennifer Bohlen, Krista",0-0.5,"low
",none,none,29.7,15.7,by_boat,1,present,NA,"start of transect = decimal_lat/long, end of transect = 48 55.274, 125 16.565",NA,BC_PP,"Pacific Rim Park, British Columbia","Pacific Rim Park, British Columbia"
BC_PP,PP_JJ,pecoe-0522,2022-07-17,48.92145,-125.275733,08:36:00,15:59 - 16:13,Sample,exblank-2022-027,1000,2022,PECO2022 box 2,NA, ; xn tech: Rosie; xn date:  ; xn notes: ; filtration comments:  ; tech:  ,Jaques-Jarvis Lagoon,"Yakimishyn, Jennifer Bohlen, Krista",0-0.5,"low
",none,none,29.7,15.7,by_boat,1,present,NA,"start of transect = decimal_lat/long, end of transect = 48 55.274, 125 16.565",NA,BC_PP,"Pacific Rim Park, British Columbia","Pacific Rim Park, British Columbia"
BC_PP,PP_JJ,pecoe-0523,2022-07-17,48.92145,-125.275733,08:42:00,16:51 - 17:05,Sample,exblank-2022-027,1000,2022,PECO2022 box 2,NA,"dropped lid of sample, possible contamination; xn tech: Rosie; xn date:  ; xn notes: ; filtration comments:  ; tech:  ",Jaques-Jarvis Lagoon,"Yakimishyn, Jennifer Bohlen, Krista",0-0.5,"low
",none,none,29.7,15.7,by_boat,1,present,NA,"start of transect = decimal_lat/long, end of transect = 48 55.274, 125 16.565",NA,BC_PP,"Pacific Rim Park, British Columbia","Pacific Rim Park, British Columbia"
BC_PP,PP_JJ,pecoe-0524,2022-07-17,48.92145,-125.275733,08:41:00,16:33 - 16:47,Sample,exblank-2022-027,1000,2022,PECO2022 box 2,NA, ; xn tech: Rosie; xn date:  ; xn notes: ; filtration comments:  ; tech:  ,Jaques-Jarvis Lagoon,"Yakimishyn, Jennifer Bohlen, Krista",0-0.5,"low
",none,none,29.7,15.7,by_boat,1,present,NA,"start of transect = decimal_lat/long, end of transect = 48 55.274, 125 16.565",NA,BC_PP,"Pacific Rim Park, British Columbia","Pacific Rim Park, British Columbia"
BC_PP,PP_JJ,pecoe-0525,2022-07-17,48.92145,-125.275733,NA,15:42 - 15:54,Field blank,exblank-2022-027,1000,2022,PECO2022 box 2,NA, ; xn tech: Rosie; xn date:  ; xn notes: ; filtration comments:  ; tech:  ,Jaques-Jarvis Lagoon,"Yakimishyn, Jennifer Bohlen, Krista",0-0.5,"low
",none,none,29.7,15.7,by_boat,1,present,NA,"start of transect = decimal_lat/long, end of transect = 48 55.274, 125 16.565",NA,BC_PP,"Pacific Rim Park, British Columbia","Pacific Rim Park, British Columbia"
BC_PP,PP_C,pecoe-0526,2022-07-15,48.8883,-125.379833,08:32:00,13:54 - 14:15,Sample,exblank-2022-027,1000,2022,PECO2022 box 2,NA, ; xn tech: Rosie; xn date:  ; xn notes: ; filtration comments:  ; tech:  ,"Clarke, BC","Yakimishyn, Jennifer Bohlen, Krista",0-0.5,"low
",light,high,30.8,14.1,by_boat,0.75-1.0,present,NA,start of transect = decimal_lat/long,"Lots of pine needles, algae, drift wood on surface of water",BC_PP,"Pacific Rim Park, British Columbia","Pacific Rim Park, British Columbia"
BC_PP,PP_C,pecoe-0527,2022-07-15,48.8883,-125.379833,08:40:00,15:26 - 15:52,Sample,exblank-2022-027,1000,2022,PECO2022 box 2,NA, ; xn tech: Rosie; xn date:  ; xn notes: ; filtration comments:  ; tech:  ,"Clarke, BC","Yakimishyn, Jennifer Bohlen, Krista",0-0.5,"low
",light,high,30.8,14.1,by_boat,0.75-1.0,present,NA,start of transect = decimal_lat/long,"Lots of pine needles, algae, drift wood on surface of water",BC_PP,"Pacific Rim Park, British Columbia","Pacific Rim Park, British Columbia"
BC_PP,PP_C,pecoe-0528,2022-07-15,48.8883,-125.379833,08:34:00,14:24 - 14:41,Sample,exblank-2022-027,1000,2022,PECO2022 box 2,NA, ; xn tech: Rosie; xn date:  ; xn notes: ; filtration comments:  ; tech:  ,"Clarke, BC","Yakimishyn, Jennifer Bohlen, Krista",0-0.5,"low
",light,high,30.8,14.1,by_boat,0.75-1.0,present,NA,start of transect = decimal_lat/long,"Lots of pine needles, algae, drift wood on surface of water",BC_PP,"Pacific Rim Park, British Columbia","Pacific Rim Park, British Columbia"
BC_PP,PP_C,pecoe-0529,2022-07-15,48.8883,-125.379833,08:37:00,14:47 - 15:20,Sample,exblank-2022-027,1000,2022,PECO2022 box 2,NA, ; xn tech: Rosie; xn date:  ; xn notes: ; filtration comments:  ; tech:  ,"Clarke, BC","Yakimishyn, Jennifer Bohlen, Krista",0-0.5,"low
",light,high,30.8,14.1,by_boat,0.75-1.0,present,NA,start of transect = decimal_lat/long,"Lots of pine needles, algae, drift wood on surface of water",BC_PP,"Pacific Rim Park, British Columbia","Pacific Rim Park, British Columbia"
BC_PP,PP_C,pecoe-0530,2022-07-15,48.8883,-125.379833,NA,13:37 - 13:48,Field blank,exblank-2022-027,1000,2022,PECO2022 box 2,NA, ; xn tech: Rosie; xn date:  ; xn notes: ; filtration comments:  ; tech:  ,"Clarke, BC","Yakimishyn, Jennifer Bohlen, Krista",0-0.5,"low
",light,high,30.8,14.1,by_boat,0.75-1.0,present,NA,start of transect = decimal_lat/long,"Lots of pine needles, algae, drift wood on surface of water",BC_PP,"Pacific Rim Park, British Columbia","Pacific Rim Park, British Columbia"
AK_JN,JN_BC,pecoe-0531,2022-07-11,58.3856,-134.649383,NA,18:37:00,Field blank,exblank-2022-037,1000,2022,NA,NA, ; xn tech: Wyth; xn date:  ; xn notes: ; filtration comments:  ; tech:  ,Bay Creek,"Scott Gabara, Gracelyn Ham",0-0.5,ebb,none,medium,12.9,13.9,by_foot,1.25,present,Very patchy last year. Hard to see currently. ~10 blades per square meter.,Taken 10m apart in a square,Seals offshore. Sprayer stopped building pressure,AK_JN,"Juneau Region, Alaska","Juneau Region, Alaska"
AK_JN,JN_BC,pecoe-0532,2022-07-11,58.3856,-134.649383,17:35:00,19:00:00,Sample,exblank-2022-037,1000,2022,NA,NA, ; xn tech: Wyth; xn date:  ; xn notes: ; filtration comments:  ; tech:  ,Bay Creek,"Scott Gabara, Gracelyn Ham",0-0.5,ebb,none,medium,12.9,13.9,by_foot,1.25,present,Very patchy last year. Hard to see currently. ~10 blades per square meter.,Taken 10m apart in a square,Seals offshore. Sprayer stopped building pressure,AK_JN,"Juneau Region, Alaska","Juneau Region, Alaska"
AK_JN,JN_BC,pecoe-0533,2022-07-11,58.3856,-134.649383,17:40:00,19:45:00,Sample,exblank-2022-037,950,2022,NA,NA,950; xn tech: Wyth; xn date:  ; xn notes: ; filtration comments:  ; tech:  ,Bay Creek,"Scott Gabara, Gracelyn Ham",0-0.5,ebb,none,medium,12.9,13.9,by_foot,1.25,present,Very patchy last year. Hard to see currently. ~10 blades per square meter.,Taken 10m apart in a square,Seals offshore. Sprayer stopped building pressure,AK_JN,"Juneau Region, Alaska","Juneau Region, Alaska"
AK_JN,JN_BC,pecoe-0534,2022-07-11,58.3856,-134.649383,17:43:00,20:18:00,Sample,exblank-2022-037,1000,2022,NA,NA, ; xn tech: Wyth; xn date:  ; xn notes: ; filtration comments:  ; tech:  ,Bay Creek,"Scott Gabara, Gracelyn Ham",0-0.5,ebb,none,medium,12.9,13.9,by_foot,1.25,present,Very patchy last year. Hard to see currently. ~10 blades per square meter.,Taken 10m apart in a square,Seals offshore. Sprayer stopped building pressure,AK_JN,"Juneau Region, Alaska","Juneau Region, Alaska"
AK_JN,JN_BC,pecoe-0535,2022-07-11,58.3856,-134.649383,17:47:00,20:56:00,Sample,exblank-2022-037,750,2022,NA,NA,750; xn tech: Wyth; xn date:  ; xn notes: ; filtration comments:  ; tech:  ,Bay Creek,"Scott Gabara, Gracelyn Ham",0-0.5,ebb,none,medium,12.9,13.9,by_foot,1.25,present,Very patchy last year. Hard to see currently. ~10 blades per square meter.,Taken 10m apart in a square,Seals offshore. Sprayer stopped building pressure,AK_JN,"Juneau Region, Alaska","Juneau Region, Alaska"
AK_JN,JN_AN,pecoe-0536,2022-07-12,58.381283,-134.692633,NA,10:22:00,Field blank,exblank-2022-037,1000,2022,NA,NA, ; xn tech: Wyth; xn date:  ; xn notes: ; filtration comments:  ; tech:  ,Auke Nu Cove,"Scott Gabara, Gracelyn Ham",0-0.5,flood,none,none,13.3,14.4,by_foot,1,present,Very patchy last year. Turbid so difficult to see.,Taken 10m apart in a square,"Sampled near fish processing plant, Alaska Glacier Fish Processing. Used home depot sprayer",AK_JN,"Juneau Region, Alaska","Juneau Region, Alaska"
AK_JN,JN_AN,pecoe-0537,2022-07-12,58.381283,-134.692633,09:18:00,10:35:00,Sample,exblank-2022-037,900,2022,NA,NA,900; xn tech: Wyth; xn date:  ; xn notes: ; filtration comments:  ; tech:  ,Auke Nu Cove,"Scott Gabara, Gracelyn Ham",0-0.5,flood,none,none,13.3,14.4,by_foot,1,present,Very patchy last year. Turbid so difficult to see.,Taken 10m apart in a square,"Sampled near fish processing plant, Alaska Glacier Fish Processing. Used home depot sprayer",AK_JN,"Juneau Region, Alaska","Juneau Region, Alaska"
AK_JN,JN_AN,pecoe-0538,2022-07-12,58.381283,-134.692633,09:21:00,10:54:00,Sample,exblank-2022-037,1000,2022,NA,NA, ; xn tech: Wyth; xn date:  ; xn notes: ; filtration comments:  ; tech:  ,Auke Nu Cove,"Scott Gabara, Gracelyn Ham",0-0.5,flood,none,none,13.3,14.4,by_foot,1,present,Very patchy last year. Turbid so difficult to see.,Taken 10m apart in a square,"Sampled near fish processing plant, Alaska Glacier Fish Processing. Used home depot sprayer",AK_JN,"Juneau Region, Alaska","Juneau Region, Alaska"
AK_JN,JN_AN,pecoe-0539,2022-07-12,58.381283,-134.692633,09:25:00,11:28:00,Sample,exblank-2022-037,900,2022,NA,NA,900; xn tech: Wyth; xn date:  ; xn notes: ; filtration comments:  ; tech:  ,Auke Nu Cove,"Scott Gabara, Gracelyn Ham",0-0.5,flood,none,none,13.3,14.4,by_foot,1,present,Very patchy last year. Turbid so difficult to see.,Taken 10m apart in a square,"Sampled near fish processing plant, Alaska Glacier Fish Processing. Used home depot sprayer",AK_JN,"Juneau Region, Alaska","Juneau Region, Alaska"
AK_JN,JN_AN,pecoe-0540,2022-07-12,58.381283,-134.692633,09:30:00,11:14:00,Sample,exblank-2022-037,800,2022,NA,NA,800; xn tech: Wyth; xn date:  ; xn notes: ; filtration comments:  ; tech:  ,Auke Nu Cove,"Scott Gabara, Gracelyn Ham",0-0.5,flood,none,none,13.3,14.4,by_foot,1,present,Very patchy last year. Turbid so difficult to see.,Taken 10m apart in a square,"Sampled near fish processing plant, Alaska Glacier Fish Processing. Used home depot sprayer",AK_JN,"Juneau Region, Alaska","Juneau Region, Alaska"
AK_JN,JN_FC,pecoe-0541,2022-07-12,58.3321,-134.607683,NA,19:34:00,Field blank,exblank-2022-037,1000,2022,NA,NA, ; xn tech: Wyth; xn date:  ; xn notes: ; filtration comments:  ; tech:  ,Fish Creek,"Scott Gabara, Gracelyn Ham",0-0.5,"low
",light,medium,12.1,13.9,by_foot,0.5,present,Very patchy and shallow water. ~30 blades per square meter.,Taken 10m apart in a square,Used home depot sprayer,AK_JN,"Juneau Region, Alaska","Juneau Region, Alaska"
AK_JN,JN_FC,pecoe-0542,2022-07-12,58.3321,-134.607683,18:03:00,19:44:00,Sample,exblank-2022-037,800,2022,NA,NA,800; xn tech: Wyth; xn date:  ; xn notes: ; filtration comments:  ; tech:  ,Fish Creek,"Scott Gabara, Gracelyn Ham",0-0.5,"low
",light,medium,12.1,13.9,by_foot,0.5,present,Very patchy and shallow water. ~30 blades per square meter.,Taken 10m apart in a square,Used home depot sprayer,AK_JN,"Juneau Region, Alaska","Juneau Region, Alaska"
AK_JN,JN_FC,pecoe-0543,2022-07-12,58.3321,-134.607683,18:04:00,20:00:00,Sample,exblank-2022-037,800,2022,NA,NA,800; xn tech: Wyth; xn date:  ; xn notes: ; filtration comments:  ; tech:  ,Fish Creek,"Scott Gabara, Gracelyn Ham",0-0.5,"low
",light,medium,12.1,13.9,by_foot,0.5,present,Very patchy and shallow water. ~30 blades per square meter.,Taken 10m apart in a square,Used home depot sprayer,AK_JN,"Juneau Region, Alaska","Juneau Region, Alaska"
AK_JN,JN_FC,pecoe-0544,2022-07-12,58.3321,-134.607683,18:06:00,20:13:00,Sample,exblank-2022-037,800,2022,NA,NA,800; xn tech: Wyth; xn date:  ; xn notes: ; filtration comments:  ; tech:  ,Fish Creek,"Scott Gabara, Gracelyn Ham",0-0.5,"low
",light,medium,12.1,13.9,by_foot,0.5,present,Very patchy and shallow water. ~30 blades per square meter.,Taken 10m apart in a square,Used home depot sprayer,AK_JN,"Juneau Region, Alaska","Juneau Region, Alaska"
AK_JN,JN_FC,pecoe-0545,2022-07-12,58.3321,-134.607683,18:10:00,20:26:00,Sample,exblank-2022-037,800,2022,NA,NA,800; xn tech: Wyth; xn date:  ; xn notes: ; filtration comments:  ; tech:  ,Fish Creek,"Scott Gabara, Gracelyn Ham",0-0.5,"low
",light,medium,12.1,13.9,by_foot,0.5,present,Very patchy and shallow water. ~30 blades per square meter.,Taken 10m apart in a square,Used home depot sprayer,AK_JN,"Juneau Region, Alaska","Juneau Region, Alaska"
AK_JN,JN_SB,pecoe-0546,2022-07-13,58.6274,-134.943433,NA,11:17:00,Field blank,exblank-2022-037,1000,2022,NA,NA, ; xn tech: Wyth; xn date:  ; xn notes: ; filtration comments:  ; tech:  ,South Bridget Cove,"Scott Gabara, Gracelyn Ham",0-0.5,flood,none,none,14.1,14.25,by_foot,1.25,present,Large patchy bed.,Taken 10m apart in a square,Used home depot sprayer,AK_JN,"Juneau Region, Alaska","Juneau Region, Alaska"
AK_JN,JN_SB,pecoe-0547,2022-07-13,58.6274,-134.943433,09:56:00,11:29:00,Sample,exblank-2022-037,1000,2022,NA,NA, ; xn tech: Wyth; xn date:  ; xn notes: ; filtration comments:  ; tech:  ,South Bridget Cove,"Scott Gabara, Gracelyn Ham",0-0.5,flood,none,none,14.1,14.25,by_foot,1.25,present,Large patchy bed.,Taken 10m apart in a square,Used home depot sprayer,AK_JN,"Juneau Region, Alaska","Juneau Region, Alaska"
AK_JN,JN_SB,pecoe-0548,2022-07-13,58.6274,-134.943433,09:59:00,11:40:00,Sample,exblank-2022-037,1000,2022,NA,NA, ; xn tech: Wyth; xn date:  ; xn notes: ; filtration comments:  ; tech:  ,South Bridget Cove,"Scott Gabara, Gracelyn Ham",0-0.5,flood,none,none,14.1,14.25,by_foot,1.25,present,Large patchy bed.,Taken 10m apart in a square,Used home depot sprayer,AK_JN,"Juneau Region, Alaska","Juneau Region, Alaska"
AK_JN,JN_SB,pecoe-0549,2022-07-13,58.6274,-134.943433,10:04:00,11:49:00,Sample,exblank-2022-037,1000,2022,NA,NA, ; xn tech: Wyth; xn date:  ; xn notes: ; filtration comments:  ; tech:  ,South Bridget Cove,"Scott Gabara, Gracelyn Ham",0-0.5,flood,none,none,14.1,14.25,by_foot,1.25,present,Large patchy bed.,Taken 10m apart in a square,Used home depot sprayer,AK_JN,"Juneau Region, Alaska","Juneau Region, Alaska"
AK_JN,JN_SB,pecoe-0550,2022-07-13,58.6274,-134.943433,10:06:00,12:00:00,Sample,exblank-2022-039,1000,2022,NA,NA, ; xn tech: Rosie; xn date:  ; xn notes: ; filtration comments:  ; tech:  ,South Bridget Cove,"Scott Gabara, Gracelyn Ham",0-0.5,flood,none,none,14.1,14.25,by_foot,1.25,present,Large patchy bed.,Taken 10m apart in a square,Used home depot sprayer,AK_JN,"Juneau Region, Alaska","Juneau Region, Alaska"
AK_JN,JN_EC,pecoe-0551,2022-07-14,58.662861,-134.915917,NA,08:01:00,Field blank,exblank-2022-039,1000,2022,NA,NA, ; xn tech: Rosie; xn date:  ; xn notes: ; filtration comments:  ; tech:  ,Echo Cove,"Scott Gabara, Gracelyn Ham",0-0.5,ebb,none,none,13,13.6,by_foot,1.25,present,"Longer skinny bed, maybe largest. Patchy canopy ~1m long blades, ~50 blades per square meter.",Taken in a line every 10m,Used home depot sprayer,AK_JN,"Juneau Region, Alaska","Juneau Region, Alaska"
AK_JN,JN_EC,pecoe-0552,2022-07-14,58.662861,-134.915917,06:31:00,08:11:00,Sample,exblank-2022-039,1000,2022,NA,NA, ; xn tech: Rosie; xn date:  ; xn notes: ; filtration comments:  ; tech:  ,Echo Cove,"Scott Gabara, Gracelyn Ham",0-0.5,ebb,none,none,13,13.6,by_foot,1.25,present,"Longer skinny bed, maybe largest. Patchy canopy ~1m long blades, ~50 blades per square meter.",Taken in a line every 10m,Used home depot sprayer,AK_JN,"Juneau Region, Alaska","Juneau Region, Alaska"
AK_JN,JN_EC,pecoe-0553,2022-07-14,58.662861,-134.915917,06:35:00,08:20:00,Sample,exblank-2022-039,1000,2022,NA,NA, ; xn tech: Rosie; xn date:  ; xn notes: ; filtration comments:  ; tech:  ,Echo Cove,"Scott Gabara, Gracelyn Ham",0-0.5,ebb,none,none,13,13.6,by_foot,1.25,present,"Longer skinny bed, maybe largest. Patchy canopy ~1m long blades, ~50 blades per square meter.",Taken in a line every 10m,Used home depot sprayer,AK_JN,"Juneau Region, Alaska","Juneau Region, Alaska"
AK_JN,JN_EC,pecoe-0554,2022-07-14,58.662861,-134.915917,06:38:00,08:31:00,Sample,exblank-2022-039,900,2022,NA,NA,900; xn tech: Rosie; xn date:  ; xn notes: ; filtration comments:  ; tech:  ,Echo Cove,"Scott Gabara, Gracelyn Ham",0-0.5,ebb,none,none,13,13.6,by_foot,1.25,present,"Longer skinny bed, maybe largest. Patchy canopy ~1m long blades, ~50 blades per square meter.",Taken in a line every 10m,Used home depot sprayer,AK_JN,"Juneau Region, Alaska","Juneau Region, Alaska"
AK_JN,JN_EC,pecoe-0555,2022-07-14,58.662861,-134.915917,06:46:00,08:42:00,Sample,exblank-2022-039,1000,2022,NA,NA, ; xn tech: Rosie; xn date:  ; xn notes: ; filtration comments:  ; tech:  ,Echo Cove,"Scott Gabara, Gracelyn Ham",0-0.5,ebb,none,none,13,13.6,by_foot,1.25,present,"Longer skinny bed, maybe largest. Patchy canopy ~1m long blades, ~50 blades per square meter.",Taken in a line every 10m,Used home depot sprayer,AK_JN,"Juneau Region, Alaska","Juneau Region, Alaska"
OR_YB,YB_F,pecoe-0556,2022-07-12,44.6238,-124.0589,NA,08:05:00,Field blank,exblank-2022-040,1000,2022,NA,NA,1000 mL; xn tech: Rosie; xn date:  ; xn notes: ; filtration comments:  ; tech:  ,Green Bridge,"Tomas Nash, Fiona",ND,ebb,light,none,34,ND,by_foot,0.5,present,"patchy bed, valleys and mountains, collect at 05:30 to 05:50, low tide at 05:55 (-1'9"")","samples taken 10 m apart, consistent depth",NA,OR_YB,"Yaquina Bay, Oregon","Yaquina Bay, Oregon"
OR_YB,YB_F,pecoe-0557,2022-07-12,44.6238,-124.0589,05:30:00,08:40:00,Sample,exblank-2022-040,775,2022,NA,NA,775 mL; xn tech: Rosie; xn date:  ; xn notes: ; filtration comments:  ; tech:  ,Green Bridge,"Tomas Nash, Fiona",ND,ebb,light,none,34,ND,by_foot,0.5,present,"patchy bed, valleys and mountains, collect at 05:30 to 05:50, low tide at 05:55 (-1'9"")","samples taken 10 m apart, consistent depth",NA,OR_YB,"Yaquina Bay, Oregon","Yaquina Bay, Oregon"
OR_YB,YB_F,pecoe-0558,2022-07-12,44.6238,-124.0589,05:35:00,09:25:00,Sample,exblank-2022-040,600,2022,NA,NA,600 mL (OPAP broke); xn tech: Rosie; xn date:  ; xn notes: ; filtration comments:  ; tech:  ,Green Bridge,"Tomas Nash, Fiona",ND,ebb,light,none,34,ND,by_foot,0.5,present,"patchy bed, valleys and mountains, collect at 05:30 to 05:50, low tide at 05:55 (-1'9"")","samples taken 10 m apart, consistent depth",NA,OR_YB,"Yaquina Bay, Oregon","Yaquina Bay, Oregon"
OR_YB,YB_F,pecoe-0559,2022-07-12,44.6238,-124.0589,05:40:00,13:15:00,Sample,exblank-2022-040,600,2022,NA,NA,600 mL; xn tech: Rosie; xn date:  ; xn notes: ; filtration comments:  ; tech:  ,Green Bridge,"Tomas Nash, Fiona",ND,ebb,light,none,34,ND,by_foot,0.5,present,"patchy bed, valleys and mountains, collect at 05:30 to 05:50, low tide at 05:55 (-1'9"")","samples taken 10 m apart, consistent depth",NA,OR_YB,"Yaquina Bay, Oregon","Yaquina Bay, Oregon"
OR_YB,YB_F,pecoe-0560,2022-07-12,44.6238,-124.0589,05:45:00,14:25:00,Sample,exblank-2022-040,600,2022,NA,NA,600 mL; xn tech: Rosie; xn date:  ; xn notes: ; filtration comments:  ; tech:  ,Green Bridge,"Tomas Nash, Fiona",ND,ebb,light,none,34,ND,by_foot,0.5,present,"patchy bed, valleys and mountains, collect at 05:30 to 05:50, low tide at 05:55 (-1'9"")","samples taken 10 m apart, consistent depth",NA,OR_YB,"Yaquina Bay, Oregon","Yaquina Bay, Oregon"
OR_YB,YB_SBN,pecoe-0561,2022-07-13,44.622867,-124.023817,NA,09:00:00,Field blank,exblank-2022-039,1000,2022,NA,NA,1000 mL; xn tech: Rosie; xn date:  ; xn notes: ; filtration comments:  ; tech:  ,Sallys Bend North,"Tomas Nash, Fiona",0-0.5,ebb,none,none,30,ND,by_foot,0.5,present,"large bed, continuous","about 20 seagulls, 1 pelican, small perch",tide = ebb/slack,OR_YB,"Yaquina Bay, Oregon","Yaquina Bay, Oregon"
OR_YB,YB_SBN,pecoe-0562,2022-07-13,44.622867,-124.023817,06:20:00,09:55:00,Sample,exblank-2022-039,500,2022,NA,NA,"500 mL; xn tech: Rosie; xn date:  ; xn notes:sterivex crushed collection tube during spin, contaminated in 50mL tube; filtration comments:  ; tech:  ",Sallys Bend North,"Tomas Nash, Fiona",0-0.5,ebb,none,none,30,ND,by_foot,0.5,present,"large bed, continuous","about 20 seagulls, 1 pelican, small perch",tide = ebb/slack,OR_YB,"Yaquina Bay, Oregon","Yaquina Bay, Oregon"
OR_YB,YB_SBN,pecoe-0563,2022-07-13,44.622867,-124.023817,06:25:00,10:35:00,Sample,exblank-2022-040,600,2022,NA,NA,600 mL; xn tech: Rosie; xn date:  ; xn notes: ; filtration comments:  ; tech:  ,Sallys Bend North,"Tomas Nash, Fiona",0-0.5,ebb,none,none,30,ND,by_foot,0.5,present,"large bed, continuous","about 20 seagulls, 1 pelican, small perch",tide = ebb/slack,OR_YB,"Yaquina Bay, Oregon","Yaquina Bay, Oregon"
OR_YB,YB_SBN,pecoe-0564,2022-07-13,44.622867,-124.023817,06:30:00,11:15:00,Sample,exblank-2022-040,500,2022,NA,NA,500 mL; xn tech: Rosie; xn date:  ; xn notes: ; filtration comments:  ; tech:  ,Sallys Bend North,"Tomas Nash, Fiona",0-0.5,ebb,none,none,30,ND,by_foot,0.5,present,"large bed, continuous","about 20 seagulls, 1 pelican, small perch",tide = ebb/slack,OR_YB,"Yaquina Bay, Oregon","Yaquina Bay, Oregon"
OR_YB,YB_SBN,pecoe-0565,2022-07-13,44.622867,-124.023817,06:35:00,11:45:00,Sample,exblank-2022-039,700,2022,NA,NA,700 mL; xn tech: Rosie; xn date:  ; xn notes: ; filtration comments:  ; tech:  ,Sallys Bend North,"Tomas Nash, Fiona",0-0.5,ebb,none,none,30,ND,by_foot,0.5,present,"large bed, continuous","about 20 seagulls, 1 pelican, small perch",tide = ebb/slack,OR_YB,"Yaquina Bay, Oregon","Yaquina Bay, Oregon"
OR_YB,YB_SBS,pecoe-0566,2022-07-14,44.61245,-124.013317,NA,10:20:00,Field blank,exblank-2022-039,1000,2022,NA,NA,1000 mL; xn tech: Rosie; xn date:  ; xn notes: ; filtration comments:  ; tech:  ,Sallys Bend South,"Tomas Nash, Fiona",0-0.5,ebb,none,none,29,ND,by_foot,0.5,present,"close to lower limit of bed, continuous",samples taken 10 m apart,tide = ebb/slack,OR_YB,"Yaquina Bay, Oregon","Yaquina Bay, Oregon"
OR_YB,YB_SBS,pecoe-0567,2022-07-14,44.61245,-124.013317,07:05:00,11:00:00,Sample,exblank-2022-039,710,2022,NA,NA,710 mL; xn tech: Rosie; xn date:  ; xn notes: ; filtration comments:  ; tech:  ,Sallys Bend South,"Tomas Nash, Fiona",0-0.5,ebb,none,none,29,ND,by_foot,0.5,present,"close to lower limit of bed, continuous",samples taken 10 m apart,tide = ebb/slack,OR_YB,"Yaquina Bay, Oregon","Yaquina Bay, Oregon"
OR_YB,YB_SBS,pecoe-0568,2022-07-14,44.61245,-124.013317,07:10:00,11:50:00,Sample,exblank-2022-039,650,2022,NA,NA,650 mL; xn tech: Rosie; xn date:  ; xn notes: ; filtration comments:  ; tech:  ,Sallys Bend South,"Tomas Nash, Fiona",0-0.5,ebb,none,none,29,ND,by_foot,0.5,present,"close to lower limit of bed, continuous",samples taken 10 m apart,tide = ebb/slack,OR_YB,"Yaquina Bay, Oregon","Yaquina Bay, Oregon"
OR_YB,YB_SBS,pecoe-0569,2022-07-14,44.61245,-124.013317,07:15:00,11:50:00,Sample,exblank-2022-039,625,2022,NA,NA,625 mL; xn tech: Rosie; xn date:  ; xn notes: ; filtration comments:  ; tech:  ,Sallys Bend South,"Tomas Nash, Fiona",0-0.5,ebb,none,none,29,ND,by_foot,0.5,present,"close to lower limit of bed, continuous",samples taken 10 m apart,tide = ebb/slack,OR_YB,"Yaquina Bay, Oregon","Yaquina Bay, Oregon"
OR_YB,YB_SBS,pecoe-0570,2022-07-14,44.61245,-124.013317,12:45:00,13:20:00,Sample,exblank-2022-039,500,2022,NA,NA,500 mL; xn tech: Rosie; xn date:  ; xn notes: ; filtration comments:  ; tech:  ,Sallys Bend South,"Tomas Nash, Fiona",0-0.5,ebb,none,none,29,ND,by_foot,0.5,present,"close to lower limit of bed, continuous",samples taken 10 m apart,tide = ebb/slack,OR_YB,"Yaquina Bay, Oregon","Yaquina Bay, Oregon"
OR_YB,YB_IF,pecoe-0571,2022-07-15,44.617633,-124.029183,NA,11:40:00,Field blank,exblank-2022-039,1000,2022,NA,NA,1000 mL; xn tech: Rosie; xn date:  ; xn notes: ; filtration comments:  ; tech:  ,Idaho Flats,"Tomas Nash, Fiona",0-0.5,ebb,none,none,NA,ND,by_foot,0.5,present,lower limit of bed,"low tide at 08:20 (-2'3"")",NA,OR_YB,"Yaquina Bay, Oregon","Yaquina Bay, Oregon"
OR_YB,YB_IF,pecoe-0572,2022-07-15,44.617633,-124.029183,07:50:00,12:15:00,Sample,exblank-2022-039,660,2022,NA,NA,660 mL; xn tech: Rosie; xn date:  ; xn notes: ; filtration comments:  ; tech:  ,Idaho Flats,"Tomas Nash, Fiona",0-0.5,ebb,none,none,NA,ND,by_foot,0.5,present,lower limit of bed,"low tide at 08:20 (-2'3"")",NA,OR_YB,"Yaquina Bay, Oregon","Yaquina Bay, Oregon"
OR_YB,YB_IF,pecoe-0573,2022-07-15,44.617633,-124.029183,07:55:00,13:55:00,Sample,exblank-2022-039,710,2022,NA,NA,710 mL; xn tech: Rosie; xn date:  ; xn notes: ; filtration comments:  ; tech:  ,Idaho Flats,"Tomas Nash, Fiona",0-0.5,ebb,none,none,NA,ND,by_foot,0.5,present,lower limit of bed,"low tide at 08:20 (-2'3"")",NA,OR_YB,"Yaquina Bay, Oregon","Yaquina Bay, Oregon"
OR_YB,YB_IF,pecoe-0574,2022-07-15,44.617633,-124.029183,08:00:00,14:30:00,Sample,exblank-2022-039,530,2022,NA,NA,530 mL; xn tech: Rosie; xn date:  ; xn notes: ; filtration comments:  ; tech:  ,Idaho Flats,"Tomas Nash, Fiona",0-0.5,ebb,none,none,NA,ND,by_foot,0.5,present,lower limit of bed,"low tide at 08:20 (-2'3"")",NA,OR_YB,"Yaquina Bay, Oregon","Yaquina Bay, Oregon"
OR_YB,YB_IF,pecoe-0575,2022-07-15,44.617633,-124.029183,08:05:00,15:00:00,Sample,exblank-2022-039,450,2022,NA,NA,450 mL; xn tech: Rosie; xn date:  ; xn notes: ; filtration comments:  ; tech:  ,Idaho Flats,"Tomas Nash, Fiona",0-0.5,ebb,none,none,NA,ND,by_foot,0.5,present,lower limit of bed,"low tide at 08:20 (-2'3"")",NA,OR_YB,"Yaquina Bay, Oregon","Yaquina Bay, Oregon"
WA_PS,PS_SH,pecoe-0581,2022-06-26,48.505383,-122.674583,NA,10:50:00,Field blank,exblank-2022-033,900,2022,NA,NA,900 mL; xn tech: Wyth; xn date:  ; xn notes: ; filtration comments:  ; tech:  ,Ship Harbour,"Sobocinski, Bugaj, Stewart",0-0.5,low,none,none,NA,NA,by_boat,1.75m,present,"height 1.2m, cover 65-75%, high density",NA,NA,WA_PSa,"Puget Sound & Padilla Bay, Washington","Padilla Bay, Washington"
WA_PS,PS_SH,pecoe-0582,2022-06-26,48.505383,-122.674583,09:00:00,11:07:00,Sample,exblank-2022-033,1000,2022,NA,NA,1000mL; xn tech: Wyth; xn date:  ; xn notes: ; filtration comments:  ; tech:  ,Ship Harbour,"Sobocinski, Bugaj, Stewart",0-0.5,low,none,none,NA,NA,by_boat,1.75m,present,"height 1.2m, cover 65-75%, high density",NA,NA,WA_PSa,"Puget Sound & Padilla Bay, Washington","Padilla Bay, Washington"
WA_PS,PS_SH,pecoe-0583,2022-06-26,48.505383,-122.674583,09:05:00,11:20:00,Sample,exblank-2022-033,900,2022,NA,NA,900mL; xn tech: Wyth; xn date:  ; xn notes: ; filtration comments:  ; tech:  ,Ship Harbour,"Sobocinski, Bugaj, Stewart",0-0.5,low,none,none,NA,NA,by_boat,1.75m,present,"height 1.2m, cover 65-75%, high density",NA,NA,WA_PSa,"Puget Sound & Padilla Bay, Washington","Padilla Bay, Washington"
WA_PS,PS_SH,pecoe-0584,2022-06-26,48.505383,-122.674583,09:10:00,11:35:00,Sample,exblank-2022-033,900,2022,NA,NA,900 mL; xn tech: Wyth; xn date:  ; xn notes: ; filtration comments:  ; tech:  ,Ship Harbour,"Sobocinski, Bugaj, Stewart",0-0.5,low,none,none,NA,NA,by_boat,1.75m,present,"height 1.2m, cover 65-75%, high density",NA,NA,WA_PSa,"Puget Sound & Padilla Bay, Washington","Padilla Bay, Washington"
WA_PS,PS_SH,pecoe-0585,2022-06-26,48.505383,-122.674583,09:15:00,11:50:00,Sample,exblank-2022-033,1000,2022,NA,NA,-; xn tech: Wyth; xn date:  ; xn notes: ; filtration comments:  ; tech:  ,Ship Harbour,"Sobocinski, Bugaj, Stewart",0-0.5,low,none,none,NA,NA,by_boat,1.75m,present,"height 1.2m, cover 65-75%, high density",NA,NA,WA_PSa,"Puget Sound & Padilla Bay, Washington","Padilla Bay, Washington"
WA_PS,PS_SP,pecoe-0586,2022-06-26,48.5092333333,-122.6861,NA,13:20:00,Field blank,exblank-2022-034,1000,2022,NA,NA,1000 mL filtered; xn tech: Wyth; xn date:  ; xn notes: ; filtration comments:  ; tech:  ,Shannon Point,"Sobocinski, Bugaj, Stewart",0-0.5,flood,light,none,NA,NA,by_boat,1.75m,present,"patchy, canopy height > 2 ft",NA,NA,WA_PSa,"Puget Sound & Padilla Bay, Washington","Padilla Bay, Washington"
WA_PS,PS_SP,pecoe-0587,2022-06-26,48.5092333333,-122.6861,13:00:00,13:40:00,Sample,exblank-2022-034,900,2022,NA,NA,900 mL; xn tech: Wyth; xn date:  ; xn notes: ; filtration comments:  ; tech:  ,Shannon Point,"Sobocinski, Bugaj, Stewart",0-0.5,flood,light,none,NA,NA,by_boat,1.75m,present,"patchy, canopy height > 2 ft",NA,NA,WA_PSa,"Puget Sound & Padilla Bay, Washington","Padilla Bay, Washington"
WA_PS,PS_SP,pecoe-0588,2022-06-26,48.5092333333,-122.6861,13:15:00,13:51:00,Sample,exblank-2022-034,800,2022,NA,NA,800 mL; xn tech: Wyth; xn date:  ; xn notes: ; filtration comments:  ; tech:  ,Shannon Point,"Sobocinski, Bugaj, Stewart",0-0.5,flood,light,none,NA,NA,by_boat,1.75m,present,"patchy, canopy height > 2 ft",NA,NA,WA_PSa,"Puget Sound & Padilla Bay, Washington","Padilla Bay, Washington"
WA_PS,PS_SP,pecoe-0589,2022-06-26,48.5092333333,-122.6861,13:30:00,14:05:00,Sample,exblank-2022-034,800,2022,NA,NA,800mL; xn tech: Wyth; xn date:  ; xn notes: ; filtration comments:  ; tech:  ,Shannon Point,"Sobocinski, Bugaj, Stewart",0-0.5,flood,light,none,NA,NA,by_boat,1.75m,present,"patchy, canopy height > 2 ft",NA,NA,WA_PSa,"Puget Sound & Padilla Bay, Washington","Padilla Bay, Washington"
WA_PS,PS_SP,pecoe-0590,2022-06-26,48.5092333333,-122.6861,13:40:00,14:18:00,Sample,exblank-2022-034,800,2022,NA,NA,800mL; xn tech: Wyth; xn date:  ; xn notes: ; filtration comments:  ; tech:  ,Shannon Point,"Sobocinski, Bugaj, Stewart",0-0.5,flood,light,none,NA,NA,by_boat,1.75m,present,"patchy, canopy height > 2 ft",NA,NA,WA_PSa,"Puget Sound & Padilla Bay, Washington","Padilla Bay, Washington"
WA_PS,PS_BV,pecoe-0591,2022-06-27,48.485,-122.4830166667,NA,09:53:00,Field blank,exblank-2022-033,1000,2022,NA,NA,1000mL; xn tech: Wyth; xn date:  ; xn notes: ; filtration comments:  ; tech:  ,Bayview,"Sobocinski, Stewart, Greeley",0-0.5,ebb,light,none,NA,NA,by_foot,NA,present,"huge bed, dense where samples - all 7 marinas canopy height = 0.75",NA,`,WA_PSa,"Puget Sound & Padilla Bay, Washington","Padilla Bay, Washington"
WA_PS,PS_BV,pecoe-0592,2022-06-27,48.485,-122.4830166667,08:40:00,10:14:00,Sample,exblank-2022-033,500,2022,NA,NA,500mL filtered; xn tech: Wyth; xn date:  ; xn notes: ; filtration comments:  ; tech:  ,Bayview,"Sobocinski, Stewart, Greeley",0-0.5,ebb,light,none,NA,NA,by_foot,NA,present,"huge bed, dense where samples - all 7 marinas canopy height = 0.75",NA,`,WA_PSa,"Puget Sound & Padilla Bay, Washington","Padilla Bay, Washington"
WA_PS,PS_BV,pecoe-0593,2022-06-27,48.485,-122.4830166667,08:45:00,10:30:00,Sample,exblank-2022-033,500,2022,NA,NA,500mL filtered; xn tech: Wyth; xn date:  ; xn notes: ; filtration comments:  ; tech:  ,Bayview,"Sobocinski, Stewart, Greeley",0-0.5,ebb,light,none,NA,NA,by_foot,NA,present,"huge bed, dense where samples - all 7 marinas canopy height = 0.75",NA,`,WA_PSa,"Puget Sound & Padilla Bay, Washington","Padilla Bay, Washington"
WA_PS,PS_BV,pecoe-0594,2022-06-27,48.485,-122.4830166667,08:50:00,10:49:00,Sample,exblank-2022-033,500,2022,NA,NA,500mL filtered; xn tech: Wyth; xn date:  ; xn notes: ; filtration comments:  ; tech:  ,Bayview,"Sobocinski, Stewart, Greeley",0-0.5,ebb,light,none,NA,NA,by_foot,NA,present,"huge bed, dense where samples - all 7 marinas canopy height = 0.75",NA,`,WA_PSa,"Puget Sound & Padilla Bay, Washington","Padilla Bay, Washington"
WA_PS,PS_BV,pecoe-0595,2022-06-27,48.485,-122.4830166667,08:55:00,11:10:00,Sample,exblank-2022-033,500,2022,NA,NA,500mL filtered; xn tech: Wyth; xn date:  ; xn notes: ; filtration comments:  ; tech:  ,Bayview,"Sobocinski, Stewart, Greeley",0-0.5,ebb,light,none,NA,NA,by_foot,NA,present,"huge bed, dense where samples - all 7 marinas canopy height = 0.75",NA,`,WA_PSa,"Puget Sound & Padilla Bay, Washington","Padilla Bay, Washington"
WA_PS,PS_YB,pecoe-0596,2022-06-27,48.5239166667,-122.6215166667,NA,13:35:00,Field blank,exblank-2022-033,1000,2022,NA,NA,1000mL; xn tech: Wyth; xn date:  ; xn notes: ; filtration comments:  ; tech:  ,Yellow Bluff,"Sobocinski, Stewart, Greeley, Guemes",0-0.5,flood,light,none,NA,NA,by_boat,3m,present,mixed seagrass and eelgrass,NA,NA,WA_PSa,"Puget Sound & Padilla Bay, Washington","Padilla Bay, Washington"
WA_PS,PS_YB,pecoe-0597,2022-06-27,48.5239166667,-122.6215166667,12:35:00,13:53:00,Sample,exblank-2022-036,800,2022,NA,NA,800mL; xn tech: Wyth; xn date:  ; xn notes: ; filtration comments:  ; tech:  ,Yellow Bluff,"Sobocinski, Stewart, Greeley, Guemes",0-0.5,flood,light,none,NA,NA,by_boat,3m,present,mixed seagrass and eelgrass,NA,NA,WA_PSa,"Puget Sound & Padilla Bay, Washington","Padilla Bay, Washington"
WA_PS,PS_YB,pecoe-0598,2022-06-27,48.5239166667,-122.6215166667,12:38:00,14:10:00,Sample,exblank-2022-036,800,2022,NA,NA,800mL; xn tech: Wyth; xn date:  ; xn notes: ; filtration comments:  ; tech:  ,Yellow Bluff,"Sobocinski, Stewart, Greeley, Guemes",0-0.5,flood,light,none,NA,NA,by_boat,3m,present,mixed seagrass and eelgrass,NA,NA,WA_PSa,"Puget Sound & Padilla Bay, Washington","Padilla Bay, Washington"
WA_PS,PS_YB,pecoe-0599,2022-06-27,48.5239166667,-122.6215166667,12:40:00,14:26:00,Sample,exblank-2022-034,800,2022,NA,NA,800mL; xn tech: Wyth; xn date:  ; xn notes: ; filtration comments:  ; tech:  ,Yellow Bluff,"Sobocinski, Stewart, Greeley, Guemes",0-0.5,flood,light,none,NA,NA,by_boat,3m,present,mixed seagrass and eelgrass,NA,NA,WA_PSa,"Puget Sound & Padilla Bay, Washington","Padilla Bay, Washington"
WA_PS,PS_YB,pecoe-0600,2022-06-27,48.5239166667,-122.6215166667,12:45:00,14:45:00,Sample,exblank-2022-036,800,2022,NA,NA,800mL; xn tech: Wyth; xn date:  ; xn notes: ; filtration comments:  ; tech:  ,Yellow Bluff,"Sobocinski, Stewart, Greeley, Guemes",0-0.5,flood,light,none,NA,NA,by_boat,3m,present,mixed seagrass and eelgrass,NA,NA,WA_PSa,"Puget Sound & Padilla Bay, Washington","Padilla Bay, Washington"
WA_PS,PS_BB,pecoe-0601,2022-06-28,48.728233,-122.506733,NA,11:58:00,Field blank,exblank-2022-034,1000,2022,NA,NA,1000mL; xn tech: Wyth; xn date:  ; xn notes: ; filtration comments:  ; tech:  ,Bellingham Bay,"Sobocinski, Stewart",0-0.5,slack,light,none,NA,NA,by_foot,1.5m,present,"dense bed, canopy height 1.0m",NA,NA,WA_PSa,"Puget Sound & Padilla Bay, Washington","Padilla Bay, Washington"
WA_PS,PS_BB,pecoe-0602,2022-06-28,48.728233,-122.506733,11:10:00,12:16:00,Sample,exblank-2022-034,500,2022,NA,NA,500mL; xn tech: Wyth; xn date:  ; xn notes: ; filtration comments:  ; tech:  ,Bellingham Bay,"Sobocinski, Stewart",0-0.5,slack,light,none,NA,NA,by_foot,1.5m,present,"dense bed, canopy height 1.0m",NA,NA,WA_PSa,"Puget Sound & Padilla Bay, Washington","Padilla Bay, Washington"
WA_PS,PS_BB,pecoe-0603,2022-06-28,48.728233,-122.506733,11:15:00,12:39:00,Sample,exblank-2022-034,500,2022,NA,NA,500mL; xn tech: Wyth; xn date:  ; xn notes: ; filtration comments:  ; tech:  ,Bellingham Bay,"Sobocinski, Stewart",0-0.5,slack,light,none,NA,NA,by_foot,1.5m,present,"dense bed, canopy height 1.0m",NA,NA,WA_PSa,"Puget Sound & Padilla Bay, Washington","Padilla Bay, Washington"
WA_PS,PS_BB,pecoe-0604,2022-06-28,48.728233,-122.506733,11:20:00,13:00:00,Sample,exblank-2022-034,500,2022,NA,NA,500mL; xn tech: Wyth; xn date:  ; xn notes: ; filtration comments:  ; tech:  ,Bellingham Bay,"Sobocinski, Stewart",0-0.5,slack,light,none,NA,NA,by_foot,1.5m,present,"dense bed, canopy height 1.0m",NA,NA,WA_PSa,"Puget Sound & Padilla Bay, Washington","Padilla Bay, Washington"
WA_PS,PS_BB,pecoe-0605,2022-06-28,48.728233,-122.506733,11:25:00,13:20:00,Sample,exblank-2022-034,500,2022,NA,NA,500mL; xn tech: Wyth; xn date:  ; xn notes: ; filtration comments:  ; tech:  ,Bellingham Bay,"Sobocinski, Stewart",0-0.5,slack,light,none,NA,NA,by_foot,1.5m,present,"dense bed, canopy height 1.0m",NA,NA,WA_PSa,"Puget Sound & Padilla Bay, Washington","Padilla Bay, Washington"
CA_MB,MB_CB,pecoe-0616,2022-07-21,35.37232,-120.85978,NA,11:23:00,Field blank,exblank-2022-025,1000,2022,PECO2022,NA, ; xn tech: Carolyn; xn date:  ; xn notes: ; filtration comments:  ; tech:  ,Coleman Beach,"Lauren, Drea, Zoe, Sage",1-2,low,light,none,NA,NA,by_foot,NA,present,"Dense bed, length ~5ft, width ~30-40ft","10m apart per sample, collected at 1-2 feet from surface","cloudy/foggy, weather: 18C",CA_MB,"Morro Bay, California","Morro Bay, California"
CA_MB,MB_CB,pecoe-0617,2022-07-21,35.37232,-120.85978,11:16:00,12:47:00,Sample,exblank-2022-025,800,2022,PECO2022,NA,filtered vol: 800 mL; xn tech: Carolyn; xn date:  ; xn notes: ; filtration comments:  ; tech:  ,Coleman Beach,"Lauren, Drea, Zoe, Sage",1-2,low,light,none,NA,NA,by_foot,NA,present,"Dense bed, length ~5ft, width ~30-40ft","10m apart per sample, collected at 1-2 feet from surface","cloudy/foggy, weather: 18C",CA_MB,"Morro Bay, California","Morro Bay, California"
CA_MB,MB_CB,pecoe-0618,2022-07-21,35.37232,-120.85978,11:20:00,15:10:00,Sample,exblank-2022-025,700,2022,PECO2022,NA,filtered vol: 700 mL; xn tech: Carolyn; xn date:  ; xn notes: ; filtration comments:  ; tech:  ,Coleman Beach,"Lauren, Drea, Zoe, Sage",1-2,low,light,none,NA,NA,by_foot,NA,present,"Dense bed, length ~5ft, width ~30-40ft","10m apart per sample, collected at 1-2 feet from surface","cloudy/foggy, weather: 18C",CA_MB,"Morro Bay, California","Morro Bay, California"
CA_MB,MB_CB,pecoe-0619,2022-07-21,35.37232,-120.85978,11:24:00,15:31:00,Sample,exblank-2022-025,750,2022,PECO2022,NA,filtered vol: 750 mL; xn tech: Carolyn; xn date:  ; xn notes: ; filtration comments:  ; tech:  ,Coleman Beach,"Lauren, Drea, Zoe, Sage",1-2,low,light,none,NA,NA,by_foot,NA,present,"Dense bed, length ~5ft, width ~30-40ft","10m apart per sample, collected at 1-2 feet from surface","cloudy/foggy, weather: 18C",CA_MB,"Morro Bay, California","Morro Bay, California"
CA_MB,MB_CB,pecoe-0620,2022-07-21,35.37232,-120.85978,11:28:00,NA,Sample,exblank-2022-025,700,2022,PECO2022,NA,filtered vol: 700 mL; xn tech: Carolyn; xn date:  ; xn notes: ; filtration comments:  ; tech:  ,Coleman Beach,"Lauren, Drea, Zoe, Sage",1-2,low,light,none,NA,NA,by_foot,NA,present,"Dense bed, length ~5ft, width ~30-40ft","10m apart per sample, collected at 1-2 feet from surface","cloudy/foggy, weather: 18C",CA_MB,"Morro Bay, California","Morro Bay, California"
CA_MB,MB_TP,pecoe-0621,2022-07-23,35.360551,-120.85194,NA,09:22:00,Field blank,exblank-2022-025,1000,2022,PECO2022,NA, ; xn tech: Carolyn; xn date:  ; xn notes: ; filtration comments:  ; tech:  ,Tidelands Park,"Lauren, Zoe, Drea, Sage, Maria",2-3,NA,medium,none,NA,NA,by_foot,NA,present,"Small patchy sizes, sea grass @ bottom, dense be width ~ 6ft, length ~200 ft","10-12, apart for each samples, consistent depth","overcast weather, 14C",CA_MB,"Morro Bay, California","Morro Bay, California"
CA_MB,MB_TP,pecoe-0622,2022-07-23,35.360551,-120.85194,09:07:00,09:50:00,Sample,exblank-2022-025,600,2022,PECO2022,NA,filtered volumer: 600 mL; xn tech: Carolyn; xn date:  ; xn notes: ; filtration comments:  ; tech:  ,Tidelands Park,"Lauren, Zoe, Drea, Sage, Maria",2-3,NA,medium,none,NA,NA,by_foot,NA,present,"Small patchy sizes, sea grass @ bottom, dense be width ~ 6ft, length ~200 ft","10-12, apart for each samples, consistent depth","overcast weather, 14C",CA_MB,"Morro Bay, California","Morro Bay, California"
CA_MB,MB_TP,pecoe-0623,2022-07-23,35.360551,-120.85194,09:12:00,10:13:00,Sample,exblank-2022-025,600,2022,PECO2022,NA,filtered volumer: 600 mL; xn tech: Carolyn; xn date:  ; xn notes: ; filtration comments:  ; tech:  ,Tidelands Park,"Lauren, Zoe, Drea, Sage, Maria",2-3,NA,medium,none,NA,NA,by_foot,NA,present,"Small patchy sizes, sea grass @ bottom, dense be width ~ 6ft, length ~200 ft","10-12, apart for each samples, consistent depth","overcast weather, 14C",CA_MB,"Morro Bay, California","Morro Bay, California"
CA_MB,MB_TP,pecoe-0624,2022-07-23,35.360551,-120.85194,09:17:00,10:21:00,Sample,exblank-2022-025,600,2022,PECO2022,NA,filtered volumer: 600 mL; xn tech: Carolyn; xn date:  ; xn notes: ; filtration comments:  ; tech:  ,Tidelands Park,"Lauren, Zoe, Drea, Sage, Maria",2-3,NA,medium,none,NA,NA,by_foot,NA,present,"Small patchy sizes, sea grass @ bottom, dense be width ~ 6ft, length ~200 ft","10-12, apart for each samples, consistent depth","overcast weather, 14C",CA_MB,"Morro Bay, California","Morro Bay, California"
CA_MB,MB_TP,pecoe-0625,2022-07-23,35.360551,-120.85194,09:20:00,10:48:00,Sample,exblank-2022-025,600,2022,PECO2022,NA,filtered volumer: 600 mL; xn tech: Carolyn; xn date:  ; xn notes: ; filtration comments:  ; tech:  ,Tidelands Park,"Lauren, Zoe, Drea, Sage, Maria",2-3,NA,medium,none,NA,NA,by_foot,NA,present,"Small patchy sizes, sea grass @ bottom, dense be width ~ 6ft, length ~200 ft","10-12, apart for each samples, consistent depth","overcast weather, 14C",CA_MB,"Morro Bay, California","Morro Bay, California"
CA_SD,SD_SI,pecoe-0631,2022-07-21,32.713857,-117.225517,NA,09:50:00,Field blank,exblank-2022-038,1000,2022,PECO2022,NA,1000mL; xn tech: Rute; xn date:  ; xn notes: ; filtration comments:  ; tech:  ,Shelter Island,"Kevin Hovel, Vanessa Van Deusen",0-0.5,"low
",light,none,NA,20,by_foot,1,present,"continous bed, 300 m x 25m, near 100% cover, height ~50cm","10-15 m apart, consistent 1 m depth, samples taken south to north",NA,CA_SD,"San Diego region, California","San Diego region, California"
CA_SD,SD_SI,pecoe-0632,2022-07-21,32.713857,-117.225517,09:12:00,10:29:00,Sample,exblank-2022-038,1000,2022,PECO2022,NA,1000mL; xn tech: Rute; xn date:  ; xn notes: ; filtration comments:  ; tech:  ,Shelter Island,"Kevin Hovel, Vanessa Van Deusen",0-0.5,"low
",light,none,NA,20,by_foot,1,present,"continous bed, 300 m x 25m, near 100% cover, height ~50cm","10-15 m apart, consistent 1 m depth, samples taken south to north",NA,CA_SD,"San Diego region, California","San Diego region, California"
CA_SD,SD_SI,pecoe-0633,2022-07-21,32.713857,-117.225517,09:17:00,10:39:00,Sample,exblank-2022-038,1000,2022,PECO2022,NA,1000mL; xn tech: Rute; xn date:  ; xn notes: ; filtration comments:  ; tech:  ,Shelter Island,"Kevin Hovel, Vanessa Van Deusen",0-0.5,"low
",light,none,NA,20,by_foot,1,present,"continous bed, 300 m x 25m, near 100% cover, height ~50cm","10-15 m apart, consistent 1 m depth, samples taken south to north",NA,CA_SD,"San Diego region, California","San Diego region, California"
CA_SD,SD_SI,pecoe-0634,2022-07-21,32.713857,-117.225517,09:12:00,10:50:00,Sample,exblank-2022-038,1000,2022,PECO2022,NA,1000mL; xn tech: Rute; xn date:  ; xn notes: ; filtration comments:  ; tech:  ,Shelter Island,"Kevin Hovel, Vanessa Van Deusen",0-0.5,"low
",light,none,NA,20,by_foot,1,present,"continous bed, 300 m x 25m, near 100% cover, height ~50cm","10-15 m apart, consistent 1 m depth, samples taken south to north",NA,CA_SD,"San Diego region, California","San Diego region, California"
CA_SD,SD_SI,pecoe-0635,2022-07-21,32.713857,-117.225517,09:24:00,11:27:00,Sample,exblank-2022-038,1000,2022,PECO2022,NA,1000mL; xn tech: Rute; xn date:  ; xn notes:sterivex broke and low volume of lysate was collected; filtration comments:  ; tech:  ,Shelter Island,"Kevin Hovel, Vanessa Van Deusen",0-0.5,"low
",light,none,NA,20,by_foot,1,present,"continous bed, 300 m x 25m, near 100% cover, height ~50cm","10-15 m apart, consistent 1 m depth, samples taken south to north",NA,CA_SD,"San Diego region, California","San Diego region, California"
CA_SD,SD_CV,pecoe-0636,2022-07-22,32.62568,-117.1066,NA,11:36:00,Field blank,exblank-2022-038,1000,2022,PECO2022,NA,1000mL; xn tech: Rute; xn date:  ; xn notes: ; filtration comments:  ; tech:  ,Chula Vista,"Kevin Hovel, Vanessa Van Deusen",0-0.5,ebb,light,none,NA,19.5,by_foot,1,absent,segrass  present deeper (could see the shadow in the water) but not within sampling depth. Muddy bottom with seagrass floating on surface,mistakenly sampled all near one another ~1 meter apart,NA,CA_SD,"San Diego region, California","San Diego region, California"
CA_SD,SD_CV,pecoe-0637,2022-07-22,32.62568,-117.1066,10:30:00,11:51:00,Sample,exblank-2022-038,800,2022,PECO2022,NA,800mL; xn tech: Rute; xn date:  ; xn notes: ; filtration comments:  ; tech:  ,Chula Vista,"Kevin Hovel, Vanessa Van Deusen",0-0.5,ebb,light,none,NA,19.5,by_foot,1,absent,segrass  present deeper (could see the shadow in the water) but not within sampling depth. Muddy bottom with seagrass floating on surface,mistakenly sampled all near one another ~1 meter apart,NA,CA_SD,"San Diego region, California","San Diego region, California"
CA_SD,SD_CV,pecoe-0638,2022-07-22,32.62568,-117.1066,10:35:00,12:08:00,Sample,exblank-2022-038,1000,2022,PECO2022,NA,1000mL; xn tech: Rute; xn date:  ; xn notes: ; filtration comments:  ; tech:  ,Chula Vista,"Kevin Hovel, Vanessa Van Deusen",0-0.5,ebb,light,none,NA,19.5,by_foot,1,absent,segrass  present deeper (could see the shadow in the water) but not within sampling depth. Muddy bottom with seagrass floating on surface,mistakenly sampled all near one another ~1 meter apart,NA,CA_SD,"San Diego region, California","San Diego region, California"
CA_SD,SD_CV,pecoe-0639,2022-07-22,32.62568,-117.1066,10:40:00,12:30:00,Sample,exblank-2022-038,1000,2022,PECO2022,NA,1000mL; xn tech: Rute; xn date:  ; xn notes: ; filtration comments:  ; tech:  ,Chula Vista,"Kevin Hovel, Vanessa Van Deusen",0-0.5,ebb,light,none,NA,19.5,by_foot,1,absent,segrass  present deeper (could see the shadow in the water) but not within sampling depth. Muddy bottom with seagrass floating on surface,mistakenly sampled all near one another ~1 meter apart,NA,CA_SD,"San Diego region, California","San Diego region, California"
CA_SD,SD_CV,pecoe-0640,2022-07-22,32.62568,-117.1066,10:45:00,12:54:00,Sample,exblank-2022-038,900,2022,PECO2022,NA,900mL; xn tech: Rute; xn date:  ; xn notes: ; filtration comments:  ; tech:  ,Chula Vista,"Kevin Hovel, Vanessa Van Deusen",0-0.5,ebb,light,none,NA,19.5,by_foot,1,absent,segrass  present deeper (could see the shadow in the water) but not within sampling depth. Muddy bottom with seagrass floating on surface,mistakenly sampled all near one another ~1 meter apart,NA,CA_SD,"San Diego region, California","San Diego region, California"
CA_SD,SD_FI,pecoe-0641,2022-07-27,32.772414,-117.220498,NA,11:53:00,Field blank,exblank-2022-038,1000,2022,PECO2022,NA,1000mL; xn tech: Rute; xn date:  ; xn notes: ; filtration comments:  ; tech:  ,Fiesta Island,"Kevin Hovel, Jessica Griffin, Vanessa Van Deusen",0-0.5,high,medium,none,NA,23,by_foot,1.5,present,"~1m eelgrass length, continous bed, canopy height ~1 ft, dense eelgrass","10 m apart constant depth, moving East",NA,CA_SD,"San Diego region, California","San Diego region, California"
CA_SD,SD_FI,pecoe-0642,2022-07-27,32.772414,-117.220498,10:30:00,11:53:00,Sample,exblank-2022-038,1000,2022,PECO2022,NA,1000mL; xn tech: Rute; xn date:  ; xn notes: ; filtration comments:  ; tech:  ,Fiesta Island,"Kevin Hovel, Jessica Griffin, Vanessa Van Deusen",0-0.5,high,medium,none,NA,23,by_foot,1.5,present,"~1m eelgrass length, continous bed, canopy height ~1 ft, dense eelgrass","10 m apart constant depth, moving East",NA,CA_SD,"San Diego region, California","San Diego region, California"
CA_SD,SD_FI,pecoe-0643,2022-07-27,32.772414,-117.220498,10:35:00,12:15:00,Sample,exblank-2022-038,1000,2022,PECO2022,NA,1000mL; xn tech: Rute; xn date:  ; xn notes:sterivex broke; filtration comments:  ; tech:  ,Fiesta Island,"Kevin Hovel, Jessica Griffin, Vanessa Van Deusen",0-0.5,high,medium,none,NA,23,by_foot,1.5,present,"~1m eelgrass length, continous bed, canopy height ~1 ft, dense eelgrass","10 m apart constant depth, moving East",NA,CA_SD,"San Diego region, California","San Diego region, California"
CA_SD,SD_FI,pecoe-0644,2022-07-27,32.772414,-117.220498,10:40:00,13:13:00,Sample,exblank-2022-038,1000,2022,PECO2022,NA,1000mL; xn tech: Rute; xn date:  ; xn notes: ; filtration comments:  ; tech:  ,Fiesta Island,"Kevin Hovel, Jessica Griffin, Vanessa Van Deusen",0-0.5,high,medium,none,NA,23,by_foot,1.5,present,"~1m eelgrass length, continous bed, canopy height ~1 ft, dense eelgrass","10 m apart constant depth, moving East",NA,CA_SD,"San Diego region, California","San Diego region, California"
CA_SD,SD_FI,pecoe-0645,2022-07-27,32.772414,-117.220498,10:45:00,13:46:00,Sample,exblank-2022-038,1000,2022,PECO2022,NA,1000mL; xn tech: Rute; xn date:  ; xn notes: ; filtration comments:  ; tech:  ,Fiesta Island,"Kevin Hovel, Jessica Griffin, Vanessa Van Deusen",0-0.5,high,medium,none,NA,23,by_foot,1.5,present,"~1m eelgrass length, continous bed, canopy height ~1 ft, dense eelgrass","10 m apart constant depth, moving East",NA,CA_SD,"San Diego region, California","San Diego region, California"
CA_SD,SD_KF,pecoe-0646,2022-08-04,32.795375,-117.229336,10:00:00,13:51:00,Sample,exblank-2022-038,700,2022,PECO2022,NA,700 mL; xn tech: Rute; xn date:  ; xn notes: ; filtration comments:  ; tech:  ,Kendall-Frost Mission Bay Marsh Reserve,"Kevin Hovel, Vanessa Van Deusen",0-0.5,"low
",light,none,35,23,by_boat,2,present,"continous bed, canopy height= 1.5m, density approximately 300 shoots/m2","10 m apart, constant depth @ 1.5 m",NA,CA_SD,"San Diego region, California","San Diego region, California"
CA_SD,SD_KF,pecoe-0647,2022-08-04,32.795375,-117.229336,10:10:00,14:07:00,Sample,exblank-2022-038,850,2022,PECO2022,NA,850 mL; xn tech: Rute; xn date:  ; xn notes: ; filtration comments:  ; tech:  ,Kendall-Frost Mission Bay Marsh Reserve,"Kevin Hovel, Vanessa Van Deusen",0-0.5,"low
",light,none,35,23,by_boat,2,present,"continous bed, canopy height= 1.5m, density approximately 300 shoots/m2","10 m apart, constant depth @ 1.5 m",NA,CA_SD,"San Diego region, California","San Diego region, California"
CA_SD,SD_KF,pecoe-0648,2022-08-04,32.795375,-117.229336,10:15:00,14:27:00,Sample,exblank-2022-038,700,2022,PECO2022,NA,700 mL; xn tech: Rute; xn date:  ; xn notes: ; filtration comments:  ; tech:  ,Kendall-Frost Mission Bay Marsh Reserve,"Kevin Hovel, Vanessa Van Deusen",0-0.5,"low
",light,none,35,23,by_boat,2,present,"continous bed, canopy height= 1.5m, density approximately 300 shoots/m2","10 m apart, constant depth @ 1.5 m",NA,CA_SD,"San Diego region, California","San Diego region, California"
CA_SD,SD_KF,pecoe-0649,2022-08-04,32.795375,-117.229336,NA,13:33:00,Field blank,exblank-2022-038,1000,2022,PECO2022,NA,1000mL; xn tech: Rute; xn date:  ; xn notes: ; filtration comments:  ; tech:  ,Kendall-Frost Mission Bay Marsh Reserve,"Kevin Hovel, Vanessa Van Deusen",0-0.5,"low
",light,none,35,23,by_boat,2,present,"continous bed, canopy height= 1.5m, density approximately 300 shoots/m2","10 m apart, constant depth @ 1.5 m",NA,CA_SD,"San Diego region, California","San Diego region, California"
CA_SD,SD_KF,pecoe-0650,2022-08-04,32.795375,-117.229336,10:20:00,14:46:00,Sample,exblank-2022-038,700,2022,PECO2022,NA,700 mL; xn tech: Rute; xn date:  ; xn notes: ; filtration comments:  ; tech:  ,Kendall-Frost Mission Bay Marsh Reserve,"Kevin Hovel, Vanessa Van Deusen",0-0.5,"low
",light,none,35,23,by_boat,2,present,"continous bed, canopy height= 1.5m, density approximately 300 shoots/m2","10 m apart, constant depth @ 1.5 m",NA,CA_SD,"San Diego region, California","San Diego region, California"
CA_SD,SD_SDL,pecoe-0651,2022-08-10,32.970861,-117.251741,NA,16:11:00,Field blank,exblank-2022-039,1000,2022,NA,NA,1000mL; xn tech: Rosie; xn date:  ; xn notes: ; filtration comments:  ; tech:  ,San Dieguito Lagoon,"Jessica Griffin, Vanessa Van Deusen",0-0.5,ebb,light,none,NA,23,by_foot,1.5,present,"heavy epiphyte load on blades, thick continous eelgrass bed, blades ~1.5 m","10 m apart at constant depth (~1 meter) , moving towards mouth of lagoon",NA,CA_SD,"San Diego region, California","San Diego region, California"
CA_SD,SD_SDL,pecoe-0652,2022-08-10,32.970861,-117.251741,14:08:00,16:31:00,Sample,exblank-2022-039,900,2022,NA,NA,900 mL; xn tech: Rosie; xn date:  ; xn notes: ; filtration comments:  ; tech:  ,San Dieguito Lagoon,"Jessica Griffin, Vanessa Van Deusen",0-0.5,ebb,light,none,NA,23,by_foot,1.5,present,"heavy epiphyte load on blades, thick continous eelgrass bed, blades ~1.5 m","10 m apart at constant depth (~1 meter) , moving towards mouth of lagoon",NA,CA_SD,"San Diego region, California","San Diego region, California"
CA_SD,SD_SDL,pecoe-0653,2022-08-10,32.970861,-117.251741,14:02:00,16:59:00,Sample,exblank-2022-039,850,2022,NA,NA,850 mL; xn tech: Rosie; xn date:  ; xn notes: ; filtration comments:  ; tech:  ,San Dieguito Lagoon,"Jessica Griffin, Vanessa Van Deusen",0-0.5,ebb,light,none,NA,23,by_foot,1.5,present,"heavy epiphyte load on blades, thick continous eelgrass bed, blades ~1.5 m","10 m apart at constant depth (~1 meter) , moving towards mouth of lagoon",NA,CA_SD,"San Diego region, California","San Diego region, California"
CA_SD,SD_SDL,pecoe-0654,2022-08-10,32.970861,-117.251741,13:59:00,17:31:00,Sample,exblank-2022-039,750,2022,NA,NA,750 mL; xn tech: Rosie; xn date:  ; xn notes: ; filtration comments:  ; tech:  ,San Dieguito Lagoon,"Jessica Griffin, Vanessa Van Deusen",0-0.5,ebb,light,none,NA,23,by_foot,1.5,present,"heavy epiphyte load on blades, thick continous eelgrass bed, blades ~1.5 m","10 m apart at constant depth (~1 meter) , moving towards mouth of lagoon",NA,CA_SD,"San Diego region, California","San Diego region, California"
CA_SD,SD_SDL,pecoe-0655,2022-08-10,32.970861,-117.251741,13:54:00,17:52:00,Sample,exblank-2022-039,1000,2022,NA,NA,1000 mL; xn tech: Rosie; xn date:  ; xn notes: ; filtration comments:  ; tech:  ,San Dieguito Lagoon,"Jessica Griffin, Vanessa Van Deusen",0-0.5,ebb,light,none,NA,23,by_foot,1.5,present,"heavy epiphyte load on blades, thick continous eelgrass bed, blades ~1.5 m","10 m apart at constant depth (~1 meter) , moving towards mouth of lagoon",NA,CA_SD,"San Diego region, California","San Diego region, California"
WA_WB,WB_WR,pecoe-0681,2022-06-30,46.69633,-123.89737,NA,13:10:00,Field blank,exblank-2022-024,750,2022,PECO2022,NA,750 ml; xn tech: Rosie; xn date:  ; xn notes: ; filtration comments:  ; tech:  ,Willapa River,Jennifer Ruesink,0-0.5,flood,light,none,27,15,by_boat,1,present,"2 m canopy height, <100 shoots m-2, dense, at least 400x400 m extent","west to east, 1 km to shore at lower end of wide tidal flat",seines done at this site,WA_WB,"Willapa Bay, Washington","Willapa Bay, Washington"
WA_WB,WB_WR,pecoe-0682,2022-06-30,46.69633,-123.89737,10:50:00,13:28:00,Sample,exblank-2022-024,750,2022,PECO2022,NA,"750 ml, forgot buffer filter; xn tech: Rosie; xn date:  ; xn notes: ; filtration comments:  ; tech:  ",Willapa River,Jennifer Ruesink,0-0.5,flood,light,none,27,15,by_boat,1,present,"2 m canopy height, <100 shoots m-2, dense, at least 400x400 m extent","west to east, 1 km to shore at lower end of wide tidal flat",seines done at this site,WA_WB,"Willapa Bay, Washington","Willapa Bay, Washington"
WA_WB,WB_WR,pecoe-0683,2022-06-30,46.69633,-123.89737,10:53:00,13:55:00,Sample,exblank-2022-024,750,2022,PECO2022,NA,750 ml; xn tech: Rosie; xn date:  ; xn notes: ; filtration comments:  ; tech:  ,Willapa River,Jennifer Ruesink,0-0.5,flood,light,none,27,15,by_boat,1,present,"2 m canopy height, <100 shoots m-2, dense, at least 400x400 m extent","west to east, 1 km to shore at lower end of wide tidal flat",seines done at this site,WA_WB,"Willapa Bay, Washington","Willapa Bay, Washington"
WA_WB,WB_WR,pecoe-0684,2022-06-30,46.69633,-123.89737,10:57:00,14:14:00,Sample,exblank-2022-024,1200,2022,PECO2022,NA,1200 ml; xn tech: Rosie; xn date:  ; xn notes: ; filtration comments:  ; tech:  ,Willapa River,Jennifer Ruesink,0-0.5,flood,light,none,27,15,by_boat,1,present,"2 m canopy height, <100 shoots m-2, dense, at least 400x400 m extent","west to east, 1 km to shore at lower end of wide tidal flat",seines done at this site,WA_WB,"Willapa Bay, Washington","Willapa Bay, Washington"
WA_WB,WB_WR,pecoe-0685,2022-06-30,46.69633,-123.89737,11:00:00,15:13:00,Sample,exblank-2022-024,750,2022,PECO2022,NA,750 ml; xn tech: Rosie; xn date:  ; xn notes: ; filtration comments:  ; tech:  ,Willapa River,Jennifer Ruesink,0-0.5,flood,light,none,27,15,by_boat,1,present,"2 m canopy height, <100 shoots m-2, dense, at least 400x400 m extent","west to east, 1 km to shore at lower end of wide tidal flat",seines done at this site,WA_WB,"Willapa Bay, Washington","Willapa Bay, Washington"
WA_WB,WB_BC,pecoe-0686,2022-07-01,46.64016,-123.94413,NA,13:28:00,Field blank,exblank-2022-026,850,2022,NA,NA,850 ml; xn tech: Rute; xn date:  ; xn notes: ; filtration comments:  ; tech:  ,Bay Center,Jennifer Ruesink,0-0.5,flood,light,none,27,16,by_boat,1.5,present,"100 m along channel, 100% cover, canopy height 1.5-2 m","west to east, 0.5 km to shore along channel",estimate T and S,WA_WB,"Willapa Bay, Washington","Willapa Bay, Washington"
WA_WB,WB_BC,pecoe-0687,2022-07-01,46.64016,-123.94413,11:55:00,13:50:00,Sample,exblank-2022-026,1100,2022,NA,NA,1100 ml; xn tech: Rute; xn date:  ; xn notes: ; filtration comments:  ; tech:  ,Bay Center,Jennifer Ruesink,0-0.5,flood,light,none,27,16,by_boat,1.5,present,"100 m along channel, 100% cover, canopy height 1.5-2 m","west to east, 0.5 km to shore along channel",estimate T and S,WA_WB,"Willapa Bay, Washington","Willapa Bay, Washington"
WA_WB,WB_BC,pecoe-0688,2022-07-01,46.64016,-123.94413,11:56:00,15:21:00,Sample,exblank-2022-026,750,2022,NA,NA,750 ml; xn tech: Rute; xn date:  ; xn notes: ; filtration comments:  ; tech:  ,Bay Center,Jennifer Ruesink,0-0.5,flood,light,none,27,16,by_boat,1.5,present,"100 m along channel, 100% cover, canopy height 1.5-2 m","west to east, 0.5 km to shore along channel",estimate T and S,WA_WB,"Willapa Bay, Washington","Willapa Bay, Washington"
WA_WB,WB_BC,pecoe-0689,2022-07-01,46.64016,-123.94413,11:59:00,15:50:00,Sample,exblank-2022-024,750,2022,PECO2022,NA,750 ml; xn tech: Rosie; xn date:  ; xn notes: ; filtration comments:  ; tech:  ,Bay Center,Jennifer Ruesink,0-0.5,flood,light,none,27,16,by_boat,1.5,present,"100 m along channel, 100% cover, canopy height 1.5-2 m","west to east, 0.5 km to shore along channel",estimate T and S,WA_WB,"Willapa Bay, Washington","Willapa Bay, Washington"
WA_WB,WB_BC,pecoe-0690,2022-07-01,46.64016,-123.94413,12:05:00,18:00:00,Sample,exblank-2022-025,750,2022,PECO2022,NA,750 ml; xn tech: Carolyn; xn date:  ; xn notes: ; filtration comments:  ; tech:  ,Bay Center,Jennifer Ruesink,0-0.5,flood,light,none,27,16,by_boat,1.5,present,"100 m along channel, 100% cover, canopy height 1.5-2 m","west to east, 0.5 km to shore along channel",estimate T and S,WA_WB,"Willapa Bay, Washington","Willapa Bay, Washington"
WA_WB,WB_PA,pecoe-0691,2022-07-02,46.49544,-124.02619,NA,12:30:00,Field blank,exblank-2022-035,750,2022,NA,NA,750 ml; xn tech: Rosie; xn date:  ; xn notes: ; filtration comments:  ; tech:  ,"Parcel A, Nahcotta",Jennifer Ruesink,0-0.5,flood,none,none,25,18,by_boat,1,present,"300 m extent, 100% cover of 1.5 m canopy height","north to south, 0.5 km to shore along channel",estimate T and S,WA_WB,"Willapa Bay, Washington","Willapa Bay, Washington"
WA_WB,WB_PA,pecoe-0692,2022-07-02,46.49544,-124.02619,11:35:00,12:45:00,Sample,exblank-2022-035,750,2022,NA,NA,750 ml; xn tech: Rosie; xn date:  ; xn notes: ; filtration comments:  ; tech:  ,"Parcel A, Nahcotta",Jennifer Ruesink,0-0.5,flood,none,none,25,18,by_boat,1,present,"300 m extent, 100% cover of 1.5 m canopy height","north to south, 0.5 km to shore along channel",estimate T and S,WA_WB,"Willapa Bay, Washington","Willapa Bay, Washington"
WA_WB,WB_PA,pecoe-0693,2022-07-02,46.49544,-124.02619,11:38:00,13:06:00,Sample,exblank-2022-035,750,2022,NA,NA,750 ml; xn tech: Rosie; xn date:  ; xn notes: ; filtration comments:  ; tech:  ,"Parcel A, Nahcotta",Jennifer Ruesink,0-0.5,flood,none,none,25,18,by_boat,1,present,"300 m extent, 100% cover of 1.5 m canopy height","north to south, 0.5 km to shore along channel",estimate T and S,WA_WB,"Willapa Bay, Washington","Willapa Bay, Washington"
WA_WB,WB_PA,pecoe-0694,2022-07-02,46.49544,-124.02619,11:41:00,13:30:00,Sample,exblank-2022-035,800,2022,NA,NA,800 ml; xn tech: Rosie; xn date:  ; xn notes: ; filtration comments:  ; tech:  ,"Parcel A, Nahcotta",Jennifer Ruesink,0-0.5,flood,none,none,25,18,by_boat,1,present,"300 m extent, 100% cover of 1.5 m canopy height","north to south, 0.5 km to shore along channel",estimate T and S,WA_WB,"Willapa Bay, Washington","Willapa Bay, Washington"
WA_WB,WB_PA,pecoe-0695,2022-07-02,46.49544,-124.02619,11:44:00,13:57:00,Sample,exblank-2022-038,800,2022,PECO2022,NA,800 ml; xn tech: Rute; xn date:  ; xn notes: ; filtration comments:  ; tech:  ,"Parcel A, Nahcotta",Jennifer Ruesink,0-0.5,flood,none,none,25,18,by_boat,1,present,"300 m extent, 100% cover of 1.5 m canopy height","north to south, 0.5 km to shore along channel",estimate T and S,WA_WB,"Willapa Bay, Washington","Willapa Bay, Washington"
WA_WB,WB_BC,pecoe-0696,2022-07-01,46.64016,-123.94413,NA,15:07:00,Field blank,exblank-2022-035,800,2022,NA,NA,800 ml; xn tech: Rosie; xn date:  ; xn notes: ; filtration comments:  ; tech:  ,Bay Center,Jennifer Ruesink,0-0.5,flood,light,none,27,16,by_boat,1.5,present,"100 m along channel, 100% cover, canopy height 1.5-2 m","west to east, 0.5 km to shore along channel",estimate T and S,WA_WB,"Willapa Bay, Washington","Willapa Bay, Washington"
WA_WB,WB_BC,pecoe-0697,2022-07-01,46.64016,-123.94413,11:55:00,15:24:00,Sample,exblank-2022-035,700,2022,NA,NA,700 ml; xn tech: Rosie; xn date:  ; xn notes: ; filtration comments:  ; tech:  ,Bay Center,Jennifer Ruesink,0-0.5,flood,light,none,27,16,by_boat,1.5,present,"100 m along channel, 100% cover, canopy height 1.5-2 m","west to east, 0.5 km to shore along channel",estimate T and S,WA_WB,"Willapa Bay, Washington","Willapa Bay, Washington"
WA_WB,WB_BC,pecoe-0698,2022-07-01,46.64016,-123.94413,11:57:00,15:42:00,Sample,exblank-2022-035,800,2022,NA,NA,800 ml; xn tech: Rosie; xn date:  ; xn notes: ; filtration comments:  ; tech:  ,Bay Center,Jennifer Ruesink,0-0.5,flood,light,none,27,16,by_boat,1.5,present,"100 m along channel, 100% cover, canopy height 1.5-2 m","west to east, 0.5 km to shore along channel",estimate T and S,WA_WB,"Willapa Bay, Washington","Willapa Bay, Washington"
WA_WB,WB_BC,pecoe-0699,2022-07-01,46.64016,-123.94413,12:00:00,16:01:00,Sample,exblank-2022-035,850,2022,NA,NA,850 ml; xn tech: Rosie; xn date:  ; xn notes: ; filtration comments:  ; tech:  ,Bay Center,Jennifer Ruesink,0-0.5,flood,light,none,27,16,by_boat,1.5,present,"100 m along channel, 100% cover, canopy height 1.5-2 m","west to east, 0.5 km to shore along channel",estimate T and S,WA_WB,"Willapa Bay, Washington","Willapa Bay, Washington"
WA_WB,WB_BC,pecoe-0700,2022-07-01,46.64016,-123.94413,12:02:00,16:29:00,Sample,exblank-2022-035,800,2022,NA,NA,800 ml; xn tech: Rosie; xn date:  ; xn notes: ; filtration comments:  ; tech:  ,Bay Center,Jennifer Ruesink,0-0.5,flood,light,none,27,16,by_boat,1.5,present,"100 m along channel, 100% cover, canopy height 1.5-2 m","west to east, 0.5 km to shore along channel",estimate T and S,WA_WB,"Willapa Bay, Washington","Willapa Bay, Washington"
WA_WB,WB_DP,pecoe-0701,2022-07-29,46.9986,-124.12846,NA,11:52:00,Field blank,exblank-2022-029,850,2022,PECO2022,NA,"850 ml, not perfectly sanitary; xn tech: Rosie; xn date:  ; xn notes: ; filtration comments:  ; tech:  ",Damon Point,Jennifer Ruesink,0-0.5,flood,light,none,29,15,by_foot,1,present,"sparse, patchy long shoots at lower edge of tidal flat","south to north, 0.5 km to shore",estimate T and S,WA_WB,"Willapa Bay, Washington","Willapa Bay, Washington"
WA_WB,WB_DP,pecoe-0702,2022-07-29,46.9986,-124.12846,10:34:00,12:05:00,Sample,exblank-2022-029,750,2022,PECO2022,NA,750 ml; xn tech: Rosie; xn date:  ; xn notes: ; filtration comments:  ; tech:  ,Damon Point,Jennifer Ruesink,0-0.5,flood,light,none,29,15,by_foot,1,present,"sparse, patchy long shoots at lower edge of tidal flat","south to north, 0.5 km to shore",estimate T and S,WA_WB,"Willapa Bay, Washington","Willapa Bay, Washington"
WA_WB,WB_DP,pecoe-0703,2022-07-29,46.9986,-124.12846,10:36:00,12:22:00,Sample,exblank-2022-029,750,2022,PECO2022,NA,750 ml; xn tech: Rosie; xn date:  ; xn notes: ; filtration comments:  ; tech:  ,Damon Point,Jennifer Ruesink,0-0.5,flood,light,none,29,15,by_foot,1,present,"sparse, patchy long shoots at lower edge of tidal flat","south to north, 0.5 km to shore",estimate T and S,WA_WB,"Willapa Bay, Washington","Willapa Bay, Washington"
WA_WB,WB_DP,pecoe-0704,2022-07-29,46.9986,-124.12846,10:38:00,12:43:00,Sample,exblank-2022-029,750,2022,PECO2022,NA,"750 ml; xn tech: Rosie; xn date:  ; xn notes:clogged column, required extra spin; filtration comments:  ; tech:  ",Damon Point,Jennifer Ruesink,0-0.5,flood,light,none,29,15,by_foot,1,present,"sparse, patchy long shoots at lower edge of tidal flat","south to north, 0.5 km to shore",estimate T and S,WA_WB,"Willapa Bay, Washington","Willapa Bay, Washington"
WA_WB,WB_DP,pecoe-0705,2022-07-29,46.9986,-124.12846,10:40:00,13:00:00,Sample,exblank-2022-029,750,2022,PECO2022,NA,"750 ml; xn tech: Rosie; xn date:  ; xn notes:clogged column, required extra spin; filtration comments:  ; tech:  ",Damon Point,Jennifer Ruesink,0-0.5,flood,light,none,29,15,by_foot,1,present,"sparse, patchy long shoots at lower edge of tidal flat","south to north, 0.5 km to shore",estimate T and S,WA_WB,"Willapa Bay, Washington","Willapa Bay, Washington"
BC_CC,CC_CHP,pecoe-0706,2022-07-11,51.67622,-128.1234,05:19:00,10:48:00,Sample,exblank-2022-032,1000,2022,PECO2022 box 2,NA,"1000mL filtered for all, with peristaltic pump; xn tech: Carolyn; xn date:  ; xn notes: ; filtration comments:  ; tech:  ",Choked Pocket,"Zach Monteith, Rumer Opie, Krystal Bachen, Faye Manning",0-0.5,ebb,high,light,26.89,13.2,by_boat,1.3,present,"at edge of large seagrass bed, sand/shell hash substrate, heterogenous mix of patches and varying seagrass density","samples 10m apart, done across bed; depth 1.0-1.5m deep",NA,BC_CC,Central Coast British Columbia,Central Coast British Columbia
BC_CC,CC_CHP,pecoe-0707,2022-07-11,51.67622,-128.1234,05:21:00,10:28:00,Sample,exblank-2022-032,1000,2022,PECO2022 box 2,NA,"1000mL filtered for all, with peristaltic pump; xn tech: Carolyn; xn date:  ; xn notes: ; filtration comments:  ; tech:  ",Choked Pocket,"Zach Monteith, Rumer Opie, Krystal Bachen, Faye Manning",0-0.5,ebb,high,light,26.89,13.2,by_boat,1.3,present,"at edge of large seagrass bed, sand/shell hash substrate, heterogenous mix of patches and varying seagrass density","samples 10m apart, done across bed; depth 1.0-1.5m deep",NA,BC_CC,Central Coast British Columbia,Central Coast British Columbia
BC_CC,CC_CHP,pecoe-0708,2022-07-11,51.67622,-128.1234,05:22:00,10:48:00,Sample,exblank-2022-032,1000,2022,PECO2022 box 2,NA,"1000mL filtered for all, with peristaltic pump; xn tech: Carolyn; xn date:  ; xn notes: ; filtration comments:  ; tech:  ",Choked Pocket,"Zach Monteith, Rumer Opie, Krystal Bachen, Faye Manning",0-0.5,ebb,high,light,26.89,13.2,by_boat,1.3,present,"at edge of large seagrass bed, sand/shell hash substrate, heterogenous mix of patches and varying seagrass density","samples 10m apart, done across bed; depth 1.0-1.5m deep",NA,BC_CC,Central Coast British Columbia,Central Coast British Columbia
BC_CC,CC_CHP,pecoe-0709,2022-07-11,51.67622,-128.1234,05:23:00,10:28:00,Sample,exblank-2022-032,1000,2022,PECO2022 box 2,NA,"1000mL filtered for all, with peristaltic pump; xn tech: Carolyn; xn date:  ; xn notes: ; filtration comments:  ; tech:  ",Choked Pocket,"Zach Monteith, Rumer Opie, Krystal Bachen, Faye Manning",0-0.5,ebb,high,light,26.89,13.2,by_boat,1.3,present,"at edge of large seagrass bed, sand/shell hash substrate, heterogenous mix of patches and varying seagrass density","samples 10m apart, done across bed; depth 1.0-1.5m deep",NA,BC_CC,Central Coast British Columbia,Central Coast British Columbia
BC_CC,CC_CHP,pecoe-0710,2022-07-11,51.67622,-128.1234,NA,10:28:00,Field blank,exblank-2022-032,1000,2022,PECO2022 box 2,NA,"1000mL filtered for all, with peristaltic pump; xn tech: Carolyn; xn date:  ; xn notes: ; filtration comments:  ; tech:  ",Choked Pocket,"Zach Monteith, Rumer Opie, Krystal Bachen, Faye Manning",0-0.5,ebb,high,light,26.89,13.2,by_boat,1.3,present,"at edge of large seagrass bed, sand/shell hash substrate, heterogenous mix of patches and varying seagrass density","samples 10m apart, done across bed; depth 1.0-1.5m deep",NA,BC_CC,Central Coast British Columbia,Central Coast British Columbia
BC_CC,CC_PBA,pecoe-0711,2022-07-12,51.6464,-128.11896,05:25:00,09:55:00,Sample,exblank-2022-032,1000,2022,PECO2022 box 2,NA,"1000mL filtered for all, with peristaltic pump; xn tech: Carolyn; xn date:  ; xn notes: ; filtration comments:  ; tech:  ",Pruth Bay,"Zach Monteith, Rumer Opie, Krystal Bachen, Faye Manning",0-0.5,ebb,light,none,22.41,13.3,by_boat,1.5,present,"large intertidal bed, ~150m x 250m; shoots relatively dense, canopy height 0.5-1.0m, minimal patchiness, w/exception of creek outflow through middle of bay","samples 10m apart, depth 1.5-2.0m",NA,BC_CC,Central Coast British Columbia,Central Coast British Columbia
BC_CC,CC_PBA,pecoe-0712,2022-07-12,51.6464,-128.11896,05:25:00,09:59:00,Sample,exblank-2022-032,1000,2022,PECO2022 box 2,NA,"1000mL filtered for all, with peristaltic pump; xn tech: Carolyn; xn date:  ; xn notes: ; filtration comments:  ; tech:  ",Pruth Bay,"Zach Monteith, Rumer Opie, Krystal Bachen, Faye Manning",0-0.5,ebb,light,none,22.41,13.3,by_boat,1.5,present,"large intertidal bed, ~150m x 250m; shoots relatively dense, canopy height 0.5-1.0m, minimal patchiness, w/exception of creek outflow through middle of bay","samples 10m apart, depth 1.5-2.0m",NA,BC_CC,Central Coast British Columbia,Central Coast British Columbia
BC_CC,CC_PBA,pecoe-0713,2022-07-12,51.6464,-128.11896,05:25:00,09:51:00,Sample,exblank-2022-032,1000,2022,PECO2022 box 2,NA,"1000mL filtered for all, with peristaltic pump; xn tech: Carolyn; xn date:  ; xn notes: ; filtration comments:  ; tech:  ",Pruth Bay,"Zach Monteith, Rumer Opie, Krystal Bachen, Faye Manning",0-0.5,ebb,light,none,22.41,13.3,by_boat,1.5,present,"large intertidal bed, ~150m x 250m; shoots relatively dense, canopy height 0.5-1.0m, minimal patchiness, w/exception of creek outflow through middle of bay","samples 10m apart, depth 1.5-2.0m",NA,BC_CC,Central Coast British Columbia,Central Coast British Columbia
BC_CC,CC_PBA,pecoe-0714,2022-07-12,51.6464,-128.11896,05:25:00,10:18:00,Sample,exblank-2022-032,1000,2022,PECO2022 box 2,NA,"1000mL filtered for all, with peristaltic pump; xn tech: Carolyn; xn date:  ; xn notes: ; filtration comments:  ; tech:  ",Pruth Bay,"Zach Monteith, Rumer Opie, Krystal Bachen, Faye Manning",0-0.5,ebb,light,none,22.41,13.3,by_boat,1.5,present,"large intertidal bed, ~150m x 250m; shoots relatively dense, canopy height 0.5-1.0m, minimal patchiness, w/exception of creek outflow through middle of bay","samples 10m apart, depth 1.5-2.0m",NA,BC_CC,Central Coast British Columbia,Central Coast British Columbia
BC_CC,CC_PBA,pecoe-0715,2022-07-12,51.6464,-128.11896,NA,10:25:00,Field blank,exblank-2022-032,1000,2022,PECO2022 box 2,NA,"1000mL filtered for all, with peristaltic pump; xn tech: Carolyn; xn date:  ; xn notes: ; filtration comments:  ; tech:  ",Pruth Bay,"Zach Monteith, Rumer Opie, Krystal Bachen, Faye Manning",0-0.5,ebb,light,none,22.41,13.3,by_boat,1.5,present,"large intertidal bed, ~150m x 250m; shoots relatively dense, canopy height 0.5-1.0m, minimal patchiness, w/exception of creek outflow through middle of bay","samples 10m apart, depth 1.5-2.0m",NA,BC_CC,Central Coast British Columbia,Central Coast British Columbia
BC_CC,CC_KIS2,pecoe-0716,2022-07-14,51.8367,-128.2393,06:20:00,13:23:00,Sample,exblank-2022-032,1000,2022,PECO2022 box 2,NA,"1000mL filtered for all, with peristaltic pump; 716-718 filtered in parallel, 719-720 filtered in parallel after first set; xn tech: Carolyn; xn date:  ; xn notes: ; filtration comments:  ; tech:  ",SE Spider Island,"Zach Monteith, Rumer Opie, Krystal Bachen, Faye Manning",0-0.5,ebb,medium,light,25.16,13.8,by_boat,2.5,present,"mixed Z. marina and Macrocystis; samples taken 10m apart, parallel to shore; seagrass bed ~40m x 40m","samples 10m apart, parallel to beach",NA,BC_CC,Central Coast British Columbia,Central Coast British Columbia
BC_CC,CC_KIS2,pecoe-0717,2022-07-14,51.8367,-128.2393,06:20:00,13:23:00,Sample,exblank-2022-032,1000,2022,PECO2022 box 2,NA,"1000mL filtered for all, with peristaltic pump; 716-718 filtered in parallel, 719-720 filtered in parallel after first set; xn tech: Carolyn; xn date:  ; xn notes: ; filtration comments:  ; tech:  ",SE Spider Island,"Zach Monteith, Rumer Opie, Krystal Bachen, Faye Manning",0-0.5,ebb,medium,light,25.16,13.8,by_boat,2.5,present,"mixed Z. marina and Macrocystis; samples taken 10m apart, parallel to shore; seagrass bed ~40m x 40m","samples 10m apart, parallel to beach",NA,BC_CC,Central Coast British Columbia,Central Coast British Columbia
BC_CC,CC_KIS2,pecoe-0718,2022-07-14,51.8367,-128.2393,06:20:00,13:23:00,Sample,exblank-2022-035,1000,2022,NA,NA,"1000mL filtered for all, with peristaltic pump; 716-718 filtered in parallel, 719-720 filtered in parallel after first set; xn tech: Rosie; xn date:  ; xn notes: ; filtration comments:  ; tech:  ",SE Spider Island,"Zach Monteith, Rumer Opie, Krystal Bachen, Faye Manning",0-0.5,ebb,medium,light,25.16,13.8,by_boat,2.5,present,"mixed Z. marina and Macrocystis; samples taken 10m apart, parallel to shore; seagrass bed ~40m x 40m","samples 10m apart, parallel to beach",NA,BC_CC,Central Coast British Columbia,Central Coast British Columbia
BC_CC,CC_KIS2,pecoe-0719,2022-07-14,51.8367,-128.2393,06:20:00,14:07:00,Sample,exblank-2022-032,1000,2022,PECO2022 box 2,NA,"1000mL filtered for all, with peristaltic pump; 716-718 filtered in parallel, 719-720 filtered in parallel after first set; xn tech: Carolyn; xn date:  ; xn notes: ; filtration comments:  ; tech:  ",SE Spider Island,"Zach Monteith, Rumer Opie, Krystal Bachen, Faye Manning",0-0.5,ebb,medium,light,25.16,13.8,by_boat,2.5,present,"mixed Z. marina and Macrocystis; samples taken 10m apart, parallel to shore; seagrass bed ~40m x 40m","samples 10m apart, parallel to beach",NA,BC_CC,Central Coast British Columbia,Central Coast British Columbia
BC_CC,CC_KIS2,pecoe-0720,2022-07-14,51.8367,-128.2393,NA,14:07:00,Field blank,exblank-2022-032,1000,2022,PECO2022 box 2,NA,"1000mL filtered for all, with peristaltic pump; 716-718 filtered in parallel, 719-720 filtered in parallel after first set; xn tech: Carolyn; xn date:  ; xn notes: ; filtration comments:  ; tech:  ",SE Spider Island,"Zach Monteith, Rumer Opie, Krystal Bachen, Faye Manning",0-0.5,ebb,medium,light,25.16,13.8,by_boat,2.5,present,"mixed Z. marina and Macrocystis; samples taken 10m apart, parallel to shore; seagrass bed ~40m x 40m","samples 10m apart, parallel to beach",NA,BC_CC,Central Coast British Columbia,Central Coast British Columbia
BC_CC,CC_GOG1,pecoe-0721,2022-07-16,51.92397,-128.4673,07:39:00,15:24:00,Sample,exblank-2022-032,750,2022,PECO2022 box 2,NA,750mL filtered with peristaltic pump; xn tech: Carolyn; xn date:  ; xn notes: ; filtration comments:  ; tech:  ,Duck Island,"Zach Monteith, Rumer Opie, Krystal Bachen, Faye Manning",0-0.5,ebb,none,light,24.86,13.7,by_boat,2,present,"mixed Z. marina, P. serralatus, and Macrocystis; samples taken 10m apart, parallel to shore; seagrass bed very large, >1000m x 600m; eastern half also mixed with P. torreyi, substrate transitions to sand, cobble, boulder with diverse red algae","samples 10m apart, bottom depth 1.8-2.4m",NA,BC_CC,Central Coast British Columbia,Central Coast British Columbia
BC_CC,CC_GOG1,pecoe-0722,2022-07-16,51.92397,-128.4673,07:40:00,15:24:00,Sample,exblank-2022-032,800,2022,PECO2022 box 2,NA,800mL filtered with peristaltic pump; xn tech: Carolyn; xn date:  ; xn notes: ; filtration comments:  ; tech:  ,Duck Island,"Zach Monteith, Rumer Opie, Krystal Bachen, Faye Manning",0-0.5,ebb,none,light,24.86,13.7,by_boat,2,present,"mixed Z. marina, P. serralatus, and Macrocystis; samples taken 10m apart, parallel to shore; seagrass bed very large, >1000m x 600m; eastern half also mixed with P. torreyi, substrate transitions to sand, cobble, boulder with diverse red algae","samples 10m apart, bottom depth 1.8-2.4m",NA,BC_CC,Central Coast British Columbia,Central Coast British Columbia
BC_CC,CC_GOG1,pecoe-0723,2022-07-16,51.92397,-128.4673,07:42:00,15:24:00,Sample,exblank-2022-032,1000,2022,PECO2022 box 2,NA,1000mL filtered with peristaltic pump; xn tech: Carolyn; xn date:  ; xn notes: ; filtration comments:  ; tech:  ,Duck Island,"Zach Monteith, Rumer Opie, Krystal Bachen, Faye Manning",0-0.5,ebb,none,light,24.86,13.7,by_boat,2,present,"mixed Z. marina, P. serralatus, and Macrocystis; samples taken 10m apart, parallel to shore; seagrass bed very large, >1000m x 600m; eastern half also mixed with P. torreyi, substrate transitions to sand, cobble, boulder with diverse red algae","samples 10m apart, bottom depth 1.8-2.4m",NA,BC_CC,Central Coast British Columbia,Central Coast British Columbia
BC_CC,CC_GOG1,pecoe-0724,2022-07-16,51.92397,-128.4673,07:44:00,15:56:00,Sample,exblank-2022-032,950,2022,PECO2022 box 2,NA,950mL filtered with peristaltic pump; xn tech: Carolyn; xn date:  ; xn notes: ; filtration comments:  ; tech:  ,Duck Island,"Zach Monteith, Rumer Opie, Krystal Bachen, Faye Manning",0-0.5,ebb,none,light,24.86,13.7,by_boat,2,present,"mixed Z. marina, P. serralatus, and Macrocystis; samples taken 10m apart, parallel to shore; seagrass bed very large, >1000m x 600m; eastern half also mixed with P. torreyi, substrate transitions to sand, cobble, boulder with diverse red algae","samples 10m apart, bottom depth 1.8-2.4m",NA,BC_CC,Central Coast British Columbia,Central Coast British Columbia
BC_CC,CC_GOG1,pecoe-0725,2022-07-16,51.92397,-128.4673,NA,15:56:00,Field blank,exblank-2022-032,1000,2022,PECO2022 box 2,NA,1000mL filtered with peristaltic pump; xn tech: Carolyn; xn date:  ; xn notes: ; filtration comments:  ; tech:  ,Duck Island,"Zach Monteith, Rumer Opie, Krystal Bachen, Faye Manning",0-0.5,ebb,none,light,24.86,13.7,by_boat,2,present,"mixed Z. marina, P. serralatus, and Macrocystis; samples taken 10m apart, parallel to shore; seagrass bed very large, >1000m x 600m; eastern half also mixed with P. torreyi, substrate transitions to sand, cobble, boulder with diverse red algae","samples 10m apart, bottom depth 1.8-2.4m",NA,BC_CC,Central Coast British Columbia,Central Coast British Columbia
BC_CC,CC_FAN3,pecoe-0726,2022-07-17,52.05365,-128.40331,08:38:00,16:09:00,Sample,exblank-2022-035,1000,2022,NA,NA,"1000mL filtered for all, with peristaltic pump; 726-728 filtered in parallel, 729-730 filtered in parallel after first set; xn tech: Rosie; xn date:  ; xn notes: ; filtration comments:  ; tech:  ",McMullins South,"Zach Monteith, Rumer Opie, Krystal Bachen, Faye Manning",0-0.5,ebb,none,none,27.78,13.1,by_boat,1.7,present,"dense Z. marina, intermicxed with benthic algaes, macrocystis, and P. serralatus; bed ~70m x 250m","samples 10m apart; long skinny bay, samples taken perpendicular beach at end of bay, rather than parallel as usual; depths slowly increasing as heading out of bay, 1.7m to 2.2m",NA,BC_CC,Central Coast British Columbia,Central Coast British Columbia
BC_CC,CC_FAN3,pecoe-0727,2022-07-17,52.05365,-128.40331,08:38:00,16:09:00,Sample,exblank-2022-035,1000,2022,NA,NA,"1000mL filtered for all, with peristaltic pump; 726-728 filtered in parallel, 729-730 filtered in parallel after first set; xn tech: Rosie; xn date:  ; xn notes: ; filtration comments:  ; tech:  ",McMullins South,"Zach Monteith, Rumer Opie, Krystal Bachen, Faye Manning",0-0.5,ebb,none,none,27.78,13.1,by_boat,1.7,present,"dense Z. marina, intermicxed with benthic algaes, macrocystis, and P. serralatus; bed ~70m x 250m","samples 10m apart; long skinny bay, samples taken perpendicular beach at end of bay, rather than parallel as usual; depths slowly increasing as heading out of bay, 1.7m to 2.2m",NA,BC_CC,Central Coast British Columbia,Central Coast British Columbia
BC_CC,CC_FAN3,pecoe-0728,2022-07-17,52.05365,-128.40331,08:38:00,16:09:00,Sample,exblank-2022-032,1000,2022,PECO2022 box 2,NA,"1000mL filtered for all, with peristaltic pump; 726-728 filtered in parallel, 729-730 filtered in parallel after first set; xn tech: Carolyn; xn date:  ; xn notes: ; filtration comments:  ; tech:  ",McMullins South,"Zach Monteith, Rumer Opie, Krystal Bachen, Faye Manning",0-0.5,ebb,none,none,27.78,13.1,by_boat,1.7,present,"dense Z. marina, intermicxed with benthic algaes, macrocystis, and P. serralatus; bed ~70m x 250m","samples 10m apart; long skinny bay, samples taken perpendicular beach at end of bay, rather than parallel as usual; depths slowly increasing as heading out of bay, 1.7m to 2.2m",NA,BC_CC,Central Coast British Columbia,Central Coast British Columbia
BC_CC,CC_FAN3,pecoe-0729,2022-07-17,52.05365,-128.40331,08:38:00,16:35:00,Sample,exblank-2022-032,1000,2022,PECO2022 box 2,NA,"1000mL filtered for all, with peristaltic pump; 726-728 filtered in parallel, 729-730 filtered in parallel after first set; xn tech: Carolyn; xn date:  ; xn notes: ; filtration comments:  ; tech:  ",McMullins South,"Zach Monteith, Rumer Opie, Krystal Bachen, Faye Manning",0-0.5,ebb,none,none,27.78,13.1,by_boat,1.7,present,"dense Z. marina, intermicxed with benthic algaes, macrocystis, and P. serralatus; bed ~70m x 250m","samples 10m apart; long skinny bay, samples taken perpendicular beach at end of bay, rather than parallel as usual; depths slowly increasing as heading out of bay, 1.7m to 2.2m",NA,BC_CC,Central Coast British Columbia,Central Coast British Columbia
BC_CC,CC_FAN3,pecoe-0730,2022-07-17,52.05365,-128.40331,NA,16:35:00,Field blank,exblank-2022-032,1000,2022,PECO2022 box 2,NA,"1000mL filtered for all, with peristaltic pump; 726-728 filtered in parallel, 729-730 filtered in parallel after first set; xn tech: Carolyn; xn date:  ; xn notes: ; filtration comments:  ; tech:  ",McMullins South,"Zach Monteith, Rumer Opie, Krystal Bachen, Faye Manning",0-0.5,ebb,none,none,27.78,13.1,by_boat,1.7,present,"dense Z. marina, intermicxed with benthic algaes, macrocystis, and P. serralatus; bed ~70m x 250m","samples 10m apart; long skinny bay, samples taken perpendicular beach at end of bay, rather than parallel as usual; depths slowly increasing as heading out of bay, 1.7m to 2.2m",NA,BC_CC,Central Coast British Columbia,Central Coast British Columbia
BC_HG,HG_LIE,pecoe-0731,2022-07-13,52.23234,-131.28337,NA,10:39:00,Field blank,exblank-2022-030,1000,2022,NA,NA,1000 mL filtered; xn tech: Wyth; xn date:  ; xn notes: ; filtration comments:  ; tech:  ,Louscoone Inlet,"Charlotte Houston, Chavonne Guthrie",0-0.5,slack,light,light,30.1,14,by_boat,3,present,contiunous uniform meadow; eelgrass 1.5-2+ m high and dense,"sampled moving south towards mouth of Louscoone Creek, taken ~10 m apart",GPS site location is location of first sample; GPS points taken for all sample locations,BC_HGa,"Haida Gwaii, British Columbia","Haida Gwaii, British Columbia"
BC_HG,HG_LIE,pecoe-0732,2022-07-13,52.23234,-131.28337,07:37:00,11:11:00,Sample,exblank-2022-030,550,2022,NA,NA,550 mL filtered; xn tech: Wyth; xn date:  ; xn notes: ; filtration comments:  ; tech:  ,Louscoone Inlet,"Charlotte Houston, Chavonne Guthrie",0-0.5,slack,light,light,30.1,14,by_boat,3,present,contiunous uniform meadow; eelgrass 1.5-2+ m high and dense,"sampled moving south towards mouth of Louscoone Creek, taken ~10 m apart",GPS site location is location of first sample; GPS points taken for all sample locations,BC_HGa,"Haida Gwaii, British Columbia","Haida Gwaii, British Columbia"
BC_HG,HG_LIE,pecoe-0733,2022-07-13,52.23234,-131.28337,07:44:00,11:33:00,Sample,exblank-2022-030,750,2022,NA,NA,750 mL filtered; xn tech: Wyth; xn date:  ; xn notes: ; filtration comments:  ; tech:  ,Louscoone Inlet,"Charlotte Houston, Chavonne Guthrie",0-0.5,slack,light,light,30.1,14,by_boat,3,present,contiunous uniform meadow; eelgrass 1.5-2+ m high and dense,"sampled moving south towards mouth of Louscoone Creek, taken ~10 m apart",GPS site location is location of first sample; GPS points taken for all sample locations,BC_HGa,"Haida Gwaii, British Columbia","Haida Gwaii, British Columbia"
BC_HG,HG_LIE,pecoe-0734,2022-07-13,52.23234,-131.28337,07:51:00,12:19:00,Sample,exblank-2022-030,550,2022,NA,NA,550 mL filtered; xn tech: Wyth; xn date:  ; xn notes: ; filtration comments:  ; tech:  ,Louscoone Inlet,"Charlotte Houston, Chavonne Guthrie",0-0.5,slack,light,light,30.1,14,by_boat,3,present,contiunous uniform meadow; eelgrass 1.5-2+ m high and dense,"sampled moving south towards mouth of Louscoone Creek, taken ~10 m apart",GPS site location is location of first sample; GPS points taken for all sample locations,BC_HGa,"Haida Gwaii, British Columbia","Haida Gwaii, British Columbia"
BC_HG,HG_LIE,pecoe-0735,2022-07-13,52.23234,-131.28337,07:56:00,12:45:00,Sample,exblank-2022-030,550,2022,NA,NA,550 mL filtered; xn tech: Wyth; xn date:  ; xn notes: ; filtration comments:  ; tech:  ,Louscoone Inlet,"Charlotte Houston, Chavonne Guthrie",0-0.5,slack,light,light,30.1,14,by_boat,3,present,contiunous uniform meadow; eelgrass 1.5-2+ m high and dense,"sampled moving south towards mouth of Louscoone Creek, taken ~10 m apart",GPS site location is location of first sample; GPS points taken for all sample locations,BC_HGa,"Haida Gwaii, British Columbia","Haida Gwaii, British Columbia"
BC_HG,HG_ROI,pecoe-0736,2022-07-14,52.20462,-131.14229,NA,10:06:00,Field blank,exblank-2022-030,550,2022,NA,NA,550 mL filtered; xn tech: Wyth; xn date:  ; xn notes: ; filtration comments:  ; tech:  ,Rose Inlet,"Charlotte Houston, Chavonne Guthrie",0-0.5,ebb,light,light,23.5,13.4,by_boat,2.5,present,continuous with some bare patches; eelgrass 1.5-2 m high and dense; extra large eelgrass meadow,"sampled moving south towards outer Rose Inlet, ~10 m apart",GPS site location is location of first sample; GPS points taken for all sample locations,BC_HGa,"Haida Gwaii, British Columbia","Haida Gwaii, British Columbia"
BC_HG,HG_ROI,pecoe-0737,2022-07-14,52.20462,-131.14229,07:34:00,10:27:00,Sample,exblank-2022-030,700,2022,NA,NA,700 mL filtered; xn tech: Wyth; xn date:  ; xn notes: ; filtration comments:  ; tech:  ,Rose Inlet,"Charlotte Houston, Chavonne Guthrie",0-0.5,ebb,light,light,23.5,13.4,by_boat,2.5,present,continuous with some bare patches; eelgrass 1.5-2 m high and dense; extra large eelgrass meadow,"sampled moving south towards outer Rose Inlet, ~10 m apart",GPS site location is location of first sample; GPS points taken for all sample locations,BC_HGa,"Haida Gwaii, British Columbia","Haida Gwaii, British Columbia"
BC_HG,HG_ROI,pecoe-0738,2022-07-14,52.20462,-131.14229,07:38:00,10:53:00,Sample,exblank-2022-030,600,2022,NA,NA,600 mL filtered; xn tech: Wyth; xn date:  ; xn notes: ; filtration comments:  ; tech:  ,Rose Inlet,"Charlotte Houston, Chavonne Guthrie",0-0.5,ebb,light,light,23.5,13.4,by_boat,2.5,present,continuous with some bare patches; eelgrass 1.5-2 m high and dense; extra large eelgrass meadow,"sampled moving south towards outer Rose Inlet, ~10 m apart",GPS site location is location of first sample; GPS points taken for all sample locations,BC_HGa,"Haida Gwaii, British Columbia","Haida Gwaii, British Columbia"
BC_HG,HG_ROI,pecoe-0739,2022-07-14,52.20462,-131.14229,07:42:00,11:12:00,Sample,exblank-2022-030,600,2022,NA,NA,600 mL filtered; xn tech: Wyth; xn date:  ; xn notes: ; filtration comments:  ; tech:  ,Rose Inlet,"Charlotte Houston, Chavonne Guthrie",0-0.5,ebb,light,light,23.5,13.4,by_boat,2.5,present,continuous with some bare patches; eelgrass 1.5-2 m high and dense; extra large eelgrass meadow,"sampled moving south towards outer Rose Inlet, ~10 m apart",GPS site location is location of first sample; GPS points taken for all sample locations,BC_HGa,"Haida Gwaii, British Columbia","Haida Gwaii, British Columbia"
BC_HG,HG_ROI,pecoe-0740,2022-07-14,52.20462,-131.14229,07:45:00,11:30:00,Sample,exblank-2022-030,600,2022,NA,NA,600 mL filtered; xn tech: Wyth; xn date:  ; xn notes: ; filtration comments:  ; tech:  ,Rose Inlet,"Charlotte Houston, Chavonne Guthrie",0-0.5,ebb,light,light,23.5,13.4,by_boat,2.5,present,continuous with some bare patches; eelgrass 1.5-2 m high and dense; extra large eelgrass meadow,"sampled moving south towards outer Rose Inlet, ~10 m apart",GPS site location is location of first sample; GPS points taken for all sample locations,BC_HGa,"Haida Gwaii, British Columbia","Haida Gwaii, British Columbia"
BC_HG,HG_BH,pecoe-0741,2022-07-15,52.34843,-131.36375,NA,14:15:00,Field blank,exblank-2022-022,600,2022,NA,NA,600 mL filtered; xn tech: Rute; xn date:  ; xn notes: ; filtration comments:  ; tech:  ,Bag Harbour,"Charlotte Houston, Lynn Lee, Chavonne Guthrie",0-0.5,ebb,light,none,30,12.3,by_boat,2.5,present,continuous fringing eelgrass meadow with some wider patches and some bare patches; shorter eelgrass plants where water samples collected,sampled moving west along shore; sample #4 was further than 10 m away from sample #3 due to a bare patch in the eelgrass,GPS site location is location of first sample; GPS points taken for all sample locations,BC_HGa,"Haida Gwaii, British Columbia","Haida Gwaii, British Columbia"
BC_HG,HG_BH,pecoe-0742,2022-07-15,52.34843,-131.36375,10:30:00,14:29:00,Sample,exblank-2022-022,550,2022,NA,NA,550 mL filtered; xn tech: Rute; xn date:  ; xn notes: ; filtration comments:  ; tech:  ,Bag Harbour,"Charlotte Houston, Lynn Lee, Chavonne Guthrie",0-0.5,ebb,light,none,30,12.3,by_boat,2.5,present,continuous fringing eelgrass meadow with some wider patches and some bare patches; shorter eelgrass plants where water samples collected,sampled moving west along shore; sample #4 was further than 10 m away from sample #3 due to a bare patch in the eelgrass,GPS site location is location of first sample; GPS points taken for all sample locations,BC_HGa,"Haida Gwaii, British Columbia","Haida Gwaii, British Columbia"
BC_HG,HG_BH,pecoe-0743,2022-07-15,52.34843,-131.36375,10:35:00,14:50:00,Sample,exblank-2022-022,600,2022,NA,NA,600 mL filtered; xn tech: Rute; xn date:  ; xn notes: ; filtration comments:  ; tech:  ,Bag Harbour,"Charlotte Houston, Lynn Lee, Chavonne Guthrie",0-0.5,ebb,light,none,30,12.3,by_boat,2.5,present,continuous fringing eelgrass meadow with some wider patches and some bare patches; shorter eelgrass plants where water samples collected,sampled moving west along shore; sample #4 was further than 10 m away from sample #3 due to a bare patch in the eelgrass,GPS site location is location of first sample; GPS points taken for all sample locations,BC_HGa,"Haida Gwaii, British Columbia","Haida Gwaii, British Columbia"
BC_HG,HG_BH,pecoe-0744,2022-07-15,52.34843,-131.36375,10:38:00,15:08:00,Sample,exblank-2022-022,800,2022,NA,NA,800 mL filtered; xn tech: Rute; xn date:  ; xn notes: ; filtration comments:  ; tech:  ,Bag Harbour,"Charlotte Houston, Lynn Lee, Chavonne Guthrie",0-0.5,ebb,light,none,30,12.3,by_boat,2.5,present,continuous fringing eelgrass meadow with some wider patches and some bare patches; shorter eelgrass plants where water samples collected,sampled moving west along shore; sample #4 was further than 10 m away from sample #3 due to a bare patch in the eelgrass,GPS site location is location of first sample; GPS points taken for all sample locations,BC_HGa,"Haida Gwaii, British Columbia","Haida Gwaii, British Columbia"
BC_HG,HG_BH,pecoe-0745,2022-07-15,52.34843,-131.36375,10:43:00,15:27:00,Sample,exblank-2022-022,1000,2022,NA,NA,1000 mL filtered; xn tech: Rute; xn date:  ; xn notes: ; filtration comments:  ; tech:  ,Bag Harbour,"Charlotte Houston, Lynn Lee, Chavonne Guthrie",0-0.5,ebb,light,none,30,12.3,by_boat,2.5,present,continuous fringing eelgrass meadow with some wider patches and some bare patches; shorter eelgrass plants where water samples collected,sampled moving west along shore; sample #4 was further than 10 m away from sample #3 due to a bare patch in the eelgrass,GPS site location is location of first sample; GPS points taken for all sample locations,BC_HGa,"Haida Gwaii, British Columbia","Haida Gwaii, British Columbia"
BC_HG,HG_SB,pecoe-0746,2022-07-16,52.63074,-131.60835,NA,13:38:00,Field blank,exblank-2022-035,800,2022,NA,NA,800 mL filtered; xn tech: Rosie; xn date:  ; xn notes: ; filtration comments:  ; tech:  ,Sedgwick Bay,"Charlotte Houston, Chavonne Guthrie",0-0.5,ebb,light,light,30.6,14,by_boat,3.5,present,continuous small-medium sized fringing eelgrass meadow; eelgrass ~2 m high with dense patches; steep slope heading away from shore,"sampled moving east along shore, taken ~10 m apart",GPS site location is location of first sample; GPS points taken for all sample locations,BC_HGa,"Haida Gwaii, British Columbia","Haida Gwaii, British Columbia"
BC_HG,HG_SB,pecoe-0747,2022-07-16,52.63074,-131.60835,09:57:00,13:58:00,Sample,exblank-2022-035,600,2022,NA,NA,600 mL filtered; xn tech: Rosie; xn date:  ; xn notes: ; filtration comments:  ; tech:  ,Sedgwick Bay,"Charlotte Houston, Chavonne Guthrie",0-0.5,ebb,light,light,30.6,14,by_boat,3.5,present,continuous small-medium sized fringing eelgrass meadow; eelgrass ~2 m high with dense patches; steep slope heading away from shore,"sampled moving east along shore, taken ~10 m apart",GPS site location is location of first sample; GPS points taken for all sample locations,BC_HGa,"Haida Gwaii, British Columbia","Haida Gwaii, British Columbia"
BC_HG,HG_SB,pecoe-0748,2022-07-16,52.63074,-131.60835,10:01:00,14:10:00,Sample,exblank-2022-035,600,2022,NA,NA,600 mL filtered; xn tech: Rosie; xn date:  ; xn notes: ; filtration comments:  ; tech:  ,Sedgwick Bay,"Charlotte Houston, Chavonne Guthrie",0-0.5,ebb,light,light,30.6,14,by_boat,3.5,present,continuous small-medium sized fringing eelgrass meadow; eelgrass ~2 m high with dense patches; steep slope heading away from shore,"sampled moving east along shore, taken ~10 m apart",GPS site location is location of first sample; GPS points taken for all sample locations,BC_HGa,"Haida Gwaii, British Columbia","Haida Gwaii, British Columbia"
BC_HG,HG_SB,pecoe-0749,2022-07-16,52.63074,-131.60835,10:04:00,14:23:00,Sample,exblank-2022-035,700,2022,NA,NA,700 mL filtered; xn tech: Rosie; xn date:  ; xn notes: ; filtration comments:  ; tech:  ,Sedgwick Bay,"Charlotte Houston, Chavonne Guthrie",0-0.5,ebb,light,light,30.6,14,by_boat,3.5,present,continuous small-medium sized fringing eelgrass meadow; eelgrass ~2 m high with dense patches; steep slope heading away from shore,"sampled moving east along shore, taken ~10 m apart",GPS site location is location of first sample; GPS points taken for all sample locations,BC_HGa,"Haida Gwaii, British Columbia","Haida Gwaii, British Columbia"
BC_HG,HG_SB,pecoe-0750,2022-07-16,52.63074,-131.60835,10:08:00,14:34:00,Sample,exblank-2022-035,600,2022,NA,NA,600 mL filtered; xn tech: Rosie; xn date:  ; xn notes: ; filtration comments:  ; tech:  ,Sedgwick Bay,"Charlotte Houston, Chavonne Guthrie",0-0.5,ebb,light,light,30.6,14,by_boat,3.5,present,continuous small-medium sized fringing eelgrass meadow; eelgrass ~2 m high with dense patches; steep slope heading away from shore,"sampled moving east along shore, taken ~10 m apart",GPS site location is location of first sample; GPS points taken for all sample locations,BC_HGa,"Haida Gwaii, British Columbia","Haida Gwaii, British Columbia"
BC_HG,HG_RI,pecoe-0751,2022-07-17,52.57284,-131.39551,NA,12:01:00,Field blank,exblank-2022-035,1000,2022,NA,NA,1000 mL filtered; xn tech: Rosie; xn date:  ; xn notes: ; filtration comments:  ; tech:  ,Ramsay Island,"Charlotte Houston, Chavonne Guthrie",0-0.5,ebb,light,none,NA,NA,by_boat,3.5,present,medium sized patch eelgrass meadow where samples collected - overall meadow is large and continuous with some bare patches;,"sampled moving west along shore, taken ~10 m apart",GPS site location is location of first sample; GPS points taken for all sample locations; YSI meter died so could not properly measure temperature and salinity at this site - temps on data sheet are from the boat sounder which may not be accurate or comparable to YSI readings,BC_HGa,"Haida Gwaii, British Columbia","Haida Gwaii, British Columbia"
BC_HG,HG_RI,pecoe-0752,2022-07-17,52.57284,-131.39551,09:56:00,12:20:00,Sample,exblank-2022-035,1000,2022,NA,NA,1000 mL filtered; xn tech: Rosie; xn date:  ; xn notes: ; filtration comments:  ; tech:  ,Ramsay Island,"Charlotte Houston, Chavonne Guthrie",0-0.5,ebb,light,none,NA,NA,by_boat,3.5,present,medium sized patch eelgrass meadow where samples collected - overall meadow is large and continuous with some bare patches;,"sampled moving west along shore, taken ~10 m apart",GPS site location is location of first sample; GPS points taken for all sample locations; YSI meter died so could not properly measure temperature and salinity at this site - temps on data sheet are from the boat sounder which may not be accurate or comparable to YSI readings,BC_HGa,"Haida Gwaii, British Columbia","Haida Gwaii, British Columbia"
BC_HG,HG_RI,pecoe-0753,2022-07-17,52.57284,-131.39551,10:02:00,12:36:00,Sample,exblank-2022-035,1000,2022,NA,NA,1000 mL filtered; xn tech: Rosie; xn date:  ; xn notes: ; filtration comments:  ; tech:  ,Ramsay Island,"Charlotte Houston, Chavonne Guthrie",0-0.5,ebb,light,none,NA,NA,by_boat,3.5,present,medium sized patch eelgrass meadow where samples collected - overall meadow is large and continuous with some bare patches;,"sampled moving west along shore, taken ~10 m apart",GPS site location is location of first sample; GPS points taken for all sample locations; YSI meter died so could not properly measure temperature and salinity at this site - temps on data sheet are from the boat sounder which may not be accurate or comparable to YSI readings,BC_HGa,"Haida Gwaii, British Columbia","Haida Gwaii, British Columbia"
BC_HG,HG_RI,pecoe-0754,2022-07-17,52.57284,-131.39551,10:06:00,12:52:00,Sample,exblank-2022-035,1000,2022,NA,NA,1000 mL filtered; xn tech: Rosie; xn date:  ; xn notes: ; filtration comments:  ; tech:  ,Ramsay Island,"Charlotte Houston, Chavonne Guthrie",0-0.5,ebb,light,none,NA,NA,by_boat,3.5,present,medium sized patch eelgrass meadow where samples collected - overall meadow is large and continuous with some bare patches;,"sampled moving west along shore, taken ~10 m apart",GPS site location is location of first sample; GPS points taken for all sample locations; YSI meter died so could not properly measure temperature and salinity at this site - temps on data sheet are from the boat sounder which may not be accurate or comparable to YSI readings,BC_HGa,"Haida Gwaii, British Columbia","Haida Gwaii, British Columbia"
BC_HG,HG_RI,pecoe-0755,2022-07-17,52.57284,-131.39551,10:10:00,13:15:00,Sample,exblank-2022-030,700,2022,NA,NA,700 mL filtered; xn tech: Wyth; xn date:  ; xn notes:added by Rosie from metadata sheet; filtration comments:  ; tech:  ,Ramsay Island,"Charlotte Houston, Chavonne Guthrie",0-0.5,ebb,light,none,NA,NA,by_boat,3.5,present,medium sized patch eelgrass meadow where samples collected - overall meadow is large and continuous with some bare patches;,"sampled moving west along shore, taken ~10 m apart",GPS site location is location of first sample; GPS points taken for all sample locations; YSI meter died so could not properly measure temperature and salinity at this site - temps on data sheet are from the boat sounder which may not be accurate or comparable to YSI readings,BC_HGa,"Haida Gwaii, British Columbia","Haida Gwaii, British Columbia"
CA_SF,NC_RB,pecoe-0756,2022-07-19,37.87402,-122.49204,NA,11:05:00,Field blank,exblank-2022-029,1000,2022,PECO2022,NA,1000 mL; xn tech: Rosie; xn date:  ; xn notes: ; filtration comments:  ; tech:  ,Richardson Bay,"Margot Buchbinder, Tessa Filiczyk",0-0.5,ebb,medium,none,33.1,18.1,by_foot,1.25,present,"The larger Richardson Bay eelgrass bed is dynamic and variable in size, approximately 100-300 hectares (~300 in 2019). The area we sampled was a largely continuous portion of the bed. Eelgrass is patchy - approximately 1 m diameter patches 1-5 m apart. Density approx. 25-30 shoots/m^2 (max density 68 shoots/m^2), canopy height approx. 150 cm.","sampling transect along a NW line parallel to the Sausalito shoreline, 10 m apart, consistent depth of water (1-1.25 m) and sample (~ 30 cm below the surface). Sampled taken towards shore due to wind from the W and ebb tide (so current was moving from pole sampler to the person, to minimize contamination from the wetsuit).","Wildlife observations: brown pelican, harbor seal.  Phyllaplysia taylori seen on seagrass",CA_NCb,"San Francisco Bay, California","San Francisco Bay 1, California"
CA_SF,NC_RB,pecoe-0757,2022-07-19,37.87402,-122.49204,09:23:00,11:34:00,Sample,exblank-2022-029,770,2022,PECO2022,NA,770 mL; xn tech: Rosie; xn date:  ; xn notes: ; filtration comments:  ; tech:  ,Richardson Bay,"Margot Buchbinder, Tessa Filiczyk",0-0.5,ebb,medium,none,33.1,18.1,by_foot,1.25,present,"The larger Richardson Bay eelgrass bed is dynamic and variable in size, approximately 100-300 hectares (~300 in 2019). The area we sampled was a largely continuous portion of the bed. Eelgrass is patchy - approximately 1 m diameter patches 1-5 m apart. Density approx. 25-30 shoots/m^2 (max density 68 shoots/m^2), canopy height approx. 150 cm.","sampling transect along a NW line parallel to the Sausalito shoreline, 10 m apart, consistent depth of water (1-1.25 m) and sample (~ 30 cm below the surface). Sampled taken towards shore due to wind from the W and ebb tide (so current was moving from pole sampler to the person, to minimize contamination from the wetsuit).","Wildlife observations: brown pelican, harbor seal.  Phyllaplysia taylori seen on seagrass",CA_NCb,"San Francisco Bay, California","San Francisco Bay 1, California"
CA_SF,NC_RB,pecoe-0758,2022-07-19,37.87402,-122.49204,09:29:00,12:02:00,Sample,exblank-2022-029,630,2022,PECO2022,NA,630 mL; sample had green filamentous algae in the sample bottle; xn tech: Rosie; xn date:  ; xn notes: ; filtration comments:  ; tech:  ,Richardson Bay,"Margot Buchbinder, Tessa Filiczyk",0-0.5,ebb,medium,none,33.1,18.1,by_foot,1.25,present,"The larger Richardson Bay eelgrass bed is dynamic and variable in size, approximately 100-300 hectares (~300 in 2019). The area we sampled was a largely continuous portion of the bed. Eelgrass is patchy - approximately 1 m diameter patches 1-5 m apart. Density approx. 25-30 shoots/m^2 (max density 68 shoots/m^2), canopy height approx. 150 cm.","sampling transect along a NW line parallel to the Sausalito shoreline, 10 m apart, consistent depth of water (1-1.25 m) and sample (~ 30 cm below the surface). Sampled taken towards shore due to wind from the W and ebb tide (so current was moving from pole sampler to the person, to minimize contamination from the wetsuit).","Wildlife observations: brown pelican, harbor seal.  Phyllaplysia taylori seen on seagrass",CA_NCb,"San Francisco Bay, California","San Francisco Bay 1, California"
CA_SF,NC_RB,pecoe-0759,2022-07-19,37.87402,-122.49204,09:32:00,12:32:00,Sample,exblank-2022-029,675,2022,PECO2022,NA,675 mL; xn tech: Rosie; xn date:  ; xn notes: ; filtration comments:  ; tech:  ,Richardson Bay,"Margot Buchbinder, Tessa Filiczyk",0-0.5,ebb,medium,none,33.1,18.1,by_foot,1.25,present,"The larger Richardson Bay eelgrass bed is dynamic and variable in size, approximately 100-300 hectares (~300 in 2019). The area we sampled was a largely continuous portion of the bed. Eelgrass is patchy - approximately 1 m diameter patches 1-5 m apart. Density approx. 25-30 shoots/m^2 (max density 68 shoots/m^2), canopy height approx. 150 cm.","sampling transect along a NW line parallel to the Sausalito shoreline, 10 m apart, consistent depth of water (1-1.25 m) and sample (~ 30 cm below the surface). Sampled taken towards shore due to wind from the W and ebb tide (so current was moving from pole sampler to the person, to minimize contamination from the wetsuit).","Wildlife observations: brown pelican, harbor seal.  Phyllaplysia taylori seen on seagrass",CA_NCb,"San Francisco Bay, California","San Francisco Bay 1, California"
CA_SF,NC_RB,pecoe-0760,2022-07-19,37.87402,-122.49204,09:34:00,13:05:00,Sample,exblank-2022-029,690,2022,PECO2022,NA,690 mL; xn tech: Rosie; xn date:  ; xn notes: ; filtration comments:  ; tech:  ,Richardson Bay,"Margot Buchbinder, Tessa Filiczyk",0-0.5,ebb,medium,none,33.1,18.1,by_foot,1.25,present,"The larger Richardson Bay eelgrass bed is dynamic and variable in size, approximately 100-300 hectares (~300 in 2019). The area we sampled was a largely continuous portion of the bed. Eelgrass is patchy - approximately 1 m diameter patches 1-5 m apart. Density approx. 25-30 shoots/m^2 (max density 68 shoots/m^2), canopy height approx. 150 cm.","sampling transect along a NW line parallel to the Sausalito shoreline, 10 m apart, consistent depth of water (1-1.25 m) and sample (~ 30 cm below the surface). Sampled taken towards shore due to wind from the W and ebb tide (so current was moving from pole sampler to the person, to minimize contamination from the wetsuit).","Wildlife observations: brown pelican, harbor seal.  Phyllaplysia taylori seen on seagrass",CA_NCb,"San Francisco Bay, California","San Francisco Bay 1, California"
CA_SF,NC_PM,pecoe-0761,2022-07-20,37.94615,-122.41951,NA,12:25:00,Field blank,exblank-2022-029,1000,2022,PECO2022,NA,1000 mL; xn tech: Rosie; xn date:  ; xn notes: ; filtration comments:  ; tech:  ,Point Molate,"Margot Buchbinder, Tessa Filiczyk",0-0.5,ebb,light,none,30.5,19.1,by_foot,1.1,present,"Relatively large bed ranging from 12-40 hectares in previous years (similar extent now). Patchy plants in patches 1-5 me across, separated by 1-5 m. Mean density approximately 55 shoots/m^2 (max density 120 shoots/m^2). Canopy height approximately 150 cm.","Transect started at N end near the point (GPS point from this end), each subsequent point was 10 m away to the S, parallel to the shoreline. Depth relatively consistent approximately 1-1.2 m deep",No wildlife notes at the site,CA_NCb,"San Francisco Bay, California","San Francisco Bay 1, California"
CA_SF,NC_PM,pecoe-0762,2022-07-20,37.94615,-122.41951,10:56:00,12:52:00,Sample,exblank-2022-029,745,2022,PECO2022,NA,745 mL; xn tech: Rosie; xn date:  ; xn notes: ; filtration comments:  ; tech:  ,Point Molate,"Margot Buchbinder, Tessa Filiczyk",0-0.5,ebb,light,none,30.5,19.1,by_foot,1.1,present,"Relatively large bed ranging from 12-40 hectares in previous years (similar extent now). Patchy plants in patches 1-5 me across, separated by 1-5 m. Mean density approximately 55 shoots/m^2 (max density 120 shoots/m^2). Canopy height approximately 150 cm.","Transect started at N end near the point (GPS point from this end), each subsequent point was 10 m away to the S, parallel to the shoreline. Depth relatively consistent approximately 1-1.2 m deep",No wildlife notes at the site,CA_NCb,"San Francisco Bay, California","San Francisco Bay 1, California"
CA_SF,NC_PM,pecoe-0763,2022-07-20,37.94615,-122.41951,11:00:00,13:27:00,Sample,exblank-2022-029,750,2022,PECO2022,NA,750 mL; xn tech: Rosie; xn date:  ; xn notes: ; filtration comments:  ; tech:  ,Point Molate,"Margot Buchbinder, Tessa Filiczyk",0-0.5,ebb,light,none,30.5,19.1,by_foot,1.1,present,"Relatively large bed ranging from 12-40 hectares in previous years (similar extent now). Patchy plants in patches 1-5 me across, separated by 1-5 m. Mean density approximately 55 shoots/m^2 (max density 120 shoots/m^2). Canopy height approximately 150 cm.","Transect started at N end near the point (GPS point from this end), each subsequent point was 10 m away to the S, parallel to the shoreline. Depth relatively consistent approximately 1-1.2 m deep",No wildlife notes at the site,CA_NCb,"San Francisco Bay, California","San Francisco Bay 1, California"
CA_SF,NC_PM,pecoe-0764,2022-07-20,37.94615,-122.41951,11:04:00,13:56:00,Sample,exblank-2022-029,875,2022,PECO2022,NA,875 mL; xn tech: Rosie; xn date:  ; xn notes: ; filtration comments:  ; tech:  ,Point Molate,"Margot Buchbinder, Tessa Filiczyk",0-0.5,ebb,light,none,30.5,19.1,by_foot,1.1,present,"Relatively large bed ranging from 12-40 hectares in previous years (similar extent now). Patchy plants in patches 1-5 me across, separated by 1-5 m. Mean density approximately 55 shoots/m^2 (max density 120 shoots/m^2). Canopy height approximately 150 cm.","Transect started at N end near the point (GPS point from this end), each subsequent point was 10 m away to the S, parallel to the shoreline. Depth relatively consistent approximately 1-1.2 m deep",No wildlife notes at the site,CA_NCb,"San Francisco Bay, California","San Francisco Bay 1, California"
CA_SF,NC_PM,pecoe-0765,2022-07-20,37.94615,-122.41951,11:07:00,14:25:00,Sample,exblank-2022-029,760,2022,PECO2022,NA,760 mL; xn tech: Rosie; xn date:  ; xn notes: ; filtration comments:  ; tech:  ,Point Molate,"Margot Buchbinder, Tessa Filiczyk",0-0.5,ebb,light,none,30.5,19.1,by_foot,1.1,present,"Relatively large bed ranging from 12-40 hectares in previous years (similar extent now). Patchy plants in patches 1-5 me across, separated by 1-5 m. Mean density approximately 55 shoots/m^2 (max density 120 shoots/m^2). Canopy height approximately 150 cm.","Transect started at N end near the point (GPS point from this end), each subsequent point was 10 m away to the S, parallel to the shoreline. Depth relatively consistent approximately 1-1.2 m deep",No wildlife notes at the site,CA_NCb,"San Francisco Bay, California","San Francisco Bay 1, California"
CA_SF,NC_PS,pecoe-0766,2022-07-27,37.9733,-122.42098,NA,17:09:00,Field blank,exblank-2022-029,1000,2022,PECO2022,NA,1000 mL; xn tech: Rosie; xn date:  ; xn notes: ; filtration comments:  ; tech:  ,Point San Pablo,"Margot Buchbinder, Elizabeth Ramsay",0.5-1,ebb,medium,none,29.4,20.2,by_boat,1.5,present,"The larger Point San Pablo eelgrass bed is approx. 600 hectares.  Eelgrass can be somewhat patchy in the bed but the sampled area is relatively continuous by SF Bay standards. Density approx. 25 shoots m^-2, max of 80 shoots m^-2.  Canopy height approx. 150-180 cm.","Sampling transect along North to South gradient following the elevation of the shoal (which is perpendicular to the closest point, but parallel to bay shoreline countours.  Points approx. or greater than 10 m apart, consistent depth along gradient.",Pretty choppy/windy,CA_NCb,"San Francisco Bay, California","San Francisco Bay 1, California"
CA_SF,NC_PS,pecoe-0767,2022-07-27,37.9733,-122.42098,14:58:00,17:32:00,Sample,exblank-2022-029,950,2022,PECO2022,NA,950 mL; xn tech: Rosie; xn date:  ; xn notes: ; filtration comments:  ; tech:  ,Point San Pablo,"Margot Buchbinder, Elizabeth Ramsay",0.5-1,ebb,medium,none,29.4,20.2,by_boat,1.5,present,"The larger Point San Pablo eelgrass bed is approx. 600 hectares.  Eelgrass can be somewhat patchy in the bed but the sampled area is relatively continuous by SF Bay standards. Density approx. 25 shoots m^-2, max of 80 shoots m^-2.  Canopy height approx. 150-180 cm.","Sampling transect along North to South gradient following the elevation of the shoal (which is perpendicular to the closest point, but parallel to bay shoreline countours.  Points approx. or greater than 10 m apart, consistent depth along gradient.",Pretty choppy/windy,CA_NCb,"San Francisco Bay, California","San Francisco Bay 1, California"
CA_SF,NC_PS,pecoe-0768,2022-07-27,37.9733,-122.42098,15:04:00,17:57:00,Sample,exblank-2022-029,925,2022,PECO2022,NA,925 mL; xn tech: Rosie; xn date:  ; xn notes: ; filtration comments:  ; tech:  ,Point San Pablo,"Margot Buchbinder, Elizabeth Ramsay",0.5-1,ebb,medium,none,29.4,20.2,by_boat,1.5,present,"The larger Point San Pablo eelgrass bed is approx. 600 hectares.  Eelgrass can be somewhat patchy in the bed but the sampled area is relatively continuous by SF Bay standards. Density approx. 25 shoots m^-2, max of 80 shoots m^-2.  Canopy height approx. 150-180 cm.","Sampling transect along North to South gradient following the elevation of the shoal (which is perpendicular to the closest point, but parallel to bay shoreline countours.  Points approx. or greater than 10 m apart, consistent depth along gradient.",Pretty choppy/windy,CA_NCb,"San Francisco Bay, California","San Francisco Bay 1, California"
CA_SF,NC_PS,pecoe-0769,2022-07-27,37.9733,-122.42098,15:02:00,18:29:00,Sample,exblank-2022-029,1000,2022,PECO2022,NA,1000 mL; xn tech: Rosie; xn date:  ; xn notes: ; filtration comments:  ; tech:  ,Point San Pablo,"Margot Buchbinder, Elizabeth Ramsay",0.5-1,ebb,medium,none,29.4,20.2,by_boat,1.5,present,"The larger Point San Pablo eelgrass bed is approx. 600 hectares.  Eelgrass can be somewhat patchy in the bed but the sampled area is relatively continuous by SF Bay standards. Density approx. 25 shoots m^-2, max of 80 shoots m^-2.  Canopy height approx. 150-180 cm.","Sampling transect along North to South gradient following the elevation of the shoal (which is perpendicular to the closest point, but parallel to bay shoreline countours.  Points approx. or greater than 10 m apart, consistent depth along gradient.",Pretty choppy/windy,CA_NCb,"San Francisco Bay, California","San Francisco Bay 1, California"
CA_SF,NC_PS,pecoe-0770,2022-07-27,37.9733,-122.42098,15:00:00,19:00:00,Sample,exblank-2022-029,1000,2022,PECO2022,NA,1000 mL; xn tech: Rosie; xn date:  ; xn notes: ; filtration comments:  ; tech:  ,Point San Pablo,"Margot Buchbinder, Elizabeth Ramsay",0.5-1,ebb,medium,none,29.4,20.2,by_boat,1.5,present,"The larger Point San Pablo eelgrass bed is approx. 600 hectares.  Eelgrass can be somewhat patchy in the bed but the sampled area is relatively continuous by SF Bay standards. Density approx. 25 shoots m^-2, max of 80 shoots m^-2.  Canopy height approx. 150-180 cm.","Sampling transect along North to South gradient following the elevation of the shoal (which is perpendicular to the closest point, but parallel to bay shoreline countours.  Points approx. or greater than 10 m apart, consistent depth along gradient.",Pretty choppy/windy,CA_NCb,"San Francisco Bay, California","San Francisco Bay 1, California"
BC_NV,NV_BI,pecoe-0781,2022-07-18,50.487651,-128.04074893,10:00:00,02:02:00,Sample,exblank-2022-024,700,2022,PECO2022,NA,700mL filtered; xn tech: Rosie; xn date:  ; xn notes: ; filtration comments:  ; tech:  ,Browning Inlet,"Mike McDermid, Jenn Sunday",0-0.5,low,none,none,NA,NA,by_boat,1.5m,present,N/A,NA,NA,BC_NV,"North Vancouver Island, British Columbia","North Vancouver Island, British Columbia"
BC_NV,NV_BI,pecoe-0782,2022-07-18,50.487651,-128.04074893,NA,12:40:00,Field blank,exblank-2022-024,1000,2022,PECO2022,NA, ; xn tech: Rosie; xn date:  ; xn notes: ; filtration comments:  ; tech:  ,Browning Inlet,"Mike McDermid, Jenn Sunday",0-0.5,low,none,none,NA,NA,by_boat,1.5m,present,N/A,NA,NA,BC_NV,"North Vancouver Island, British Columbia","North Vancouver Island, British Columbia"
BC_NV,NV_BI,pecoe-0783,2022-07-18,50.487651,-128.04074893,09:58:00,01:21:00,Sample,exblank-2022-024,700,2022,PECO2022,NA,700mL filtered; xn tech: Rosie; xn date:  ; xn notes: ; filtration comments:  ; tech:  ,Browning Inlet,"Mike McDermid, Jenn Sunday",0-0.5,low,none,none,NA,NA,by_boat,1.5m,present,N/A,NA,NA,BC_NV,"North Vancouver Island, British Columbia","North Vancouver Island, British Columbia"
BC_NV,NV_BI,pecoe-0784,2022-07-18,50.487651,-128.04074893,09:55:00,01:00:00,Sample,exblank-2022-024,700,2022,PECO2022,NA,700mL filtered; xn tech: Rosie; xn date:  ; xn notes: ; filtration comments:  ; tech:  ,Browning Inlet,"Mike McDermid, Jenn Sunday",0-0.5,low,none,none,NA,NA,by_boat,1.5m,present,N/A,NA,NA,BC_NV,"North Vancouver Island, British Columbia","North Vancouver Island, British Columbia"
BC_NV,NV_BI,pecoe-0785,2022-07-18,50.487651,-128.04074893,10:03:00,01:40:00,Sample,exblank-2022-024,700,2022,PECO2022,NA,700mL filtered; xn tech: Rosie; xn date:  ; xn notes: ; filtration comments:  ; tech:  ,Browning Inlet,"Mike McDermid, Jenn Sunday",0-0.5,low,none,none,NA,NA,by_boat,1.5m,present,N/A,NA,NA,BC_NV,"North Vancouver Island, British Columbia","North Vancouver Island, British Columbia"
BC_NV,NV_KB,pecoe-0786,2022-07-18,50.4963966,-127.8562984,11:05:00,03:38:00,Sample,exblank-2022-021,700,2022,PECO2022,NA,700mL; xn tech: Rosie; xn date:  ; xn notes: ; filtration comments:  ; tech:  ,Kaprino Bay,"Mike McDermid, Jenn Sunday",0-0.5,low,none,none,NA,NA,by_boat,1.5m,present,freshwater source nearby,NA,NA,BC_NV,"North Vancouver Island, British Columbia","North Vancouver Island, British Columbia"
BC_NV,NV_KB,pecoe-0787,2022-07-18,50.4963966,-127.8562984,NA,02:26:00,Field blank,exblank-2022-021,500,2022,PECO2022,NA,500mL; xn tech: Rosie; xn date:  ; xn notes: ; filtration comments:  ; tech:  ,Kaprino Bay,"Mike McDermid, Jenn Sunday",0-0.5,low,none,none,NA,NA,by_boat,1.5m,present,freshwater source nearby,NA,NA,BC_NV,"North Vancouver Island, British Columbia","North Vancouver Island, British Columbia"
BC_NV,NV_KB,pecoe-0788,2022-07-18,50.4963966,-127.8562984,11:01:00,03:22:00,Sample,exblank-2022-024,700,2022,PECO2022,NA,700mL; xn tech: Rosie; xn date:  ; xn notes: ; filtration comments:  ; tech:  ,Kaprino Bay,"Mike McDermid, Jenn Sunday",0-0.5,low,none,none,NA,NA,by_boat,1.5m,present,freshwater source nearby,NA,NA,BC_NV,"North Vancouver Island, British Columbia","North Vancouver Island, British Columbia"
BC_NV,NV_KB,pecoe-0789,2022-07-18,50.4963966,-127.8562984,10:55:00,02:43:00,Sample,exblank-2022-021,700,2022,PECO2022,NA,700mL; xn tech: Rosie; xn date:  ; xn notes: ; filtration comments:  ; tech:  ,Kaprino Bay,"Mike McDermid, Jenn Sunday",0-0.5,low,none,none,NA,NA,by_boat,1.5m,present,freshwater source nearby,NA,NA,BC_NV,"North Vancouver Island, British Columbia","North Vancouver Island, British Columbia"
BC_NV,NV_KB,pecoe-0790,2022-07-18,50.4963966,-127.8562984,10:59:00,03:02:00,Sample,exblank-2022-021,700,2022,PECO2022,NA,700mL; xn tech: Rosie; xn date:  ; xn notes: ; filtration comments:  ; tech:  ,Kaprino Bay,"Mike McDermid, Jenn Sunday",0-0.5,low,none,none,NA,NA,by_boat,1.5m,present,freshwater source nearby,NA,NA,BC_NV,"North Vancouver Island, British Columbia","North Vancouver Island, British Columbia"
BC_NV,NV_KC,pecoe-0791,2022-07-19,50.521548,-127.576556,12:13:00,02:20:00,Sample,exblank-2022-024,700,2022,PECO2022,NA,700mL; xn tech: Rosie; xn date:  ; xn notes: ; filtration comments:  ; tech:  ,Kokwina Cove,"Mike McDermid, Jenn Sunday",NA,NA,NA,NA,NA,12.6,by_boat,2m,present,"sparse bed, lots of diatoms",NA,NA,BC_NV,"North Vancouver Island, British Columbia","North Vancouver Island, British Columbia"
BC_NV,NV_KC,pecoe-0792,2022-07-19,50.521548,-127.576556,NA,02:07:00,Field blank,exblank-2022-024,500,2022,PECO2022,NA,500mL; xn tech: Rosie; xn date:  ; xn notes: ; filtration comments:  ; tech:  ,Kokwina Cove,"Mike McDermid, Jenn Sunday",NA,NA,NA,NA,NA,12.6,by_boat,2m,present,"sparse bed, lots of diatoms",NA,NA,BC_NV,"North Vancouver Island, British Columbia","North Vancouver Island, British Columbia"
BC_NV,NV_KC,pecoe-0793,2022-07-19,50.521548,-127.576556,12:08:00,02:53:00,Sample,exblank-2022-024,1000,2022,PECO2022,NA, ; xn tech: Rosie; xn date:  ; xn notes: ; filtration comments:  ; tech:  ,Kokwina Cove,"Mike McDermid, Jenn Sunday",NA,NA,NA,NA,NA,12.6,by_boat,2m,present,"sparse bed, lots of diatoms",NA,NA,BC_NV,"North Vancouver Island, British Columbia","North Vancouver Island, British Columbia"
BC_NV,NV_KC,pecoe-0794,2022-07-19,50.521548,-127.576556,12:15:00,03:08:00,Sample,exblank-2022-024,1000,2022,PECO2022,NA, ; xn tech: Rosie; xn date:  ; xn notes: ; filtration comments:  ; tech:  ,Kokwina Cove,"Mike McDermid, Jenn Sunday",NA,NA,NA,NA,NA,12.6,by_boat,2m,present,"sparse bed, lots of diatoms",NA,NA,BC_NV,"North Vancouver Island, British Columbia","North Vancouver Island, British Columbia"
BC_NV,NV_KC,pecoe-0795,2022-07-19,50.521548,-127.576556,12:20:00,02:37:00,Sample,exblank-2022-024,1000,2022,PECO2022,NA, ; xn tech: Rosie; xn date:  ; xn notes: ; filtration comments:  ; tech:  ,Kokwina Cove,"Mike McDermid, Jenn Sunday",NA,NA,NA,NA,NA,12.6,by_boat,2m,present,"sparse bed, lots of diatoms",NA,NA,BC_NV,"North Vancouver Island, British Columbia","North Vancouver Island, British Columbia"
BC_NV,NV_PC,pecoe-0796,2022-07-19,50.5176714,-127.6544689,NA,03:30:00,Field blank,exblank-2022-024,500,2022,PECO2022,NA,500mL; xn tech: Rosie; xn date:  ; xn notes: ; filtration comments:  ; tech:  ,Pamphlet Cove,"Mike McDermid, Jenn Sunday",0-0.5,low,none,none,NA,12.6,by_boat,2.0m,present,N/A,2x10m separated by 40m,NA,BC_NV,"North Vancouver Island, British Columbia","North Vancouver Island, British Columbia"
BC_NV,NV_PC,pecoe-0797,2022-07-19,50.5176714,-127.6544689,12:30:00,03:42:00,Sample,exblank-2022-024,700,2022,PECO2022,NA,700mL; xn tech: Rosie; xn date:  ; xn notes: ; filtration comments:  ; tech:  ,Pamphlet Cove,"Mike McDermid, Jenn Sunday",0-0.5,low,none,none,NA,12.6,by_boat,2.0m,present,N/A,2x10m separated by 40m,NA,BC_NV,"North Vancouver Island, British Columbia","North Vancouver Island, British Columbia"
BC_NV,NV_PC,pecoe-0798,2022-07-19,50.5176714,-127.6544689,12:32:00,04:02:00,Sample,exblank-2022-024,700,2022,PECO2022,NA,700mL; xn tech: Rosie; xn date:  ; xn notes: ; filtration comments:  ; tech:  ,Pamphlet Cove,"Mike McDermid, Jenn Sunday",0-0.5,low,none,none,NA,12.6,by_boat,2.0m,present,N/A,2x10m separated by 40m,NA,BC_NV,"North Vancouver Island, British Columbia","North Vancouver Island, British Columbia"
BC_NV,NV_PC,pecoe-0799,2022-07-19,50.5176714,-127.6544689,12:38:00,04:17:00,Sample,exblank-2022-024,700,2022,PECO2022,NA,700mL; xn tech: Rosie; xn date:  ; xn notes: ; filtration comments:  ; tech:  ,Pamphlet Cove,"Mike McDermid, Jenn Sunday",0-0.5,low,none,none,NA,12.6,by_boat,2.0m,present,N/A,2x10m separated by 40m,NA,BC_NV,"North Vancouver Island, British Columbia","North Vancouver Island, British Columbia"
BC_NV,NV_PC,pecoe-0800,2022-07-19,50.5176714,-127.6544689,12:40:00,04:35:00,Sample,exblank-2022-024,700,2022,PECO2022,NA,700mL; xn tech: Rosie; xn date:  ; xn notes: ; filtration comments:  ; tech:  ,Pamphlet Cove,"Mike McDermid, Jenn Sunday",0-0.5,low,none,none,NA,12.6,by_boat,2.0m,present,N/A,2x10m separated by 40m,NA,BC_NV,"North Vancouver Island, British Columbia","North Vancouver Island, British Columbia"
CA_LA,LA_JD,pecoe-0806,2022-08-03,33.7617344,-118.1203273,750,1012,Field blank,exblank-2022-040,1000,2022,NA,NA, ; xn tech: Rosie; xn date:  ; xn notes: ; filtration comments:  ; tech:  ,Jack Dunster Reserve,"Ahmad Mersaghian, Carolina Salcedo, Sadie Kenny",0-0.5,slack,medium,none,36.4,22.2,by_foot,1,present,"Height of seagrass around 0.5-0.75m (canopy height). Not very patch, quite dense , closer to shore more densethan deep water","all four sampling points were in similar heights of 1m, however, 2 of the 4 points had very short seagrass blades and more dispersed (less dense)",NA,CA_LA,"Los Angeles, California","Los Angeles, California"
CA_LA,LA_JD,pecoe-0807,2022-08-03,33.7617344,-118.1203273,813,1041,Sample,exblank-2022-040,1000,2022,NA,NA,2 x 60 ml of air; xn tech: Rosie; xn date:  ; xn notes: ; filtration comments:  ; tech:  ,Jack Dunster Reserve,"Ahmad Mersaghian, Carolina Salcedo, Sadie Kenny",0-0.5,slack,medium,none,36.4,22.2,by_foot,1,present,"Height of seagrass around 0.5-0.75m (canopy height). Not very patch, quite dense , closer to shore more densethan deep water","all four sampling points were in similar heights of 1m, however, 2 of the 4 points had very short seagrass blades and more dispersed (less dense)",NA,CA_LA,"Los Angeles, California","Los Angeles, California"
CA_LA,LA_JD,pecoe-0808,2022-08-03,33.7617344,-118.1203273,819,1105,Sample,exblank-2022-040,1000,2022,NA,NA,1.5 x 60ml of air; xn tech: Rosie; xn date:  ; xn notes: ; filtration comments:  ; tech:  ,Jack Dunster Reserve,"Ahmad Mersaghian, Carolina Salcedo, Sadie Kenny",0-0.5,slack,medium,none,36.4,22.2,by_foot,1,present,"Height of seagrass around 0.5-0.75m (canopy height). Not very patch, quite dense , closer to shore more densethan deep water","all four sampling points were in similar heights of 1m, however, 2 of the 4 points had very short seagrass blades and more dispersed (less dense)",NA,CA_LA,"Los Angeles, California","Los Angeles, California"
CA_LA,LA_JD,pecoe-0809,2022-08-03,33.7617344,-118.1203273,825,1127,Sample,exblank-2022-040,1000,2022,NA,NA, ; xn tech: Rosie; xn date:  ; xn notes: ; filtration comments:  ; tech:  ,Jack Dunster Reserve,"Ahmad Mersaghian, Carolina Salcedo, Sadie Kenny",0-0.5,slack,medium,none,36.4,22.2,by_foot,1,present,"Height of seagrass around 0.5-0.75m (canopy height). Not very patch, quite dense , closer to shore more densethan deep water","all four sampling points were in similar heights of 1m, however, 2 of the 4 points had very short seagrass blades and more dispersed (less dense)",NA,CA_LA,"Los Angeles, California","Los Angeles, California"
CA_LA,LA_JD,pecoe-0810,2022-08-03,33.7617344,-118.1203273,829,1152,Sample,exblank-2022-040,1000,2022,NA,NA,1.5 x 60 ml of air; xn tech: Rosie; xn date:  ; xn notes: ; filtration comments:  ; tech:  ,Jack Dunster Reserve,"Ahmad Mersaghian, Carolina Salcedo, Sadie Kenny",0-0.5,slack,medium,none,36.4,22.2,by_foot,1,present,"Height of seagrass around 0.5-0.75m (canopy height). Not very patch, quite dense , closer to shore more densethan deep water","all four sampling points were in similar heights of 1m, however, 2 of the 4 points had very short seagrass blades and more dispersed (less dense)",NA,CA_LA,"Los Angeles, California","Los Angeles, California"
CA_LA,LA_MS,pecoe-0811,2022-08-06,33.7680452,-118.1285217,950,1150,Field blank,exblank-2022-040,1000,2022,NA,NA,2 x 60 ml of air; xn tech: Rosie; xn date:  ; xn notes: ; filtration comments:  ; tech:  ,Marine Stadium Restoration Bed,"Ahmad Mersaghian, Carolina Salcedo",0-0.5,slack,light,none,35,22.7,by_foot,1,present,"The bed was not very dense (sparse) and the seagrass were parallel to the shore, very patchy beds, % cover very small, canopy heigh very short (0.1-0.2m)",the points were taken 10 10 meters apart and seagrass was present at each location. all 1m deep,NA,CA_LA,"Los Angeles, California","Los Angeles, California"
CA_LA,LA_MS,pecoe-0812,2022-08-06,33.7680452,-118.1285217,1005,1210,Sample,exblank-2022-040,1000,2022,NA,NA,2 x 60 ml of air; xn tech: Rosie; xn date:  ; xn notes: ; filtration comments:  ; tech:  ,Marine Stadium Restoration Bed,"Ahmad Mersaghian, Carolina Salcedo",0-0.5,slack,light,none,35,22.7,by_foot,1,present,"The bed was not very dense (sparse) and the seagrass were parallel to the shore, very patchy beds, % cover very small, canopy heigh very short (0.1-0.2m)",the points were taken 10 10 meters apart and seagrass was present at each location. all 1m deep,NA,CA_LA,"Los Angeles, California","Los Angeles, California"
CA_LA,LA_MS,pecoe-0813,2022-08-06,33.7680452,-118.1285217,1011,1240,Sample,exblank-2022-040,1000,2022,NA,NA, ; xn tech: Rosie; xn date:  ; xn notes: ; filtration comments:  ; tech:  ,Marine Stadium Restoration Bed,"Ahmad Mersaghian, Carolina Salcedo",0-0.5,slack,light,none,35,22.7,by_foot,1,present,"The bed was not very dense (sparse) and the seagrass were parallel to the shore, very patchy beds, % cover very small, canopy heigh very short (0.1-0.2m)",the points were taken 10 10 meters apart and seagrass was present at each location. all 1m deep,NA,CA_LA,"Los Angeles, California","Los Angeles, California"
CA_LA,LA_MS,pecoe-0814,2022-08-06,33.7680452,-118.1285217,1017,1319,Sample,exblank-2022-040,1000,2022,NA,NA,2 x 60 ml of air; xn tech: Rosie; xn date:  ; xn notes: ; filtration comments:  ; tech:  ,Marine Stadium Restoration Bed,"Ahmad Mersaghian, Carolina Salcedo",0-0.5,slack,light,none,35,22.7,by_foot,1,present,"The bed was not very dense (sparse) and the seagrass were parallel to the shore, very patchy beds, % cover very small, canopy heigh very short (0.1-0.2m)",the points were taken 10 10 meters apart and seagrass was present at each location. all 1m deep,NA,CA_LA,"Los Angeles, California","Los Angeles, California"
CA_LA,LA_MS,pecoe-0815,2022-08-06,33.7680452,-118.1285217,1021,1345,Sample,exblank-2022-040,1000,2022,NA,NA, ; xn tech: Rosie; xn date:  ; xn notes: ; filtration comments:  ; tech:  ,Marine Stadium Restoration Bed,"Ahmad Mersaghian, Carolina Salcedo",0-0.5,slack,light,none,35,22.7,by_foot,1,present,"The bed was not very dense (sparse) and the seagrass were parallel to the shore, very patchy beds, % cover very small, canopy heigh very short (0.1-0.2m)",the points were taken 10 10 meters apart and seagrass was present at each location. all 1m deep,NA,CA_LA,"Los Angeles, California","Los Angeles, California"
CA_LA,LA_AB,pecoe-0816,2022-08-16,33.756244,-118.1311329,930,1123,Field blank,exblank-2022-040,1000,2022,NA,NA,2 x 60 ml of air; xn tech: Rosie; xn date:  ; xn notes: ; filtration comments:  ; tech:  ,Alamitos Bay,"Ahmad Mersaghian, Sarah Bittick, Christian Faltas",0-0.5,flood,medium,none,35,20.7,by_foot,2,present,"The bed is fairly dense, but the seagrass was <0.5m tall at the edges, taller towards the center of the bed (deeper but further from where we sampled)",samples taken ~10m apart parallel to shore towards the bend in the bay/Bayshore pier (South West direction),"lots of human activity at this site, swimmers and beach goers",CA_LA,"Los Angeles, California","Los Angeles, California"
CA_LA,LA_AB,pecoe-0817,2022-08-16,33.756244,-118.1311329,936,1142,Sample,exblank-2022-040,1000,2022,NA,NA,2 x 60 ml of air; xn tech: Rosie; xn date:  ; xn notes: ; filtration comments:  ; tech:  ,Alamitos Bay,"Ahmad Mersaghian, Sarah Bittick, Christian Faltas",0-0.5,flood,medium,none,35,20.7,by_foot,2,present,"The bed is fairly dense, but the seagrass was <0.5m tall at the edges, taller towards the center of the bed (deeper but further from where we sampled)",samples taken ~10m apart parallel to shore towards the bend in the bay/Bayshore pier (South West direction),"lots of human activity at this site, swimmers and beach goers",CA_LA,"Los Angeles, California","Los Angeles, California"
CA_LA,LA_AB,pecoe-0818,2022-08-16,33.756244,-118.1311329,941,1207,Sample,exblank-2022-040,1000,2022,NA,NA, ; xn tech: Rosie; xn date:  ; xn notes: ; filtration comments:  ; tech:  ,Alamitos Bay,"Ahmad Mersaghian, Sarah Bittick, Christian Faltas",0-0.5,flood,medium,none,35,20.7,by_foot,2,present,"The bed is fairly dense, but the seagrass was <0.5m tall at the edges, taller towards the center of the bed (deeper but further from where we sampled)",samples taken ~10m apart parallel to shore towards the bend in the bay/Bayshore pier (South West direction),"lots of human activity at this site, swimmers and beach goers",CA_LA,"Los Angeles, California","Los Angeles, California"
CA_LA,LA_AB,pecoe-0819,2022-08-16,33.756244,-118.1311329,944,1233,Sample,exblank-2022-040,1000,2022,NA,NA, ; xn tech: Rosie; xn date:  ; xn notes: ; filtration comments:  ; tech:  ,Alamitos Bay,"Ahmad Mersaghian, Sarah Bittick, Christian Faltas",0-0.5,flood,medium,none,35,20.7,by_foot,2,present,"The bed is fairly dense, but the seagrass was <0.5m tall at the edges, taller towards the center of the bed (deeper but further from where we sampled)",samples taken ~10m apart parallel to shore towards the bend in the bay/Bayshore pier (South West direction),"lots of human activity at this site, swimmers and beach goers",CA_LA,"Los Angeles, California","Los Angeles, California"
CA_LA,LA_AB,pecoe-0820,2022-08-16,33.756244,-118.1311329,947,1254,Sample,exblank-2022-040,1000,2022,NA,NA, ; xn tech: Rosie; xn date:  ; xn notes: ; filtration comments:  ; tech:  ,Alamitos Bay,"Ahmad Mersaghian, Sarah Bittick, Christian Faltas",0-0.5,flood,medium,none,35,20.7,by_foot,2,present,"The bed is fairly dense, but the seagrass was <0.5m tall at the edges, taller towards the center of the bed (deeper but further from where we sampled)",samples taken ~10m apart parallel to shore towards the bend in the bay/Bayshore pier (South West direction),"lots of human activity at this site, swimmers and beach goers",CA_LA,"Los Angeles, California","Los Angeles, California"
CA_LA,LA_UN,pecoe-0821,2022-08-17,33.6213162,-117.8994115,951,1147,Field blank,exblank-2022-040,1000,2022,NA,NA, ; xn tech: Rosie; xn date:  ; xn notes: ; filtration comments:  ; tech:  ,Upper Newport Bay Restoration Bed,"Ahmad Mersaghian, Sarah Bittick, Christian Faltas",0-0.5,slack,light,none,34.7,23.6,by_foot,1.5,present,"Narrow bed parallel with shore along boat channel, algae is dominant in shallow water, seagrass pretty dense/continuous with shoots around 0.5m tall","samples taken in a straight line, consistent depth ~10 meters apart, parallel to shore towards the west",some human activity as paddle boarders and kayakers.,CA_LA,"Los Angeles, California","Los Angeles, California"
CA_LA,LA_UN,pecoe-0822,2022-08-17,33.6213162,-117.8994115,1000,1208,Sample,exblank-2022-040,1000,2022,NA,NA,2 x 60 ml of air; xn tech: Rosie; xn date:  ; xn notes: ; filtration comments:  ; tech:  ,Upper Newport Bay Restoration Bed,"Ahmad Mersaghian, Sarah Bittick, Christian Faltas",0-0.5,slack,light,none,34.7,23.6,by_foot,1.5,present,"Narrow bed parallel with shore along boat channel, algae is dominant in shallow water, seagrass pretty dense/continuous with shoots around 0.5m tall","samples taken in a straight line, consistent depth ~10 meters apart, parallel to shore towards the west",some human activity as paddle boarders and kayakers.,CA_LA,"Los Angeles, California","Los Angeles, California"
CA_LA,LA_UN,pecoe-0823,2022-08-17,33.6213162,-117.8994115,1004,1237,Sample,exblank-2022-040,1000,2022,NA,NA, ; xn tech: Rosie; xn date:  ; xn notes: ; filtration comments:  ; tech:  ,Upper Newport Bay Restoration Bed,"Ahmad Mersaghian, Sarah Bittick, Christian Faltas",0-0.5,slack,light,none,34.7,23.6,by_foot,1.5,present,"Narrow bed parallel with shore along boat channel, algae is dominant in shallow water, seagrass pretty dense/continuous with shoots around 0.5m tall","samples taken in a straight line, consistent depth ~10 meters apart, parallel to shore towards the west",some human activity as paddle boarders and kayakers.,CA_LA,"Los Angeles, California","Los Angeles, California"
CA_LA,LA_UN,pecoe-0824,2022-08-17,33.6213162,-117.8994115,1008,1304,Sample,exblank-2022-040,1000,2022,NA,NA, ; xn tech: Rosie; xn date:  ; xn notes: ; filtration comments:  ; tech:  ,Upper Newport Bay Restoration Bed,"Ahmad Mersaghian, Sarah Bittick, Christian Faltas",0-0.5,slack,light,none,34.7,23.6,by_foot,1.5,present,"Narrow bed parallel with shore along boat channel, algae is dominant in shallow water, seagrass pretty dense/continuous with shoots around 0.5m tall","samples taken in a straight line, consistent depth ~10 meters apart, parallel to shore towards the west",some human activity as paddle boarders and kayakers.,CA_LA,"Los Angeles, California","Los Angeles, California"
CA_LA,LA_UN,pecoe-0825,2022-08-17,33.6213162,-117.8994115,1011,1329,Sample,exblank-2022-040,1000,2022,NA,NA, ; xn tech: Rosie; xn date:  ; xn notes: ; filtration comments:  ; tech:  ,Upper Newport Bay Restoration Bed,"Ahmad Mersaghian, Sarah Bittick, Christian Faltas",0-0.5,slack,light,none,34.7,23.6,by_foot,1.5,present,"Narrow bed parallel with shore along boat channel, algae is dominant in shallow water, seagrass pretty dense/continuous with shoots around 0.5m tall","samples taken in a straight line, consistent depth ~10 meters apart, parallel to shore towards the west",some human activity as paddle boarders and kayakers.,CA_LA,"Los Angeles, California","Los Angeles, California"
CA_LA,LA_LN,pecoe-0826,2022-09-19,33.602146,-117.8826433,951,1147,Field blank,exblank-2022-040,1000,2022,NA,NA, ; xn tech: Rosie; xn date:  ; xn notes: ; filtration comments:  ; tech:  ,Lower Newport Bay,"Ahmad Mersaghian, Sarah Bittick, Emma Guerrini Romano",0-0.5,flood,light,none,35.8,22.6,by_foot,1.5,present,This bed is the most dense of all our sites with seagrass shoots 0.5m-1m tall,"samples taken approximately parallel to shore in the western direction, same depth and 10 meters apart","Lots of humans at the beach, mostly not swimming but occaisonally in the shallow water",CA_LA,"Los Angeles, California","Los Angeles, California"
CA_LA,LA_LN,pecoe-0827,2022-09-19,33.602146,-117.8826433,1000,1208,Sample,exblank-2022-040,1000,2022,NA,NA,2 x 60 ml of air; xn tech: Rosie; xn date:  ; xn notes: ; filtration comments:  ; tech:  ,Lower Newport Bay,"Ahmad Mersaghian, Sarah Bittick, Emma Guerrini Romano",0-0.5,flood,light,none,35.8,22.6,by_foot,1.5,present,This bed is the most dense of all our sites with seagrass shoots 0.5m-1m tall,"samples taken approximately parallel to shore in the western direction, same depth and 10 meters apart","Lots of humans at the beach, mostly not swimming but occaisonally in the shallow water",CA_LA,"Los Angeles, California","Los Angeles, California"
CA_LA,LA_LN,pecoe-0828,2022-09-19,33.602146,-117.8826433,1004,1237,Sample,exblank-2022-040,1000,2022,NA,NA, ; xn tech: Rosie; xn date:  ; xn notes: ; filtration comments:  ; tech:  ,Lower Newport Bay,"Ahmad Mersaghian, Sarah Bittick, Emma Guerrini Romano",0-0.5,flood,light,none,35.8,22.6,by_foot,1.5,present,This bed is the most dense of all our sites with seagrass shoots 0.5m-1m tall,"samples taken approximately parallel to shore in the western direction, same depth and 10 meters apart","Lots of humans at the beach, mostly not swimming but occaisonally in the shallow water",CA_LA,"Los Angeles, California","Los Angeles, California"
CA_LA,LA_LN,pecoe-0829,2022-09-19,33.602146,-117.8826433,1008,1304,Sample,exblank-2022-040,1000,2022,NA,NA, ; xn tech: Rosie; xn date:  ; xn notes: ; filtration comments:  ; tech:  ,Lower Newport Bay,"Ahmad Mersaghian, Sarah Bittick, Emma Guerrini Romano",0-0.5,flood,light,none,35.8,22.6,by_foot,1.5,present,This bed is the most dense of all our sites with seagrass shoots 0.5m-1m tall,"samples taken approximately parallel to shore in the western direction, same depth and 10 meters apart","Lots of humans at the beach, mostly not swimming but occaisonally in the shallow water",CA_LA,"Los Angeles, California","Los Angeles, California"
CA_LA,LA_LN,pecoe-0830,2022-09-19,33.602146,-117.8826433,1011,1329,Sample,exblank-2022-040,1000,2022,NA,NA, ; xn tech: Rosie; xn date:  ; xn notes: ; filtration comments:  ; tech:  ,Lower Newport Bay,"Ahmad Mersaghian, Sarah Bittick, Emma Guerrini Romano",0-0.5,flood,light,none,35.8,22.6,by_foot,1.5,present,This bed is the most dense of all our sites with seagrass shoots 0.5m-1m tall,"samples taken approximately parallel to shore in the western direction, same depth and 10 meters apart","Lots of humans at the beach, mostly not swimming but occaisonally in the shallow water",CA_LA,"Los Angeles, California","Los Angeles, California"
BC_IC,IC_GOW,pecoe-0831,2022-07-26,50.0802,-125.216483,11:25:00,13:08:00,Sample,exblank-2022-023,1000,2022,NA,NA, ; xn tech: Rute; xn date:  ; xn notes: ; filtration comments:  ; tech:  ,Gowlland Harbour,"CP, KB",0-0.5,flood,none,none,23.97,16.2,by_foot,1,present,"fairly certain seagrass was present, but tide was higher this year so could not wade deep enough to visually confirm","started sample collection on left side of Camp Homewood dock, and did transect parallel to shore away from dock, collecting every ~10m",NA,BC_IC,"Inner Coast, British Columbia","Inner Coast, British Columbia"
BC_IC,IC_GOW,pecoe-0832,2022-07-26,50.0802,-125.216483,11:25:00,13:08:00,Sample,exblank-2022-023,1000,2022,NA,NA, ; xn tech: Rute; xn date:  ; xn notes: ; filtration comments:  ; tech:  ,Gowlland Harbour,"CP, KB",0-0.5,flood,none,none,23.97,16.2,by_foot,1,present,"fairly certain seagrass was present, but tide was higher this year so could not wade deep enough to visually confirm","started sample collection on left side of Camp Homewood dock, and did transect parallel to shore away from dock, collecting every ~10m",NA,BC_IC,"Inner Coast, British Columbia","Inner Coast, British Columbia"
BC_IC,IC_GOW,pecoe-0833,2022-07-26,50.0802,-125.216483,11:25:00,13:08:00,Sample,exblank-2022-023,1000,2022,NA,NA, ; xn tech: Rute; xn date:  ; xn notes: ; filtration comments:  ; tech:  ,Gowlland Harbour,"CP, KB",0-0.5,flood,none,none,23.97,16.2,by_foot,1,present,"fairly certain seagrass was present, but tide was higher this year so could not wade deep enough to visually confirm","started sample collection on left side of Camp Homewood dock, and did transect parallel to shore away from dock, collecting every ~10m",NA,BC_IC,"Inner Coast, British Columbia","Inner Coast, British Columbia"
BC_IC,IC_GOW,pecoe-0834,2022-07-26,50.0802,-125.216483,11:25:00,13:08:00,Field blank,exblank-2022-023,1000,2022,NA,NA, ; xn tech: Rute; xn date:  ; xn notes: ; filtration comments:  ; tech:  ,Gowlland Harbour,"CP, KB",0-0.5,flood,none,none,23.97,16.2,by_foot,1,present,"fairly certain seagrass was present, but tide was higher this year so could not wade deep enough to visually confirm","started sample collection on left side of Camp Homewood dock, and did transect parallel to shore away from dock, collecting every ~10m",NA,BC_IC,"Inner Coast, British Columbia","Inner Coast, British Columbia"
BC_IC,IC_GOW,pecoe-0835,2022-07-26,50.0802,-125.216483,11:25:00,13:08:00,Sample,exblank-2022-023,1000,2022,NA,NA, ; xn tech: Rute; xn date:  ; xn notes: ; filtration comments:  ; tech:  ,Gowlland Harbour,"CP, KB",0-0.5,flood,none,none,23.97,16.2,by_foot,1,present,"fairly certain seagrass was present, but tide was higher this year so could not wade deep enough to visually confirm","started sample collection on left side of Camp Homewood dock, and did transect parallel to shore away from dock, collecting every ~10m",NA,BC_IC,"Inner Coast, British Columbia","Inner Coast, British Columbia"
BC_IC,IC_SHS,pecoe-0836,2022-07-27,50.09095,-125.045067,10:18:00,15:53:00,Sample,exblank-2022-021,1000,2022,PECO2022,NA, ; xn tech: Rosie; xn date:  ; xn notes: ; filtration comments:  ; tech:  ,Shark Spit,"CP, AO, ZM, KB",0-0.5,ebb,none,none,22.41,18,by_boat,3,present,"large continuous Z. marina bed, occasional larger sandy patches","parallel to shore, 10-15m apart, tried to maintain same depth for each sample",NA,BC_IC,"Inner Coast, British Columbia","Inner Coast, British Columbia"
BC_IC,IC_SHS,pecoe-0837,2022-07-27,50.09095,-125.045067,10:18:00,15:53:00,Sample,exblank-2022-021,1000,2022,PECO2022,NA, ; xn tech: Rosie; xn date:  ; xn notes: ; filtration comments:  ; tech:  ,Shark Spit,"CP, AO, ZM, KB",0-0.5,ebb,none,none,22.41,18,by_boat,3,present,"large continuous Z. marina bed, occasional larger sandy patches","parallel to shore, 10-15m apart, tried to maintain same depth for each sample",NA,BC_IC,"Inner Coast, British Columbia","Inner Coast, British Columbia"
BC_IC,IC_SHS,pecoe-0838,2022-07-27,50.09095,-125.045067,10:18:00,15:53:00,Sample,exblank-2022-021,1000,2022,PECO2022,NA, ; xn tech: Rosie; xn date:  ; xn notes: ; filtration comments:  ; tech:  ,Shark Spit,"CP, AO, ZM, KB",0-0.5,ebb,none,none,22.41,18,by_boat,3,present,"large continuous Z. marina bed, occasional larger sandy patches","parallel to shore, 10-15m apart, tried to maintain same depth for each sample",NA,BC_IC,"Inner Coast, British Columbia","Inner Coast, British Columbia"
BC_IC,IC_SHS,pecoe-0839,2022-07-27,50.09095,-125.045067,10:18:00,15:53:00,Sample,exblank-2022-021,1000,2022,PECO2022,NA, ; xn tech: Rosie; xn date:  ; xn notes: ; filtration comments:  ; tech:  ,Shark Spit,"CP, AO, ZM, KB",0-0.5,ebb,none,none,22.41,18,by_boat,3,present,"large continuous Z. marina bed, occasional larger sandy patches","parallel to shore, 10-15m apart, tried to maintain same depth for each sample",NA,BC_IC,"Inner Coast, British Columbia","Inner Coast, British Columbia"
BC_IC,IC_SHS,pecoe-0840,2022-07-27,50.09095,-125.045067,10:18:00,15:53:00,Field blank,exblank-2022-021,1000,2022,PECO2022,NA, ; xn tech: Rosie; xn date:  ; xn notes: ; filtration comments:  ; tech:  ,Shark Spit,"CP, AO, ZM, KB",0-0.5,ebb,none,none,22.41,18,by_boat,3,present,"large continuous Z. marina bed, occasional larger sandy patches","parallel to shore, 10-15m apart, tried to maintain same depth for each sample",NA,BC_IC,"Inner Coast, British Columbia","Inner Coast, British Columbia"
BC_IC,IC_SMB,pecoe-0841,2022-07-27,50.035883,-124.995,10:45:00,15:45:00,Field blank,exblank-2022-021,1000,2022,PECO2022,NA, ; xn tech: Rosie; xn date:  ; xn notes: ; filtration comments:  ; tech:  ,Smelt Bay,"CP, AO, ZM, KB",0-0.5,ebb,none,none,22.51,18.6,by_boat,2.5,present,"large mostly continuous meadow, Canada geese present. Z. japonica present in higher intertidal, beach seine included some Z. japonica this year since tide was higher","along shore every 10m, consistent depth",NA,BC_IC,"Inner Coast, British Columbia","Inner Coast, British Columbia"
BC_IC,IC_SMB,pecoe-0842,2022-07-27,50.035883,-124.995,10:45:00,15:45:00,Sample,exblank-2022-021,1000,2022,PECO2022,NA, ; xn tech: Rosie; xn date:  ; xn notes: ; filtration comments:  ; tech:  ,Smelt Bay,"CP, AO, ZM, KB",0-0.5,ebb,none,none,22.51,18.6,by_boat,2.5,present,"large mostly continuous meadow, Canada geese present. Z. japonica present in higher intertidal, beach seine included some Z. japonica this year since tide was higher","along shore every 10m, consistent depth",NA,BC_IC,"Inner Coast, British Columbia","Inner Coast, British Columbia"
BC_IC,IC_SMB,pecoe-0843,2022-07-27,50.035883,-124.995,10:45:00,15:45:00,Sample,exblank-2022-021,1000,2022,PECO2022,NA, ; xn tech: Rosie; xn date:  ; xn notes: ; filtration comments:  ; tech:  ,Smelt Bay,"CP, AO, ZM, KB",0-0.5,ebb,none,none,22.51,18.6,by_boat,2.5,present,"large mostly continuous meadow, Canada geese present. Z. japonica present in higher intertidal, beach seine included some Z. japonica this year since tide was higher","along shore every 10m, consistent depth",NA,BC_IC,"Inner Coast, British Columbia","Inner Coast, British Columbia"
BC_IC,IC_SMB,pecoe-0844,2022-07-27,50.035883,-124.995,10:45:00,15:45:00,Sample,exblank-2022-021,1000,2022,PECO2022,NA, ; xn tech: Rosie; xn date:  ; xn notes: ; filtration comments:  ; tech:  ,Smelt Bay,"CP, AO, ZM, KB",0-0.5,ebb,none,none,22.51,18.6,by_boat,2.5,present,"large mostly continuous meadow, Canada geese present. Z. japonica present in higher intertidal, beach seine included some Z. japonica this year since tide was higher","along shore every 10m, consistent depth",NA,BC_IC,"Inner Coast, British Columbia","Inner Coast, British Columbia"
BC_IC,IC_SMB,pecoe-0845,2022-07-27,50.035883,-124.995,10:45:00,15:45:00,Sample,exblank-2022-021,1000,2022,PECO2022,NA, ; xn tech: Rosie; xn date:  ; xn notes: ; filtration comments:  ; tech:  ,Smelt Bay,"CP, AO, ZM, KB",0-0.5,ebb,none,none,22.51,18.6,by_boat,2.5,present,"large mostly continuous meadow, Canada geese present. Z. japonica present in higher intertidal, beach seine included some Z. japonica this year since tide was higher","along shore every 10m, consistent depth",NA,BC_IC,"Inner Coast, British Columbia","Inner Coast, British Columbia"
BC_IC,IC_MAB,pecoe-0846,2022-07-28,50.11775,-125.226367,12:04:00,14:55:00,Sample,exblank-2022-021,1000,2022,PECO2022,NA,very large school of forage fish (herring?) present in the bay while sampling; xn tech: Rosie; xn date:  ; xn notes: ; filtration comments:  ; tech:  ,Marna's Bed,"CP, AO, ZM, KB",0-0.5,ebb,none,none,18.25,20.6,by_boat,2,present,"smaller bed in back of bay, shorter seagrass, quite a few wasting disease lesions",paralell to shore ~ 10m apart,very large school of forage fish (suspect herring) in the bay while we were sampling,BC_IC,"Inner Coast, British Columbia","Inner Coast, British Columbia"
BC_IC,IC_MAB,pecoe-0847,2022-07-28,50.11775,-125.226367,12:04:00,14:55:00,Sample,exblank-2022-021,1000,2022,PECO2022,NA,very large school of forage fish (herring?) present in the bay while sampling; xn tech: Rosie; xn date:  ; xn notes: ; filtration comments:  ; tech:  ,Marna's Bed,"CP, AO, ZM, KB",0-0.5,ebb,none,none,18.25,20.6,by_boat,2,present,"smaller bed in back of bay, shorter seagrass, quite a few wasting disease lesions",paralell to shore ~ 10m apart,very large school of forage fish (suspect herring) in the bay while we were sampling,BC_IC,"Inner Coast, British Columbia","Inner Coast, British Columbia"
BC_IC,IC_MAB,pecoe-0848,2022-07-28,50.11775,-125.226367,12:04:00,14:55:00,Field blank,exblank-2022-021,1000,2022,PECO2022,NA,very large school of forage fish (herring?) present in the bay while sampling; xn tech: Rosie; xn date:  ; xn notes: ; filtration comments:  ; tech:  ,Marna's Bed,"CP, AO, ZM, KB",0-0.5,ebb,none,none,18.25,20.6,by_boat,2,present,"smaller bed in back of bay, shorter seagrass, quite a few wasting disease lesions",paralell to shore ~ 10m apart,very large school of forage fish (suspect herring) in the bay while we were sampling,BC_IC,"Inner Coast, British Columbia","Inner Coast, British Columbia"
BC_IC,IC_MAB,pecoe-0849,2022-07-28,50.11775,-125.226367,12:04:00,14:55:00,Sample,exblank-2022-021,800,2022,PECO2022,NA,"very large school of forage fish (herring?) present in the bay while sampling; 800mL, accidentally pumped too much water through without Sterivex on, so poured from beaker back into Nalgene and pumped through again with Sterivex attached..; xn tech: Rosie; xn date:  ; xn notes: ; filtration comments:  ; tech:  ",Marna's Bed,"CP, AO, ZM, KB",0-0.5,ebb,none,none,18.25,20.6,by_boat,2,present,"smaller bed in back of bay, shorter seagrass, quite a few wasting disease lesions",paralell to shore ~ 10m apart,very large school of forage fish (suspect herring) in the bay while we were sampling,BC_IC,"Inner Coast, British Columbia","Inner Coast, British Columbia"
BC_IC,IC_MAB,pecoe-0850,2022-07-28,50.11775,-125.226367,12:04:00,14:55:00,Sample,exblank-2022-021,1000,2022,PECO2022,NA,very large school of forage fish (herring?) present in the bay while sampling; xn tech: Rosie; xn date:  ; xn notes: ; filtration comments:  ; tech:  ,Marna's Bed,"CP, AO, ZM, KB",0-0.5,ebb,none,none,18.25,20.6,by_boat,2,present,"smaller bed in back of bay, shorter seagrass, quite a few wasting disease lesions",paralell to shore ~ 10m apart,very large school of forage fish (suspect herring) in the bay while we were sampling,BC_IC,"Inner Coast, British Columbia","Inner Coast, British Columbia"
BC_IC,IC_OPB,pecoe-0851,2022-07-28,50.137133,-125.2143,11:26:00,15:00:00,Field blank,exblank-2022-021,1000,2022,PECO2022,NA, ; xn tech: Rosie; xn date:  ; xn notes: ; filtration comments:  ; tech:  ,Open Bay,"CP, AO, ZM, KB",0-0.5,ebb,none,none,18.97,19.3,by_boat,3,present,patchy seagrass growing in sand,paralell to shore ~ 10m apart,"prickleback seen right next to sample, also shiner perch, juvenile salmon sp, starry flounder",BC_IC,"Inner Coast, British Columbia","Inner Coast, British Columbia"
BC_IC,IC_OPB,pecoe-0852,2022-07-28,50.137133,-125.2143,11:26:00,15:00:00,Sample,exblank-2022-021,1000,2022,PECO2022,NA, ; xn tech: Rosie; xn date:  ; xn notes: ; filtration comments:  ; tech:  ,Open Bay,"CP, AO, ZM, KB",0-0.5,ebb,none,none,18.97,19.3,by_boat,3,present,patchy seagrass growing in sand,paralell to shore ~ 10m apart,"prickleback seen right next to sample, also shiner perch, juvenile salmon sp, starry flounder",BC_IC,"Inner Coast, British Columbia","Inner Coast, British Columbia"
BC_IC,IC_OPB,pecoe-0853,2022-07-28,50.137133,-125.2143,11:26:00,15:00:00,Sample,exblank-2022-021,1000,2022,PECO2022,NA, ; xn tech: Rosie; xn date:  ; xn notes: ; filtration comments:  ; tech:  ,Open Bay,"CP, AO, ZM, KB",0-0.5,ebb,none,none,18.97,19.3,by_boat,3,present,patchy seagrass growing in sand,paralell to shore ~ 10m apart,"prickleback seen right next to sample, also shiner perch, juvenile salmon sp, starry flounder",BC_IC,"Inner Coast, British Columbia","Inner Coast, British Columbia"
BC_IC,IC_OPB,pecoe-0854,2022-07-28,50.137133,-125.2143,11:26:00,15:00:00,Sample,exblank-2022-021,1000,2022,PECO2022,NA, ; xn tech: Rosie; xn date:  ; xn notes: ; filtration comments:  ; tech:  ,Open Bay,"CP, AO, ZM, KB",0-0.5,ebb,none,none,18.97,19.3,by_boat,3,present,patchy seagrass growing in sand,paralell to shore ~ 10m apart,"prickleback seen right next to sample, also shiner perch, juvenile salmon sp, starry flounder",BC_IC,"Inner Coast, British Columbia","Inner Coast, British Columbia"
BC_IC,IC_OPB,pecoe-0855,2022-07-28,50.137133,-125.2143,11:26:00,15:00:00,Sample,exblank-2022-024,1000,2022,PECO2022,NA, ; xn tech: Rosie; xn date:  ; xn notes: ; filtration comments:  ; tech:  ,Open Bay,"CP, AO, ZM, KB",0-0.5,ebb,none,none,18.97,19.3,by_boat,3,present,patchy seagrass growing in sand,paralell to shore ~ 10m apart,"prickleback seen right next to sample, also shiner perch, juvenile salmon sp, starry flounder",BC_IC,"Inner Coast, British Columbia","Inner Coast, British Columbia"
CA_NC,NC_NC,pecoe-0856,2022-08-26,38.206,-122.926,NA,10:50:00,Field blank,exblank-2022-036,1000,2022,NA,NA,1000 mL filtered; xn tech: Wyth; xn date:  ; xn notes: ; filtration comments:  ; tech:  ,Nick's Cove,"Serina Moheed, Sam Beckert, Mallerie Yeager",0-0.5,"low
",light,none,33,NA,by_foot,0.7,present,Patchy seagrass,parallel to shore,NA,CA_NCa,"Bodega Bay, California","Bodega Bay, California"
CA_NC,NC_NC,pecoe-0857,2022-08-26,38.206,-122.926,07:15:00,11:20:00,Sample,exblank-2022-036,510,2022,NA,NA,510 mL filtered; xn tech: Wyth; xn date:  ; xn notes: ; filtration comments:  ; tech:  ,Nick's Cove,"Serina Moheed, Sam Beckert, Mallerie Yeager",0-0.5,"low
",light,none,33,NA,by_foot,0.7,present,Patchy seagrass,parallel to shore,NA,CA_NCa,"Bodega Bay, California","Bodega Bay, California"
CA_NC,NC_NC,pecoe-0858,2022-08-26,38.206,-122.926,07:20:00,11:48:00,Sample,exblank-2022-036,550,2022,NA,NA,550 mL filtered; xn tech: Wyth; xn date:  ; xn notes: ; filtration comments:  ; tech:  ,Nick's Cove,"Serina Moheed, Sam Beckert, Mallerie Yeager",0-0.5,"low
",light,none,33,NA,by_foot,0.7,present,Patchy seagrass,parallel to shore,NA,CA_NCa,"Bodega Bay, California","Bodega Bay, California"
CA_NC,NC_NC,pecoe-0859,2022-08-26,38.206,-122.926,07:25:00,12:15:00,Sample,exblank-2022-036,510,2022,NA,NA,510 mL filtered; xn tech: Wyth; xn date:  ; xn notes: ; filtration comments:  ; tech:  ,Nick's Cove,"Serina Moheed, Sam Beckert, Mallerie Yeager",0-0.5,"low
",light,none,33,NA,by_foot,0.7,present,Patchy seagrass,parallel to shore,NA,CA_NCa,"Bodega Bay, California","Bodega Bay, California"
CA_NC,NC_NC,pecoe-0860,2022-08-26,38.206,-122.926,07:25:00,12:42:00,Sample,exblank-2022-036,510,2022,NA,NA,510 mL filtered; xn tech: Wyth; xn date:  ; xn notes: ; filtration comments:  ; tech:  ,Nick's Cove,"Serina Moheed, Sam Beckert, Mallerie Yeager",0-0.5,"low
",light,none,33,NA,by_foot,0.7,present,Patchy seagrass,parallel to shore,NA,CA_NCa,"Bodega Bay, California","Bodega Bay, California"
CA_NC,NC_NC,pecoe-0861,2022-08-26,38.206,-122.926,07:30:00,13:07:00,Sample,exblank-2022-036,510,2022,NA,NA,510 mL filtered; xn tech: Wyth; xn date:  ; xn notes: ; filtration comments:  ; tech:  ,Nick's Cove,"Serina Moheed, Sam Beckert, Mallerie Yeager",0-0.5,"low
",light,none,33,NA,by_foot,0.7,present,Patchy seagrass,parallel to shore,NA,CA_NCa,"Bodega Bay, California","Bodega Bay, California"
CA_NC,NC_NC,pecoe-0862,2022-08-26,38.206,-122.926,07:30:00,13:27:00,Sample,exblank-2022-036,510,2022,NA,NA,510 mL filtered; xn tech: Wyth; xn date:  ; xn notes: ; filtration comments:  ; tech:  ,Nick's Cove,"Serina Moheed, Sam Beckert, Mallerie Yeager",0-0.5,"low
",light,none,33,NA,by_foot,0.7,present,Patchy seagrass,parallel to shore,NA,CA_NCa,"Bodega Bay, California","Bodega Bay, California"
CA_NC,NC_NC,pecoe-0863,2022-08-26,38.206,-122.926,07:15:00,13:54:00,Sample,exblank-2022-036,510,2022,NA,NA,510 mL filtered; xn tech: Wyth; xn date:  ; xn notes: ; filtration comments:  ; tech:  ,Nick's Cove,"Serina Moheed, Sam Beckert, Mallerie Yeager",0-0.5,"low
",light,none,33,NA,by_foot,0.7,present,Patchy seagrass,parallel to shore,NA,CA_NCa,"Bodega Bay, California","Bodega Bay, California"
CA_NC,NC_NC,pecoe-0864,2022-08-26,38.206,-122.926,07:20:00,14:25:00,Sample,exblank-2022-036,510,2022,NA,NA,510 mL filtered; xn tech: Wyth; xn date:  ; xn notes: ; filtration comments:  ; tech:  ,Nick's Cove,"Serina Moheed, Sam Beckert, Mallerie Yeager",0-0.5,"low
",light,none,33,NA,by_foot,0.7,present,Patchy seagrass,parallel to shore,NA,CA_NCa,"Bodega Bay, California","Bodega Bay, California"
CA_SF,NC_WP,pecoe-0865,2022-08-28,38.319,-123.054,NA,09:37:00,Field blank,exblank-2022-036,1000,2022,NA,NA,1000 mL filtered; xn tech: Wyth; xn date:  ; xn notes: ; filtration comments:  ; tech:  ,Westside Park,"Serina Moheed, Sam Beckert",0-0.5,ebb,none,none,33,NA,by_foot,0.9,present,Dense meadow,parallel to shore,NA,CA_NCa,"San Francisco Bay, California","Bodega Bay, California"
CA_SF,NC_WP,pecoe-0866,2022-08-28,38.319,-123.054,07:45:00,10:06:00,Sample,exblank-2022-036,850,2022,NA,NA,850 mL filtered; xn tech: Wyth; xn date:  ; xn notes: ; filtration comments:  ; tech:  ,Westside Park,"Serina Moheed, Sam Beckert",0-0.5,ebb,none,none,33,NA,by_foot,0.9,present,Dense meadow,parallel to shore,NA,CA_NCa,"San Francisco Bay, California","Bodega Bay, California"
CA_SF,NC_WP,pecoe-0867,2022-08-28,38.319,-123.054,07:50:00,10:47:00,Sample,exblank-2022-036,1000,2022,NA,NA,1000 mL filtered; xn tech: Wyth; xn date:  ; xn notes: ; filtration comments:  ; tech:  ,Westside Park,"Serina Moheed, Sam Beckert",0-0.5,ebb,none,none,33,NA,by_foot,0.9,present,Dense meadow,parallel to shore,NA,CA_NCa,"San Francisco Bay, California","Bodega Bay, California"
CA_SF,NC_WP,pecoe-0868,2022-08-28,38.319,-123.054,07:55:00,11:29:00,Sample,exblank-2022-036,800,2022,NA,NA,800 mL filtered; xn tech: Wyth; xn date:  ; xn notes: ; filtration comments:  ; tech:  ,Westside Park,"Serina Moheed, Sam Beckert",0-0.5,ebb,none,none,33,NA,by_foot,0.9,present,Dense meadow,parallel to shore,NA,CA_NCa,"San Francisco Bay, California","Bodega Bay, California"
CA_SF,NC_WP,pecoe-0869,2022-08-28,38.319,-123.054,08:00:00,12:15:00,Sample,exblank-2022-036,850,2022,NA,NA,850 mL filtered; xn tech: Wyth; xn date:  ; xn notes:Portion of lysate lost~300ul; filtration comments:  ; tech:  ,Westside Park,"Serina Moheed, Sam Beckert",0-0.5,ebb,none,none,33,NA,by_foot,0.9,present,Dense meadow,parallel to shore,NA,CA_NCa,"San Francisco Bay, California","Bodega Bay, California"
WA_PS,PS_FB,pecoe-0876,2023-07-16,48.4827026,-123.0743616,NA,NA,Field blank,exblank-2023-41,1000,2023,NA,NA, ; xn tech:  ; xn date: Aug-09-2023; xn notes: ; filtration comments: none; tech: Wyth Marshall,Flase Bay,"Olivia Graham, Audrey Vinton",0-0.5,"low
",light,none,NA,NA,by_foot,1,absent,Very patchy meadow. Sampled in between shallow intertidal and deepsubtidal. LOTS of of Ulva and algae but no visible eelgrass (covered up?). Lots of drift eelgrass present.,Sampled about 10m apart between deeper subtidal eelgrass meadow and very shallow intertidal eelgrass meadow.,Too shallow to sample directly above intertidal meadow.,WA_PSb,"Puget Sound & Padilla Bay, Washington","San Juan Islands, Washington"
WA_PS,PS_FB,pecoe-0877,2023-07-16,48.4827026,-123.0743616,10:14:00,12:49:00,Sample,exblank-2023-41,600,2023,NA,NA,600mL filtered; xn tech:  ; xn date: Aug-09-2023; xn notes: ; filtration comments: none; tech: Wyth Marshall,Flase Bay,"Olivia Graham, Audrey Vinton",0-0.5,"low
",light,none,NA,NA,by_foot,1,absent,Very patchy meadow. Sampled in between shallow intertidal and deepsubtidal. LOTS of of Ulva and algae but no visible eelgrass (covered up?). Lots of drift eelgrass present.,Sampled about 10m apart between deeper subtidal eelgrass meadow and very shallow intertidal eelgrass meadow.,Too shallow to sample directly above intertidal meadow.,WA_PSb,"Puget Sound & Padilla Bay, Washington","San Juan Islands, Washington"
WA_PS,PS_FB,pecoe-0878,2023-07-16,48.4827026,-123.0743616,10:19:00,13:19:00,Sample,exblank-2023-41,600,2023,NA,NA,600mL filtered; xn tech:  ; xn date: Aug-09-2023; xn notes: ; filtration comments: none; tech: Wyth Marshall,Flase Bay,"Olivia Graham, Audrey Vinton",0-0.5,"low
",light,none,NA,NA,by_foot,1,absent,Very patchy meadow. Sampled in between shallow intertidal and deepsubtidal. LOTS of of Ulva and algae but no visible eelgrass (covered up?). Lots of drift eelgrass present.,Sampled about 10m apart between deeper subtidal eelgrass meadow and very shallow intertidal eelgrass meadow.,Too shallow to sample directly above intertidal meadow.,WA_PSb,"Puget Sound & Padilla Bay, Washington","San Juan Islands, Washington"
WA_PS,PS_FB,pecoe-0879,2023-07-16,48.4827026,-123.0743616,10:24:00,13:53:00,Sample,exblank-2023-41,600,2023,NA,NA,600mL filtered; xn tech:  ; xn date: Aug-09-2023; xn notes: ; filtration comments: none; tech: Wyth Marshall,Flase Bay,"Olivia Graham, Audrey Vinton",0-0.5,"low
",light,none,NA,NA,by_foot,1,absent,Very patchy meadow. Sampled in between shallow intertidal and deepsubtidal. LOTS of of Ulva and algae but no visible eelgrass (covered up?). Lots of drift eelgrass present.,Sampled about 10m apart between deeper subtidal eelgrass meadow and very shallow intertidal eelgrass meadow.,Too shallow to sample directly above intertidal meadow.,WA_PSb,"Puget Sound & Padilla Bay, Washington","San Juan Islands, Washington"
WA_PS,PS_FB,pecoe-0880,2023-07-16,48.4827026,-123.0743616,10:29:00,14:16:00,Sample,exblank-2023-41,600,2023,NA,NA,"600mL filtered, Arodisc briefly dropped on bleached bechtop before adding buffer.; xn tech:  ; xn date: Aug-09-2023; xn notes: ; filtration comments: none; tech: Wyth Marshall",Flase Bay,"Olivia Graham, Audrey Vinton",0-0.5,"low
",light,none,NA,NA,by_foot,1,absent,Very patchy meadow. Sampled in between shallow intertidal and deepsubtidal. LOTS of of Ulva and algae but no visible eelgrass (covered up?). Lots of drift eelgrass present.,Sampled about 10m apart between deeper subtidal eelgrass meadow and very shallow intertidal eelgrass meadow.,Too shallow to sample directly above intertidal meadow.,WA_PSb,"Puget Sound & Padilla Bay, Washington","San Juan Islands, Washington"
WA_PS,PS_IC,pecoe-0881,2023-07-17,48.5629309,-122.9354436,NA,13:27:00,Field blank,exblank-2023-41,1000,2023,NA,NA,1000mL filtered; xn tech:  ; xn date: Aug-09-2023; xn notes: ; filtration comments: none; tech: Wyth Marshall,Indian Cove,"Olivia Graham, Audrey Vinton, Baylen Ratliff",1-2,ebb,medium,none,NA,NA,by_boat,2.8,present,"Pretty dense and robust subtidal meadow, continuous. Sampled in subtidal meadow.","Sampled from boat during choppy conditions. Sampled approximately severl meters apart, but had to estimate. Definitely saw eelgrass while sampling.",NA,WA_PSb,"Puget Sound & Padilla Bay, Washington","San Juan Islands, Washington"
WA_PS,PS_IC,pecoe-0882,2023-07-17,48.5629309,-122.9354436,10:20:00,14:00:00,Sample,exblank-2023-41,650,2023,NA,NA,650mL filtered; xn tech:  ; xn date: Aug-09-2023; xn notes: ; filtration comments: none; tech: Wyth Marshall,Indian Cove,"Olivia Graham, Audrey Vinton, Baylen Ratliff",1-2,ebb,medium,none,NA,NA,by_boat,2.8,present,"Pretty dense and robust subtidal meadow, continuous. Sampled in subtidal meadow.","Sampled from boat during choppy conditions. Sampled approximately severl meters apart, but had to estimate. Definitely saw eelgrass while sampling.",NA,WA_PSb,"Puget Sound & Padilla Bay, Washington","San Juan Islands, Washington"
WA_PS,PS_IC,pecoe-0883,2023-07-17,48.5629309,-122.9354436,10:24:00,14:29:00,Sample,exblank-2023-41,600,2023,NA,NA,"600mL filtered; xn tech:  ; xn date: Aug-09-2023; xn notes: ; filtration comments: Clogged, extra spin; tech: Wyth Marshall",Indian Cove,"Olivia Graham, Audrey Vinton, Baylen Ratliff",1-2,ebb,medium,none,NA,NA,by_boat,2.8,present,"Pretty dense and robust subtidal meadow, continuous. Sampled in subtidal meadow.","Sampled from boat during choppy conditions. Sampled approximately severl meters apart, but had to estimate. Definitely saw eelgrass while sampling.",NA,WA_PSb,"Puget Sound & Padilla Bay, Washington","San Juan Islands, Washington"
WA_PS,PS_IC,pecoe-0884,2023-07-17,48.5629309,-122.9354436,10:26:00,14:27:00,Sample,exblank-2023-41,650,2023,NA,NA,"650mL filtered; xn tech:  ; xn date: Aug-09-2023; xn notes: ; filtration comments: Clogged, extra spin; tech: Wyth Marshall",Indian Cove,"Olivia Graham, Audrey Vinton, Baylen Ratliff",1-2,ebb,medium,none,NA,NA,by_boat,2.8,present,"Pretty dense and robust subtidal meadow, continuous. Sampled in subtidal meadow.","Sampled from boat during choppy conditions. Sampled approximately severl meters apart, but had to estimate. Definitely saw eelgrass while sampling.",NA,WA_PSb,"Puget Sound & Padilla Bay, Washington","San Juan Islands, Washington"
WA_PS,PS_IC,pecoe-0885,2023-07-17,48.5629309,-122.9354436,10:28:00,15:22:00,Sample,exblank-2023-41,750,2023,NA,NA,750mL filtered; xn tech:  ; xn date: Aug-09-2023; xn notes: ; filtration comments: none; tech: Wyth Marshall,Indian Cove,"Olivia Graham, Audrey Vinton, Baylen Ratliff",1-2,ebb,medium,none,NA,NA,by_boat,2.8,present,"Pretty dense and robust subtidal meadow, continuous. Sampled in subtidal meadow.","Sampled from boat during choppy conditions. Sampled approximately severl meters apart, but had to estimate. Definitely saw eelgrass while sampling.",NA,WA_PSb,"Puget Sound & Padilla Bay, Washington","San Juan Islands, Washington"
WA_PS,PS_NC,pecoe-0886,2023-07-18,48.704317,-123.0571814,NA,15:21:00,Field blank,exblank-2023-41,1000,2023,NA,NA,1000mL; xn tech:  ; xn date: Aug-09-2023; xn notes: ; filtration comments: none; tech: Wyth Marshall,"North Cove, Waldron Island","Olivia Graham, Audrey Vinton",0-0.5,ebb,none,none,NA,NA,by_boat,1.9,present,A dense and lush subtidal meadow. Fairly continuous from intertidal to subtidal. Some patchy but fairly continuous.,"Consistent deapth, parallel to shore, approx 10m apart.",Fair bit of algae and prostrate kelp. Lots of submerged rocks.,WA_PSb,"Puget Sound & Padilla Bay, Washington","San Juan Islands, Washington"
WA_PS,PS_NC,pecoe-0887,2023-07-18,48.704317,-123.0571814,11:24:00,15:48:00,Sample,exblank-2023-41,600,2023,NA,NA,"600mL; xn tech:  ; xn date: Aug-09-2023; xn notes: ; filtration comments: Clogged, extra spin; tech: Wyth Marshall","North Cove, Waldron Island","Olivia Graham, Audrey Vinton",0-0.5,ebb,none,none,NA,NA,by_boat,1.9,present,A dense and lush subtidal meadow. Fairly continuous from intertidal to subtidal. Some patchy but fairly continuous.,"Consistent deapth, parallel to shore, approx 10m apart.",Fair bit of algae and prostrate kelp. Lots of submerged rocks.,WA_PSb,"Puget Sound & Padilla Bay, Washington","San Juan Islands, Washington"
WA_PS,PS_NC,pecoe-0888,2023-07-18,48.704317,-123.0571814,11:28:00,16:15:00,Sample,exblank-2023-41,600,2023,NA,NA,600mL; xn tech:  ; xn date: Aug-09-2023; xn notes: ; filtration comments: none; tech: Wyth Marshall,"North Cove, Waldron Island","Olivia Graham, Audrey Vinton",0-0.5,ebb,none,none,NA,NA,by_boat,1.9,present,A dense and lush subtidal meadow. Fairly continuous from intertidal to subtidal. Some patchy but fairly continuous.,"Consistent deapth, parallel to shore, approx 10m apart.",Fair bit of algae and prostrate kelp. Lots of submerged rocks.,WA_PSb,"Puget Sound & Padilla Bay, Washington","San Juan Islands, Washington"
WA_PS,PS_NC,pecoe-0889,2023-07-18,48.704317,-123.0571814,11:30:00,16:49:00,Sample,exblank-2023-41,700,2023,NA,NA,700mL; xn tech:  ; xn date: Aug-09-2023; xn notes: ; filtration comments: none; tech: Wyth Marshall,"North Cove, Waldron Island","Olivia Graham, Audrey Vinton",0-0.5,ebb,none,none,NA,NA,by_boat,1.9,present,A dense and lush subtidal meadow. Fairly continuous from intertidal to subtidal. Some patchy but fairly continuous.,"Consistent deapth, parallel to shore, approx 10m apart.",Fair bit of algae and prostrate kelp. Lots of submerged rocks.,WA_PSb,"Puget Sound & Padilla Bay, Washington","San Juan Islands, Washington"
WA_PS,PS_NC,pecoe-0890,2023-07-18,48.704317,-123.0571814,11:32:00,17:23:00,Sample,exblank-2023-41,750,2023,NA,NA,750mL; xn tech:  ; xn date: Aug-09-2023; xn notes: ; filtration comments: none; tech: Wyth Marshall,"North Cove, Waldron Island","Olivia Graham, Audrey Vinton",0-0.5,ebb,none,none,NA,NA,by_boat,1.9,present,A dense and lush subtidal meadow. Fairly continuous from intertidal to subtidal. Some patchy but fairly continuous.,"Consistent deapth, parallel to shore, approx 10m apart.",Fair bit of algae and prostrate kelp. Lots of submerged rocks.,WA_PSb,"Puget Sound & Padilla Bay, Washington","San Juan Islands, Washington"
WA_PS,PS_FJ,pecoe-0891,2023-07-19,48.4689085,-123.0030786,NA,11:02:00,Field blank,exblank-2023-41,1000,2023,NA,NA,1000mL; xn tech:  ; xn date: Aug-09-2023; xn notes: ; filtration comments: algae in bottle; tech: Wyth Marshall,Fourth of July Beach,"Olivia Graham, Audrey Vinton",0-0.5,ebb,none,none,NA,NA,by_foot,0.5-0.7,present,Big eelgrass meadow! Robust subtidal and good intertidal (patchy).,"10m apart, similar depth, all above intertidal eelgrass (submerged)",NA,WA_PSb,"Puget Sound & Padilla Bay, Washington","San Juan Islands, Washington"
WA_PS,PS_FJ,pecoe-0892,2023-07-19,48.4689085,-123.0030786,09:52:00,11:25:00,Sample,exblank-2023-41,700,2023,NA,NA,700mL; xn tech:  ; xn date: Aug-09-2023; xn notes: ; filtration comments: none; tech: Wyth Marshall,Fourth of July Beach,"Olivia Graham, Audrey Vinton",0-0.5,ebb,none,none,NA,NA,by_foot,0.5-0.7,present,Big eelgrass meadow! Robust subtidal and good intertidal (patchy).,"10m apart, similar depth, all above intertidal eelgrass (submerged)",NA,WA_PSb,"Puget Sound & Padilla Bay, Washington","San Juan Islands, Washington"
WA_PS,PS_FJ,pecoe-0893,2023-07-19,48.4689085,-123.0030786,09:59:00,11:41:00,Sample,exblank-2023-41,800,2023,NA,NA,800mL; xn tech:  ; xn date: Aug-09-2023; xn notes: ; filtration comments: none; tech: Wyth Marshall,Fourth of July Beach,"Olivia Graham, Audrey Vinton",0-0.5,ebb,none,none,NA,NA,by_foot,0.5-0.7,present,Big eelgrass meadow! Robust subtidal and good intertidal (patchy).,"10m apart, similar depth, all above intertidal eelgrass (submerged)",NA,WA_PSb,"Puget Sound & Padilla Bay, Washington","San Juan Islands, Washington"
WA_PS,PS_FJ,pecoe-0894,2023-07-19,48.4689085,-123.0030786,10:04:00,12:01:00,Sample,exblank-2023-41,700,2023,NA,NA,"700mL; xn tech:  ; xn date: Aug-09-2023; xn notes: ; filtration comments: Clogged, extra spin; tech: Wyth Marshall",Fourth of July Beach,"Olivia Graham, Audrey Vinton",0-0.5,ebb,none,none,NA,NA,by_foot,0.5-0.7,present,Big eelgrass meadow! Robust subtidal and good intertidal (patchy).,"10m apart, similar depth, all above intertidal eelgrass (submerged)",NA,WA_PSb,"Puget Sound & Padilla Bay, Washington","San Juan Islands, Washington"
WA_PS,PS_FJ,pecoe-0895,2023-07-19,48.4689085,-123.0030786,10:11:00,12:41:00,Sample,exblank-2023-41,700,2023,NA,NA,700mL; xn tech:  ; xn date: Aug-09-2023; xn notes: ; filtration comments: algae in bottle; tech: Wyth Marshall,Fourth of July Beach,"Olivia Graham, Audrey Vinton",0-0.5,ebb,none,none,NA,NA,by_foot,0.5-0.7,present,Big eelgrass meadow! Robust subtidal and good intertidal (patchy).,"10m apart, similar depth, all above intertidal eelgrass (submerged)",NA,WA_PSb,"Puget Sound & Padilla Bay, Washington","San Juan Islands, Washington"
BC_HG,HG_ROI,pecoe-0901,2023-07-03,52.2049,-131.14212,06:43:00,13:45:00,Sample,exblank-2023-41,750,2023,NA,NA,filtered- 750ml; xn tech:  ; xn date: Aug-09-2023; xn notes: ; filtration comments: none; tech: Wyth Marshall,Rose Inlet,"Lynn Lee, Fiona Francis, Jack Moseley",0-0.5,"low
",none,none,33.23,14.7,by_boat,1.4,present,continuous,"samples taken 10-15 m apart along eelgrass bed, relatively consistent depth of 1.4-1.5 m (4-5 ft)","GPS point at Sample 1; Sample 2: 52.20432, -131.14165; Sample 3: 52.20418, -131.14047; Sample 4: 52.20352, -131.13986",BC_HGa,"Haida Gwaii, British Columbia","Haida Gwaii, British Columbia"
BC_HG,HG_ROI,pecoe-0902,2023-07-03,52.2049,-131.14212,06:40:00,13:24:00,Sample,exblank-2023-41,750,2023,NA,NA,filtered- 750ml; xn tech:  ; xn date: Aug-09-2023; xn notes: ; filtration comments: none; tech: Wyth Marshall,Rose Inlet,"Lynn Lee, Fiona Francis, Jack Moseley",0-0.5,"low
",none,none,33.23,14.7,by_boat,1.4,present,continuous,"samples taken 10-15 m apart along eelgrass bed, relatively consistent depth of 1.4-1.5 m (4-5 ft)","GPS point at Sample 1; Sample 2: 52.20432, -131.14165; Sample 3: 52.20418, -131.14047; Sample 4: 52.20352, -131.13986",BC_HGa,"Haida Gwaii, British Columbia","Haida Gwaii, British Columbia"
BC_HG,HG_ROI,pecoe-0903,2023-07-03,52.2049,-131.14212,06:47:00,14:06:00,Sample,exblank-2023-41,1000,2023,NA,NA,filtered- 1000ml; xn tech:  ; xn date: Aug-09-2023; xn notes: ; filtration comments: none; tech: Wyth Marshall,Rose Inlet,"Lynn Lee, Fiona Francis, Jack Moseley",0-0.5,"low
",none,none,33.23,14.7,by_boat,1.4,present,continuous,"samples taken 10-15 m apart along eelgrass bed, relatively consistent depth of 1.4-1.5 m (4-5 ft)","GPS point at Sample 1; Sample 2: 52.20432, -131.14165; Sample 3: 52.20418, -131.14047; Sample 4: 52.20352, -131.13986",BC_HGa,"Haida Gwaii, British Columbia","Haida Gwaii, British Columbia"
BC_HG,HG_ROI,pecoe-0904,2023-07-03,52.2049,-131.14212,06:35:00,13:00:00,Sample,exblank-2023-42,700,2023,NA,NA,filtered- 700ml; xn tech:  ; xn date: Aug-10-2023; xn notes: ; filtration comments: none; tech: Wyth Marshall,Rose Inlet,"Lynn Lee, Fiona Francis, Jack Moseley",0-0.5,"low
",none,none,33.23,14.7,by_boat,1.4,present,continuous,"samples taken 10-15 m apart along eelgrass bed, relatively consistent depth of 1.4-1.5 m (4-5 ft)","GPS point at Sample 1; Sample 2: 52.20432, -131.14165; Sample 3: 52.20418, -131.14047; Sample 4: 52.20352, -131.13986",BC_HGa,"Haida Gwaii, British Columbia","Haida Gwaii, British Columbia"
BC_HG,HG_ROI,pecoe-0905,2023-07-03,52.2049,-131.14212,NA,12:31:00,Field blank,exblank-2023-42,1000,2023,NA,NA,filtered- 1000ml; xn tech:  ; xn date: Aug-10-2023; xn notes: ; filtration comments: none; tech: Wyth Marshall,Rose Inlet,"Lynn Lee, Fiona Francis, Jack Moseley",0-0.5,"low
",none,none,33.23,14.7,by_boat,1.4,present,continuous,"samples taken 10-15 m apart along eelgrass bed, relatively consistent depth of 1.4-1.5 m (4-5 ft)","GPS point at Sample 1; Sample 2: 52.20432, -131.14165; Sample 3: 52.20418, -131.14047; Sample 4: 52.20352, -131.13986",BC_HGa,"Haida Gwaii, British Columbia","Haida Gwaii, British Columbia"
BC_HG,HG_SB,pecoe-0906,2023-07-04,52.63123,-131.60669,NA,NA,Field blank,exblank-2023-42,1000,2023,NA,NA, ; xn tech:  ; xn date: Aug-10-2023; xn notes: ; filtration comments: none; tech: Wyth Marshall,Sedgwick Bay,"Lynn Lee, Fiona Francis, Preston Sloan",0-0.5,"low
",light,none,33.53,14.7,by_boat,2.3,present,continous meadow; intertidal and subtidal; 90-100% eelgrass coverage; ~1 m eelgrass height,sampled along eelgrass meadow at intervals of roughly 10 m,"GPS point at Sample 1; Sample 2: 52.63118, -131.60666; Sample 3: 52.63142, -131.60750; Sample 4: 52.63135, -131.60822",BC_HGa,"Haida Gwaii, British Columbia","Haida Gwaii, British Columbia"
BC_HG,HG_SB,pecoe-0907,2023-07-04,52.63123,-131.60669,09:28:00,12:44:00,Sample,exblank-2023-42,1000,2023,NA,NA,filtered- 1000ml; xn tech:  ; xn date: Aug-10-2023; xn notes: ; filtration comments: none; tech: Wyth Marshall,Sedgwick Bay,"Lynn Lee, Fiona Francis, Preston Sloan",0-0.5,"low
",light,none,33.53,14.7,by_boat,2.3,present,continous meadow; intertidal and subtidal; 90-100% eelgrass coverage; ~1 m eelgrass height,sampled along eelgrass meadow at intervals of roughly 10 m,"GPS point at Sample 1; Sample 2: 52.63118, -131.60666; Sample 3: 52.63142, -131.60750; Sample 4: 52.63135, -131.60822",BC_HGa,"Haida Gwaii, British Columbia","Haida Gwaii, British Columbia"
BC_HG,HG_SB,pecoe-0908,2023-07-04,52.63123,-131.60669,09:25:00,13:17:00,Sample,exblank-2023-42,1000,2023,NA,NA,filtered- 1000ml; xn tech:  ; xn date: Aug-10-2023; xn notes: ; filtration comments: none; tech: Wyth Marshall,Sedgwick Bay,"Lynn Lee, Fiona Francis, Preston Sloan",0-0.5,"low
",light,none,33.53,14.7,by_boat,2.3,present,continous meadow; intertidal and subtidal; 90-100% eelgrass coverage; ~1 m eelgrass height,sampled along eelgrass meadow at intervals of roughly 10 m,"GPS point at Sample 1; Sample 2: 52.63118, -131.60666; Sample 3: 52.63142, -131.60750; Sample 4: 52.63135, -131.60822",BC_HGa,"Haida Gwaii, British Columbia","Haida Gwaii, British Columbia"
BC_HG,HG_SB,pecoe-0909,2023-07-04,52.63123,-131.60669,09:31:00,13:38:00,Sample,exblank-2023-42,1000,2023,NA,NA,filtered- 1000ml; xn tech:  ; xn date: Aug-10-2023; xn notes: ; filtration comments: none; tech: Wyth Marshall,Sedgwick Bay,"Lynn Lee, Fiona Francis, Preston Sloan",0-0.5,"low
",light,none,33.53,14.7,by_boat,2.3,present,continous meadow; intertidal and subtidal; 90-100% eelgrass coverage; ~1 m eelgrass height,sampled along eelgrass meadow at intervals of roughly 10 m,"GPS point at Sample 1; Sample 2: 52.63118, -131.60666; Sample 3: 52.63142, -131.60750; Sample 4: 52.63135, -131.60822",BC_HGa,"Haida Gwaii, British Columbia","Haida Gwaii, British Columbia"
BC_HG,HG_SB,pecoe-0910,2023-07-04,52.63123,-131.60669,09:34:00,13:57:00,Sample,exblank-2023-42,1000,2023,NA,NA,filtered- 1000ml; xn tech:  ; xn date: Aug-10-2023; xn notes: ; filtration comments: none; tech: Wyth Marshall,Sedgwick Bay,"Lynn Lee, Fiona Francis, Preston Sloan",0-0.5,"low
",light,none,33.53,14.7,by_boat,2.3,present,continous meadow; intertidal and subtidal; 90-100% eelgrass coverage; ~1 m eelgrass height,sampled along eelgrass meadow at intervals of roughly 10 m,"GPS point at Sample 1; Sample 2: 52.63118, -131.60666; Sample 3: 52.63142, -131.60750; Sample 4: 52.63135, -131.60822",BC_HGa,"Haida Gwaii, British Columbia","Haida Gwaii, British Columbia"
BC_HG,HG_BH,pecoe-0911,2023-07-05,52.34844,-131.36333,07:57:00,13:39:00,Field blank,exblank-2023-42,1000,2023,NA,NA,filtered- 1000ml; xn tech:  ; xn date: Aug-10-2023; xn notes: ; filtration comments: none; tech: Wyth Marshall,Bag Harbour,"Lynn Lee, Fiona Francis",0-0.5,"low
",none,none,33.31,16.6,by_boat,2.3,present,"fringing meadow with shorter, slightly patchy eelgrass along intertidal to shallow subtidal edge of bay",sampled along eelgrass meadow at intervals of roughly 10 m,"GPS point at Sample 1; Sample 2: 52.20432, -131.14165; Sample 3 52.20418, -131.14047; Sample 4: 52.20352, -131.13986",BC_HGa,"Haida Gwaii, British Columbia","Haida Gwaii, British Columbia"
BC_HG,HG_BH,pecoe-0912,2023-07-05,52.34844,-131.36333,07:58:00,14:00:00,Sample,exblank-2023-42,1000,2023,NA,NA,filtered- 1000ml; xn tech:  ; xn date: Aug-10-2023; xn notes: ; filtration comments: none; tech: Wyth Marshall,Bag Harbour,"Lynn Lee, Fiona Francis",0-0.5,"low
",none,none,33.31,16.6,by_boat,2.3,present,"fringing meadow with shorter, slightly patchy eelgrass along intertidal to shallow subtidal edge of bay",sampled along eelgrass meadow at intervals of roughly 10 m,"GPS point at Sample 1; Sample 2: 52.20432, -131.14165; Sample 3 52.20418, -131.14047; Sample 4: 52.20352, -131.13986",BC_HGa,"Haida Gwaii, British Columbia","Haida Gwaii, British Columbia"
BC_HG,HG_BH,pecoe-0913,2023-07-05,52.34844,-131.36333,08:02:00,14:48:00,Sample,exblank-2023-42,1000,2023,NA,NA,filtered- 1000ml; xn tech:  ; xn date: Aug-10-2023; xn notes: ; filtration comments: none; tech: Wyth Marshall,Bag Harbour,"Lynn Lee, Fiona Francis",0-0.5,"low
",none,none,33.31,16.6,by_boat,2.3,present,"fringing meadow with shorter, slightly patchy eelgrass along intertidal to shallow subtidal edge of bay",sampled along eelgrass meadow at intervals of roughly 10 m,"GPS point at Sample 1; Sample 2: 52.20432, -131.14165; Sample 3 52.20418, -131.14047; Sample 4: 52.20352, -131.13986",BC_HGa,"Haida Gwaii, British Columbia","Haida Gwaii, British Columbia"
BC_HG,HG_BH,pecoe-0914,2023-07-05,52.34844,-131.36333,08:01:00,14:27:00,Sample,exblank-2023-42,1000,2023,NA,NA,filtered- 1000ml; xn tech:  ; xn date: Aug-10-2023; xn notes: ; filtration comments: none; tech: Wyth Marshall,Bag Harbour,"Lynn Lee, Fiona Francis",0-0.5,"low
",none,none,33.31,16.6,by_boat,2.3,present,"fringing meadow with shorter, slightly patchy eelgrass along intertidal to shallow subtidal edge of bay",sampled along eelgrass meadow at intervals of roughly 10 m,"GPS point at Sample 1; Sample 2: 52.20432, -131.14165; Sample 3 52.20418, -131.14047; Sample 4: 52.20352, -131.13986",BC_HGa,"Haida Gwaii, British Columbia","Haida Gwaii, British Columbia"
BC_HG,HG_BH,pecoe-0915,2023-07-05,52.34844,-131.36333,08:08:00,15:12:00,Sample,exblank-2023-42,1000,2023,NA,NA,filtered- 1000ml; xn tech:  ; xn date: Aug-10-2023; xn notes: ; filtration comments: none; tech: Wyth Marshall,Bag Harbour,"Lynn Lee, Fiona Francis",0-0.5,"low
",none,none,33.31,16.6,by_boat,2.3,present,"fringing meadow with shorter, slightly patchy eelgrass along intertidal to shallow subtidal edge of bay",sampled along eelgrass meadow at intervals of roughly 10 m,"GPS point at Sample 1; Sample 2: 52.20432, -131.14165; Sample 3 52.20418, -131.14047; Sample 4: 52.20352, -131.13986",BC_HGa,"Haida Gwaii, British Columbia","Haida Gwaii, British Columbia"
BC_HG,HG_RI,pecoe-0916,2023-07-06,52.5729,-131.39542,08:46:00,15:35:00,Field blank,exblank-2023-42,1000,2023,NA,NA,filtered- 1000ml; xn tech:  ; xn date: Aug-10-2023; xn notes: ; filtration comments: none; tech: Wyth Marshall,Ramsay Island,"Lynn Lee, Fiona Francis, Jack Moseley",0.5-1,"low
",light,none,33.4,13.5,by_boat,2.9,present,"large, continuous eelgrass meadow",sampled along eelgrass meadow at intervals of roughly 10-15 m,"GPS point at Sample 1; Sample 2: 52.57266. -131.39519; Sample 3: 52.57222, -131.39552; Sample 4: 52.57193, -131.39595",BC_HGa,"Haida Gwaii, British Columbia","Haida Gwaii, British Columbia"
BC_HG,HG_RI,pecoe-0917,2023-07-06,52.5729,-131.39542,08:32:00,13:51:00,Sample,exblank-2023-42,1000,2023,NA,NA,filtered- 1000ml; xn tech:  ; xn date: Aug-10-2023; xn notes: ; filtration comments: none; tech: Wyth Marshall,Ramsay Island,"Lynn Lee, Fiona Francis, Jack Moseley",0.5-1,"low
",light,none,33.4,13.5,by_boat,2.9,present,"large, continuous eelgrass meadow",sampled along eelgrass meadow at intervals of roughly 10-15 m,"GPS point at Sample 1; Sample 2: 52.57266. -131.39519; Sample 3: 52.57222, -131.39552; Sample 4: 52.57193, -131.39595",BC_HGa,"Haida Gwaii, British Columbia","Haida Gwaii, British Columbia"
BC_HG,HG_RI,pecoe-0918,2023-07-06,52.5729,-131.39542,08:34:00,14:22:00,Sample,exblank-2023-42,1000,2023,NA,NA,filtered- 1000ml; xn tech:  ; xn date: Aug-10-2023; xn notes: ; filtration comments: none; tech: Wyth Marshall,Ramsay Island,"Lynn Lee, Fiona Francis, Jack Moseley",0.5-1,"low
",light,none,33.4,13.5,by_boat,2.9,present,"large, continuous eelgrass meadow",sampled along eelgrass meadow at intervals of roughly 10-15 m,"GPS point at Sample 1; Sample 2: 52.57266. -131.39519; Sample 3: 52.57222, -131.39552; Sample 4: 52.57193, -131.39595",BC_HGa,"Haida Gwaii, British Columbia","Haida Gwaii, British Columbia"
BC_HG,HG_RI,pecoe-0919,2023-07-06,52.5729,-131.39542,08:38:00,14:47:00,Sample,exblank-2023-42,1000,2023,NA,NA,filtered- 1000ml; xn tech:  ; xn date: Aug-10-2023; xn notes: ; filtration comments: none; tech: Wyth Marshall,Ramsay Island,"Lynn Lee, Fiona Francis, Jack Moseley",0.5-1,"low
",light,none,33.4,13.5,by_boat,2.9,present,"large, continuous eelgrass meadow",sampled along eelgrass meadow at intervals of roughly 10-15 m,"GPS point at Sample 1; Sample 2: 52.57266. -131.39519; Sample 3: 52.57222, -131.39552; Sample 4: 52.57193, -131.39595",BC_HGa,"Haida Gwaii, British Columbia","Haida Gwaii, British Columbia"
BC_HG,HG_RI,pecoe-0920,2023-07-06,52.5729,-131.39542,08:41:00,15:11:00,Sample,exblank-2023-42,1000,2023,NA,NA,filtered- 1000ml; xn tech:  ; xn date: Aug-10-2023; xn notes: ; filtration comments: none; tech: Wyth Marshall,Ramsay Island,"Lynn Lee, Fiona Francis, Jack Moseley",0.5-1,"low
",light,none,33.4,13.5,by_boat,2.9,present,"large, continuous eelgrass meadow",sampled along eelgrass meadow at intervals of roughly 10-15 m,"GPS point at Sample 1; Sample 2: 52.57266. -131.39519; Sample 3: 52.57222, -131.39552; Sample 4: 52.57193, -131.39595",BC_HGa,"Haida Gwaii, British Columbia","Haida Gwaii, British Columbia"
WA_PS,PS_BV,pecoe-0926,2023-07-18,48.48472222,-122.4825,NA,NA,Field blank,exblank-2023-43,1000,2023,NA,NA, ; xn tech:  ; xn date: Aug-14-2023; xn notes: ; filtration comments: none; tech: Wyth Marshall,Bayview,"V.Sobocinsky, A.Haase, I.Mitchell",0-0.5,ebb,light,none,20.4,17.2,by_foot,0.5,NA,"sparse sea grass very patchy, Z.marina and Z.japonica","Sampled on foot, Temperature: 17.2C, Salinity: 20.4ppt, DO: 8.33, bottom depth: 0.5 m","NA, Coordinates updated to decimal degrees - KS 2024 October",WA_PSa,"Puget Sound & Padilla Bay, Washington","Padilla Bay, Washington"
WA_PS,PS_BV,pecoe-0927,2023-07-18,48.48472222,-122.4825,NA,NA,Sample,exblank-2023-43,700,2023,NA,NA, ; xn tech:  ; xn date: Aug-14-2023; xn notes: ; filtration comments: none; tech: Wyth Marshall,Bayview,"V.Sobocinsky, A.Haase, I.Mitchell",0-0.5,ebb,light,none,20.4,17.2,by_foot,0.5,NA,"sparse sea grass very patchy, Z.marina and Z.japonica","Sampled on foot, Temperature: 17.2C, Salinity: 20.4ppt, DO: 8.33, bottom depth: 0.5 m","NA, Coordinates updated to decimal degrees - KS 2024 October",WA_PSa,"Puget Sound & Padilla Bay, Washington","Padilla Bay, Washington"
WA_PS,PS_BV,pecoe-0928,2023-07-18,48.48472222,-122.4825,NA,NA,Sample,exblank-2023-43,750,2023,NA,NA, ; xn tech:  ; xn date: Aug-14-2023; xn notes: ; filtration comments: none; tech: Wyth Marshall,Bayview,"V.Sobocinsky, A.Haase, I.Mitchell",0-0.5,ebb,light,none,20.4,17.2,by_foot,0.5,NA,"sparse sea grass very patchy, Z.marina and Z.japonica","Sampled on foot, Temperature: 17.2C, Salinity: 20.4ppt, DO: 8.33, bottom depth: 0.5 m","NA, Coordinates updated to decimal degrees - KS 2024 October",WA_PSa,"Puget Sound & Padilla Bay, Washington","Padilla Bay, Washington"
WA_PS,PS_BV,pecoe-0929,2023-07-18,48.48472222,-122.4825,NA,NA,Sample,exblank-2023-43,750,2023,NA,NA, ; xn tech:  ; xn date: Aug-14-2023; xn notes: ; filtration comments: none; tech: Wyth Marshall,Bayview,"V.Sobocinsky, A.Haase, I.Mitchell",0-0.5,ebb,light,none,20.4,17.2,by_foot,0.5,NA,"sparse sea grass very patchy, Z.marina and Z.japonica","Sampled on foot, Temperature: 17.2C, Salinity: 20.4ppt, DO: 8.33, bottom depth: 0.5 m","NA, Coordinates updated to decimal degrees - KS 2024 October",WA_PSa,"Puget Sound & Padilla Bay, Washington","Padilla Bay, Washington"
WA_PS,PS_BV,pecoe-0930,2023-07-18,48.48472222,-122.4825,NA,NA,Sample,exblank-2023-43,700,2023,NA,NA, ; xn tech:  ; xn date: Aug-14-2023; xn notes: ; filtration comments: none; tech: Wyth Marshall,Bayview,"V.Sobocinsky, A.Haase, I.Mitchell",0-0.5,ebb,light,none,20.4,17.2,by_foot,0.5,NA,"sparse sea grass very patchy, Z.marina and Z.japonica","Sampled on foot, Temperature: 17.2C, Salinity: 20.4ppt, DO: 8.33, bottom depth: 0.5 m","NA, Coordinates updated to decimal degrees - KS 2024 October",WA_PSa,"Puget Sound & Padilla Bay, Washington","Padilla Bay, Washington"
WA_PS,PS_SH,pecoe-0931,2023-07-18,48.50416667,-122.67111111,NA,NA,Field blank,exblank-2023-43,750,2023,NA,NA, ; xn tech:  ; xn date: Aug-14-2023; xn notes: ; filtration comments: none; tech: Wyth Marshall,Ship Harbour,"V.Sobocinsky, A.Haase, I.Mitchell",0-0.5,flood,light,none,30.97,13.1,by_foot,1,NA,"Z.marina throughout most of Ship Harbor, continuous, 1m in height, robust, lots of epiphytes, lots of diatoms in the water","Sampled on foot, Temperature:13.1C, Salinity: 30.97ppt, DO=13.6, bottom depth=1m","NA, Coordinates updated to decimal degrees - KS 2024 October",WA_PSa,"Puget Sound & Padilla Bay, Washington","Padilla Bay, Washington"
WA_PS,PS_SH,pecoe-0932,2023-07-18,48.50416667,-122.67111111,NA,NA,Sample,exblank-2023-43,750,2023,NA,NA, ; xn tech:  ; xn date: Aug-14-2023; xn notes: ; filtration comments: none; tech: Wyth Marshall,Ship Harbour,"V.Sobocinsky, A.Haase, I.Mitchell",0-0.5,flood,light,none,30.97,13.1,by_foot,1,NA,"Z.marina throughout most of Ship Harbor, continuous, 1m in height, robust, lots of epiphytes, lots of diatoms in the water","Sampled on foot, Temperature:13.1C, Salinity: 30.97ppt, DO=13.6, bottom depth=1m","NA, Coordinates updated to decimal degrees - KS 2024 October",WA_PSa,"Puget Sound & Padilla Bay, Washington","Padilla Bay, Washington"
WA_PS,PS_SH,pecoe-0933,2023-07-18,48.50416667,-122.67111111,NA,NA,Sample,exblank-2023-43,600,2023,NA,NA, ; xn tech:  ; xn date: Aug-14-2023; xn notes: ; filtration comments: slowed to a drip at the end; tech: Wyth Marshall,Ship Harbour,"V.Sobocinsky, A.Haase, I.Mitchell",0-0.5,flood,light,none,30.97,13.1,by_foot,1,NA,"Z.marina throughout most of Ship Harbor, continuous, 1m in height, robust, lots of epiphytes, lots of diatoms in the water","Sampled on foot, Temperature:13.1C, Salinity: 30.97ppt, DO=13.6, bottom depth=1m","NA, Coordinates updated to decimal degrees - KS 2024 October",WA_PSa,"Puget Sound & Padilla Bay, Washington","Padilla Bay, Washington"
WA_PS,PS_SH,pecoe-0934,2023-07-18,48.50416667,-122.67111111,NA,NA,Sample,exblank-2023-43,600,2023,NA,NA, ; xn tech:  ; xn date: Aug-14-2023; xn notes: ; filtration comments: none; tech: Wyth Marshall,Ship Harbour,"V.Sobocinsky, A.Haase, I.Mitchell",0-0.5,flood,light,none,30.97,13.1,by_foot,1,NA,"Z.marina throughout most of Ship Harbor, continuous, 1m in height, robust, lots of epiphytes, lots of diatoms in the water","Sampled on foot, Temperature:13.1C, Salinity: 30.97ppt, DO=13.6, bottom depth=1m","NA, Coordinates updated to decimal degrees - KS 2024 October",WA_PSa,"Puget Sound & Padilla Bay, Washington","Padilla Bay, Washington"
WA_PS,PS_SH,pecoe-0935,2023-07-18,48.50416667,-122.67111111,NA,NA,Sample,exblank-2023-43,550,2023,NA,NA, ; xn tech:  ; xn date: Aug-14-2023; xn notes: ; filtration comments: large chunk of filamentous algae in tube and full of diatoms- dripping filter; tech: Wyth Marshall,Ship Harbour,"V.Sobocinsky, A.Haase, I.Mitchell",0-0.5,flood,light,none,30.97,13.1,by_foot,1,NA,"Z.marina throughout most of Ship Harbor, continuous, 1m in height, robust, lots of epiphytes, lots of diatoms in the water","Sampled on foot, Temperature:13.1C, Salinity: 30.97ppt, DO=13.6, bottom depth=1m","NA, Coordinates updated to decimal degrees - KS 2024 October",WA_PSa,"Puget Sound & Padilla Bay, Washington","Padilla Bay, Washington"
WA_PS,PS_BB,pecoe-0936,2023-07-19,48.72833333,-122.50611111,NA,NA,Field blank,exblank-2023-43,1000,2023,NA,NA, ; xn tech:  ; xn date: Aug-14-2023; xn notes: ; filtration comments: none; tech: Wyth Marshall,Bellingham Bay,"V.Sobocinsky, A.Haase",0.5-1,low-slack,light,none,33,10,by_foot,1,present,thick,"paralel to shore, about 10m away from shore, 10m apart","NA, Coordinates updated to decimal degrees - KS 2024 October",WA_PSa,"Puget Sound & Padilla Bay, Washington","Padilla Bay, Washington"
WA_PS,PS_BB,pecoe-0937,2023-07-19,48.72833333,-122.50611111,NA,NA,Sample,exblank-2023-43,650,2023,NA,NA, ; xn tech:  ; xn date: Aug-14-2023; xn notes: ; filtration comments: gunky; tech: Wyth Marshall,Bellingham Bay,"V.Sobocinsky, A.Haase",0.5-1,low-slack,light,none,33,10,by_foot,1,present,thick,"paralel to shore, about 10m away from shore, 10m apart","NA, Coordinates updated to decimal degrees - KS 2024 October",WA_PSa,"Puget Sound & Padilla Bay, Washington","Padilla Bay, Washington"
WA_PS,PS_BB,pecoe-0938,2023-07-19,48.72833333,-122.50611111,NA,NA,Sample,exblank-2023-43,600,2023,NA,NA," ; xn tech:  ; xn date: Aug-14-2023; xn notes: ; filtration comments: lots of phytoplankton; half buffer leaked out, so if degraded compared to others, probably why; tech: Wyth Marshall",Bellingham Bay,"V.Sobocinsky, A.Haase",0.5-1,low-slack,light,none,33,10,by_foot,1,present,thick,"paralel to shore, about 10m away from shore, 10m apart","NA, Coordinates updated to decimal degrees - KS 2024 October",WA_PSa,"Puget Sound & Padilla Bay, Washington","Padilla Bay, Washington"
WA_PS,PS_BB,pecoe-0939,2023-07-19,48.72833333,-122.50611111,NA,NA,Sample,exblank-2023-43,600,2023,NA,NA, ; xn tech:  ; xn date: Aug-14-2023; xn notes: ; filtration comments: none; tech: Wyth Marshall,Bellingham Bay,"V.Sobocinsky, A.Haase",0.5-1,low-slack,light,none,33,10,by_foot,1,present,thick,"paralel to shore, about 10m away from shore, 10m apart","NA, Coordinates updated to decimal degrees - KS 2024 October",WA_PSa,"Puget Sound & Padilla Bay, Washington","Padilla Bay, Washington"
WA_PS,PS_BB,pecoe-0940,2023-07-19,48.72833333,-122.50611111,NA,NA,Sample,exblank-2023-43,600,2023,NA,NA, ; xn tech:  ; xn date: Aug-14-2023; xn notes: ; filtration comments: none; tech: Wyth Marshall,Bellingham Bay,"V.Sobocinsky, A.Haase",0.5-1,low-slack,light,none,33,10,by_foot,1,present,thick,"paralel to shore, about 10m away from shore, 10m apart","NA, Coordinates updated to decimal degrees - KS 2024 October",WA_PSa,"Puget Sound & Padilla Bay, Washington","Padilla Bay, Washington"
BC_PP,PP_E,pecoe-0951,2023-07-20,48.8771166667,-125.30535,10:03:00,16:38-17:15,Sample,exblank-2023-42,400,2023,NA,NA,"400ml; Algae bloom in bay (red algae bloom on surface, coccolithophore bloom); filters getting clogged-unable to filter 1000ml of water; xn tech:  ; xn date: Aug-10-2023; xn notes: ; filtration comments: filters getting clogged-unable to filter 1000ml of water; tech: Wyth Marshall",Effingham,"Yakimishyn, Jennifer Bohlen, Krista",0-0.5,"low
",light,none,32.4,14.2,by_boat,1.4,present,eelgrass in two distinct patches (1&2) and (3&4),First 2 samples taken at Set #1; Samples 3&4 taken at Set #2 and #3,had been 48.52.627 (1&2); 48.52.611 (3&4)        125.18.321 (1&2); 125.18.313 (3&4),BC_PP,"Pacific Rim Park, British Columbia","Pacific Rim Park, British Columbia"
BC_PP,PP_E,pecoe-0952,2023-07-20,48.8771166667,-125.30535,09:05:00,14:37-15:22,Sample,exblank-2023-42,700,2023,NA,NA,700ml; xn tech:  ; xn date: Aug-10-2023; xn notes: ; filtration comments: none; tech: Wyth Marshall,Effingham,"Yakimishyn, Jennifer Bohlen, Krista",0-0.5,"low
",light,none,32.4,14.2,by_boat,1.4,present,eelgrass in two distinct patches (1&2) and (3&4),First 2 samples taken at Set #1; Samples 3&4 taken at Set #2 and #3,had been 48.52.627 (1&2); 48.52.611 (3&4)        125.18.321 (1&2); 125.18.313 (3&4),BC_PP,"Pacific Rim Park, British Columbia","Pacific Rim Park, British Columbia"
BC_PP,PP_E,pecoe-0953,2023-07-20,48.8771166667,-125.30535,10:03:00,15:30-16:28,Sample,exblank-2023-42,450,2023,NA,NA,450ml; xn tech:  ; xn date: Aug-10-2023; xn notes: ; filtration comments: none; tech: Wyth Marshall,Effingham,"Yakimishyn, Jennifer Bohlen, Krista",0-0.5,"low
",light,none,32.4,14.2,by_boat,1.4,present,eelgrass in two distinct patches (1&2) and (3&4),First 2 samples taken at Set #1; Samples 3&4 taken at Set #2 and #3,had been 48.52.627 (1&2); 48.52.611 (3&4)        125.18.321 (1&2); 125.18.313 (3&4),BC_PP,"Pacific Rim Park, British Columbia","Pacific Rim Park, British Columbia"
BC_PP,PP_E,pecoe-0954,2023-07-20,48.8771166667,-125.30535,09:05:00,13:44-14:28,Sample,exblank-2023-42,850,2023,NA,NA,850ml; xn tech:  ; xn date: Aug-10-2023; xn notes: ; filtration comments: none; tech: Wyth Marshall,Effingham,"Yakimishyn, Jennifer Bohlen, Krista",0-0.5,"low
",light,none,32.4,14.2,by_boat,1.4,present,eelgrass in two distinct patches (1&2) and (3&4),First 2 samples taken at Set #1; Samples 3&4 taken at Set #2 and #3,had been 48.52.627 (1&2); 48.52.611 (3&4)        125.18.321 (1&2); 125.18.313 (3&4),BC_PP,"Pacific Rim Park, British Columbia","Pacific Rim Park, British Columbia"
BC_PP,PP_E,pecoe-0955,2023-07-20,48.8771166667,-125.30535,NA,13:07-13:37,Field blank,exblank-2023-42,1000,2023,NA,NA,1000ml filtered; xn tech:  ; xn date: Aug-10-2023; xn notes: ; filtration comments: none; tech: Wyth Marshall,Effingham,"Yakimishyn, Jennifer Bohlen, Krista",0-0.5,"low
",light,none,32.4,14.2,by_boat,1.4,present,eelgrass in two distinct patches (1&2) and (3&4),First 2 samples taken at Set #1; Samples 3&4 taken at Set #2 and #3,had been 48.52.627 (1&2); 48.52.611 (3&4)        125.18.321 (1&2); 125.18.313 (3&4),BC_PP,"Pacific Rim Park, British Columbia","Pacific Rim Park, British Columbia"
BC_PP,PP_MB,pecoe-0956,2023-07-17,48.9740333333,-125.3113,NA,NA,Field blank,exblank-2023-42,1000,2023,NA,NA, ; xn tech:  ; xn date: Aug-10-2023; xn notes: ; filtration comments: none; tech: Wyth Marshall,Mayne Bay,"Yakimishyn, Jennifer Bohlen, Krista",0-0.5,low,medium,none,31.3,19,by_boat,1.0,present,eelgrass large band along shoreline,"10m apart, drifitng with wind. 1.0m depth; Time 1st=9:33. Second set of coordinates (end of transect): 48.48.431 125.18.620",had been 48.58.442  125.18.678,BC_PP,"Pacific Rim Park, British Columbia","Pacific Rim Park, British Columbia"
BC_PP,PP_MB,pecoe-0957,2023-07-17,48.9740333333,-125.3113,09:33:00,13:30-13:58,Sample,exblank-2023-43,1000,2023,NA,NA,1000ml filtered; xn tech:  ; xn date: Aug-14-2023; xn notes: ; filtration comments: none; tech: Wyth Marshall,Mayne Bay,"Yakimishyn, Jennifer Bohlen, Krista",0-0.5,low,medium,none,31.3,19,by_boat,1.0,present,eelgrass large band along shoreline,"10m apart, drifitng with wind. 1.0m depth; Time 1st=9:33. Second set of coordinates (end of transect): 48.48.431 125.18.620",had been 48.58.442  125.18.678,BC_PP,"Pacific Rim Park, British Columbia","Pacific Rim Park, British Columbia"
BC_PP,PP_MB,pecoe-0958,2023-07-17,48.9740333333,-125.3113,11:33:00,14:39-14:59,Sample,exblank-2023-43,1000,2023,NA,NA,1000ml filtered; xn tech:  ; xn date: Aug-14-2023; xn notes: ; filtration comments: none; tech: Wyth Marshall,Mayne Bay,"Yakimishyn, Jennifer Bohlen, Krista",0-0.5,low,medium,none,31.3,19,by_boat,1.0,present,eelgrass large band along shoreline,"10m apart, drifitng with wind. 1.0m depth; Time 1st=9:33. Second set of coordinates (end of transect): 48.48.431 125.18.620",had been 48.58.442  125.18.678,BC_PP,"Pacific Rim Park, British Columbia","Pacific Rim Park, British Columbia"
BC_PP,PP_MB,pecoe-0959,2023-07-17,48.9740333333,-125.3113,10:33:00,14:04-14:28,Sample,exblank-2023-43,1000,2023,NA,NA,1000ml filtered; xn tech:  ; xn date: Aug-14-2023; xn notes: ; filtration comments: none; tech: Wyth Marshall,Mayne Bay,"Yakimishyn, Jennifer Bohlen, Krista",0-0.5,low,medium,none,31.3,19,by_boat,1.0,present,eelgrass large band along shoreline,"10m apart, drifitng with wind. 1.0m depth; Time 1st=9:33. Second set of coordinates (end of transect): 48.48.431 125.18.620",had been 48.58.442  125.18.678,BC_PP,"Pacific Rim Park, British Columbia","Pacific Rim Park, British Columbia"
BC_PP,PP_MB,pecoe-0960,2023-07-17,48.9740333333,-125.3113,12:33:00,15:05-15:35,Sample,exblank-2023-43,1000,2023,NA,NA,1000ml filtered; xn tech:  ; xn date: Aug-14-2023; xn notes: ; filtration comments: none; tech: Wyth Marshall,Mayne Bay,"Yakimishyn, Jennifer Bohlen, Krista",0-0.5,low,medium,none,31.3,19,by_boat,1.0,present,eelgrass large band along shoreline,"10m apart, drifitng with wind. 1.0m depth; Time 1st=9:33. Second set of coordinates (end of transect): 48.48.431 125.18.620",had been 48.58.442  125.18.678,BC_PP,"Pacific Rim Park, British Columbia","Pacific Rim Park, British Columbia"
BC_PP,PP_HI,pecoe-0961,2023-07-18,48.951385,-125.314035,09:26:00,14:38-14:59,Sample,exblank-2023-43,1000,2023,NA,NA,Samples collected 0855 (2x); 0926 (2x); xn tech:  ; xn date: Aug-14-2023; xn notes: ; filtration comments: Samples collected 0855 (2x); 0926 (2x); tech: Wyth Marshall,Hand Island,"Yakimishyn, Jennifer Bohlen, Krista",0-0.5,"low
",none,none,32,15.3,by_boat,1.5,present,NA,2 samples take at 1st set location; 2 samples taken at 2nd and 3rd set location,had been 48.57.0831 (1&2); 48.57.0731 (3&4)        125.18.8421 (1&2); 125.18.8121 (3&4),BC_PP,"Pacific Rim Park, British Columbia","Pacific Rim Park, British Columbia"
BC_PP,PP_HI,pecoe-0962,2023-07-18,48.951385,-125.314035,08:55:00,13:30-14:57,Sample,exblank-2023-43,1000,2023,NA,NA,1000ml filtered; xn tech:  ; xn date: Aug-14-2023; xn notes: ; filtration comments: none; tech: Wyth Marshall,Hand Island,"Yakimishyn, Jennifer Bohlen, Krista",0-0.5,"low
",none,none,32,15.3,by_boat,1.5,present,NA,2 samples take at 1st set location; 2 samples taken at 2nd and 3rd set location,had been 48.57.0831 (1&2); 48.57.0731 (3&4)        125.18.8421 (1&2); 125.18.8121 (3&4),BC_PP,"Pacific Rim Park, British Columbia","Pacific Rim Park, British Columbia"
BC_PP,PP_HI,pecoe-0963,2023-07-18,48.951385,-125.314035,09:26:00,14:02-14:30,Sample,exblank-2023-43,1000,2023,NA,NA,1000ml filtered; xn tech:  ; xn date: Aug-14-2023; xn notes: ; filtration comments: none; tech: Wyth Marshall,Hand Island,"Yakimishyn, Jennifer Bohlen, Krista",0-0.5,"low
",none,none,32,15.3,by_boat,1.5,present,NA,2 samples take at 1st set location; 2 samples taken at 2nd and 3rd set location,had been 48.57.0831 (1&2); 48.57.0731 (3&4)        125.18.8421 (1&2); 125.18.8121 (3&4),BC_PP,"Pacific Rim Park, British Columbia","Pacific Rim Park, British Columbia"
BC_PP,PP_HI,pecoe-0964,2023-07-18,48.951385,-125.314035,08:55:00,12:55-13:21,Sample,exblank-2023-43,1000,2023,NA,NA,1000ml filtered; xn tech:  ; xn date: Aug-14-2023; xn notes: ; filtration comments: none; tech: Wyth Marshall,Hand Island,"Yakimishyn, Jennifer Bohlen, Krista",0-0.5,"low
",none,none,32,15.3,by_boat,1.5,present,NA,2 samples take at 1st set location; 2 samples taken at 2nd and 3rd set location,had been 48.57.0831 (1&2); 48.57.0731 (3&4)        125.18.8421 (1&2); 125.18.8121 (3&4),BC_PP,"Pacific Rim Park, British Columbia","Pacific Rim Park, British Columbia"
BC_PP,PP_HI,pecoe-0965,2023-07-18,48.951385,-125.314035,NA,12:32-12:49,Field blank,exblank-2023-44,1000,2023,NA,NA,1000ml filtered; xn tech:  ; xn date: Aug-15-2023; xn notes: ; filtration comments: none; tech: Wyth Marshall,Hand Island,"Yakimishyn, Jennifer Bohlen, Krista",0-0.5,"low
",none,none,32,15.3,by_boat,1.5,present,NA,2 samples take at 1st set location; 2 samples taken at 2nd and 3rd set location,had been 48.57.0831 (1&2); 48.57.0731 (3&4)        125.18.8421 (1&2); 125.18.8121 (3&4),BC_PP,"Pacific Rim Park, British Columbia","Pacific Rim Park, British Columbia"
BC_PP,PP_JJ,pecoe-0966,2023-07-21,48.921635,-125.2755516667,10:20:00,14:02-14:40,Sample,exblank-2023-44,750,2023,NA,NA,750ml; xn tech:  ; xn date: Aug-15-2023; xn notes: ; filtration comments: none; tech: Wyth Marshall,Jaques-Jarvis Lagoon,"Yakimishyn, Jennifer Bohlen, Krista",0-0.5,"low
",none,none,32,16.8,by_boat,2.2,present,"lots of decaying, epiphytes on blades",samples taken 10m apart,had been 48.55.2981 (#1); 48.55.278 (#4)        125.16.5331 (#1); 125.16.576 (#4),BC_PP,"Pacific Rim Park, British Columbia","Pacific Rim Park, British Columbia"
BC_PP,PP_JJ,pecoe-0967,2023-07-21,48.921635,-125.2755516667,08:20:00,12:53-13:17,Sample,exblank-2023-44,800,2023,NA,NA,800ml; xn tech:  ; xn date: Aug-15-2023; xn notes: ; filtration comments: none; tech: Wyth Marshall,Jaques-Jarvis Lagoon,"Yakimishyn, Jennifer Bohlen, Krista",0-0.5,"low
",none,none,32,16.8,by_boat,2.2,present,"lots of decaying, epiphytes on blades",samples taken 10m apart,had been 48.55.2981 (#1); 48.55.278 (#4)        125.16.5331 (#1); 125.16.576 (#4),BC_PP,"Pacific Rim Park, British Columbia","Pacific Rim Park, British Columbia"
BC_PP,PP_JJ,pecoe-0968,2023-07-21,48.921635,-125.2755516667,09:20:00,13:22-13:55,Sample,exblank-2023-44,700,2023,NA,NA,700ml; xn tech:  ; xn date: Aug-15-2023; xn notes: ; filtration comments: none; tech: Wyth Marshall,Jaques-Jarvis Lagoon,"Yakimishyn, Jennifer Bohlen, Krista",0-0.5,"low
",none,none,32,16.8,by_boat,2.2,present,"lots of decaying, epiphytes on blades",samples taken 10m apart,had been 48.55.2981 (#1); 48.55.278 (#4)        125.16.5331 (#1); 125.16.576 (#4),BC_PP,"Pacific Rim Park, British Columbia","Pacific Rim Park, British Columbia"
BC_PP,PP_JJ,pecoe-0969,2023-07-21,48.921635,-125.2755516667,08:20:00,12:18-12:48,Sample,exblank-2023-44,750,2023,NA,NA,750ml; xn tech:  ; xn date: Aug-15-2023; xn notes: ; filtration comments: none; tech: Wyth Marshall,Jaques-Jarvis Lagoon,"Yakimishyn, Jennifer Bohlen, Krista",0-0.5,"low
",none,none,32,16.8,by_boat,2.2,present,"lots of decaying, epiphytes on blades",samples taken 10m apart,had been 48.55.2981 (#1); 48.55.278 (#4)        125.16.5331 (#1); 125.16.576 (#4),BC_PP,"Pacific Rim Park, British Columbia","Pacific Rim Park, British Columbia"
BC_PP,PP_JJ,pecoe-0970,2023-07-21,48.921635,-125.2755516667,NA,12:02-12:14,Field blank,exblank-2023-44,1000,2023,NA,NA,1000ml filtered; xn tech:  ; xn date: Aug-15-2023; xn notes: ; filtration comments: none; tech: Wyth Marshall,Jaques-Jarvis Lagoon,"Yakimishyn, Jennifer Bohlen, Krista",0-0.5,"low
",none,none,32,16.8,by_boat,2.2,present,"lots of decaying, epiphytes on blades",samples taken 10m apart,had been 48.55.2981 (#1); 48.55.278 (#4)        125.16.5331 (#1); 125.16.576 (#4),BC_PP,"Pacific Rim Park, British Columbia","Pacific Rim Park, British Columbia"
BC_PP,PP_C,pecoe-0971,2023-07-19,48.8883,-125.3798333333,NA,13:20-13:38,Field blank,exblank-2023-44,1000,2023,NA,NA,1000ml filtered; xn tech:  ; xn date: Aug-15-2023; xn notes: ; filtration comments: none; tech: Wyth Marshall,Clarke,"Yakimishyn, Jennifer Bohlen, Krista",0-0.5,"low
",light,none,32.5,13,by_boat,1.25,present,NA,"~10m apart, ~1.0m depth, over eelgrass",had been 48.53.298; 48.53.2891 (4th sample)        125.22.790; 125.22.8031 (4th sample),BC_PP,"Pacific Rim Park, British Columbia","Pacific Rim Park, British Columbia"
BC_PP,PP_C,pecoe-0972,2023-07-19,48.8883,-125.3798333333,08:47:00,15:17-15:40,Sample,exblank-2023-44,1000,2023,NA,NA,1000ml filtered; xn tech:  ; xn date: Aug-15-2023; xn notes: ; filtration comments: none; tech: Wyth Marshall,Clarke,"Yakimishyn, Jennifer Bohlen, Krista",0-0.5,"low
",light,none,32.5,13,by_boat,1.25,present,NA,"~10m apart, ~1.0m depth, over eelgrass",had been 48.53.298; 48.53.2891 (4th sample)        125.22.790; 125.22.8031 (4th sample),BC_PP,"Pacific Rim Park, British Columbia","Pacific Rim Park, British Columbia"
BC_PP,PP_C,pecoe-0973,2023-07-19,48.8883,-125.3798333333,08:40:00,13:48-14:15,Sample,exblank-2023-44,1000,2023,NA,NA,1000ml filtered; xn tech:  ; xn date: Aug-15-2023; xn notes: ; filtration comments: none; tech: Wyth Marshall,Clarke,"Yakimishyn, Jennifer Bohlen, Krista",0-0.5,"low
",light,none,32.5,13,by_boat,1.25,present,NA,"~10m apart, ~1.0m depth, over eelgrass",had been 48.53.298; 48.53.2891 (4th sample)        125.22.790; 125.22.8031 (4th sample),BC_PP,"Pacific Rim Park, British Columbia","Pacific Rim Park, British Columbia"
BC_PP,PP_C,pecoe-0974,2023-07-19,48.8883,-125.3798333333,08:42:00,14:20-14:40,Sample,exblank-2023-44,1000,2023,NA,NA,1000ml filtered; xn tech:  ; xn date: Aug-15-2023; xn notes: ; filtration comments: none; tech: Wyth Marshall,Clarke,"Yakimishyn, Jennifer Bohlen, Krista",0-0.5,"low
",light,none,32.5,13,by_boat,1.25,present,NA,"~10m apart, ~1.0m depth, over eelgrass",had been 48.53.298; 48.53.2891 (4th sample)        125.22.790; 125.22.8031 (4th sample),BC_PP,"Pacific Rim Park, British Columbia","Pacific Rim Park, British Columbia"
BC_PP,PP_C,pecoe-0975,2023-07-19,48.8883,-125.3798333333,08:45:00,14:46-15:10,Sample,exblank-2023-44,1000,2023,NA,NA,1000ml filtered; xn tech:  ; xn date: Aug-15-2023; xn notes: ; filtration comments: none; tech: Wyth Marshall,Clarke,"Yakimishyn, Jennifer Bohlen, Krista",0-0.5,"low
",light,none,32.5,13,by_boat,1.25,present,NA,"~10m apart, ~1.0m depth, over eelgrass",had been 48.53.298; 48.53.2891 (4th sample)        125.22.790; 125.22.8031 (4th sample),BC_PP,"Pacific Rim Park, British Columbia","Pacific Rim Park, British Columbia"
BC_HG,HG_DSD,pecoe-0976,2023-08-05,54.010167,-132.138033,12:00:00,14:53:00,Field blank,exblank-2023-57,950,2023,NA,NA,filtered-950ml; xn tech:  ; xn date: Nov-2-2023; xn notes: ; filtration comments: none; tech: Silvio Carvalho,Delkatla Slough,MHL,0-0.5,flood,light,none,NA,NA,NA,0m,present,"fringing bed and small embayment in estuary, dense and continuous","10m apart along fringing eelgrass bed (~5m wide) along channel, and one sample in very small embayment w seagrass","may be a slightly different location from 2020 samples, which were likely from the dock; latlong had been 54deg0.610'N  132deg8.282'W, Coordinates updated to decimal degrees - KS 2024 October",BC_HGa,"Haida Gwaii, British Columbia","Haida Gwaii, British Columbia"
BC_HG,HG_DSD,pecoe-0977,2023-08-05,54.010167,-132.138033,12:30:00,18:35:00,Sample,exblank-2023-57,500,2023,NA,NA,filtered-500ml; xn tech:  ; xn date: Nov-2-2023; xn notes: ; filtration comments: none; tech: Silvio Carvalho,Delkatla Slough,MHL,0-0.5,flood,light,none,NA,NA,NA,0m,present,"fringing bed and small embayment in estuary, dense and continuous","10m apart along fringing eelgrass bed (~5m wide) along channel, and one sample in very small embayment w seagrass","may be a slightly different location from 2020 samples, which were likely from the dock; latlong had been 54deg0.610'N  132deg8.282'W, Coordinates updated to decimal degrees - KS 2024 October",BC_HGa,"Haida Gwaii, British Columbia","Haida Gwaii, British Columbia"
BC_HG,HG_DSD,pecoe-0978,2023-08-05,54.010167,-132.138033,12:41:00,16:25:00,Sample,exblank-2023-57,500,2023,NA,NA,filtered-500ml; xn tech:  ; xn date: Nov-2-2023; xn notes: ; filtration comments: none; tech: Silvio Carvalho,Delkatla Slough,MHL,0-0.5,flood,light,none,NA,NA,NA,0m,present,"fringing bed and small embayment in estuary, dense and continuous","10m apart along fringing eelgrass bed (~5m wide) along channel, and one sample in very small embayment w seagrass","may be a slightly different location from 2020 samples, which were likely from the dock; latlong had been 54deg0.610'N  132deg8.282'W, Coordinates updated to decimal degrees - KS 2024 October",BC_HGa,"Haida Gwaii, British Columbia","Haida Gwaii, British Columbia"
BC_HG,HG_DSD,pecoe-0979,2023-08-05,54.010167,-132.138033,12:25:00,17:40:00,Sample,exblank-2023-57,550,2023,NA,NA,filtered-550ml; xn tech:  ; xn date: Nov-2-2023; xn notes: ; filtration comments: none; tech: Silvio Carvalho,Delkatla Slough,MHL,0-0.5,flood,light,none,NA,NA,NA,0m,present,"fringing bed and small embayment in estuary, dense and continuous","10m apart along fringing eelgrass bed (~5m wide) along channel, and one sample in very small embayment w seagrass","may be a slightly different location from 2020 samples, which were likely from the dock; latlong had been 54deg0.610'N  132deg8.282'W, Coordinates updated to decimal degrees - KS 2024 October",BC_HGa,"Haida Gwaii, British Columbia","Haida Gwaii, British Columbia"
BC_HG,HG_DSD,pecoe-0980,2023-08-05,54.010167,-132.138033,12:28:00,15:19:00,Sample,exblank-2023-57,520,2023,NA,NA,filtered-520ml; xn tech:  ; xn date: Nov-2-2023; xn notes: ; filtration comments: none; tech: Silvio Carvalho,Delkatla Slough,MHL,0-0.5,flood,light,none,NA,NA,NA,0m,present,"fringing bed and small embayment in estuary, dense and continuous","10m apart along fringing eelgrass bed (~5m wide) along channel, and one sample in very small embayment w seagrass","may be a slightly different location from 2020 samples, which were likely from the dock; latlong had been 54deg0.610'N  132deg8.282'W, Coordinates updated to decimal degrees - KS 2024 October",BC_HGa,"Haida Gwaii, British Columbia","Haida Gwaii, British Columbia"
BC_HG,HG_MDD,pecoe-0981,2023-08-05,54.0093,-132.149633,12:58:00,17:35:00,Field blank,exblank-2023-58,700,2023,NA,NA,filtered-700ml; xn tech:  ; xn date: Dec-12-2023; xn notes: ; filtration comments: none; tech: Silvio Carvalho,Masset Downtown Dock,MHL,0-0.5,flood,light,none,NA,NA,NA,0m,present,"frinding bed along Masset inlet, high currents, dense, long blades","10m apart along eelgrass large morphology shallow edge (shorter morphology observed in shallows), Masset public dock to the right/North","latlong had been 54deg0.558'N 132deg8.978'W, Coordinates updated to decimal degrees - KS 2024 October",BC_HGa,"Haida Gwaii, British Columbia","Haida Gwaii, British Columbia"
BC_HG,HG_MDD,pecoe-0982,2023-08-05,54.0093,-132.149633,13:02:00,18:15:00,Sample,exblank-2023-58,700,2023,NA,NA,filtered-700ml; xn tech:  ; xn date: Dec-12-2023; xn notes: ; filtration comments: none; tech: Silvio Carvalho,Masset Downtown Dock,MHL,0-0.5,flood,light,none,NA,NA,NA,0m,present,"frinding bed along Masset inlet, high currents, dense, long blades","10m apart along eelgrass large morphology shallow edge (shorter morphology observed in shallows), Masset public dock to the right/North","latlong had been 54deg0.558'N 132deg8.978'W, Coordinates updated to decimal degrees - KS 2024 October",BC_HGa,"Haida Gwaii, British Columbia","Haida Gwaii, British Columbia"
BC_HG,HG_MDD,pecoe-0983,2023-08-05,54.0093,-132.149633,13:05:00,19:00:00,Sample,exblank-2023-58,670,2023,NA,NA,filtered-670ml; xn tech:  ; xn date: Dec-12-2023; xn notes: ; filtration comments: none; tech: Silvio Carvalho,Masset Downtown Dock,MHL,0-0.5,flood,light,none,NA,NA,NA,0m,present,"frinding bed along Masset inlet, high currents, dense, long blades","10m apart along eelgrass large morphology shallow edge (shorter morphology observed in shallows), Masset public dock to the right/North","latlong had been 54deg0.558'N 132deg8.978'W, Coordinates updated to decimal degrees - KS 2024 October",BC_HGa,"Haida Gwaii, British Columbia","Haida Gwaii, British Columbia"
BC_HG,HG_MDD,pecoe-0984,2023-08-05,54.0093,-132.149633,13:08:00,19:50:00,Sample,exblank-2023-58,625,2023,NA,NA,filtered-625ml; xn tech:  ; xn date: Dec-12-2023; xn notes: ; filtration comments: none; tech: Silvio Carvalho,Masset Downtown Dock,MHL,0-0.5,flood,light,none,NA,NA,NA,0m,present,"frinding bed along Masset inlet, high currents, dense, long blades","10m apart along eelgrass large morphology shallow edge (shorter morphology observed in shallows), Masset public dock to the right/North","latlong had been 54deg0.558'N 132deg8.978'W, Coordinates updated to decimal degrees - KS 2024 October",BC_HGa,"Haida Gwaii, British Columbia","Haida Gwaii, British Columbia"
BC_HG,HG_MDD,pecoe-0985,2023-08-05,54.0093,-132.149633,13:13:00,20:50:00,Sample,exblank-2023-58,630,2023,NA,NA,filtered-630ml; xn tech:  ; xn date: Dec-12-2023; xn notes: ; filtration comments: none; tech: Silvio Carvalho,Masset Downtown Dock,MHL,0-0.5,flood,light,none,NA,NA,NA,0m,present,"frinding bed along Masset inlet, high currents, dense, long blades","10m apart along eelgrass large morphology shallow edge (shorter morphology observed in shallows), Masset public dock to the right/North","latlong had been 54deg0.558'N 132deg8.978'W, Coordinates updated to decimal degrees - KS 2024 October",BC_HGa,"Haida Gwaii, British Columbia","Haida Gwaii, British Columbia"
BC_HG,HG_DN,pecoe-0986,2023-08-16,53.1542666667,-132.4371833333,NA,NA,Field blank,exblank-2023-55,960,2023,NA,NA, ; xn tech:  ; xn date: Oct-28-2023; xn notes: ; filtration comments: none; tech: Silvio Carvalho,Deena,"Tayler Brown, Hannah Bregulla",0-0.5,ebb,light,none,29.29,17.64,by_foot,1.1,present,thick,10m apart consistent depth,"temperature data will be available from loggers, had used decimal minutes: 53 09.256 , 132 26.231, note that salinity/termperature data loggers are located in the channel of the creek with more freshwater input",BC_HGb,"Haida Gwaii, British Columbia","Haida Nation, British Columbia"
BC_HG,HG_DN,pecoe-0987,2023-08-16,53.1542666667,-132.4371833333,09:00:00,13:18:00,Sample,exblank-2023-55,900,2023,NA,NA,900; xn tech:  ; xn date: Oct-28-2023; xn notes: ; filtration comments: none; tech: Silvio Carvalho,Deena,"Tayler Brown, Hannah Bregulla",0-0.5,ebb,light,none,29.29,17.64,by_foot,1.1,present,thick,10m apart consistent depth,"temperature data will be available from loggers, had used decimal minutes: 53 09.256 , 132 26.231, note that salinity/termperature data loggers are located in the channel of the creek with more freshwater input",BC_HGb,"Haida Gwaii, British Columbia","Haida Nation, British Columbia"
BC_HG,HG_DN,pecoe-0988,2023-08-16,53.1542666667,-132.4371833333,09:10:00,14:05:00,Sample,exblank-2023-55,1000,2023,NA,NA,1000; xn tech:  ; xn date: Oct-28-2023; xn notes: ; filtration comments: none; tech: Silvio Carvalho,Deena,"Tayler Brown, Hannah Bregulla",0-0.5,ebb,light,none,29.29,17.64,by_foot,1.1,present,thick,10m apart consistent depth,"temperature data will be available from loggers, had used decimal minutes: 53 09.256 , 132 26.231, note that salinity/termperature data loggers are located in the channel of the creek with more freshwater input",BC_HGb,"Haida Gwaii, British Columbia","Haida Nation, British Columbia"
BC_HG,HG_DN,pecoe-0989,2023-08-16,53.1542666667,-132.4371833333,09:22:00,15:14:00,Sample,exblank-2023-55,1000,2023,NA,NA,1000; xn tech:  ; xn date: Oct-28-2023; xn notes: ; filtration comments: none; tech: Silvio Carvalho,Deena,"Tayler Brown, Hannah Bregulla",0-0.5,ebb,light,none,29.29,17.64,by_foot,1.1,present,thick,10m apart consistent depth,"temperature data will be available from loggers, had used decimal minutes: 53 09.256 , 132 26.231, note that salinity/termperature data loggers are located in the channel of the creek with more freshwater input",BC_HGb,"Haida Gwaii, British Columbia","Haida Nation, British Columbia"
BC_HG,HG_DN,pecoe-0990,2023-08-16,53.1542666667,-132.4371833333,09:30:00,16:14:00,Sample,exblank-2023-57,1000,2023,NA,NA,1000; xn tech:  ; xn date: Nov-2-2023; xn notes: ; filtration comments: none; tech: Silvio Carvalho,Deena,"Tayler Brown, Hannah Bregulla",0-0.5,ebb,light,none,29.29,17.64,by_foot,1.1,present,thick,10m apart consistent depth,"temperature data will be available from loggers, had used decimal minutes: 53 09.256 , 132 26.231, note that salinity/termperature data loggers are located in the channel of the creek with more freshwater input",BC_HGb,"Haida Gwaii, British Columbia","Haida Nation, British Columbia"
BC_HG,HG_TK,pecoe-0991,2023-08-17,53.15415,-132.1033333333,NA,12:00:00,Field blank,exblank-2023-56,960,2023,NA,NA,960; xn tech:  ; xn date: Oct-30-2023; xn notes: ; filtration comments: none; tech: Silvio Carvalho,Tarundl-Kagan,"Aidan Schubert, Hannah Bregulla",0-0.5,flood,none,none,30.19,17.49,by_foot,0.9,present,"large but not super dense, 10-20cm between single plants","consistent depth, parallel to shore","temperature data will be available from loggers, had used decimal minutes: 53 14.091  132 09.175, note that salinity/termperature data loggers are located in the channel of the creek with more freshwater input",BC_HGb,"Haida Gwaii, British Columbia","Haida Nation, British Columbia"
BC_HG,HG_TK,pecoe-0992,2023-08-17,53.15415,-132.1033333333,08:50:00,12:20:00,Sample,exblank-2023-57,650,2023,NA,NA,650; xn tech:  ; xn date: Nov-2-2023; xn notes: ; filtration comments: none; tech: Silvio Carvalho,Tarundl-Kagan,"Aidan Schubert, Hannah Bregulla",0-0.5,flood,none,none,30.19,17.49,by_foot,0.9,present,"large but not super dense, 10-20cm between single plants","consistent depth, parallel to shore","temperature data will be available from loggers, had used decimal minutes: 53 14.091  132 09.175, note that salinity/termperature data loggers are located in the channel of the creek with more freshwater input",BC_HGb,"Haida Gwaii, British Columbia","Haida Nation, British Columbia"
BC_HG,HG_TK,pecoe-0993,2023-08-17,53.15415,-132.1033333333,09:02:00,13:01:00,Sample,exblank-2023-56,350,2023,NA,NA,350; xn tech:  ; xn date: Oct-30-2023; xn notes: ; filtration comments: none; tech: Silvio Carvalho,Tarundl-Kagan,"Aidan Schubert, Hannah Bregulla",0-0.5,flood,none,none,30.19,17.49,by_foot,0.9,present,"large but not super dense, 10-20cm between single plants","consistent depth, parallel to shore","temperature data will be available from loggers, had used decimal minutes: 53 14.091  132 09.175, note that salinity/termperature data loggers are located in the channel of the creek with more freshwater input",BC_HGb,"Haida Gwaii, British Columbia","Haida Nation, British Columbia"
BC_HG,HG_TK,pecoe-0994,2023-08-17,53.15415,-132.1033333333,09:16:00,14:02:00,Sample,exblank-2023-56,450,2023,NA,NA,450; xn tech:  ; xn date: Oct-30-2023; xn notes: ; filtration comments: none; tech: Silvio Carvalho,Tarundl-Kagan,"Aidan Schubert, Hannah Bregulla",0-0.5,flood,none,none,30.19,17.49,by_foot,0.9,present,"large but not super dense, 10-20cm between single plants","consistent depth, parallel to shore","temperature data will be available from loggers, had used decimal minutes: 53 14.091  132 09.175, note that salinity/termperature data loggers are located in the channel of the creek with more freshwater input",BC_HGb,"Haida Gwaii, British Columbia","Haida Nation, British Columbia"
BC_HG,HG_TK,pecoe-0995,2023-08-17,53.15415,-132.1033333333,09:52:00,02:50:00,Sample,exblank-2023-56,870,2023,NA,NA,870; xn tech:  ; xn date: Oct-30-2023; xn notes: ; filtration comments: none; tech: Silvio Carvalho,Tarundl-Kagan,"Aidan Schubert, Hannah Bregulla",0-0.5,flood,none,none,30.19,17.49,by_foot,0.9,present,"large but not super dense, 10-20cm between single plants","consistent depth, parallel to shore","temperature data will be available from loggers, had used decimal minutes: 53 14.091  132 09.175, note that salinity/termperature data loggers are located in the channel of the creek with more freshwater input",BC_HGb,"Haida Gwaii, British Columbia","Haida Nation, British Columbia"
CA_LA,LA_UN,pecoe-1001,2023-07-18,33.6213162,-117.8994115,NA,12:16:00,Field blank,exblank-2023-52,1000,2023,NA,NA, ; xn tech:  ; xn date: Oct-20-2023; xn notes: ; filtration comments: none; tech: Silvio Carvalho,Upper Newport Bay Restoration Bed,"Sarah Joy Bittick, Nolan Abi-Hanna, Mia Vafadari",0-0.5,flood,light,none,33.16,21.8,by_foot,2,present,"patchy, narrow bed","samples taken in a straight line, consistent depth ~10 meters apart, parallel to shore towards the west",tide higher than what we've collected at in the past,CA_LA,"Los Angeles, California","Los Angeles, California"
CA_LA,LA_UN,pecoe-1002,2023-07-18,33.6213162,-117.8994115,10:10:00,12:38:00,Sample,exblank-2023-52,1000,2023,NA,NA, ; xn tech:  ; xn date: Oct-20-2023; xn notes: ; filtration comments: none; tech: Silvio Carvalho,Upper Newport Bay Restoration Bed,"Sarah Joy Bittick, Nolan Abi-Hanna, Mia Vafadari",0-0.5,flood,light,none,33.16,21.8,by_foot,2,present,"patchy, narrow bed","samples taken in a straight line, consistent depth ~10 meters apart, parallel to shore towards the west",tide higher than what we've collected at in the past,CA_LA,"Los Angeles, California","Los Angeles, California"
CA_LA,LA_UN,pecoe-1003,2023-07-18,33.6213162,-117.8994115,10:14:00,13:00:00,Sample,exblank-2023-53,1000,2023,NA,NA, ; xn tech:  ; xn date: Oct-26-2023; xn notes: ; filtration comments: none; tech: Silvio Carvalho,Upper Newport Bay Restoration Bed,"Sarah Joy Bittick, Nolan Abi-Hanna, Mia Vafadari",0-0.5,flood,light,none,33.16,21.8,by_foot,2,present,"patchy, narrow bed","samples taken in a straight line, consistent depth ~10 meters apart, parallel to shore towards the west",tide higher than what we've collected at in the past,CA_LA,"Los Angeles, California","Los Angeles, California"
CA_LA,LA_UN,pecoe-1004,2023-07-18,33.6213162,-117.8994115,10:18:00,13:24:00,Sample,exblank-2023-53,1000,2023,NA,NA, ; xn tech:  ; xn date: Oct-26-2023; xn notes: ; filtration comments: none; tech: Silvio Carvalho,Upper Newport Bay Restoration Bed,"Sarah Joy Bittick, Nolan Abi-Hanna, Mia Vafadari",0-0.5,flood,light,none,33.16,21.8,by_foot,2,present,"patchy, narrow bed","samples taken in a straight line, consistent depth ~10 meters apart, parallel to shore towards the west",tide higher than what we've collected at in the past,CA_LA,"Los Angeles, California","Los Angeles, California"
CA_LA,LA_UN,pecoe-1005,2023-07-18,33.6213162,-117.8994115,10:23:00,13:44:00,Sample,exblank-2023-53,1000,2023,NA,NA,syringed 2x to get all water out; xn tech:  ; xn date: Oct-26-2023; xn notes: ; filtration comments: syringed 2x tro get all the water out; tech: Silvio Carvalho,Upper Newport Bay Restoration Bed,"Sarah Joy Bittick, Nolan Abi-Hanna, Mia Vafadari",0-0.5,flood,light,none,33.16,21.8,by_foot,2,present,"patchy, narrow bed","samples taken in a straight line, consistent depth ~10 meters apart, parallel to shore towards the west",tide higher than what we've collected at in the past,CA_LA,"Los Angeles, California","Los Angeles, California"
CA_LA,LA_SP,pecoe-1006,2023-07-28,33.713624,-118.283817,NA,12:15:00,Field blank,exblank-2023-54,1000,2023,NA,NA, ; xn tech:  ; xn date: Oct-27-2023; xn notes: ; filtration comments: none; tech: Silvio Carvalho,San Pedro Region,"Andrea, Nolan, Mia",0-0.5,slack,none,none,33.005,19.3,by_foot,1.5,present,"seagrass coverage was dense and plentiful; seagrass height was 2-2.5ft, lots of green algae present within seagrass bed and off boat landing ramp/docks","sampled in 4.5-5 ft water on surfboard, parallell to shore",NA,CA_LA,"Los Angeles, California","Los Angeles, California"
CA_LA,LA_SP,pecoe-1007,2023-07-28,33.713624,-118.283817,10:13:00,12:27:00,Sample,exblank-2023-54,750,2023,NA,NA,750 mL (2 syringe pumps need to get excess water out); xn tech:  ; xn date: Oct-27-2023; xn notes: ; filtration comments: syringed 2x tro get all the water out; tech: Silvio Carvalho,San Pedro Region,"Andrea, Nolan, Mia",0-0.5,slack,none,none,33.005,19.3,by_foot,1.5,present,"seagrass coverage was dense and plentiful; seagrass height was 2-2.5ft, lots of green algae present within seagrass bed and off boat landing ramp/docks","sampled in 4.5-5 ft water on surfboard, parallell to shore",NA,CA_LA,"Los Angeles, California","Los Angeles, California"
CA_LA,LA_SP,pecoe-1008,2023-07-28,33.713624,-118.283817,10:22:00,12:47:00,Sample,exblank-2023-53,900,2023,NA,NA,900 mL (2 syringe pumps need to get excess water out); xn tech:  ; xn date: Oct-26-2023; xn notes: ; filtration comments: syringed 2x tro get all the water out; tech: Silvio Carvalho,San Pedro Region,"Andrea, Nolan, Mia",0-0.5,slack,none,none,33.005,19.3,by_foot,1.5,present,"seagrass coverage was dense and plentiful; seagrass height was 2-2.5ft, lots of green algae present within seagrass bed and off boat landing ramp/docks","sampled in 4.5-5 ft water on surfboard, parallell to shore",NA,CA_LA,"Los Angeles, California","Los Angeles, California"
CA_LA,LA_SP,pecoe-1009,2023-07-28,33.713624,-118.283817,10:30:00,13:11:00,Sample,exblank-2023-54,900,2023,NA,NA,900 mL (2 syringe pumps need to get excess water out); xn tech:  ; xn date: Oct-27-2023; xn notes: ; filtration comments: syringed 2x tro get all the water out; tech: Silvio Carvalho,San Pedro Region,"Andrea, Nolan, Mia",0-0.5,slack,none,none,33.005,19.3,by_foot,1.5,present,"seagrass coverage was dense and plentiful; seagrass height was 2-2.5ft, lots of green algae present within seagrass bed and off boat landing ramp/docks","sampled in 4.5-5 ft water on surfboard, parallell to shore",NA,CA_LA,"Los Angeles, California","Los Angeles, California"
CA_LA,LA_SP,pecoe-1010,2023-07-28,33.713624,-118.283817,10:38:00,13:42:00,Sample,exblank-2023-54,800,2023,NA,NA,800 mL (2 syringe pumps need to get excess water out); xn tech:  ; xn date: Oct-27-2023; xn notes: ; filtration comments: syringed 2x tro get all the water out; tech: Silvio Carvalho,San Pedro Region,"Andrea, Nolan, Mia",0-0.5,slack,none,none,33.005,19.3,by_foot,1.5,present,"seagrass coverage was dense and plentiful; seagrass height was 2-2.5ft, lots of green algae present within seagrass bed and off boat landing ramp/docks","sampled in 4.5-5 ft water on surfboard, parallell to shore",NA,CA_LA,"Los Angeles, California","Los Angeles, California"
CA_LA,LA_JD,pecoe-1011,2023-07-21,33.762067,-118.119511,NA,12:00:00,Field blank,exblank-2023-54,1000,2023,NA,NA, ; xn tech:  ; xn date: Oct-27-2023; xn notes: ; filtration comments: none; tech: Silvio Carvalho,Jack Dunster Reserve,"Andrea, Nolan, Mia",0-0.5,"low
",light,none,33.184,20.9,by_foot,1.5,present,"thick, plentiful, dense, 1 meter tall, muddy with lots of algae",parallel to shore,used surfboard to take samples,CA_LA,"Los Angeles, California","Los Angeles, California"
CA_LA,LA_JD,pecoe-1012,2023-07-21,33.762067,-118.119511,10:05:00,12:15:00,Sample,exblank-2023-54,900,2023,NA,NA,stopped at 900 mL; xn tech:  ; xn date: Oct-27-2023; xn notes: ; filtration comments: clogged at 900mL; tech: Silvio Carvalho,Jack Dunster Reserve,"Andrea, Nolan, Mia",0-0.5,"low
",light,none,33.184,20.9,by_foot,1.5,present,"thick, plentiful, dense, 1 meter tall, muddy with lots of algae",parallel to shore,used surfboard to take samples,CA_LA,"Los Angeles, California","Los Angeles, California"
CA_LA,LA_JD,pecoe-1013,2023-07-21,33.762067,-118.119511,10:10:00,12:42:00,Sample,exblank-2023-54,1000,2023,NA,NA, ; xn tech:  ; xn date: Oct-27-2023; xn notes: ; filtration comments: none; tech: Silvio Carvalho,Jack Dunster Reserve,"Andrea, Nolan, Mia",0-0.5,"low
",light,none,33.184,20.9,by_foot,1.5,present,"thick, plentiful, dense, 1 meter tall, muddy with lots of algae",parallel to shore,used surfboard to take samples,CA_LA,"Los Angeles, California","Los Angeles, California"
CA_LA,LA_JD,pecoe-1014,2023-07-21,33.762067,-118.119511,10:15:00,02:12:00,Sample,exblank-2023-54,1000,2023,NA,NA, ; xn tech:  ; xn date: Oct-27-2023; xn notes: ; filtration comments: none; tech: Silvio Carvalho,Jack Dunster Reserve,"Andrea, Nolan, Mia",0-0.5,"low
",light,none,33.184,20.9,by_foot,1.5,present,"thick, plentiful, dense, 1 meter tall, muddy with lots of algae",parallel to shore,used surfboard to take samples,CA_LA,"Los Angeles, California","Los Angeles, California"
CA_LA,LA_JD,pecoe-1015,2023-07-21,33.762067,-118.119511,10:20:00,02:34:00,Sample,exblank-2023-54,1000,2023,NA,NA, ; xn tech:  ; xn date: Oct-27-2023; xn notes: ; filtration comments: none; tech: Silvio Carvalho,Jack Dunster Reserve,"Andrea, Nolan, Mia",0-0.5,"low
",light,none,33.184,20.9,by_foot,1.5,present,"thick, plentiful, dense, 1 meter tall, muddy with lots of algae",parallel to shore,used surfboard to take samples,CA_LA,"Los Angeles, California","Los Angeles, California"
CA_LA,LA_AB,pecoe-1016,2023-07-19,33.756244,-118.1311329,NA,12:05:00,Field blank,exblank-2023-53,1000,2023,NA,NA, ; xn tech:  ; xn date: Oct-26-2023; xn notes: ; filtration comments: none; tech: Silvio Carvalho,Alamitos Bay,"Sarah Joy Bittick, Nolan Abi-Hanna, Mia Vafadari, Andrea Klishevich",0-0.5,high,light,none,33.215,21.2,by_foot,2.5,present,"fairly dense, narrow bed along channel","samples taken parallel to shore, at least 10 m apart in the northeast direction",tide higher than what we've collected at in the past. also lots of human activity here. Junior life guards were training and swimming,CA_LA,"Los Angeles, California","Los Angeles, California"
CA_LA,LA_AB,pecoe-1017,2023-07-19,33.756244,-118.1311329,09:19:00,12:21:00,Sample,exblank-2023-53,800,2023,NA,NA,stopped at 800 mL; xn tech:  ; xn date: Oct-26-2023; xn notes: ; filtration comments:  ; tech: Silvio Carvalho,Alamitos Bay,"Sarah Joy Bittick, Nolan Abi-Hanna, Mia Vafadari, Andrea Klishevich",0-0.5,high,light,none,33.215,21.2,by_foot,2.5,present,"fairly dense, narrow bed along channel","samples taken parallel to shore, at least 10 m apart in the northeast direction",tide higher than what we've collected at in the past. also lots of human activity here. Junior life guards were training and swimming,CA_LA,"Los Angeles, California","Los Angeles, California"
CA_LA,LA_AB,pecoe-1018,2023-07-19,33.756244,-118.1311329,09:25:00,12:46:00,Sample,exblank-2023-53,800,2023,NA,NA, ; xn tech:  ; xn date: Oct-26-2023; xn notes: ; filtration comments:  ; tech: Silvio Carvalho,Alamitos Bay,"Sarah Joy Bittick, Nolan Abi-Hanna, Mia Vafadari, Andrea Klishevich",0-0.5,high,light,none,33.215,21.2,by_foot,2.5,present,"fairly dense, narrow bed along channel","samples taken parallel to shore, at least 10 m apart in the northeast direction",tide higher than what we've collected at in the past. also lots of human activity here. Junior life guards were training and swimming,CA_LA,"Los Angeles, California","Los Angeles, California"
CA_LA,LA_AB,pecoe-1019,2023-07-19,33.756244,-118.1311329,09:35:00,13:08:00,Sample,exblank-2023-53,800,2023,NA,NA,stopped at 800 mL; xn tech:  ; xn date: Oct-26-2023; xn notes: ; filtration comments:  ; tech: Silvio Carvalho,Alamitos Bay,"Sarah Joy Bittick, Nolan Abi-Hanna, Mia Vafadari, Andrea Klishevich",0-0.5,high,light,none,33.215,21.2,by_foot,2.5,present,"fairly dense, narrow bed along channel","samples taken parallel to shore, at least 10 m apart in the northeast direction",tide higher than what we've collected at in the past. also lots of human activity here. Junior life guards were training and swimming,CA_LA,"Los Angeles, California","Los Angeles, California"
CA_LA,LA_AB,pecoe-1020,2023-07-19,33.756244,-118.1311329,09:40:00,13:36:00,Sample,exblank-2023-53,800,2023,NA,NA,stopped at 800 mL; xn tech:  ; xn date: Oct-26-2023; xn notes: ; filtration comments:  ; tech: Silvio Carvalho,Alamitos Bay,"Sarah Joy Bittick, Nolan Abi-Hanna, Mia Vafadari, Andrea Klishevich",0-0.5,high,light,none,33.215,21.2,by_foot,2.5,present,"fairly dense, narrow bed along channel","samples taken parallel to shore, at least 10 m apart in the northeast direction",tide higher than what we've collected at in the past. also lots of human activity here. Junior life guards were training and swimming,CA_LA,"Los Angeles, California","Los Angeles, California"
CA_LA,LA_MS,pecoe-1021,2023-07-26,33.7679827592391,-118.128431863704,NA,12:24:00,Field blank,exblank-2023-51,1000,2023,NA,NA, ; xn tech:  ; xn date: Oct-16-23; xn notes: ; filtration comments:  ; tech: Silvio Carvalho,Marine Stadium Restoration Bed,"Andrea, Nolan, Mia",0-0.5,"low
",light,none,33.195,23,by_foot,1.5,present,"patchy, not dense, 1 ft seagrass height",around the fence(shore) along rocks,"muddy and rocky, visible stingrays",CA_LA,"Los Angeles, California","Los Angeles, California"
CA_LA,LA_MS,pecoe-1022,2023-07-26,33.7679827592391,-118.128431863704,10:01:00,12:40:00,Sample,exblank-2023-51,1000,2023,NA,NA, ; xn tech:  ; xn date: Oct-16-23; xn notes: ; filtration comments:  ; tech: Silvio Carvalho,Marine Stadium Restoration Bed,"Andrea, Nolan, Mia",0-0.5,"low
",light,none,33.195,23,by_foot,1.5,present,"patchy, not dense, 1 ft seagrass height",around the fence(shore) along rocks,"muddy and rocky, visible stingrays",CA_LA,"Los Angeles, California","Los Angeles, California"
CA_LA,LA_MS,pecoe-1023,2023-07-26,33.7679827592391,-118.128431863704,10:06:00,13:10:00,Sample,exblank-2023-51,1000,2023,NA,NA, ; xn tech:  ; xn date: Oct-16-23; xn notes: ; filtration comments:  ; tech: Silvio Carvalho,Marine Stadium Restoration Bed,"Andrea, Nolan, Mia",0-0.5,"low
",light,none,33.195,23,by_foot,1.5,present,"patchy, not dense, 1 ft seagrass height",around the fence(shore) along rocks,"muddy and rocky, visible stingrays",CA_LA,"Los Angeles, California","Los Angeles, California"
CA_LA,LA_MS,pecoe-1024,2023-07-26,33.7679827592391,-118.128431863704,10:11:00,13:32:00,Sample,exblank-2023-51,1000,2023,NA,NA,syringed 2x; xn tech:  ; xn date: Oct-16-23; xn notes: ; filtration comments:  ; tech: Silvio Carvalho,Marine Stadium Restoration Bed,"Andrea, Nolan, Mia",0-0.5,"low
",light,none,33.195,23,by_foot,1.5,present,"patchy, not dense, 1 ft seagrass height",around the fence(shore) along rocks,"muddy and rocky, visible stingrays",CA_LA,"Los Angeles, California","Los Angeles, California"
CA_LA,LA_MS,pecoe-1025,2023-07-26,33.7679827592391,-118.128431863704,10:16:00,14:02:00,Sample,exblank-2023-51,1000,2023,NA,NA,syringed 2x; xn tech:  ; xn date: Oct-16-23; xn notes: ; filtration comments:  ; tech: Silvio Carvalho,Marine Stadium Restoration Bed,"Andrea, Nolan, Mia",0-0.5,"low
",light,none,33.195,23,by_foot,1.5,present,"patchy, not dense, 1 ft seagrass height",around the fence(shore) along rocks,"muddy and rocky, visible stingrays",CA_LA,"Los Angeles, California","Los Angeles, California"
OR_CB,CB_BV,pecoe-1026,2023-07-02,43.35965,-124.316933,NA,NA,Sample,exblank-2023-47,405,2023,NA,NA, ; xn tech:  ; xn date: Aug-23-2023; xn notes: ; filtration comments: none; tech: Wyth Marshall,Bar View,"FTN, RSM",0-0.5,flood,high,none,NA,NA,by_foot,NA,NA,seagrass present below lower transects.,"paralel to shore, about 10m away from shore, 10m apart","NA, Coordinates taken from 2021 YB_BV",OR_CB,"Coos Bay, Oregon","Coos Bay, Oregon"
OR_CB,CB_BV,pecoe-1027,2023-07-02,43.35965,-124.316933,NA,NA,Sample,exblank-2023-47,315,2023,NA,NA, ; xn tech:  ; xn date: Aug-23-2023; xn notes: ; filtration comments: none; tech: Wyth Marshall,Bar View,"FTN, RSM",0-0.5,flood,high,none,NA,NA,by_foot,NA,NA,seagrass present below lower transects.,"paralel to shore, about 10m away from shore, 10m apart","NA, Coordinates taken from 2021 YB_BV",OR_CB,"Coos Bay, Oregon","Coos Bay, Oregon"
OR_CB,CB_BV,pecoe-1028,2023-07-02,43.35965,-124.316933,NA,NA,Sample,exblank-2023-47,255,2023,NA,NA, ; xn tech:  ; xn date: Aug-23-2023; xn notes: ; filtration comments: none; tech: Wyth Marshall,Bar View,"FTN, RSM",0-0.5,flood,high,none,NA,NA,by_foot,NA,NA,seagrass present below lower transects.,"paralel to shore, about 10m away from shore, 10m apart","NA, Coordinates taken from 2021 YB_BV",OR_CB,"Coos Bay, Oregon","Coos Bay, Oregon"
OR_CB,CB_BV,pecoe-1029,2023-07-02,43.35965,-124.316933,NA,NA,Sample,exblank-2023-47,430,2023,NA,NA, ; xn tech:  ; xn date: Aug-23-2023; xn notes: ; filtration comments: none; tech: Wyth Marshall,Bar View,"FTN, RSM",0-0.5,flood,high,none,NA,NA,by_foot,NA,NA,seagrass present below lower transects.,"paralel to shore, about 10m away from shore, 10m apart","NA, Coordinates taken from 2021 YB_BV",OR_CB,"Coos Bay, Oregon","Coos Bay, Oregon"
OR_CB,CB_BV,pecoe-1030,2023-07-02,43.35965,-124.316933,NA,NA,Field blank,exblank-2023-47,525,2023,NA,NA, ; xn tech:  ; xn date: Aug-23-2023; xn notes: ; filtration comments: clogged; luer lock cap fell off- rinsed with DI and RNase; tech: Wyth Marshall,Bar View,"FTN, RSM",0-0.5,flood,high,none,NA,NA,by_foot,NA,NA,seagrass present below lower transects.,"paralel to shore, about 10m away from shore, 10m apart","NA, Coordinates taken from 2021 YB_BV",OR_CB,"Coos Bay, Oregon","Coos Bay, Oregon"
OR_CB,CB_FP,pecoe-1031,2023-07-01,43.35965,-124.310117,NA,NA,Field blank,exblank-2023-47,300,2023,NA,NA, ; xn tech:  ; xn date: Aug-23-2023; xn notes: ; filtration comments: none; tech: Wyth Marshall,Fossil Point,"FTN, RSM",0-0.5,flood,light,none,NA,NA,by_foot,NA,NA,continuous bed of seagrass,NA,"NA, Coordinates taken from 2021 YB_FP",OR_CB,"Coos Bay, Oregon","Coos Bay, Oregon"
OR_CB,CB_FP,pecoe-1032,2023-07-01,43.35965,-124.310117,NA,NA,Sample,exblank-2023-47,500,2023,NA,NA, ; xn tech:  ; xn date: Aug-23-2023; xn notes: ; filtration comments: none; tech: Wyth Marshall,Fossil Point,"FTN, RSM",0-0.5,flood,light,none,NA,NA,by_foot,NA,NA,continuous bed of seagrass,NA,"NA, Coordinates taken from 2021 YB_FP",OR_CB,"Coos Bay, Oregon","Coos Bay, Oregon"
OR_CB,CB_FP,pecoe-1033,2023-07-01,43.35965,-124.310117,NA,NA,Sample,exblank-2023-47,525,2023,NA,NA, ; xn tech:  ; xn date: Aug-23-2023; xn notes: ; filtration comments: none; tech: Wyth Marshall,Fossil Point,"FTN, RSM",0-0.5,flood,light,none,NA,NA,by_foot,NA,NA,continuous bed of seagrass,NA,"NA, Coordinates taken from 2021 YB_FP",OR_CB,"Coos Bay, Oregon","Coos Bay, Oregon"
OR_CB,CB_FP,pecoe-1034,2023-07-01,43.35965,-124.310117,NA,NA,Sample,exblank-2023-47,434,2023,NA,NA, ; xn tech:  ; xn date: Aug-23-2023; xn notes: ; filtration comments: none; tech: Wyth Marshall,Fossil Point,"FTN, RSM",0-0.5,flood,light,none,NA,NA,by_foot,NA,NA,continuous bed of seagrass,NA,"NA, Coordinates taken from 2021 YB_FP",OR_CB,"Coos Bay, Oregon","Coos Bay, Oregon"
OR_CB,CB_FP,pecoe-1035,2023-07-01,43.35965,-124.310117,NA,NA,Sample,exblank-2023-47,350,2023,NA,NA, ; xn tech:  ; xn date: Aug-23-2023; xn notes: ; filtration comments: none; tech: Wyth Marshall,Fossil Point,"FTN, RSM",0-0.5,flood,light,none,NA,NA,by_foot,NA,NA,continuous bed of seagrass,NA,"NA, Coordinates taken from 2021 YB_FP",OR_CB,"Coos Bay, Oregon","Coos Bay, Oregon"
OR_YB,YB_SBS,pecoe-1036,2023-07-04,44.611535,-124.013767,NA,NA,Field blank,exblank-2023-47,750,2023,NA,NA, ; xn tech:  ; xn date: Aug-23-2023; xn notes: ; filtration comments: none; tech: Wyth Marshall,Sallys Bend South,"FTN, LA",NA,flood,light,none,NA,NA,NA,NA,NA,NA,NA,"NA, Coordinates updated to decimal degrees - KS 2024 October",OR_YB,"Yaquina Bay, Oregon","Yaquina Bay, Oregon"
OR_YB,YB_SBS,pecoe-1037,2023-07-04,44.611535,-124.013767,NA,NA,Sample,exblank-2023-47,525,2023,NA,NA, ; xn tech:  ; xn date: Aug-23-2023; xn notes: ; filtration comments: none; tech: Wyth Marshall,Sallys Bend South,"FTN, LA",NA,flood,light,none,NA,NA,NA,NA,NA,NA,NA,"NA, Coordinates updated to decimal degrees - KS 2024 October",OR_YB,"Yaquina Bay, Oregon","Yaquina Bay, Oregon"
OR_YB,YB_SBS,pecoe-1038,2023-07-04,44.611535,-124.013767,NA,NA,Sample,exblank-2023-47,620,2023,NA,NA, ; xn tech:  ; xn date: Aug-23-2023; xn notes: ; filtration comments: none; tech: Wyth Marshall,Sallys Bend South,"FTN, LA",NA,flood,light,none,NA,NA,NA,NA,NA,NA,NA,"NA, Coordinates updated to decimal degrees - KS 2024 October",OR_YB,"Yaquina Bay, Oregon","Yaquina Bay, Oregon"
OR_YB,YB_SBS,pecoe-1039,2023-07-04,44.611535,-124.013767,NA,NA,Sample,exblank-2023-47,600,2023,NA,NA, ; xn tech:  ; xn date: Aug-23-2023; xn notes: ; filtration comments: none; tech: Wyth Marshall,Sallys Bend South,"FTN, LA",NA,flood,light,none,NA,NA,NA,NA,NA,NA,NA,"NA, Coordinates updated to decimal degrees - KS 2024 October",OR_YB,"Yaquina Bay, Oregon","Yaquina Bay, Oregon"
OR_YB,YB_SBS,pecoe-1040,2023-07-04,44.611535,-124.013767,NA,NA,Sample,exblank-2023-47,650,2023,NA,NA, ; xn tech:  ; xn date: Aug-23-2023; xn notes: ; filtration comments: none; tech: Wyth Marshall,Sallys Bend South,"FTN, LA",NA,flood,light,none,NA,NA,NA,NA,NA,NA,NA,"NA, Coordinates updated to decimal degrees - KS 2024 October",OR_YB,"Yaquina Bay, Oregon","Yaquina Bay, Oregon"
OR_YB,YB_SBN,pecoe-1041,2023-07-03,44.622702,-124.023868,NA,NA,Field blank,exblank-2023-47,545,2023,NA,NA, ; xn tech:  ; xn date: Aug-23-2023; xn notes: ; filtration comments: none; tech: Wyth Marshall,Sallys Bend North,FTN,0-0.5,flood,none,none,NA,NA,NA,NA,NA,"presence of eal grass, lower end of the bed",NA,"NA, Coordinates updated to decimal degrees - KS 2024 October",OR_YB,"Yaquina Bay, Oregon","Yaquina Bay, Oregon"
OR_YB,YB_SBN,pecoe-1042,2023-07-03,44.622702,-124.023868,NA,NA,Sample,exblank-2023-47,520,2023,NA,NA, ; xn tech:  ; xn date: Aug-23-2023; xn notes: ; filtration comments: none; tech: Wyth Marshall,Sallys Bend North,FTN,0-0.5,flood,none,none,NA,NA,NA,NA,NA,"presence of eal grass, lower end of the bed",NA,"NA, Coordinates updated to decimal degrees - KS 2024 October",OR_YB,"Yaquina Bay, Oregon","Yaquina Bay, Oregon"
OR_YB,YB_SBN,pecoe-1043,2023-07-03,44.622702,-124.023868,NA,NA,Sample,exblank-2023-47,500,2023,NA,NA, ; xn tech:  ; xn date: Aug-23-2023; xn notes: ; filtration comments: none; tech: Wyth Marshall,Sallys Bend North,FTN,0-0.5,flood,none,none,NA,NA,NA,NA,NA,"presence of eal grass, lower end of the bed",NA,"NA, Coordinates updated to decimal degrees - KS 2024 October",OR_YB,"Yaquina Bay, Oregon","Yaquina Bay, Oregon"
OR_YB,YB_SBN,pecoe-1044,2023-07-03,44.622702,-124.023868,NA,NA,Sample,exblank-2023-47,575,2023,NA,NA, ; xn tech:  ; xn date: Aug-23-2023; xn notes: ; filtration comments: none; tech: Wyth Marshall,Sallys Bend North,FTN,0-0.5,flood,none,none,NA,NA,NA,NA,NA,"presence of eal grass, lower end of the bed",NA,"NA, Coordinates updated to decimal degrees - KS 2024 October",OR_YB,"Yaquina Bay, Oregon","Yaquina Bay, Oregon"
OR_YB,YB_SBN,pecoe-1045,2023-07-03,44.622702,-124.023868,NA,NA,Sample,exblank-2023-47,810,2023,NA,NA, ; xn tech:  ; xn date: Aug-23-2023; xn notes: ; filtration comments: none; tech: Wyth Marshall,Sallys Bend North,FTN,0-0.5,flood,none,none,NA,NA,NA,NA,NA,"presence of eal grass, lower end of the bed",NA,"NA, Coordinates updated to decimal degrees - KS 2024 October",OR_YB,"Yaquina Bay, Oregon","Yaquina Bay, Oregon"
OR_YB,YB_IF,pecoe-1046,2023-07-04,44.619535,-124.032067,NA,NA,Field blank,exblank-2023-47,846,2023,NA,NA, ; xn tech:  ; xn date: Aug-23-2023; xn notes: ; filtration comments: none; tech: Wyth Marshall,Idaho Flats,"FTN, LA",NA,flood,light,none,NA,NA,NA,0.5-1,NA,NA,NA,"NA, Coordinates updated to decimal degrees - KS 2024 October",OR_YB,"Yaquina Bay, Oregon","Yaquina Bay, Oregon"
OR_YB,YB_IF,pecoe-1047,2023-07-04,44.619535,-124.032067,NA,NA,Sample,exblank-2023-47,750,2023,NA,NA, ; xn tech:  ; xn date: Aug-23-2023; xn notes: ; filtration comments: none; tech: Wyth Marshall,Idaho Flats,"FTN, LA",NA,flood,light,none,NA,NA,NA,0.5-1,NA,NA,NA,"NA, Coordinates updated to decimal degrees - KS 2024 October",OR_YB,"Yaquina Bay, Oregon","Yaquina Bay, Oregon"
OR_YB,YB_IF,pecoe-1048,2023-07-04,44.619535,-124.032067,NA,NA,Sample,exblank-2023-47,680,2023,NA,NA, ; xn tech:  ; xn date: Aug-23-2023; xn notes: ; filtration comments: none; tech: Wyth Marshall,Idaho Flats,"FTN, LA",NA,flood,light,none,NA,NA,NA,0.5-1,NA,NA,NA,"NA, Coordinates updated to decimal degrees - KS 2024 October",OR_YB,"Yaquina Bay, Oregon","Yaquina Bay, Oregon"
OR_YB,YB_IF,pecoe-1049,2023-07-04,44.619535,-124.032067,NA,NA,Sample,exblank-2023-48,750,2023,NA,NA, ; xn tech:  ; xn date: Aug-24-2023; xn notes: ; filtration comments: none; tech: Wyth Marshall,Idaho Flats,"FTN, LA",NA,flood,light,none,NA,NA,NA,0.5-1,NA,NA,NA,"NA, Coordinates updated to decimal degrees - KS 2024 October",OR_YB,"Yaquina Bay, Oregon","Yaquina Bay, Oregon"
OR_YB,YB_IF,pecoe-1050,2023-07-04,44.619535,-124.032067,NA,NA,Sample,exblank-2023-48,800,2023,NA,NA, ; xn tech:  ; xn date: Aug-24-2023; xn notes: ; filtration comments: none; tech: Wyth Marshall,Idaho Flats,"FTN, LA",NA,flood,light,none,NA,NA,NA,0.5-1,NA,NA,NA,"NA, Coordinates updated to decimal degrees - KS 2024 October",OR_YB,"Yaquina Bay, Oregon","Yaquina Bay, Oregon"
AK_JN,JN_FC,pecoe-1051,2023-07-08,58.3317655,-134.6077898,NA,NA,Field blank,exblank-2023-59,1000,2023,NA,NA, ; xn tech:  ; xn date: Dec-13-2023; xn notes: ; filtration comments:  ; tech: Silvio Carvalho,Fish Creek,"Julie Schram, Sebastian Tucker",0-0.5,flood,light,none,9.23,14.1,by_foot,1.0,present,"patchy, growing in a channel that cuts across the beach, patches can be sparse or dense, varies",transects 10 apart along channel that contains sea grass,water had a lot of sediment - it was difficult to see sea grass but I followed teh channel that I scouted before hand at low tide,AK_JN,"Juneau Region, Alaska","Juneau Region, Alaska"
AK_JN,JN_FC,pecoe-1052,2023-07-08,58.3317655,-134.6077898,14:19:00,16:40:00,Sample,exblank-2023-59,600,2023,NA,NA,600 ml filtered; only slow drips by this point; xn tech:  ; xn date: Dec-13-2023; xn notes: ; filtration comments: slow drips from sterivex by this volume (clogged filter); tech: Silvio Carvalho,Fish Creek,"Julie Schram, Sebastian Tucker",0-0.5,flood,light,none,9.23,14.1,by_foot,1.0,present,"patchy, growing in a channel that cuts across the beach, patches can be sparse or dense, varies",transects 10 apart along channel that contains sea grass,water had a lot of sediment - it was difficult to see sea grass but I followed teh channel that I scouted before hand at low tide,AK_JN,"Juneau Region, Alaska","Juneau Region, Alaska"
AK_JN,JN_FC,pecoe-1053,2023-07-08,58.3317655,-134.6077898,14:25:00,17:15:00,Sample,exblank-2023-59,1000,2023,NA,NA,1000 ml filtered; xn tech:  ; xn date: Dec-13-2023; xn notes: ; filtration comments:  ; tech: Silvio Carvalho,Fish Creek,"Julie Schram, Sebastian Tucker",0-0.5,flood,light,none,9.23,14.1,by_foot,1.0,present,"patchy, growing in a channel that cuts across the beach, patches can be sparse or dense, varies",transects 10 apart along channel that contains sea grass,water had a lot of sediment - it was difficult to see sea grass but I followed teh channel that I scouted before hand at low tide,AK_JN,"Juneau Region, Alaska","Juneau Region, Alaska"
AK_JN,JN_FC,pecoe-1054,2023-07-08,58.3317655,-134.6077898,14:32:00,17:51:00,Sample,exblank-2023-59,1000,2023,NA,NA,1000 ml filtered; xn tech:  ; xn date: Dec-13-2023; xn notes: ; filtration comments:  ; tech: Silvio Carvalho,Fish Creek,"Julie Schram, Sebastian Tucker",0-0.5,flood,light,none,9.23,14.1,by_foot,1.0,present,"patchy, growing in a channel that cuts across the beach, patches can be sparse or dense, varies",transects 10 apart along channel that contains sea grass,water had a lot of sediment - it was difficult to see sea grass but I followed teh channel that I scouted before hand at low tide,AK_JN,"Juneau Region, Alaska","Juneau Region, Alaska"
AK_JN,JN_FC,pecoe-1055,2023-07-08,58.3317655,-134.6077898,14:36:00,18:16:00,Sample,exblank-2023-59,700,2023,NA,NA,"700 ml filtered; xn tech:  ; xn date: Dec-13-2023; xn notes: ; filtration comments: pump stopped working, but still tried to pump through as much water as possible; tech: Silvio Carvalho",Fish Creek,"Julie Schram, Sebastian Tucker",0-0.5,flood,light,none,9.23,14.1,by_foot,1.0,present,"patchy, growing in a channel that cuts across the beach, patches can be sparse or dense, varies",transects 10 apart along channel that contains sea grass,water had a lot of sediment - it was difficult to see sea grass but I followed teh channel that I scouted before hand at low tide,AK_JN,"Juneau Region, Alaska","Juneau Region, Alaska"
AK_JN,JN_AN,pecoe-1056,2023-07-15,58.381027,-134.695679,NA,15:50:00,Field blank,exblank-2023-59,1000,2023,NA,NA,1000 ml filtered; xn tech:  ; xn date: Dec-13-2023; xn notes: ; filtration comments:  ; tech: Silvio Carvalho,Auke Nu Cove,"Julie Schram, Sebastian Tucker",0-0.5,slack,light,none,13.4,22.4,by_foot,1.0,present,"patcy distribution, depth of water ranged from 1m to 0.5m as we got closer to the channel connecting the pool with sea grass to the rest of the bay",depth of water ranged from 1m to 0.5m as we got closer to the channel connecting the pool with sea grass to the rest of the bay,"1060: when collecting, say lots of juvenile fish swimming around the sea grass",AK_JN,"Juneau Region, Alaska","Juneau Region, Alaska"
AK_JN,JN_AN,pecoe-1057,2023-07-15,58.381027,-134.695679,16:15:00,17:22:00,Sample,exblank-2023-59,1000,2023,NA,NA,1000 ml filtered; xn tech:  ; xn date: Dec-13-2023; xn notes: ; filtration comments:  ; tech: Silvio Carvalho,Auke Nu Cove,"Julie Schram, Sebastian Tucker",0-0.5,slack,light,none,13.4,22.4,by_foot,1.0,present,"patcy distribution, depth of water ranged from 1m to 0.5m as we got closer to the channel connecting the pool with sea grass to the rest of the bay",depth of water ranged from 1m to 0.5m as we got closer to the channel connecting the pool with sea grass to the rest of the bay,"1060: when collecting, say lots of juvenile fish swimming around the sea grass",AK_JN,"Juneau Region, Alaska","Juneau Region, Alaska"
AK_JN,JN_AN,pecoe-1058,2023-07-15,58.381027,-134.695679,16:23:00,17:57:00,Sample,exblank-2023-60,1000,2023,NA,NA,1000 ml filtered; xn tech:  ; xn date: Dec-15-2023; xn notes: ; filtration comments:  ; tech: Silvio Carvalho,Auke Nu Cove,"Julie Schram, Sebastian Tucker",0-0.5,slack,light,none,13.4,22.4,by_foot,1.0,present,"patcy distribution, depth of water ranged from 1m to 0.5m as we got closer to the channel connecting the pool with sea grass to the rest of the bay",depth of water ranged from 1m to 0.5m as we got closer to the channel connecting the pool with sea grass to the rest of the bay,"1060: when collecting, say lots of juvenile fish swimming around the sea grass",AK_JN,"Juneau Region, Alaska","Juneau Region, Alaska"
AK_JN,JN_AN,pecoe-1059,2023-07-15,58.381027,-134.695679,16:30:00,18:27:00,Sample,exblank-2023-59,1000,2023,NA,NA,1000 ml filtered; xn tech:  ; xn date: Dec-13-2023; xn notes: ; filtration comments:  ; tech: Silvio Carvalho,Auke Nu Cove,"Julie Schram, Sebastian Tucker",0-0.5,slack,light,none,13.4,22.4,by_foot,1.0,present,"patcy distribution, depth of water ranged from 1m to 0.5m as we got closer to the channel connecting the pool with sea grass to the rest of the bay",depth of water ranged from 1m to 0.5m as we got closer to the channel connecting the pool with sea grass to the rest of the bay,"1060: when collecting, say lots of juvenile fish swimming around the sea grass",AK_JN,"Juneau Region, Alaska","Juneau Region, Alaska"
AK_JN,JN_AN,pecoe-1060,2023-07-15,58.381027,-134.695679,16:35:00,18:59:00,Sample,exblank-2023-60,1000,2023,NA,NA,1000 ml filtered; xn tech:  ; xn date: Dec-15-2023; xn notes: ; filtration comments:  ; tech: Silvio Carvalho,Auke Nu Cove,"Julie Schram, Sebastian Tucker",0-0.5,slack,light,none,13.4,22.4,by_foot,1.0,present,"patcy distribution, depth of water ranged from 1m to 0.5m as we got closer to the channel connecting the pool with sea grass to the rest of the bay",depth of water ranged from 1m to 0.5m as we got closer to the channel connecting the pool with sea grass to the rest of the bay,"1060: when collecting, say lots of juvenile fish swimming around the sea grass",AK_JN,"Juneau Region, Alaska","Juneau Region, Alaska"
AK_JN,JN_EC,pecoe-1061,2023-07-15,58.66277,-134.91589,NA,09:24:00,Field blank,exblank-2023-59,1000,2023,NA,NA,1000 ml filtered; xn tech:  ; xn date: Dec-13-2023; xn notes: ; filtration comments: none; tech: Silvio Carvalho,Echo Cove,"Julie Schram, Sebastian Tucker, Edward Schiff",0-0.5,slack,light,none,10.4,16.8,by_foot,1-1.5,present,"patchy, runs parallel to shore, ~150m long patch that is 1-2 m wide; sea grass ~.5m tall","~10 m apart,  runs parallel to shore, ~150m long patch that is 1-2 m wide;","several fish jumping just off seagrass bed, suspect salmon; this is the densest, monst continuous seagrass bed sampled so far",AK_JN,"Juneau Region, Alaska","Juneau Region, Alaska"
AK_JN,JN_EC,pecoe-1062,2023-07-15,58.66277,-134.91589,07:50:00,09:43:00,Sample,exblank-2023-59,1000,2023,NA,NA,1000 ml filtered; xn tech:  ; xn date: Dec-13-2023; xn notes: ; filtration comments: none; tech: Silvio Carvalho,Echo Cove,"Julie Schram, Sebastian Tucker, Edward Schiff",0-0.5,slack,light,none,10.4,16.8,by_foot,1-1.5,present,"patchy, runs parallel to shore, ~150m long patch that is 1-2 m wide; sea grass ~.5m tall","~10 m apart,  runs parallel to shore, ~150m long patch that is 1-2 m wide;","several fish jumping just off seagrass bed, suspect salmon; this is the densest, monst continuous seagrass bed sampled so far",AK_JN,"Juneau Region, Alaska","Juneau Region, Alaska"
AK_JN,JN_EC,pecoe-1063,2023-07-15,58.66277,-134.91589,07:59:00,10:07:00,Sample,exblank-2023-59,1000,2023,NA,NA,1000 ml filtered; xn tech:  ; xn date: Dec-13-2023; xn notes: ; filtration comments: none; tech: Silvio Carvalho,Echo Cove,"Julie Schram, Sebastian Tucker, Edward Schiff",0-0.5,slack,light,none,10.4,16.8,by_foot,1-1.5,present,"patchy, runs parallel to shore, ~150m long patch that is 1-2 m wide; sea grass ~.5m tall","~10 m apart,  runs parallel to shore, ~150m long patch that is 1-2 m wide;","several fish jumping just off seagrass bed, suspect salmon; this is the densest, monst continuous seagrass bed sampled so far",AK_JN,"Juneau Region, Alaska","Juneau Region, Alaska"
AK_JN,JN_EC,pecoe-1064,2023-07-15,58.66277,-134.91589,08:05:00,10:38:00,Sample,exblank-2023-59,1000,2023,NA,NA,1000 ml filtered; xn tech:  ; xn date: Dec-13-2023; xn notes: ; filtration comments: none; tech: Silvio Carvalho,Echo Cove,"Julie Schram, Sebastian Tucker, Edward Schiff",0-0.5,slack,light,none,10.4,16.8,by_foot,1-1.5,present,"patchy, runs parallel to shore, ~150m long patch that is 1-2 m wide; sea grass ~.5m tall","~10 m apart,  runs parallel to shore, ~150m long patch that is 1-2 m wide;","several fish jumping just off seagrass bed, suspect salmon; this is the densest, monst continuous seagrass bed sampled so far",AK_JN,"Juneau Region, Alaska","Juneau Region, Alaska"
AK_JN,JN_EC,pecoe-1065,2023-07-15,58.66277,-134.91589,08:13:00,11:02:00,Sample,exblank-2023-59,1000,2023,NA,NA,1000 ml filtered; xn tech:  ; xn date: Dec-13-2023; xn notes: ; filtration comments: none; tech: Silvio Carvalho,Echo Cove,"Julie Schram, Sebastian Tucker, Edward Schiff",0-0.5,slack,light,none,10.4,16.8,by_foot,1-1.5,present,"patchy, runs parallel to shore, ~150m long patch that is 1-2 m wide; sea grass ~.5m tall","~10 m apart,  runs parallel to shore, ~150m long patch that is 1-2 m wide;","several fish jumping just off seagrass bed, suspect salmon; this is the densest, monst continuous seagrass bed sampled so far",AK_JN,"Juneau Region, Alaska","Juneau Region, Alaska"
AK_JN,JN_SB,pecoe-1066,2023-07-17,58.627685,-134.942945,NA,NA,Field blank,exblank-2023-59,1000,2023,NA,NA,1000 ml filtered; xn tech:  ; xn date: Dec-13-2023; xn notes: ; filtration comments: none; tech: Silvio Carvalho,South Bridget Cove,"Julie Schram, Sebastian Tucker",0-0.5,flood,light,light,11.4,13.6,by_foot,1.0,present,"patchy distrubution, runs ~150 m along the bay, 50 m wide at some points, dense at the center and patchy, shorter blades on the margin",transect crosses the densest part of the seagrass bed; 10 m transect across cove from 2nd island towards the small point on the other side of the cove,observed commercial fishing vessels ~200m from inslet to cove; disturbed (startled) multiple sole while walking between transect collection points,AK_JN,"Juneau Region, Alaska","Juneau Region, Alaska"
AK_JN,JN_SB,pecoe-1067,2023-07-17,58.627685,-134.942945,09:45:00,NA,Sample,exblank-2023-59,1000,2023,NA,NA,1000 ml filtered; xn tech:  ; xn date: Dec-13-2023; xn notes: ; filtration comments: none; tech: Silvio Carvalho,South Bridget Cove,"Julie Schram, Sebastian Tucker",0-0.5,flood,light,light,11.4,13.6,by_foot,1.0,present,"patchy distrubution, runs ~150 m along the bay, 50 m wide at some points, dense at the center and patchy, shorter blades on the margin",transect crosses the densest part of the seagrass bed; 10 m transect across cove from 2nd island towards the small point on the other side of the cove,observed commercial fishing vessels ~200m from inslet to cove; disturbed (startled) multiple sole while walking between transect collection points,AK_JN,"Juneau Region, Alaska","Juneau Region, Alaska"
AK_JN,JN_SB,pecoe-1068,2023-07-17,58.627685,-134.942945,09:49:00,NA,Sample,exblank-2023-59,1000,2023,NA,NA,1000 ml filtered; xn tech:  ; xn date: Dec-13-2023; xn notes: ; filtration comments: none; tech: Silvio Carvalho,South Bridget Cove,"Julie Schram, Sebastian Tucker",0-0.5,flood,light,light,11.4,13.6,by_foot,1.0,present,"patchy distrubution, runs ~150 m along the bay, 50 m wide at some points, dense at the center and patchy, shorter blades on the margin",transect crosses the densest part of the seagrass bed; 10 m transect across cove from 2nd island towards the small point on the other side of the cove,observed commercial fishing vessels ~200m from inslet to cove; disturbed (startled) multiple sole while walking between transect collection points,AK_JN,"Juneau Region, Alaska","Juneau Region, Alaska"
AK_JN,JN_SB,pecoe-1069,2023-07-17,58.627685,-134.942945,09:54:00,NA,Sample,exblank-2023-59,1000,2023,NA,NA,1000 ml filtered; xn tech:  ; xn date: Dec-13-2023; xn notes: ; filtration comments: none; tech: Silvio Carvalho,South Bridget Cove,"Julie Schram, Sebastian Tucker",0-0.5,flood,light,light,11.4,13.6,by_foot,1.0,present,"patchy distrubution, runs ~150 m along the bay, 50 m wide at some points, dense at the center and patchy, shorter blades on the margin",transect crosses the densest part of the seagrass bed; 10 m transect across cove from 2nd island towards the small point on the other side of the cove,observed commercial fishing vessels ~200m from inslet to cove; disturbed (startled) multiple sole while walking between transect collection points,AK_JN,"Juneau Region, Alaska","Juneau Region, Alaska"
AK_JN,JN_SB,pecoe-1070,2023-07-17,58.627685,-134.942945,09:59:00,NA,Sample,exblank-2023-61,1000,2023,NA,NA,1000 ml filtered; xn tech:  ; xn date: Dec-19-2023; xn notes: ; filtration comments: none; tech: Silvio Carvalho,South Bridget Cove,"Julie Schram, Sebastian Tucker",0-0.5,flood,light,light,11.4,13.6,by_foot,1.0,present,"patchy distrubution, runs ~150 m along the bay, 50 m wide at some points, dense at the center and patchy, shorter blades on the margin",transect crosses the densest part of the seagrass bed; 10 m transect across cove from 2nd island towards the small point on the other side of the cove,observed commercial fishing vessels ~200m from inslet to cove; disturbed (startled) multiple sole while walking between transect collection points,AK_JN,"Juneau Region, Alaska","Juneau Region, Alaska"
AK_JN,JN_BC,pecoe-1071,2023-07-18,58.3856,-134.649383,NA,11:41:00,Field blank,exblank-2023-59,1000,2023,NA,NA,1000 ml filtered; xn tech:  ; xn date: Dec-13-2023; xn notes: ; filtration comments: none; tech: Silvio Carvalho,Bay Creek,"Julie Schram, Sebastian Tucker",0-0.5,flood,light,none,14.4,17.1,by_foot,1-1.5m,present,"patchy narrow stretch of seagrass, collected water samples from the densest patches close to 10m marks of transect","10m transects, started on the boat launch side fo teh transect and walked towards Fisherman's bend (perpendicular to Bay Creek outlet)",Observed 3 harbor seals playing ~2m away during collection of 1072; Observed multiple filleted fish carcasses ~10m away from transect; disturbed multiple small flat fish (likely a spp of sole); disturbed a staghorn sculpin; tried to stir up as little sediment as possible,AK_JN,"Juneau Region, Alaska","Juneau Region, Alaska"
AK_JN,JN_BC,pecoe-1072,2023-07-18,58.3856,-134.649383,10:39:00,12:08:00,Sample,exblank-2023-59,1000,2023,NA,NA,1000 ml filtered; xn tech:  ; xn date: Dec-13-2023; xn notes: ; filtration comments: none; tech: Silvio Carvalho,Bay Creek,"Julie Schram, Sebastian Tucker",0-0.5,flood,light,none,14.4,17.1,by_foot,1-1.5m,present,"patchy narrow stretch of seagrass, collected water samples from the densest patches close to 10m marks of transect","10m transects, started on the boat launch side fo teh transect and walked towards Fisherman's bend (perpendicular to Bay Creek outlet)",Observed 3 harbor seals playing ~2m away during collection of 1072; Observed multiple filleted fish carcasses ~10m away from transect; disturbed multiple small flat fish (likely a spp of sole); disturbed a staghorn sculpin; tried to stir up as little sediment as possible,AK_JN,"Juneau Region, Alaska","Juneau Region, Alaska"
AK_JN,JN_BC,pecoe-1073,2023-07-18,58.3856,-134.649383,10:43:00,12:43:00,Sample,exblank-2023-59,1000,2023,NA,NA,1000 ml filtered; xn tech:  ; xn date: Dec-13-2023; xn notes: ; filtration comments: none; tech: Silvio Carvalho,Bay Creek,"Julie Schram, Sebastian Tucker",0-0.5,flood,light,none,14.4,17.1,by_foot,1-1.5m,present,"patchy narrow stretch of seagrass, collected water samples from the densest patches close to 10m marks of transect","10m transects, started on the boat launch side fo teh transect and walked towards Fisherman's bend (perpendicular to Bay Creek outlet)",Observed 3 harbor seals playing ~2m away during collection of 1072; Observed multiple filleted fish carcasses ~10m away from transect; disturbed multiple small flat fish (likely a spp of sole); disturbed a staghorn sculpin; tried to stir up as little sediment as possible,AK_JN,"Juneau Region, Alaska","Juneau Region, Alaska"
AK_JN,JN_BC,pecoe-1074,2023-07-18,58.3856,-134.649383,14:46:00,13:16:00,Sample,exblank-2023-59,1000,2023,NA,NA,1000 ml filtered; xn tech:  ; xn date: Dec-13-2023; xn notes: ; filtration comments: none; tech: Silvio Carvalho,Bay Creek,"Julie Schram, Sebastian Tucker",0-0.5,flood,light,none,14.4,17.1,by_foot,1-1.5m,present,"patchy narrow stretch of seagrass, collected water samples from the densest patches close to 10m marks of transect","10m transects, started on the boat launch side fo teh transect and walked towards Fisherman's bend (perpendicular to Bay Creek outlet)",Observed 3 harbor seals playing ~2m away during collection of 1072; Observed multiple filleted fish carcasses ~10m away from transect; disturbed multiple small flat fish (likely a spp of sole); disturbed a staghorn sculpin; tried to stir up as little sediment as possible,AK_JN,"Juneau Region, Alaska","Juneau Region, Alaska"
AK_JN,JN_BC,pecoe-1075,2023-07-18,58.3856,-134.649383,10:50:00,13:48:00,Sample,exblank-2023-59,1000,2023,NA,NA,1000 ml filtered; xn tech:  ; xn date: Dec-13-2023; xn notes: ; filtration comments: none; tech: Silvio Carvalho,Bay Creek,"Julie Schram, Sebastian Tucker",0-0.5,flood,light,none,14.4,17.1,by_foot,1-1.5m,present,"patchy narrow stretch of seagrass, collected water samples from the densest patches close to 10m marks of transect","10m transects, started on the boat launch side fo teh transect and walked towards Fisherman's bend (perpendicular to Bay Creek outlet)",Observed 3 harbor seals playing ~2m away during collection of 1072; Observed multiple filleted fish carcasses ~10m away from transect; disturbed multiple small flat fish (likely a spp of sole); disturbed a staghorn sculpin; tried to stir up as little sediment as possible,AK_JN,"Juneau Region, Alaska","Juneau Region, Alaska"
CA_SD,SD_SI,pecoe-1076,2023-07-20,32.71418,-117.22534,NA,NA,Field blank,exblank-2023-60,600,2023,NA,NA, ; xn tech:  ; xn date: Dec-15-2023; xn notes: ; filtration comments: none; tech: Silvio Carvalho,Shelter Island,"Makayla Bonney, Lilly Jorrica, Issac Torres",N/A,high (12:20 pm),NNW 4.7; light,none,NA,18.3,on_foot,NA,NA,"seagrass present, not very patchy, sample taken 2 ft from the bed, eelgrass was greena nd healthy.","Sampled on foot, Temp: 65F",gps coordinates for one site along this transect only,CA_SD,"San Diego region, California","San Diego region, California"
CA_SD,SD_SI,pecoe-1077,2023-07-20,32.71418,-117.22534,NA,NA,Sample,exblank-2023-60,1000,2023,NA,NA, ; xn tech:  ; xn date: Dec-15-2023; xn notes: ; filtration comments: none; tech: Silvio Carvalho,Shelter Island,"Makayla Bonney, Lilly Jorrica, Issac Torres",N/A,high (12:20 pm),NNW 4.7; light,none,NA,18.3,on_foot,NA,NA,"seagrass present, not very patchy, sample taken 2 ft from the bed, eelgrass was greena nd healthy.","Sampled on foot, Temp: 65F",gps coordinates for one site along this transect only,CA_SD,"San Diego region, California","San Diego region, California"
CA_SD,SD_SI,pecoe-1078,2023-07-20,32.71418,-117.22534,NA,NA,Sample,exblank-2023-60,1000,2023,NA,NA, ; xn tech:  ; xn date: Dec-15-2023; xn notes: ; filtration comments: none; tech: Silvio Carvalho,Shelter Island,"Makayla Bonney, Lilly Jorrica, Issac Torres",N/A,high (12:20 pm),NNW 4.7; light,none,NA,18.3,on_foot,NA,NA,"seagrass present, not very patchy, sample taken 2 ft from the bed, eelgrass was greena nd healthy.","Sampled on foot, Temp: 65F",gps coordinates for one site along this transect only,CA_SD,"San Diego region, California","San Diego region, California"
CA_SD,SD_SI,pecoe-1079,2023-07-20,32.71418,-117.22534,NA,NA,Sample,exblank-2023-58,1000,2023,NA,NA, ; xn tech:  ; xn date: Dec-12-2023; xn notes: ; filtration comments: none; tech: Silvio Carvalho,Shelter Island,"Makayla Bonney, Lilly Jorrica, Issac Torres",N/A,high (12:20 pm),NNW 4.7; light,none,NA,18.3,on_foot,NA,NA,"seagrass present, not very patchy, sample taken 2 ft from the bed, eelgrass was greena nd healthy.","Sampled on foot, Temp: 65F",gps coordinates for one site along this transect only,CA_SD,"San Diego region, California","San Diego region, California"
CA_SD,SD_SI,pecoe-1080,2023-07-20,32.71418,-117.22534,NA,NA,Sample,exblank-2023-59,1000,2023,NA,NA, ; xn tech:  ; xn date: Dec-13-2023; xn notes: ; filtration comments: none; tech: Silvio Carvalho,Shelter Island,"Makayla Bonney, Lilly Jorrica, Issac Torres",N/A,high (12:20 pm),NNW 4.7; light,none,NA,18.3,on_foot,NA,NA,"seagrass present, not very patchy, sample taken 2 ft from the bed, eelgrass was greena nd healthy.","Sampled on foot, Temp: 65F",gps coordinates for one site along this transect only,CA_SD,"San Diego region, California","San Diego region, California"
CA_SD,SD_CV,pecoe-1081,2023-07-25,32.62568,-117.1066,NA,NA,Field blank,exblank-2023-61,1000,2023,NA,NA, ; xn tech:  ; xn date: Dec-19-2023; xn notes: ; filtration comments: none; tech: Silvio Carvalho,Chula Vista,Lily Jorrick,NA,flood,Light,none,NA,25.9,on_foot,1,NA,"bottom depth: 1m, seagrass is present, short, patchy with lots of algae in between sparse patches","Sampled on foot, Temp: 78.6F. Sampling transect= 10 m apart, 1 m depth moving south.",gps coordinates for one site along this transect only,CA_SD,"San Diego region, California","San Diego region, California"
CA_SD,SD_CV,pecoe-1082,2023-07-25,32.62568,-117.1066,NA,NA,Sample,exblank-2023-61,1000,2023,NA,NA, ; xn tech:  ; xn date: Dec-19-2023; xn notes: ; filtration comments: none; tech: Silvio Carvalho,Chula Vista,Lily Jorrick,NA,flood,Light,none,NA,25.9,on_foot,1,NA,"bottom depth: 1m, seagrass is present, short, patchy with lots of algae in between sparse patches","Sampled on foot, Temp: 78.6F. Sampling transect= 10 m apart, 1 m depth moving south.",gps coordinates for one site along this transect only,CA_SD,"San Diego region, California","San Diego region, California"
CA_SD,SD_CV,pecoe-1083,2023-07-25,32.62568,-117.1066,NA,NA,Sample,exblank-2023-61,1000,2023,NA,NA, ; xn tech:  ; xn date: Dec-19-2023; xn notes: ; filtration comments: none; tech: Silvio Carvalho,Chula Vista,Lily Jorrick,NA,flood,Light,none,NA,25.9,on_foot,1,NA,"bottom depth: 1m, seagrass is present, short, patchy with lots of algae in between sparse patches","Sampled on foot, Temp: 78.6F. Sampling transect= 10 m apart, 1 m depth moving south.",gps coordinates for one site along this transect only,CA_SD,"San Diego region, California","San Diego region, California"
CA_SD,SD_CV,pecoe-1084,2023-07-25,32.62568,-117.1066,NA,NA,Sample,exblank-2023-61,1000,2023,NA,NA, ; xn tech:  ; xn date: Dec-19-2023; xn notes: ; filtration comments: none; tech: Silvio Carvalho,Chula Vista,Lily Jorrick,NA,flood,Light,none,NA,25.9,on_foot,1,NA,"bottom depth: 1m, seagrass is present, short, patchy with lots of algae in between sparse patches","Sampled on foot, Temp: 78.6F. Sampling transect= 10 m apart, 1 m depth moving south.",gps coordinates for one site along this transect only,CA_SD,"San Diego region, California","San Diego region, California"
CA_SD,SD_CV,pecoe-1085,2023-07-25,32.62568,-117.1066,NA,NA,Sample,exblank-2023-61,1000,2023,NA,NA, ; xn tech:  ; xn date: Dec-19-2023; xn notes: ; filtration comments: none; tech: Silvio Carvalho,Chula Vista,Lily Jorrick,NA,flood,Light,none,NA,25.9,on_foot,1,NA,"bottom depth: 1m, seagrass is present, short, patchy with lots of algae in between sparse patches","Sampled on foot, Temp: 78.6F. Sampling transect= 10 m apart, 1 m depth moving south.",gps coordinates for one site along this transect only,CA_SD,"San Diego region, California","San Diego region, California"
CA_SD,SD_CI,pecoe-1086,2023-08-09,32.7005,117.17312,NA,NA,Field blank,exblank-2023-60,1000,2023,NA,NA, ; xn tech:  ; xn date: Dec-15-2023; xn notes: ; filtration comments: none; tech: Silvio Carvalho,Coronado Island,"Makayla Bonney, Lily Jorrick",N/A,low,light,none,NA,25.5,on_foot,1.2,NA,"bottom depth: ~ 4ft, short, patchy eelgrass","Sampled on foot, Temp: 77.9F",gps coordinates for one site along this transect only,CA_SD,"San Diego region, California","San Diego region, California"
CA_SD,SD_CI,pecoe-1087,2023-08-09,32.7005,117.17312,NA,NA,Sample,exblank-2023-60,1000,2023,NA,NA, ; xn tech:  ; xn date: Dec-15-2023; xn notes: ; filtration comments: none; tech: Silvio Carvalho,Coronado Island,"Makayla Bonney, Lily Jorrick",N/A,low,light,none,NA,25.5,on_foot,1.2,NA,"bottom depth: ~ 4ft, short, patchy eelgrass","Sampled on foot, Temp: 77.9F",gps coordinates for one site along this transect only,CA_SD,"San Diego region, California","San Diego region, California"
CA_SD,SD_CI,pecoe-1088,2023-08-09,32.7005,117.17312,NA,NA,Sample,exblank-2023-60,850,2023,NA,NA, ; xn tech:  ; xn date: Dec-15-2023; xn notes: ; filtration comments: none; tech: Silvio Carvalho,Coronado Island,"Makayla Bonney, Lily Jorrick",N/A,low,light,none,NA,25.5,on_foot,1.2,NA,"bottom depth: ~ 4ft, short, patchy eelgrass","Sampled on foot, Temp: 77.9F",gps coordinates for one site along this transect only,CA_SD,"San Diego region, California","San Diego region, California"
CA_SD,SD_CI,pecoe-1089,2023-08-09,32.7005,117.17312,NA,NA,Sample,exblank-2023-60,1000,2023,NA,NA, ; xn tech:  ; xn date: Dec-15-2023; xn notes: ; filtration comments: none; tech: Silvio Carvalho,Coronado Island,"Makayla Bonney, Lily Jorrick",N/A,low,light,none,NA,25.5,on_foot,1.2,NA,"bottom depth: ~ 4ft, short, patchy eelgrass","Sampled on foot, Temp: 77.9F",gps coordinates for one site along this transect only,CA_SD,"San Diego region, California","San Diego region, California"
CA_SD,SD_CI,pecoe-1090,2023-08-09,32.7005,117.17312,NA,NA,Sample,exblank-2023-60,850,2023,NA,NA, ; xn tech:  ; xn date: Dec-15-2023; xn notes: ; filtration comments: none; tech: Silvio Carvalho,Coronado Island,"Makayla Bonney, Lily Jorrick",N/A,low,light,none,NA,25.5,on_foot,1.2,NA,"bottom depth: ~ 4ft, short, patchy eelgrass","Sampled on foot, Temp: 77.9F",gps coordinates for one site along this transect only,CA_SD,"San Diego region, California","San Diego region, California"
CA_SD,SD_FI,pecoe-1091,2023-08-10,32.78905,-117.23161,NA,NA,Field blank,exblank-2023-60,1000,2023,NA,NA, ; xn tech:  ; xn date: Dec-15-2023; xn notes: ; filtration comments: none; tech: Silvio Carvalho,Fiesta Island,"Makayla Bonney, Lily Jorrick",N/A,low,light,none,NA,NA,on_foot,NA,NA,"bottom depth: N/A, very patchy short eelgrass",Sampled on foot (thermometer broken- no temp reading),gps coordinates for one site along this transect only,CA_SD,"San Diego region, California","San Diego region, California"
CA_SD,SD_FI,pecoe-1092,2023-08-10,32.78905,-117.23161,NA,NA,Sample,exblank-2023-61,1000,2023,NA,NA, ; xn tech:  ; xn date: Dec-19-2023; xn notes: ; filtration comments: none; tech: Silvio Carvalho,Fiesta Island,"Makayla Bonney, Lily Jorrick",N/A,low,light,none,NA,NA,on_foot,NA,NA,"bottom depth: N/A, very patchy short eelgrass",Sampled on foot (thermometer broken- no temp reading),gps coordinates for one site along this transect only,CA_SD,"San Diego region, California","San Diego region, California"
CA_SD,SD_FI,pecoe-1093,2023-08-10,32.78905,-117.23161,NA,NA,Sample,exblank-2023-61,850,2023,NA,NA, ; xn tech:  ; xn date: Dec-19-2023; xn notes: ; filtration comments: none; tech: Silvio Carvalho,Fiesta Island,"Makayla Bonney, Lily Jorrick",N/A,low,light,none,NA,NA,on_foot,NA,NA,"bottom depth: N/A, very patchy short eelgrass",Sampled on foot (thermometer broken- no temp reading),gps coordinates for one site along this transect only,CA_SD,"San Diego region, California","San Diego region, California"
CA_SD,SD_FI,pecoe-1094,2023-08-10,32.78905,-117.23161,NA,NA,Sample,exblank-2023-61,950,2023,NA,NA, ; xn tech:  ; xn date: Dec-19-2023; xn notes: ; filtration comments: none; tech: Silvio Carvalho,Fiesta Island,"Makayla Bonney, Lily Jorrick",N/A,low,light,none,NA,NA,on_foot,NA,NA,"bottom depth: N/A, very patchy short eelgrass",Sampled on foot (thermometer broken- no temp reading),gps coordinates for one site along this transect only,CA_SD,"San Diego region, California","San Diego region, California"
CA_SD,SD_FI,pecoe-1095,2023-08-10,32.78905,-117.23161,NA,NA,Sample,exblank-2023-61,850,2023,NA,NA, ; xn tech:  ; xn date: Dec-19-2023; xn notes: ; filtration comments: none; tech: Silvio Carvalho,Fiesta Island,"Makayla Bonney, Lily Jorrick",N/A,low,light,none,NA,NA,on_foot,NA,NA,"bottom depth: N/A, very patchy short eelgrass",Sampled on foot (thermometer broken- no temp reading),gps coordinates for one site along this transect only,CA_SD,"San Diego region, California","San Diego region, California"
BC_CC,CC_CHP,pecoe-1102,2023-06-30,51.67622,-128.1234,05:15:00,09:21:00,Sample,exblank-2023-44,1000,2023,NA,NA, ; xn tech:  ; xn date: Aug-15-2023; xn notes: ; filtration comments:  ; tech: Wyth Marshall,Choked Pocket,NA,0-0.5,ebb,medium,light,31.51,10.4,by_boat,1.8,present,"wedge of small seagrass bed, patchiness 1-2m, cover 80%-100%, canopy height 1-1.5m",NA,NA,BC_CC,Central Coast British Columbia,Central Coast British Columbia
BC_CC,CC_CHP,pecoe-1103,2023-06-30,51.67622,-128.1234,05:15:00,09:21:00,Sample,exblank-2023-44,1000,2023,NA,NA, ; xn tech:  ; xn date: Aug-15-2023; xn notes: ; filtration comments:  ; tech: Wyth Marshall,Choked Pocket,NA,0-0.5,ebb,medium,light,31.51,10.4,by_boat,1.8,present,"wedge of small seagrass bed, patchiness 1-2m, cover 80%-100%, canopy height 1-1.5m",NA,NA,BC_CC,Central Coast British Columbia,Central Coast British Columbia
BC_CC,CC_CHP,pecoe-1104,2023-06-30,51.67622,-128.1234,05:15:00,10:02:00,Sample,exblank-2023-44,1000,2023,NA,NA, ; xn tech:  ; xn date: Aug-15-2023; xn notes: ; filtration comments:  ; tech: Wyth Marshall,Choked Pocket,NA,0-0.5,ebb,medium,light,31.51,10.4,by_boat,1.8,present,"wedge of small seagrass bed, patchiness 1-2m, cover 80%-100%, canopy height 1-1.5m",NA,NA,BC_CC,Central Coast British Columbia,Central Coast British Columbia
BC_CC,CC_CHP,pecoe-1105,2023-06-30,51.67622,-128.1234,NA,10:02:00,Field blank,exblank-2023-44,1000,2023,NA,NA, ; xn tech:  ; xn date: Aug-15-2023; xn notes: ; filtration comments:  ; tech: Wyth Marshall,Choked Pocket,NA,0-0.5,ebb,medium,light,31.51,10.4,by_boat,1.8,present,"wedge of small seagrass bed, patchiness 1-2m, cover 80%-100%, canopy height 1-1.5m",NA,NA,BC_CC,Central Coast British Columbia,Central Coast British Columbia
BC_CC,CC_PBA,pecoe-1106,2023-07-02,51.6464,-128.11896,NA,10:10:00,Field blank,exblank-2023-44,1000,2023,NA,NA, ; xn tech:  ; xn date: Aug-15-2023; xn notes: ; filtration comments:  ; tech: Wyth Marshall,Pruth Bay,NA,0-0.5,flood,light,none,NA,NA,by_boat,1.5,present,NA,NA,NA,BC_CC,Central Coast British Columbia,Central Coast British Columbia
BC_CC,CC_PBA,pecoe-1107,2023-07-02,51.6464,-128.11896,15:12:00,10:14:00,Sample,exblank-2023-44,1000,2023,NA,NA, ; xn tech:  ; xn date: Aug-15-2023; xn notes: ; filtration comments:  ; tech: Wyth Marshall,Pruth Bay,NA,0-0.5,flood,light,none,NA,NA,by_boat,1.5,present,NA,NA,NA,BC_CC,Central Coast British Columbia,Central Coast British Columbia
BC_CC,CC_PBA,pecoe-1108,2023-07-02,51.6464,-128.11896,15:12:00,10:15:00,Sample,exblank-2023-44,950,2023,NA,NA,950ml; xn tech:  ; xn date: Aug-15-2023; xn notes: ; filtration comments:  ; tech: Wyth Marshall,Pruth Bay,NA,0-0.5,flood,light,none,NA,NA,by_boat,1.5,present,NA,NA,NA,BC_CC,Central Coast British Columbia,Central Coast British Columbia
BC_CC,CC_PBA,pecoe-1109,2023-07-02,51.6464,-128.11896,15:12:00,10:29:00,Sample,exblank-2023-44,1000,2023,NA,NA, ; xn tech:  ; xn date: Aug-15-2023; xn notes: ; filtration comments:  ; tech: Wyth Marshall,Pruth Bay,NA,0-0.5,flood,light,none,NA,NA,by_boat,1.5,present,NA,NA,NA,BC_CC,Central Coast British Columbia,Central Coast British Columbia
BC_CC,CC_PBA,pecoe-1110,2023-07-02,51.6464,-128.11896,15:12:00,10:38:00,Sample,exblank-2023-44,1000,2023,NA,NA, ; xn tech:  ; xn date: Aug-15-2023; xn notes: ; filtration comments:  ; tech: Wyth Marshall,Pruth Bay,NA,0-0.5,flood,light,none,NA,NA,by_boat,1.5,present,NA,NA,NA,BC_CC,Central Coast British Columbia,Central Coast British Columbia
BC_CC,CC_FAN3,pecoe-1111,2023-07-05,52.05365,-128.40331,10:22:00,16:10:00,Sample,exblank-2023-44,1000,2023,NA,NA, ; xn tech:  ; xn date: Aug-15-2023; xn notes: ; filtration comments:  ; tech: Wyth Marshall,McMullins South,NA,0-0.5,flood,medium,none,NA,NA,by_boat,1.5,present,NA,NA,NA,BC_CC,Central Coast British Columbia,Central Coast British Columbia
BC_CC,CC_FAN3,pecoe-1112,2023-07-05,52.05365,-128.40331,10:22:00,16:10:00,Sample,exblank-2023-44,1000,2023,NA,NA, ; xn tech:  ; xn date: Aug-15-2023; xn notes: ; filtration comments:  ; tech: Wyth Marshall,McMullins South,NA,0-0.5,flood,medium,none,NA,NA,by_boat,1.5,present,NA,NA,NA,BC_CC,Central Coast British Columbia,Central Coast British Columbia
BC_CC,CC_FAN3,pecoe-1113,2023-07-05,52.05365,-128.40331,10:22:00,16:10:00,Sample,exblank-2023-45,1000,2023,NA,NA, ; xn tech:  ; xn date: Aug-16-2023; xn notes: ; filtration comments:  ; tech: Wyth Marshall,McMullins South,NA,0-0.5,flood,medium,none,NA,NA,by_boat,1.5,present,NA,NA,NA,BC_CC,Central Coast British Columbia,Central Coast British Columbia
BC_CC,CC_FAN3,pecoe-1114,2023-07-05,52.05365,-128.40331,10:22:00,16:38:00,Sample,exblank-2023-45,1000,2023,NA,NA, ; xn tech:  ; xn date: Aug-16-2023; xn notes: ; filtration comments:  ; tech: Wyth Marshall,McMullins South,NA,0-0.5,flood,medium,none,NA,NA,by_boat,1.5,present,NA,NA,NA,BC_CC,Central Coast British Columbia,Central Coast British Columbia
BC_CC,CC_FAN3,pecoe-1115,2023-07-05,52.05365,-128.40331,NA,16:38:00,Field blank,exblank-2023-45,1000,2023,NA,NA, ; xn tech:  ; xn date: Aug-16-2023; xn notes: ; filtration comments:  ; tech: Wyth Marshall,McMullins South,NA,0-0.5,flood,medium,none,NA,NA,by_boat,1.5,present,NA,NA,NA,BC_CC,Central Coast British Columbia,Central Coast British Columbia
BC_CC,CC_GOG1,pecoe-1116,2023-07-06,51.92397,-128.4673,NA,14:07:00,Field blank,exblank-2023-45,1000,2023,NA,NA, ; xn tech:  ; xn date: Aug-16-2023; xn notes: ; filtration comments:  ; tech: Wyth Marshall,Duck Island,NA,0-0.5,ebb,none,none,NA,NA,by_boat,2.5,present,"patches about 2m, mix macro","parallel with beach, consistent depth",NA,BC_CC,Central Coast British Columbia,Central Coast British Columbia
BC_CC,CC_GOG1,pecoe-1117,2023-07-06,51.92397,-128.4673,08:05:00,14:07:00,Sample,exblank-2023-45,1000,2023,NA,NA, ; xn tech:  ; xn date: Aug-16-2023; xn notes: ; filtration comments:  ; tech: Wyth Marshall,Duck Island,NA,0-0.5,ebb,none,none,NA,NA,by_boat,2.5,present,"patches about 2m, mix macro","parallel with beach, consistent depth",NA,BC_CC,Central Coast British Columbia,Central Coast British Columbia
BC_CC,CC_GOG1,pecoe-1118,2023-07-06,51.92397,-128.4673,08:05:00,14:07:00,Sample,exblank-2023-45,1000,2023,NA,NA, ; xn tech:  ; xn date: Aug-16-2023; xn notes: ; filtration comments:  ; tech: Wyth Marshall,Duck Island,NA,0-0.5,ebb,none,none,NA,NA,by_boat,2.5,present,"patches about 2m, mix macro","parallel with beach, consistent depth",NA,BC_CC,Central Coast British Columbia,Central Coast British Columbia
BC_CC,CC_GOG1,pecoe-1119,2023-07-06,51.92397,-128.4673,08:05:00,14:33:00,Sample,exblank-2023-45,1000,2023,NA,NA, ; xn tech:  ; xn date: Aug-16-2023; xn notes: ; filtration comments:  ; tech: Wyth Marshall,Duck Island,NA,0-0.5,ebb,none,none,NA,NA,by_boat,2.5,present,"patches about 2m, mix macro","parallel with beach, consistent depth",NA,BC_CC,Central Coast British Columbia,Central Coast British Columbia
BC_CC,CC_GOG1,pecoe-1120,2023-07-06,51.92397,-128.4673,08:05:00,14:33:00,Sample,exblank-2023-45,1000,2023,NA,NA, ; xn tech:  ; xn date: Aug-16-2023; xn notes: ; filtration comments:  ; tech: Wyth Marshall,Duck Island,NA,0-0.5,ebb,none,none,NA,NA,by_boat,2.5,present,"patches about 2m, mix macro","parallel with beach, consistent depth",NA,BC_CC,Central Coast British Columbia,Central Coast British Columbia
BC_CC,CC_KIS1,pecoe-1121,2023-07-07,51.8367,-128.2393,NA,15:19:00,Field blank,exblank-2023-45,1000,2023,NA,NA, ; xn tech:  ; xn date: Aug-16-2023; xn notes: ; filtration comments:  ; tech: Wyth Marshall,SE Spider Island,NA,0-0.5,ebb,light,none,NA,NA,by_boat,2.5,present,small seagrass bed interspesed with macro kelp,NA,"If same as KIS1, its 51.8368        -128.2395",BC_CC,Central Coast British Columbia,Central Coast British Columbia
BC_CC,CC_KIS1,pecoe-1122,2023-07-07,51.8367,-128.2393,09:05:00,15:19:00,Sample,exblank-2023-45,1000,2023,NA,NA, ; xn tech:  ; xn date: Aug-16-2023; xn notes: ; filtration comments:  ; tech: Wyth Marshall,SE Spider Island,NA,0-0.5,ebb,light,none,NA,NA,by_boat,2.5,present,small seagrass bed interspesed with macro kelp,NA,"If same as KIS1, its 51.8368        -128.2395",BC_CC,Central Coast British Columbia,Central Coast British Columbia
BC_CC,CC_KIS1,pecoe-1123,2023-07-07,51.8367,-128.2393,09:05:00,15:19:00,Sample,exblank-2023-45,1000,2023,NA,NA, ; xn tech:  ; xn date: Aug-16-2023; xn notes: ; filtration comments:  ; tech: Wyth Marshall,SE Spider Island,NA,0-0.5,ebb,light,none,NA,NA,by_boat,2.5,present,small seagrass bed interspesed with macro kelp,NA,"If same as KIS1, its 51.8368        -128.2395",BC_CC,Central Coast British Columbia,Central Coast British Columbia
BC_CC,CC_KIS1,pecoe-1124,2023-07-07,51.8367,-128.2393,09:05:00,15:19:00,Sample,exblank-2023-45,1000,2023,NA,NA, ; xn tech:  ; xn date: Aug-16-2023; xn notes: ; filtration comments:  ; tech: Wyth Marshall,SE Spider Island,NA,0-0.5,ebb,light,none,NA,NA,by_boat,2.5,present,small seagrass bed interspesed with macro kelp,NA,"If same as KIS1, its 51.8368        -128.2395",BC_CC,Central Coast British Columbia,Central Coast British Columbia
BC_CC,CC_KIS1,pecoe-1125,2023-07-07,51.8367,-128.2393,09:05:00,15:43:00,Sample,exblank-2023-45,1000,2023,NA,NA, ; xn tech:  ; xn date: Aug-16-2023; xn notes: ; filtration comments:  ; tech: Wyth Marshall,SE Spider Island,NA,0-0.5,ebb,light,none,NA,NA,by_boat,2.5,present,small seagrass bed interspesed with macro kelp,NA,"If same as KIS1, its 51.8368        -128.2395",BC_CC,Central Coast British Columbia,Central Coast British Columbia
WA_WB,WB_PA,pecoe-1126,2023-07-15,46.49523,-124.02641,NA,18:45:00,Field blank,exblank-2023-45,500,2023,NA,NA,500 ml; xn tech:  ; xn date: Aug-16-2023; xn notes: ; filtration comments: none; tech: Wyth Marshall,"Parcel A, Nahcotta",Jennifer Ruesink,0-0.5,slack,medium,none,30,19,by_boat,1.5,present,200 x 75 m bed at low end of tidal flat with oyster reefs,grid 10 m apart,temperature and salinity from NANOOS observations within 1 km,WA_WB,"Willapa Bay, Washington","Willapa Bay, Washington"
WA_WB,WB_PA,pecoe-1127,2023-07-15,46.49523,-124.02641,18:05:00,18:59:00,Sample,exblank-2023-45,700,2023,NA,NA,700 ml; xn tech:  ; xn date: Aug-16-2023; xn notes: ; filtration comments: none; tech: Wyth Marshall,"Parcel A, Nahcotta",Jennifer Ruesink,0-0.5,slack,medium,none,30,19,by_boat,1.5,present,200 x 75 m bed at low end of tidal flat with oyster reefs,grid 10 m apart,temperature and salinity from NANOOS observations within 1 km,WA_WB,"Willapa Bay, Washington","Willapa Bay, Washington"
WA_WB,WB_PA,pecoe-1128,2023-07-15,46.49523,-124.02641,18:06:00,19:16:00,Sample,exblank-2023-45,700,2023,NA,NA,700 ml; xn tech:  ; xn date: Aug-16-2023; xn notes: ; filtration comments: none; tech: Wyth Marshall,"Parcel A, Nahcotta",Jennifer Ruesink,0-0.5,slack,medium,none,30,19,by_boat,1.5,present,200 x 75 m bed at low end of tidal flat with oyster reefs,grid 10 m apart,temperature and salinity from NANOOS observations within 1 km,WA_WB,"Willapa Bay, Washington","Willapa Bay, Washington"
WA_WB,WB_PA,pecoe-1129,2023-07-15,46.49523,-124.02641,18:07:00,19:42:00,Sample,exblank-2023-45,700,2023,NA,NA,"700 ml; xn tech:  ; xn date: Aug-16-2023; xn notes: ; filtration comments: tag in bag Willapa Bay, Nancotta, 7/15/2023 Ruesiwk; tech: Wyth Marshall","Parcel A, Nahcotta",Jennifer Ruesink,0-0.5,slack,medium,none,30,19,by_boat,1.5,present,200 x 75 m bed at low end of tidal flat with oyster reefs,grid 10 m apart,temperature and salinity from NANOOS observations within 1 km,WA_WB,"Willapa Bay, Washington","Willapa Bay, Washington"
WA_WB,WB_PA,pecoe-1130,2023-07-15,46.49523,-124.02641,18:08:00,20:11:00,Sample,exblank-2023-45,710,2023,NA,NA,710 ml; xn tech:  ; xn date: Aug-16-2023; xn notes: ; filtration comments: none; tech: Wyth Marshall,"Parcel A, Nahcotta",Jennifer Ruesink,0-0.5,slack,medium,none,30,19,by_boat,1.5,present,200 x 75 m bed at low end of tidal flat with oyster reefs,grid 10 m apart,temperature and salinity from NANOOS observations within 1 km,WA_WB,"Willapa Bay, Washington","Willapa Bay, Washington"
WA_WB,WB_DP,pecoe-1131,2023-07-02,47,-124.128,NA,NA,Field blank,exblank-2023-45,400,2023,NA,NA, ; xn tech:  ; xn date: Aug-16-2023; xn notes: ; filtration comments: none; tech: Wyth Marshall,Damon Point,Jennifer Ruesink,0-0.5,slack,light,none,NA,17,by_foot,1.0,present,"20 m band of sparse eelgrass, large morphology, about -0.3 m relative to MLLW","parallel to shore, 10m apart",temperature estimated,WA_WB,"Willapa Bay, Washington","Willapa Bay, Washington"
WA_WB,WB_DP,pecoe-1132,2023-07-02,47,-124.128,07:30:00,08:48:00,Sample,exblank-2023-45,350,2023,NA,NA,"350 ml whole system came apart under pressure and saltwater sprayed all over the inside of my car, sadly; xn tech:  ; xn date: Aug-16-2023; xn notes: ; filtration comments: none; tech: Wyth Marshall",Damon Point,Jennifer Ruesink,0-0.5,slack,light,none,NA,17,by_foot,1.0,present,"20 m band of sparse eelgrass, large morphology, about -0.3 m relative to MLLW","parallel to shore, 10m apart",temperature estimated,WA_WB,"Willapa Bay, Washington","Willapa Bay, Washington"
WA_WB,WB_DP,pecoe-1133,2023-07-02,47,-124.128,07:32:00,09:03:00,Sample,exblank-2023-45,600,2023,NA,NA,"600 ml; xn tech:  ; xn date: Aug-16-2023; xn notes: ; filtration comments: tag says 7/2/2023.WA. USA, Gray's harbour; tech: Wyth Marshall",Damon Point,Jennifer Ruesink,0-0.5,slack,light,none,NA,17,by_foot,1.0,present,"20 m band of sparse eelgrass, large morphology, about -0.3 m relative to MLLW","parallel to shore, 10m apart",temperature estimated,WA_WB,"Willapa Bay, Washington","Willapa Bay, Washington"
WA_WB,WB_DP,pecoe-1134,2023-07-02,47,-124.128,07:35:00,09:30:00,Sample,exblank-2023-45,600,2023,NA,NA,600 ml; xn tech:  ; xn date: Aug-16-2023; xn notes: ; filtration comments: none; tech: Wyth Marshall,Damon Point,Jennifer Ruesink,0-0.5,slack,light,none,NA,17,by_foot,1.0,present,"20 m band of sparse eelgrass, large morphology, about -0.3 m relative to MLLW","parallel to shore, 10m apart",temperature estimated,WA_WB,"Willapa Bay, Washington","Willapa Bay, Washington"
WA_WB,WB_DP,pecoe-1135,2023-07-02,47,-124.128,07:38:00,09:52:00,Sample,exblank-2023-45,750,2023,NA,NA,750 ml; xn tech:  ; xn date: Aug-16-2023; xn notes: ; filtration comments: none; tech: Wyth Marshall,Damon Point,Jennifer Ruesink,0-0.5,slack,light,none,NA,17,by_foot,1.0,present,"20 m band of sparse eelgrass, large morphology, about -0.3 m relative to MLLW","parallel to shore, 10m apart",temperature estimated,WA_WB,"Willapa Bay, Washington","Willapa Bay, Washington"
WA_WB,WB_SB,pecoe-1136,2023-07-17,46.89055,-124.0878,NA,11:26:00,Field blank,exblank-2023-46,650,2023,NA,NA,650 ml; xn tech:  ; xn date: Aug-17-2023; xn notes: ; filtration comments: filtered in grass field after tide; tech: Wyth Marshall,"South Bay, Grays Harbour",Jennifer Ruesink,0-0.5,flood,light,none,NA,17,by_foot,1.0,present,bed spans 1 km or more along channel edge. Longline oyster culture within 10 m,10 apart from channel to bank along gradual slope,temperature estimated,WA_WB,"Willapa Bay, Washington","Willapa Bay, Washington"
WA_WB,WB_SB,pecoe-1137,2023-07-17,46.89055,-124.0878,10:50:00,11:39:00,Sample,exblank-2023-46,600,2023,NA,NA,600 ml; xn tech:  ; xn date: Aug-17-2023; xn notes: ; filtration comments: filtered in grass field after tide; tech: Wyth Marshall,"South Bay, Grays Harbour",Jennifer Ruesink,0-0.5,flood,light,none,NA,17,by_foot,1.0,present,bed spans 1 km or more along channel edge. Longline oyster culture within 10 m,10 apart from channel to bank along gradual slope,temperature estimated,WA_WB,"Willapa Bay, Washington","Willapa Bay, Washington"
WA_WB,WB_SB,pecoe-1138,2023-07-17,46.89055,-124.0878,10:52:00,11:58:00,Sample,exblank-2023-46,600,2023,NA,NA,600 ml; xn tech:  ; xn date: Aug-17-2023; xn notes: ; filtration comments: South Bay Gray's harbour (tag in bag); tech: Wyth Marshall,"South Bay, Grays Harbour",Jennifer Ruesink,0-0.5,flood,light,none,NA,17,by_foot,1.0,present,bed spans 1 km or more along channel edge. Longline oyster culture within 10 m,10 apart from channel to bank along gradual slope,temperature estimated,WA_WB,"Willapa Bay, Washington","Willapa Bay, Washington"
WA_WB,WB_SB,pecoe-1139,2023-07-17,46.89055,-124.0878,10:54:00,12:18:00,Sample,exblank-2023-46,600,2023,NA,NA,600 ml; xn tech:  ; xn date: Aug-17-2023; xn notes: ; filtration comments: filtered in grass field after tide; tech: Wyth Marshall,"South Bay, Grays Harbour",Jennifer Ruesink,0-0.5,flood,light,none,NA,17,by_foot,1.0,present,bed spans 1 km or more along channel edge. Longline oyster culture within 10 m,10 apart from channel to bank along gradual slope,temperature estimated,WA_WB,"Willapa Bay, Washington","Willapa Bay, Washington"
WA_WB,WB_SB,pecoe-1140,2023-07-17,46.89055,-124.0878,10:55:00,12:36:00,Sample,exblank-2023-46,600,2023,NA,NA,600 ml; xn tech:  ; xn date: Aug-17-2023; xn notes: ; filtration comments: filtered in grass field after tide; tech: Wyth Marshall,"South Bay, Grays Harbour",Jennifer Ruesink,0-0.5,flood,light,none,NA,17,by_foot,1.0,present,bed spans 1 km or more along channel edge. Longline oyster culture within 10 m,10 apart from channel to bank along gradual slope,temperature estimated,WA_WB,"Willapa Bay, Washington","Willapa Bay, Washington"
WA_WB,WB_WR,pecoe-1141,2023-07-24,46.68078,-123.91822,NA,17:08:00,Field blank,exblank-2023-46,600,2023,NA,NA,600 ml; xn tech:  ; xn date: Aug-17-2023; xn notes: ; filtration comments: none; tech: Wyth Marshall,Willapa River,Jennifer Ruesink,0-0.5,flood,medium,medium,NA,17.7,by_foot,1.0,present,200 m wide area of Z. marina intermixed with oyster longlines,"10 m apart, consistent depth",temperature from nearby tide station at Toke Point,WA_WB,"Willapa Bay, Washington","Willapa Bay, Washington"
WA_WB,WB_WR,pecoe-1142,2023-07-24,46.68078,-123.91822,14:45:00,17:20:00,Sample,exblank-2023-46,500,2023,NA,NA,500 ml; xn tech:  ; xn date: Aug-17-2023; xn notes: ; filtration comments: none; tech: Wyth Marshall,Willapa River,Jennifer Ruesink,0-0.5,flood,medium,medium,NA,17.7,by_foot,1.0,present,200 m wide area of Z. marina intermixed with oyster longlines,"10 m apart, consistent depth",temperature from nearby tide station at Toke Point,WA_WB,"Willapa Bay, Washington","Willapa Bay, Washington"
WA_WB,WB_WR,pecoe-1143,2023-07-24,46.68078,-123.91822,14:46:00,17:44:00,Sample,exblank-2023-46,650,2023,NA,NA,"650 ml; xn tech:  ; xn date: Aug-17-2023; xn notes: ; filtration comments: Willapa Bay, tag in bag; tech: Wyth Marshall",Willapa River,Jennifer Ruesink,0-0.5,flood,medium,medium,NA,17.7,by_foot,1.0,present,200 m wide area of Z. marina intermixed with oyster longlines,"10 m apart, consistent depth",temperature from nearby tide station at Toke Point,WA_WB,"Willapa Bay, Washington","Willapa Bay, Washington"
WA_WB,WB_WR,pecoe-1144,2023-07-24,46.68078,-123.91822,14:47:00,18:32:00,Sample,exblank-2023-46,600,2023,NA,NA,"600 ml; xn tech:  ; xn date: Aug-17-2023; xn notes: ; filtration comments: 47/24/23, Willapa River, tag in bag; tech: Wyth Marshall",Willapa River,Jennifer Ruesink,0-0.5,flood,medium,medium,NA,17.7,by_foot,1.0,present,200 m wide area of Z. marina intermixed with oyster longlines,"10 m apart, consistent depth",temperature from nearby tide station at Toke Point,WA_WB,"Willapa Bay, Washington","Willapa Bay, Washington"
WA_WB,WB_WR,pecoe-1145,2023-07-24,46.68078,-123.91822,14:50:00,19:02:00,Sample,exblank-2023-46,650,2023,NA,NA,650 ml; xn tech:  ; xn date: Aug-17-2023; xn notes: ; filtration comments: none; tech: Wyth Marshall,Willapa River,Jennifer Ruesink,0-0.5,flood,medium,medium,NA,17.7,by_foot,1.0,present,200 m wide area of Z. marina intermixed with oyster longlines,"10 m apart, consistent depth",temperature from nearby tide station at Toke Point,WA_WB,"Willapa Bay, Washington","Willapa Bay, Washington"
WA_WB,WB_BC,pecoe-1146,2023-07-25,46.5368,-123.94706,NA,12:42:00,Field blank,exblank-2023-46,620,2023,NA,NA,"620 ml; xn tech:  ; xn date: Aug-17-2023; xn notes: ; filtration comments: tag in bag says ""Bay center/willapa 7/25/23; tech: Wyth Marshall",Bay Center,Jennifer Ruesink,0-0.5,ebb,light,none,NA,18,by_foot,0.5,present,200x400 m tidal flat of sparse eelgrass and burrowing shrimp,"10 apart, consistent depth",temperature estimated,WA_WB,"Willapa Bay, Washington","Willapa Bay, Washington"
WA_WB,WB_BC,pecoe-1147,2023-07-25,46.5368,-123.94706,11:00:00,12:58:00,Sample,exblank-2023-46,600,2023,NA,NA,"600 ml; xn tech:  ; xn date: Aug-17-2023; xn notes: ; filtration comments: tag in bag says ""Bay center/willapa 7/25/23; tech: Wyth Marshall",Bay Center,Jennifer Ruesink,0-0.5,ebb,light,none,NA,18,by_foot,0.5,present,200x400 m tidal flat of sparse eelgrass and burrowing shrimp,"10 apart, consistent depth",temperature estimated,WA_WB,"Willapa Bay, Washington","Willapa Bay, Washington"
WA_WB,WB_BC,pecoe-1148,2023-07-25,46.5368,-123.94706,11:01:00,13:24:00,Sample,exblank-2023-46,600,2023,NA,NA,"600 ml; xn tech:  ; xn date: Aug-17-2023; xn notes: ; filtration comments: tag in bag says ""Bay center/willapa 7/25/23; tech: Wyth Marshall",Bay Center,Jennifer Ruesink,0-0.5,ebb,light,none,NA,18,by_foot,0.5,present,200x400 m tidal flat of sparse eelgrass and burrowing shrimp,"10 apart, consistent depth",temperature estimated,WA_WB,"Willapa Bay, Washington","Willapa Bay, Washington"
WA_WB,WB_BC,pecoe-1149,2023-07-25,46.5368,-123.94706,11:02:00,13:54:00,Sample,exblank-2023-46,700,2023,NA,NA,"700 ml; xn tech:  ; xn date: Aug-17-2023; xn notes: ; filtration comments: tag in bag says ""Bay center/willapa 7/25/23; tech: Wyth Marshall",Bay Center,Jennifer Ruesink,0-0.5,ebb,light,none,NA,18,by_foot,0.5,present,200x400 m tidal flat of sparse eelgrass and burrowing shrimp,"10 apart, consistent depth",temperature estimated,WA_WB,"Willapa Bay, Washington","Willapa Bay, Washington"
WA_WB,WB_BC,pecoe-1150,2023-07-25,46.5368,-123.94706,11:04:00,14:26:00,Sample,exblank-2023-46,675,2023,NA,NA,"675 ml; xn tech:  ; xn date: Aug-17-2023; xn notes: ; filtration comments: tag in bag says ""Bay center/willapa 7/25/23; tech: Wyth Marshall",Bay Center,Jennifer Ruesink,0-0.5,ebb,light,none,NA,18,by_foot,0.5,present,200x400 m tidal flat of sparse eelgrass and burrowing shrimp,"10 apart, consistent depth",temperature estimated,WA_WB,"Willapa Bay, Washington","Willapa Bay, Washington"
CA_SF,NC_RB,pecoe-1151,2023-07-24,37.87382,-122.49199,NA,NA,Field blank,exblank-2023-46,1000,2023,NA,NA, ; xn tech:  ; xn date: Aug-17-2023; xn notes: ; filtration comments: bag labelled 'north central california richardson bay (sp?) 7/24/23; tech: Wyth Marshall,Richardson Bay,"Margot Buchbinder, Amy Yoger",0-0.5,ebb,light,none,30,10,by_boat,1,present,"eelgrass present throughout, bed is approx 100-300 hectares in xize, variable by year. Overall eelgrass density is 9.5 shoots/m3, patch densities~ 13.9 shoots/m3, canopy heights ~150cm","Sampled on boat (kayak), Temperature: 18.3C, Salinity: 30 ppt. Bottom depth: 1.5m. transect was 15 m apart from each site, following parallel to Sausalito Beach.",NA,CA_NCb,"San Francisco Bay, California","San Francisco Bay 1, California"
CA_SF,NC_RB,pecoe-1152,2023-07-24,37.87382,-122.49199,NA,NA,Sample,exblank-2023-46,1000,2023,NA,NA, ; xn tech:  ; xn date: Aug-17-2023; xn notes: ; filtration comments: bag labelled 'north central california richardson bay (sp?) 7/24/23; tech: Wyth Marshall,Richardson Bay,"Margot Buchbinder, Amy Yoger",0-0.5,ebb,light,none,30,10,by_boat,1,present,"eelgrass present throughout, bed is approx 100-300 hectares in xize, variable by year. Overall eelgrass density is 9.5 shoots/m3, patch densities~ 13.9 shoots/m3, canopy heights ~150cm","Sampled on boat (kayak), Temperature: 18.3C, Salinity: 30 ppt. Bottom depth: 1.5m. transect was 15 m apart from each site, following parallel to Sausalito Beach.",NA,CA_NCb,"San Francisco Bay, California","San Francisco Bay 1, California"
CA_SF,NC_RB,pecoe-1153,2023-07-24,37.87382,-122.49199,NA,NA,Sample,exblank-2023-46,1000,2023,NA,NA, ; xn tech:  ; xn date: Aug-17-2023; xn notes: ; filtration comments: bag labelled 'north central california richardson bay (sp?) 7/24/23; tech: Wyth Marshall,Richardson Bay,"Margot Buchbinder, Amy Yoger",0-0.5,ebb,light,none,30,10,by_boat,1,present,"eelgrass present throughout, bed is approx 100-300 hectares in xize, variable by year. Overall eelgrass density is 9.5 shoots/m3, patch densities~ 13.9 shoots/m3, canopy heights ~150cm","Sampled on boat (kayak), Temperature: 18.3C, Salinity: 30 ppt. Bottom depth: 1.5m. transect was 15 m apart from each site, following parallel to Sausalito Beach.",NA,CA_NCb,"San Francisco Bay, California","San Francisco Bay 1, California"
CA_SF,NC_RB,pecoe-1154,2023-07-24,37.87382,-122.49199,NA,NA,Sample,exblank-2023-46,1000,2023,NA,NA, ; xn tech:  ; xn date: Aug-17-2023; xn notes: ; filtration comments: bag labelled 'north central california richardson bay (sp?) 7/24/23; tech: Wyth Marshall,Richardson Bay,"Margot Buchbinder, Amy Yoger",0-0.5,ebb,light,none,30,10,by_boat,1,present,"eelgrass present throughout, bed is approx 100-300 hectares in xize, variable by year. Overall eelgrass density is 9.5 shoots/m3, patch densities~ 13.9 shoots/m3, canopy heights ~150cm","Sampled on boat (kayak), Temperature: 18.3C, Salinity: 30 ppt. Bottom depth: 1.5m. transect was 15 m apart from each site, following parallel to Sausalito Beach.",NA,CA_NCb,"San Francisco Bay, California","San Francisco Bay 1, California"
CA_SF,NC_RB,pecoe-1155,2023-07-24,37.87382,-122.49199,NA,NA,Sample,exblank-2023-46,1000,2023,NA,NA, ; xn tech:  ; xn date: Aug-17-2023; xn notes: ; filtration comments: bag labelled 'north central california richardson bay (sp?) 7/24/23; tech: Wyth Marshall,Richardson Bay,"Margot Buchbinder, Amy Yoger",0-0.5,ebb,light,none,30,10,by_boat,1,present,"eelgrass present throughout, bed is approx 100-300 hectares in xize, variable by year. Overall eelgrass density is 9.5 shoots/m3, patch densities~ 13.9 shoots/m3, canopy heights ~150cm","Sampled on boat (kayak), Temperature: 18.3C, Salinity: 30 ppt. Bottom depth: 1.5m. transect was 15 m apart from each site, following parallel to Sausalito Beach.",NA,CA_NCb,"San Francisco Bay, California","San Francisco Bay 1, California"
CA_SF,NC_PS,pecoe-1156,2023-07-25,37.9733,-122.42098,NA,NA,Field blank,exblank-2023-46,1000,2023,NA,NA, ; xn tech:  ; xn date: Aug-17-2023; xn notes: ; filtration comments: none; tech: Wyth Marshall,Point San Pablo,"Margot Buchbinder, Amy Yoger, Natalie Rossi",0-0.5,ebb,medium,none,22,NA,by_boat,1,NA,"eelgrass bed is 600 hectares, somewhat patchy, but relatively continuous. Density is approx 37 shoots/m2 across the bed, patch density=74 shots/m2, canopy height= 150-200 cm","Sampled on boat (kayak), Temperature: 19.4C, Salinity: 22 ppt. Bottom depth: 1 m. transect began 40m N of GPS point, took samples coming S towards point due to currents from wind coming from S. Points 10m apart.",NA,CA_NCb,"San Francisco Bay, California","San Francisco Bay 1, California"
CA_SF,NC_PS,pecoe-1157,2023-07-25,37.9733,-122.42098,NA,NA,Sample,exblank-2023-46,900,2023,NA,NA, ; xn tech:  ; xn date: Aug-17-2023; xn notes: ; filtration comments: none; tech: Wyth Marshall,Point San Pablo,"Margot Buchbinder, Amy Yoger, Natalie Rossi",0-0.5,ebb,medium,none,22,NA,by_boat,1,NA,"eelgrass bed is 600 hectares, somewhat patchy, but relatively continuous. Density is approx 37 shoots/m2 across the bed, patch density=74 shots/m2, canopy height= 150-200 cm","Sampled on boat (kayak), Temperature: 19.4C, Salinity: 22 ppt. Bottom depth: 1 m. transect began 40m N of GPS point, took samples coming S towards point due to currents from wind coming from S. Points 10m apart.",NA,CA_NCb,"San Francisco Bay, California","San Francisco Bay 1, California"
CA_SF,NC_PS,pecoe-1158,2023-07-25,37.9733,-122.42098,NA,NA,Sample,exblank-2023-46,900,2023,NA,NA, ; xn tech:  ; xn date: Aug-17-2023; xn notes: ; filtration comments: none; tech: Wyth Marshall,Point San Pablo,"Margot Buchbinder, Amy Yoger, Natalie Rossi",0-0.5,ebb,medium,none,22,NA,by_boat,1,NA,"eelgrass bed is 600 hectares, somewhat patchy, but relatively continuous. Density is approx 37 shoots/m2 across the bed, patch density=74 shots/m2, canopy height= 150-200 cm","Sampled on boat (kayak), Temperature: 19.4C, Salinity: 22 ppt. Bottom depth: 1 m. transect began 40m N of GPS point, took samples coming S towards point due to currents from wind coming from S. Points 10m apart.",NA,CA_NCb,"San Francisco Bay, California","San Francisco Bay 1, California"
CA_SF,NC_PS,pecoe-1159,2023-07-25,37.9733,-122.42098,NA,NA,Sample,exblank-2023-48,950,2023,NA,NA, ; xn tech:  ; xn date: Aug-24-2023; xn notes: ; filtration comments: none; tech: Wyth Marshall,Point San Pablo,"Margot Buchbinder, Amy Yoger, Natalie Rossi",0-0.5,ebb,medium,none,22,NA,by_boat,1,NA,"eelgrass bed is 600 hectares, somewhat patchy, but relatively continuous. Density is approx 37 shoots/m2 across the bed, patch density=74 shots/m2, canopy height= 150-200 cm","Sampled on boat (kayak), Temperature: 19.4C, Salinity: 22 ppt. Bottom depth: 1 m. transect began 40m N of GPS point, took samples coming S towards point due to currents from wind coming from S. Points 10m apart.",NA,CA_NCb,"San Francisco Bay, California","San Francisco Bay 1, California"
CA_SF,NC_PS,pecoe-1160,2023-07-25,37.9733,-122.42098,NA,NA,Sample,exblank-2023-48,1000,2023,NA,NA, ; xn tech:  ; xn date: Aug-24-2023; xn notes: ; filtration comments: none; tech: Wyth Marshall,Point San Pablo,"Margot Buchbinder, Amy Yoger, Natalie Rossi",0-0.5,ebb,medium,none,22,NA,by_boat,1,NA,"eelgrass bed is 600 hectares, somewhat patchy, but relatively continuous. Density is approx 37 shoots/m2 across the bed, patch density=74 shots/m2, canopy height= 150-200 cm","Sampled on boat (kayak), Temperature: 19.4C, Salinity: 22 ppt. Bottom depth: 1 m. transect began 40m N of GPS point, took samples coming S towards point due to currents from wind coming from S. Points 10m apart.",NA,CA_NCb,"San Francisco Bay, California","San Francisco Bay 1, California"
CA_SF,NC_PM,pecoe-1161,2023-07-26,37.946616,-122.41852,NA,NA,Field blank,exblank-2023-48,1000,2023,NA,NA, ; xn tech:  ; xn date: Aug-24-2023; xn notes: ; filtration comments: none; tech: Wyth Marshall,Point Molate,"Margot Buchbinder, Amy Yoger, Jivan Khakee, Becca Miller",0.5-1,ebb,medium,none,25,NA,by_foot,1,NA,"eelgrass bed is 12-40 hectares, very patchy, about 1-5m across, separated by ~1-5m distances. Overall bed density is 18.9 shoots/m2, patch density=77 shoots/m2, canopy height 180-200 cm","Sampled on foot, Temperature: 19.4C, Salinity: 25ppt, bottom depth: 1m. Transect began at gps point, and went south, 10 m apart for all samples.",NA,CA_NCb,"San Francisco Bay, California","San Francisco Bay 1, California"
CA_SF,NC_PM,pecoe-1162,2023-07-26,37.946616,-122.41852,NA,NA,Sample,exblank-2023-48,1000,2023,NA,NA, ; xn tech:  ; xn date: Aug-24-2023; xn notes: ; filtration comments: none; tech: Wyth Marshall,Point Molate,"Margot Buchbinder, Amy Yoger, Jivan Khakee, Becca Miller",0.5-1,ebb,medium,none,25,NA,by_foot,1,NA,"eelgrass bed is 12-40 hectares, very patchy, about 1-5m across, separated by ~1-5m distances. Overall bed density is 18.9 shoots/m2, patch density=77 shoots/m2, canopy height 180-200 cm","Sampled on foot, Temperature: 19.4C, Salinity: 25ppt, bottom depth: 1m. Transect began at gps point, and went south, 10 m apart for all samples.",NA,CA_NCb,"San Francisco Bay, California","San Francisco Bay 1, California"
CA_SF,NC_PM,pecoe-1163,2023-07-26,37.946616,-122.41852,NA,NA,Sample,exblank-2023-48,1000,2023,NA,NA, ; xn tech:  ; xn date: Aug-24-2023; xn notes: ; filtration comments: none; tech: Wyth Marshall,Point Molate,"Margot Buchbinder, Amy Yoger, Jivan Khakee, Becca Miller",0.5-1,ebb,medium,none,25,NA,by_foot,1,NA,"eelgrass bed is 12-40 hectares, very patchy, about 1-5m across, separated by ~1-5m distances. Overall bed density is 18.9 shoots/m2, patch density=77 shoots/m2, canopy height 180-200 cm","Sampled on foot, Temperature: 19.4C, Salinity: 25ppt, bottom depth: 1m. Transect began at gps point, and went south, 10 m apart for all samples.",NA,CA_NCb,"San Francisco Bay, California","San Francisco Bay 1, California"
CA_SF,NC_PM,pecoe-1164,2023-07-26,37.946616,-122.41852,NA,NA,Sample,exblank-2023-48,1000,2023,NA,NA, ; xn tech:  ; xn date: Aug-24-2023; xn notes: ; filtration comments: none; tech: Wyth Marshall,Point Molate,"Margot Buchbinder, Amy Yoger, Jivan Khakee, Becca Miller",0.5-1,ebb,medium,none,25,NA,by_foot,1,NA,"eelgrass bed is 12-40 hectares, very patchy, about 1-5m across, separated by ~1-5m distances. Overall bed density is 18.9 shoots/m2, patch density=77 shoots/m2, canopy height 180-200 cm","Sampled on foot, Temperature: 19.4C, Salinity: 25ppt, bottom depth: 1m. Transect began at gps point, and went south, 10 m apart for all samples.",NA,CA_NCb,"San Francisco Bay, California","San Francisco Bay 1, California"
CA_SF,NC_PM,pecoe-1165,2023-07-26,37.946616,-122.41852,NA,NA,Sample,exblank-2023-48,880,2023,NA,NA, ; xn tech:  ; xn date: Aug-24-2023; xn notes: ; filtration comments: none; tech: Wyth Marshall,Point Molate,"Margot Buchbinder, Amy Yoger, Jivan Khakee, Becca Miller",0.5-1,ebb,medium,none,25,NA,by_foot,1,NA,"eelgrass bed is 12-40 hectares, very patchy, about 1-5m across, separated by ~1-5m distances. Overall bed density is 18.9 shoots/m2, patch density=77 shoots/m2, canopy height 180-200 cm","Sampled on foot, Temperature: 19.4C, Salinity: 25ppt, bottom depth: 1m. Transect began at gps point, and went south, 10 m apart for all samples.",NA,CA_NCb,"San Francisco Bay, California","San Francisco Bay 1, California"
CA_NC,NC_DE,pecoe-1176,2023-07-25,38.05,-122.94,NA,NA,Field blank,exblank-2023-48,725,2023,NA,NA, ; xn tech:  ; xn date: Aug-24-2023; xn notes: ; filtration comments: none; tech: Wyth Marshall,Drakes Estero,"Brent Hughes, Joel Huckeba, Shirah Strok, Emily Hascall",0-0.5,flood,light,none,36.08,19.4,by_foot,1,present,thick,"parallel to shore, about 10m away from shore, 10m apart","Seagrass patchiness = continuous, canopy height ~ 1m",CA_NCc,"Bodega Bay, California","San Francisco Bay 2, California"
CA_NC,NC_DE,pecoe-1177,2023-07-25,38.05,-122.94,10:05:00,12:22:00,Sample,exblank-2023-48,600,2023,NA,NA,"600 mL, turbid water; xn tech:  ; xn date: Aug-24-2023; xn notes: ; filtration comments: briefly touched water; tech: Wyth Marshall",Drakes Estero,"Brent Hughes, Joel Huckeba, Shirah Strok, Emily Hascall",0-0.5,flood,light,none,36.08,19.4,by_foot,1,present,thick,"parallel to shore, about 10m away from shore, 10m apart","Seagrass patchiness = continuous, canopy height ~ 1m",CA_NCc,"Bodega Bay, California","San Francisco Bay 2, California"
CA_NC,NC_DE,pecoe-1178,2023-07-25,38.05,-122.94,10:08:00,12:53:00,Sample,exblank-2023-48,575,2023,NA,NA,"575 mL, turbid water; xn tech:  ; xn date: Aug-24-2023; xn notes: ; filtration comments: touched water; tech: Wyth Marshall",Drakes Estero,"Brent Hughes, Joel Huckeba, Shirah Strok, Emily Hascall",0-0.5,flood,light,none,36.08,19.4,by_foot,1,present,thick,"parallel to shore, about 10m away from shore, 10m apart","Seagrass patchiness = continuous, canopy height ~ 1m",CA_NCc,"Bodega Bay, California","San Francisco Bay 2, California"
CA_NC,NC_DE,pecoe-1179,2023-07-25,38.05,-122.94,10:11:00,11:32:00,Sample,exblank-2023-48,560,2023,NA,NA,"560 mL, turbid water; xn tech:  ; xn date: Aug-24-2023; xn notes: ; filtration comments: none; tech: Wyth Marshall",Drakes Estero,"Brent Hughes, Joel Huckeba, Shirah Strok, Emily Hascall",0-0.5,flood,light,none,36.08,19.4,by_foot,1,present,thick,"parallel to shore, about 10m away from shore, 10m apart","Seagrass patchiness = continuous, canopy height ~ 1m",CA_NCc,"Bodega Bay, California","San Francisco Bay 2, California"
CA_NC,NC_DE,pecoe-1180,2023-07-25,38.05,-122.94,10:14:00,01:22:00,Sample,exblank-2023-48,600,2023,NA,NA,"600 mL, turbid water; xn tech:  ; xn date: Aug-24-2023; xn notes: ; filtration comments: touched water; tech: Wyth Marshall",Drakes Estero,"Brent Hughes, Joel Huckeba, Shirah Strok, Emily Hascall",0-0.5,flood,light,none,36.08,19.4,by_foot,1,present,thick,"parallel to shore, about 10m away from shore, 10m apart","Seagrass patchiness = continuous, canopy height ~ 1m",CA_NCc,"Bodega Bay, California","San Francisco Bay 2, California"
CA_MB,MB_CB,pecoe-1201,2023-08-17,35.37211,-120.86052,NA,NA,Field blank,exblank-2023-58,1000,2023,NA,NA, ; xn tech:  ; xn date: Dec-12-2023; xn notes: ; filtration comments: none; tech: Silvio Carvalho,Coleman Beach,"M.O'Connor, B.Grassman, J.Taylor",0-0.5,slack,none,none,33.7,18.3,by_foot,1.0,present,"dense eelgrass cover, heavy epiphyte cover, long blades","sampling conducted approx about 10m away from shore, 10m apart",NA,CA_MB,"Morro Bay, California","Morro Bay, California"
CA_MB,MB_CB,pecoe-1202,2023-08-17,35.37211,-120.86052,08:11:00,09:44:00,Sample,exblank-2023-57,600,2023,NA,NA,"600, syringe excessive wet so pushed air through syringe 4x; xn tech:  ; xn date: Nov-2-2023; xn notes: ; filtration comments: eelgrass wrack present in sample; tech: Silvio Carvalho",Coleman Beach,"M.O'Connor, B.Grassman, J.Taylor",0-0.5,slack,none,none,33.7,18.3,by_foot,1.0,present,"dense eelgrass cover, heavy epiphyte cover, long blades","sampling conducted approx about 10m away from shore, 10m apart",NA,CA_MB,"Morro Bay, California","Morro Bay, California"
CA_MB,MB_CB,pecoe-1203,2023-08-17,35.37211,-120.86052,08:16:00,10:13:00,Sample,exblank-2023-58,600,2023,NA,NA,"600, syringe excessive wet so pushed air through syringe 4x; xn tech:  ; xn date: Dec-12-2023; xn notes: ; filtration comments: filter excessively wet, so pushed air through syringe 4 x; tech: Silvio Carvalho",Coleman Beach,"M.O'Connor, B.Grassman, J.Taylor",0-0.5,slack,none,none,33.7,18.3,by_foot,1.0,present,"dense eelgrass cover, heavy epiphyte cover, long blades","sampling conducted approx about 10m away from shore, 10m apart",NA,CA_MB,"Morro Bay, California","Morro Bay, California"
CA_MB,MB_CB,pecoe-1204,2023-08-17,35.37211,-120.86052,08:20:00,10:46:00,Sample,exblank-2023-57,600,2023,NA,NA,"600, air pushed through syringe 5 times; xn tech:  ; xn date: Nov-2-2023; xn notes: ; filtration comments: filter excessively wet, so pushed air through syringe 4 x; tech: Silvio Carvalho",Coleman Beach,"M.O'Connor, B.Grassman, J.Taylor",0-0.5,slack,none,none,33.7,18.3,by_foot,1.0,present,"dense eelgrass cover, heavy epiphyte cover, long blades","sampling conducted approx about 10m away from shore, 10m apart",NA,CA_MB,"Morro Bay, California","Morro Bay, California"
CA_MB,MB_CB,pecoe-1205,2023-08-17,35.37211,-120.86052,08:07:00,11:18:00,Sample,exblank-2023-58,600,2023,NA,NA,"600, syringe excessive wet so pushed air through syringe 4x, eelgrass present in sample; xn tech:  ; xn date: Dec-12-2023; xn notes: ; filtration comments: air pushed through filter 5x with syringe; tech: Silvio Carvalho",Coleman Beach,"M.O'Connor, B.Grassman, J.Taylor",0-0.5,slack,none,none,33.7,18.3,by_foot,1.0,present,"dense eelgrass cover, heavy epiphyte cover, long blades","sampling conducted approx about 10m away from shore, 10m apart",NA,CA_MB,"Morro Bay, California","Morro Bay, California"
CA_LA,LA_LN,pecoe-1216,2023-07-17,33.602146,-117.8826433,NA,12:01:00,Field blank,exblank-2023-52,1000,2023,NA,NA, ; xn tech:  ; xn date: Oct-20-2023; xn notes: ; filtration comments: none; tech: Silvio Carvalho,Lower Newport Bay,"Sarah Joy Bittick, Nolan Abi-Hanna, Mia Vafadari",0-0.5,high,light,none,33.128,19.9,by_foot,2,present,dense,"samples taken approximately parallel to shore in the western direction, same depth and 10 meters apart",tide higher than what we've collected at in the past,CA_LA,"Los Angeles, California","Los Angeles, California"
CA_LA,LA_LN,pecoe-1217,2023-07-17,33.602146,-117.8826433,09:55:00,12:26:00,Sample,exblank-2023-52,500,2023,NA,NA,only 500 mL filtered; xn tech:  ; xn date: Oct-20-2023; xn notes: ; filtration comments: none; tech: Silvio Carvalho,Lower Newport Bay,"Sarah Joy Bittick, Nolan Abi-Hanna, Mia Vafadari",0-0.5,high,light,none,33.128,19.9,by_foot,2,present,dense,"samples taken approximately parallel to shore in the western direction, same depth and 10 meters apart",tide higher than what we've collected at in the past,CA_LA,"Los Angeles, California","Los Angeles, California"
CA_LA,LA_LN,pecoe-1218,2023-07-17,33.602146,-117.8826433,10:00:00,13:12:00,Sample,exblank-2023-52,1000,2023,NA,NA, ; xn tech:  ; xn date: Oct-20-2023; xn notes: ; filtration comments: none; tech: Silvio Carvalho,Lower Newport Bay,"Sarah Joy Bittick, Nolan Abi-Hanna, Mia Vafadari",0-0.5,high,light,none,33.128,19.9,by_foot,2,present,dense,"samples taken approximately parallel to shore in the western direction, same depth and 10 meters apart",tide higher than what we've collected at in the past,CA_LA,"Los Angeles, California","Los Angeles, California"
CA_LA,LA_LN,pecoe-1219,2023-07-17,33.602146,-117.8826433,10:05:00,13:45:00,Sample,exblank-2023-52,1000,2023,NA,NA, ; xn tech:  ; xn date: Oct-20-2023; xn notes: ; filtration comments: none; tech: Silvio Carvalho,Lower Newport Bay,"Sarah Joy Bittick, Nolan Abi-Hanna, Mia Vafadari",0-0.5,high,light,none,33.128,19.9,by_foot,2,present,dense,"samples taken approximately parallel to shore in the western direction, same depth and 10 meters apart",tide higher than what we've collected at in the past,CA_LA,"Los Angeles, California","Los Angeles, California"
CA_LA,LA_LN,pecoe-1220,2023-07-17,33.602146,-117.8826433,10:15:00,14:15:00,Sample,exblank-2023-52,1000,2023,NA,NA, ; xn tech:  ; xn date: Oct-20-2023; xn notes: ; filtration comments: none; tech: Silvio Carvalho,Lower Newport Bay,"Sarah Joy Bittick, Nolan Abi-Hanna, Mia Vafadari",0-0.5,high,light,none,33.128,19.9,by_foot,2,present,dense,"samples taken approximately parallel to shore in the western direction, same depth and 10 meters apart",tide higher than what we've collected at in the past,CA_LA,"Los Angeles, California","Los Angeles, California"
CA_NC,NC_NC,pecoe-1221,2023-07-22,38.204361,-122.927417,NA,NA,Field blank,exblank-2023-48,800,2023,NA,NA, ; xn tech:  ; xn date: Aug-24-2023; xn notes: ; filtration comments: none; tech: Wyth Marshall,Nicks Cove,Deanna Beatty,NA,"low
",none,none,NA,NA,by_foot,1,present,patchy,"started further from shore and worked back toward the shore, consistent depth, 10-15 meters apart",the pump did not work and needed replaced. samples filtered within 7 hours of collection,CA_NCa,"Bodega Bay, California","Bodega Bay, California"
CA_NC,NC_NC,pecoe-1222,2023-07-22,38.204361,-122.927417,10:12:00,16:35:00,Sample,exblank-2023-48,500,2023,NA,NA,"500; xn tech:  ; xn date: Aug-24-2023; xn notes: ; filtration comments: pump broke and needed replacing, could only filter through 500mL; tech: Wyth Marshall",Nicks Cove,Deanna Beatty,NA,"low
",none,none,NA,NA,by_foot,1,present,patchy,"started further from shore and worked back toward the shore, consistent depth, 10-15 meters apart",the pump did not work and needed replaced. samples filtered within 7 hours of collection,CA_NCa,"Bodega Bay, California","Bodega Bay, California"
CA_NC,NC_NC,pecoe-1223,2023-07-22,38.204361,-122.927417,10:16:00,16:47:00,Sample,exblank-2023-48,500,2023,NA,NA,"500; xn tech:  ; xn date: Aug-24-2023; xn notes: ; filtration comments: pump broke and needed replacing, could only filter through 500mL; tech: Wyth Marshall",Nicks Cove,Deanna Beatty,NA,"low
",none,none,NA,NA,by_foot,1,present,patchy,"started further from shore and worked back toward the shore, consistent depth, 10-15 meters apart",the pump did not work and needed replaced. samples filtered within 7 hours of collection,CA_NCa,"Bodega Bay, California","Bodega Bay, California"
CA_NC,NC_NC,pecoe-1224,2023-07-22,38.204361,-122.927417,10:20:00,17:10:00,Sample,exblank-2023-48,500,2023,NA,NA,"500; xn tech:  ; xn date: Aug-24-2023; xn notes: ; filtration comments: pump broke and needed replacing, could only filter through 500mL; tech: Wyth Marshall",Nicks Cove,Deanna Beatty,NA,"low
",none,none,NA,NA,by_foot,1,present,patchy,"started further from shore and worked back toward the shore, consistent depth, 10-15 meters apart",the pump did not work and needed replaced. samples filtered within 7 hours of collection,CA_NCa,"Bodega Bay, California","Bodega Bay, California"
CA_NC,NC_NC,pecoe-1225,2023-07-22,38.204361,-122.927417,10:25:00,17:25:00,Sample,exblank-2023-48,500,2023,NA,NA,"500; xn tech:  ; xn date: Aug-24-2023; xn notes: ; filtration comments: pump broke and needed replacing, could only filter through 500mL; tech: Wyth Marshall",Nicks Cove,Deanna Beatty,NA,"low
",none,none,NA,NA,by_foot,1,present,patchy,"started further from shore and worked back toward the shore, consistent depth, 10-15 meters apart",the pump did not work and needed replaced. samples filtered within 7 hours of collection,CA_NCa,"Bodega Bay, California","Bodega Bay, California"
CA_SF,NC_WP,pecoe-1226,2023-08-05,38.318731,-123.05324,NA,13:12:00,Field blank,exblank-2023-48,800,2023,NA,NA,800; xn tech:  ; xn date: Aug-24-2023; xn notes: ; filtration comments: none; tech: Wyth Marshall,Westside Park,Deanna Beatty,NA,"low
",none,none,NA,NA,by_foot,1,present,dense,"sampled parallel to shore west to east, ~10m apart, consistent depth",NA,CA_NCa,"San Francisco Bay, California","Bodega Bay, California"
CA_SF,NC_WP,pecoe-1227,2023-08-05,38.318731,-123.05324,10:02:00,13:25:00,Sample,exblank-2023-48,500,2023,NA,NA,500; xn tech:  ; xn date: Aug-24-2023; xn notes: ; filtration comments: none; tech: Wyth Marshall,Westside Park,Deanna Beatty,NA,"low
",none,none,NA,NA,by_foot,1,present,dense,"sampled parallel to shore west to east, ~10m apart, consistent depth",NA,CA_NCa,"San Francisco Bay, California","Bodega Bay, California"
CA_SF,NC_WP,pecoe-1228,2023-08-05,38.318731,-123.05324,10:05:00,13:34:00,Sample,exblank-2023-48,600,2023,NA,NA,600; xn tech:  ; xn date: Aug-24-2023; xn notes: ; filtration comments: none; tech: Wyth Marshall,Westside Park,Deanna Beatty,NA,"low
",none,none,NA,NA,by_foot,1,present,dense,"sampled parallel to shore west to east, ~10m apart, consistent depth",NA,CA_NCa,"San Francisco Bay, California","Bodega Bay, California"
CA_SF,NC_WP,pecoe-1229,2023-08-05,38.318731,-123.05324,10:08:00,13:55:00,Sample,exblank-2023-48,600,2023,NA,NA,600; xn tech:  ; xn date: Aug-24-2023; xn notes: ; filtration comments: none; tech: Wyth Marshall,Westside Park,Deanna Beatty,NA,"low
",none,none,NA,NA,by_foot,1,present,dense,"sampled parallel to shore west to east, ~10m apart, consistent depth",NA,CA_NCa,"San Francisco Bay, California","Bodega Bay, California"
CA_SF,NC_WP,pecoe-1230,2023-08-05,38.318731,-123.05324,10:11:00,14:06:00,Sample,exblank-2023-49,600,2023,NA,NA,600; xn tech:  ; xn date: Aug-25-2023; xn notes: ; filtration comments: none; tech: Wyth Marshall,Westside Park,Deanna Beatty,NA,"low
",none,none,NA,NA,by_foot,1,present,dense,"sampled parallel to shore west to east, ~10m apart, consistent depth",NA,CA_NCa,"San Francisco Bay, California","Bodega Bay, California"
BC_IC,IC_SHS,pecoe-1246,2023-07-15,50.09115,-125.043783,12:20:00,15:39:00,Field blank,exblank-2023-49,1000,2023,NA,NA, ; xn tech:  ; xn date: Aug-25-2023; xn notes: ; filtration comments:  ; tech: Wyth Marshall,Shark Spit,"CP, AO, ZM, AN",0-0.5,flood,light,none,24.37,19.3,by_boat,2023-02-03 00:00:00,present,NA,"parallel to shore, ~ 10m apart, tried to maintain same depth for each sample",NA,BC_IC,"Inner Coast, British Columbia","Inner Coast, British Columbia"
BC_IC,IC_SHS,pecoe-1247,2023-07-15,50.09115,-125.043783,12:20:00,15:39:00,Sample,exblank-2023-49,1000,2023,NA,NA, ; xn tech:  ; xn date: Aug-25-2023; xn notes: ; filtration comments:  ; tech: Wyth Marshall,Shark Spit,"CP, AO, ZM, AN",0-0.5,flood,light,none,24.37,19.3,by_boat,2023-02-03 00:00:00,present,NA,"parallel to shore, ~ 10m apart, tried to maintain same depth for each sample",NA,BC_IC,"Inner Coast, British Columbia","Inner Coast, British Columbia"
BC_IC,IC_SHS,pecoe-1248,2023-07-15,50.09115,-125.043783,12:20:00,15:39:00,Sample,exblank-2023-49,1000,2023,NA,NA, ; xn tech:  ; xn date: Aug-25-2023; xn notes: ; filtration comments:  ; tech: Wyth Marshall,Shark Spit,"CP, AO, ZM, AN",0-0.5,flood,light,none,24.37,19.3,by_boat,2023-02-03 00:00:00,present,NA,"parallel to shore, ~ 10m apart, tried to maintain same depth for each sample",NA,BC_IC,"Inner Coast, British Columbia","Inner Coast, British Columbia"
BC_IC,IC_SHS,pecoe-1249,2023-07-15,50.09115,-125.043783,12:20:00,15:50:00,Sample,exblank-2023-49,1000,2023,NA,NA, ; xn tech:  ; xn date: Aug-25-2023; xn notes: ; filtration comments:  ; tech: Wyth Marshall,Shark Spit,"CP, AO, ZM, AN",0-0.5,flood,light,none,24.37,19.3,by_boat,2023-02-03 00:00:00,present,NA,"parallel to shore, ~ 10m apart, tried to maintain same depth for each sample",NA,BC_IC,"Inner Coast, British Columbia","Inner Coast, British Columbia"
BC_IC,IC_SHS,pecoe-1250,2023-07-15,50.09115,-125.043783,NA,15:50:00,Sample,exblank-2023-49,1000,2023,NA,NA, ; xn tech:  ; xn date: Aug-25-2023; xn notes: ; filtration comments:  ; tech: Wyth Marshall,Shark Spit,"CP, AO, ZM, AN",0-0.5,flood,light,none,24.37,19.3,by_boat,2023-02-03 00:00:00,present,NA,"parallel to shore, ~ 10m apart, tried to maintain same depth for each sample",NA,BC_IC,"Inner Coast, British Columbia","Inner Coast, British Columbia"
BC_IC,IC_SMB,pecoe-1251,2023-07-15,50.035945,-124.994993,09:43:00,15:20:00,Sample,exblank-2023-49,1000,2023,NA,NA, ; xn tech:  ; xn date: Aug-25-2023; xn notes: ; filtration comments:  ; tech: Wyth Marshall,Smelt Bay,"CP, AO, ZM, AN",0-0.5,ebb,light,none,23.64,19.7,by_boat,2.0,present,"bed intertidel and subtidel, mixed z.marina and z.japonica (higher intertidel) with sand patches (2-4m wide), cover 100% excluding the sand patches","10m apart along the shore, consistent depth ~2m above the seagrass",NA,BC_IC,"Inner Coast, British Columbia","Inner Coast, British Columbia"
BC_IC,IC_SMB,pecoe-1252,2023-07-15,50.035945,-124.994993,09:43:00,15:07:00,Sample,exblank-2023-49,1000,2023,NA,NA, ; xn tech:  ; xn date: Aug-25-2023; xn notes: ; filtration comments:  ; tech: Wyth Marshall,Smelt Bay,"CP, AO, ZM, AN",0-0.5,ebb,light,none,23.64,19.7,by_boat,2.0,present,"bed intertidel and subtidel, mixed z.marina and z.japonica (higher intertidel) with sand patches (2-4m wide), cover 100% excluding the sand patches","10m apart along the shore, consistent depth ~2m above the seagrass",NA,BC_IC,"Inner Coast, British Columbia","Inner Coast, British Columbia"
BC_IC,IC_SMB,pecoe-1253,2023-07-15,50.035945,-124.994993,NA,15:25:00,Field blank,exblank-2023-49,1000,2023,NA,NA, ; xn tech:  ; xn date: Aug-25-2023; xn notes: ; filtration comments:  ; tech: Wyth Marshall,Smelt Bay,"CP, AO, ZM, AN",0-0.5,ebb,light,none,23.64,19.7,by_boat,2.0,present,"bed intertidel and subtidel, mixed z.marina and z.japonica (higher intertidel) with sand patches (2-4m wide), cover 100% excluding the sand patches","10m apart along the shore, consistent depth ~2m above the seagrass",NA,BC_IC,"Inner Coast, British Columbia","Inner Coast, British Columbia"
BC_IC,IC_SMB,pecoe-1254,2023-07-15,50.035945,-124.994993,09:43:00,15:07:00,Sample,exblank-2023-49,1000,2023,NA,NA, ; xn tech:  ; xn date: Aug-25-2023; xn notes: ; filtration comments:  ; tech: Wyth Marshall,Smelt Bay,"CP, AO, ZM, AN",0-0.5,ebb,light,none,23.64,19.7,by_boat,2.0,present,"bed intertidel and subtidel, mixed z.marina and z.japonica (higher intertidel) with sand patches (2-4m wide), cover 100% excluding the sand patches","10m apart along the shore, consistent depth ~2m above the seagrass",NA,BC_IC,"Inner Coast, British Columbia","Inner Coast, British Columbia"
BC_IC,IC_SMB,pecoe-1255,2023-07-15,50.035945,-124.994993,09:43:00,15:07:00,Sample,exblank-2023-49,1000,2023,NA,NA, ; xn tech:  ; xn date: Aug-25-2023; xn notes: ; filtration comments:  ; tech: Wyth Marshall,Smelt Bay,"CP, AO, ZM, AN",0-0.5,ebb,light,none,23.64,19.7,by_boat,2.0,present,"bed intertidel and subtidel, mixed z.marina and z.japonica (higher intertidel) with sand patches (2-4m wide), cover 100% excluding the sand patches","10m apart along the shore, consistent depth ~2m above the seagrass",NA,BC_IC,"Inner Coast, British Columbia","Inner Coast, British Columbia"
BC_IC,IC_OPB,pecoe-1256,2023-07-16,50.1371255,-125.21415,NA,15:10:00,Field blank,exblank-2023-49,1000,2023,NA,NA, ; xn tech:  ; xn date: Aug-25-2023; xn notes: ; filtration comments:  ; tech: Wyth Marshall,Open Bay,"CP, AO, ZM, AN",0-0.5,ebb,light,none,24.423,19.445,by_boat,2.0,present,"patchy, cover 100% with seagrass, overall cover 90% in sample area, sand patches disappear, bed becomes continious with approx 20m further out","10m apart, scoss bay, at patchy seagrass edge; full coverage bed starts in deeper water",NA,BC_IC,"Inner Coast, British Columbia","Inner Coast, British Columbia"
BC_IC,IC_OPB,pecoe-1257,2023-07-16,50.1371255,-125.21415,10:50:00,15:10:00,Sample,exblank-2023-49,1000,2023,NA,NA, ; xn tech:  ; xn date: Aug-25-2023; xn notes: ; filtration comments:  ; tech: Wyth Marshall,Open Bay,"CP, AO, ZM, AN",0-0.5,ebb,light,none,24.423,19.445,by_boat,2.0,present,"patchy, cover 100% with seagrass, overall cover 90% in sample area, sand patches disappear, bed becomes continious with approx 20m further out","10m apart, scoss bay, at patchy seagrass edge; full coverage bed starts in deeper water",NA,BC_IC,"Inner Coast, British Columbia","Inner Coast, British Columbia"
BC_IC,IC_OPB,pecoe-1258,2023-07-16,50.1371255,-125.21415,10:50:00,15:10:00,Sample,exblank-2023-49,1000,2023,NA,NA, ; xn tech:  ; xn date: Aug-25-2023; xn notes: ; filtration comments:  ; tech: Wyth Marshall,Open Bay,"CP, AO, ZM, AN",0-0.5,ebb,light,none,24.423,19.445,by_boat,2.0,present,"patchy, cover 100% with seagrass, overall cover 90% in sample area, sand patches disappear, bed becomes continious with approx 20m further out","10m apart, scoss bay, at patchy seagrass edge; full coverage bed starts in deeper water",NA,BC_IC,"Inner Coast, British Columbia","Inner Coast, British Columbia"
BC_IC,IC_OPB,pecoe-1259,2023-07-16,50.1371255,-125.21415,10:50:00,15:23:00,Sample,exblank-2023-49,1000,2023,NA,NA, ; xn tech:  ; xn date: Aug-25-2023; xn notes: ; filtration comments:  ; tech: Wyth Marshall,Open Bay,"CP, AO, ZM, AN",0-0.5,ebb,light,none,24.423,19.445,by_boat,2.0,present,"patchy, cover 100% with seagrass, overall cover 90% in sample area, sand patches disappear, bed becomes continious with approx 20m further out","10m apart, scoss bay, at patchy seagrass edge; full coverage bed starts in deeper water",NA,BC_IC,"Inner Coast, British Columbia","Inner Coast, British Columbia"
BC_IC,IC_OPB,pecoe-1260,2023-07-16,50.1371255,-125.21415,10:50:00,15:23:00,Sample,exblank-2023-49,1000,2023,NA,NA, ; xn tech:  ; xn date: Aug-25-2023; xn notes: ; filtration comments:  ; tech: Wyth Marshall,Open Bay,"CP, AO, ZM, AN",0-0.5,ebb,light,none,24.423,19.445,by_boat,2.0,present,"patchy, cover 100% with seagrass, overall cover 90% in sample area, sand patches disappear, bed becomes continious with approx 20m further out","10m apart, scoss bay, at patchy seagrass edge; full coverage bed starts in deeper water",NA,BC_IC,"Inner Coast, British Columbia","Inner Coast, British Columbia"
BC_IC,IC_MAB,pecoe-1261,2023-07-16,50.117809,-125.22584,NA,15:35:00,Field blank,exblank-2023-49,1000,2023,NA,NA, ; xn tech:  ; xn date: Aug-25-2023; xn notes: ; filtration comments:  ; tech: Wyth Marshall,Marna's Bed,"CP, AO, ZM, AN",0-0.5,"low
",light,none,24.24,20.2,by_boat,2.0,present,"continious bed, minimal pacthyness, density and cover reduces as you move in towards the shore, cover 90% where sampled; moslty sand, with some cobble","10m apart, depth 2m - 1.5m range; samples sone parallel to the shore",NA,BC_IC,"Inner Coast, British Columbia","Inner Coast, British Columbia"
BC_IC,IC_MAB,pecoe-1262,2023-07-16,50.117809,-125.22584,11:29:00,15:35:00,Sample,exblank-2023-49,1000,2023,NA,NA, ; xn tech:  ; xn date: Aug-25-2023; xn notes: ; filtration comments:  ; tech: Wyth Marshall,Marna's Bed,"CP, AO, ZM, AN",0-0.5,"low
",light,none,24.24,20.2,by_boat,2.0,present,"continious bed, minimal pacthyness, density and cover reduces as you move in towards the shore, cover 90% where sampled; moslty sand, with some cobble","10m apart, depth 2m - 1.5m range; samples sone parallel to the shore",NA,BC_IC,"Inner Coast, British Columbia","Inner Coast, British Columbia"
BC_IC,IC_MAB,pecoe-1263,2023-07-16,50.117809,-125.22584,11:29:00,15:35:00,Sample,exblank-2023-49,1000,2023,NA,NA, ; xn tech:  ; xn date: Aug-25-2023; xn notes: ; filtration comments:  ; tech: Wyth Marshall,Marna's Bed,"CP, AO, ZM, AN",0-0.5,"low
",light,none,24.24,20.2,by_boat,2.0,present,"continious bed, minimal pacthyness, density and cover reduces as you move in towards the shore, cover 90% where sampled; moslty sand, with some cobble","10m apart, depth 2m - 1.5m range; samples sone parallel to the shore",NA,BC_IC,"Inner Coast, British Columbia","Inner Coast, British Columbia"
BC_IC,IC_MAB,pecoe-1264,2023-07-16,50.117809,-125.22584,11:29:00,15:50:00,Sample,exblank-2023-49,1000,2023,NA,NA, ; xn tech:  ; xn date: Aug-25-2023; xn notes: ; filtration comments:  ; tech: Wyth Marshall,Marna's Bed,"CP, AO, ZM, AN",0-0.5,"low
",light,none,24.24,20.2,by_boat,2.0,present,"continious bed, minimal pacthyness, density and cover reduces as you move in towards the shore, cover 90% where sampled; moslty sand, with some cobble","10m apart, depth 2m - 1.5m range; samples sone parallel to the shore",NA,BC_IC,"Inner Coast, British Columbia","Inner Coast, British Columbia"
BC_IC,IC_MAB,pecoe-1265,2023-07-16,50.117809,-125.22584,11:29:00,15:50:00,Sample,exblank-2023-49,1000,2023,NA,NA, ; xn tech:  ; xn date: Aug-25-2023; xn notes: ; filtration comments:  ; tech: Wyth Marshall,Marna's Bed,"CP, AO, ZM, AN",0-0.5,"low
",light,none,24.24,20.2,by_boat,2.0,present,"continious bed, minimal pacthyness, density and cover reduces as you move in towards the shore, cover 90% where sampled; moslty sand, with some cobble","10m apart, depth 2m - 1.5m range; samples sone parallel to the shore",NA,BC_IC,"Inner Coast, British Columbia","Inner Coast, British Columbia"
BC_IC,IC_GOW,pecoe-1267,2023-07-17,50.080154,-125.215775,11:15:00,12:30:00,Sample,exblank-2023-49,1000,2023,NA,NA,lots of Staghorn Sculpins in the shallows. wasting disease of Zoster; xn tech:  ; xn date: Aug-25-2023; xn notes: ; filtration comments:  ; tech: Wyth Marshall,Gowlland Harbour,"AO, ZM",0-0.5,slack,none,none,25.79,16.3,by_foot,1.5,present,large patches of dense lively shoots. canopy high,parallel to shore ~ 10m apart; eelgrass long and in dense patches,lots of Staghorn Sculpins in the shallows. wasting disease of Zoster,BC_IC,"Inner Coast, British Columbia","Inner Coast, British Columbia"
BC_IC,IC_GOW,pecoe-1268,2023-07-17,50.080154,-125.215775,11:15:00,12:30:00,Sample,exblank-2023-50,1000,2023,NA,NA,lots of Staghorn Sculpins in the shallows. wasting disease of Zoster; xn tech:  ; xn date: Aug-28-2023; xn notes: ; filtration comments:  ; tech: Wyth Marshall,Gowlland Harbour,"AO, ZM",0-0.5,slack,none,none,25.79,16.3,by_foot,1.5,present,large patches of dense lively shoots. canopy high,parallel to shore ~ 10m apart; eelgrass long and in dense patches,lots of Staghorn Sculpins in the shallows. wasting disease of Zoster,BC_IC,"Inner Coast, British Columbia","Inner Coast, British Columbia"
BC_IC,IC_GOW,pecoe-1269,2023-07-17,50.080154,-125.215775,11:15:00,12:55:00,Sample,exblank-2023-50,1000,2023,NA,NA,lots of Staghorn Sculpins in the shallows. wasting disease of Zoster; xn tech:  ; xn date: Aug-28-2023; xn notes: ; filtration comments:  ; tech: Wyth Marshall,Gowlland Harbour,"AO, ZM",0-0.5,slack,none,none,25.79,16.3,by_foot,1.5,present,large patches of dense lively shoots. canopy high,parallel to shore ~ 10m apart; eelgrass long and in dense patches,lots of Staghorn Sculpins in the shallows. wasting disease of Zoster,BC_IC,"Inner Coast, British Columbia","Inner Coast, British Columbia"
BC_IC,IC_GOW,pecoe-1270,2023-07-17,50.080154,-125.215775,11:15:00,12:55:00,Sample,exblank-2023-50,1000,2023,NA,NA,lots of Staghorn Sculpins in the shallows. wasting disease of Zoster; xn tech:  ; xn date: Aug-28-2023; xn notes: ; filtration comments:  ; tech: Wyth Marshall,Gowlland Harbour,"AO, ZM",0-0.5,slack,none,none,25.79,16.3,by_foot,1.5,present,large patches of dense lively shoots. canopy high,parallel to shore ~ 10m apart; eelgrass long and in dense patches,lots of Staghorn Sculpins in the shallows. wasting disease of Zoster,BC_IC,"Inner Coast, British Columbia","Inner Coast, British Columbia"
BC_NV,NV_KC,pecoe-1271,2023-08-14,50.5232285,-127.5752253,08:11:00,12:42:00,Sample,exblank-2023-50,550,2023,NA,NA,550.0; xn tech:  ; xn date: Aug-28-2023; xn notes: ; filtration comments: none; tech: Wyth Marshall,Kokwina Cove,"Jenn Sunday, Mike McDermid",0-0.5,"low
",none,none,NA,NA,by_boat,2.0,present,patchy,"paralel to shore, about 10m away from shore, 10m apart",NA,BC_NV,"North Vancouver Island, British Columbia","North Vancouver Island, British Columbia"
BC_NV,NV_KC,pecoe-1272,2023-08-14,50.5232285,-127.5752253,08:05:00,12:08:00,Sample,exblank-2023-50,600,2023,NA,NA,600.0; xn tech:  ; xn date: Aug-28-2023; xn notes: ; filtration comments: none; tech: Wyth Marshall,Kokwina Cove,"Jenn Sunday, Mike McDermid",0-0.5,"low
",none,none,NA,NA,by_boat,2.0,present,patchy,"paralel to shore, about 10m away from shore, 10m apart",NA,BC_NV,"North Vancouver Island, British Columbia","North Vancouver Island, British Columbia"
BC_NV,NV_KC,pecoe-1273,2023-08-14,50.5232285,-127.5752253,08:08:00,12:29:00,Sample,exblank-2023-50,600,2023,NA,NA,600.0; xn tech:  ; xn date: Aug-28-2023; xn notes: ; filtration comments: none; tech: Wyth Marshall,Kokwina Cove,"Jenn Sunday, Mike McDermid",0-0.5,"low
",none,none,NA,NA,by_boat,2.0,present,patchy,"paralel to shore, about 10m away from shore, 10m apart",NA,BC_NV,"North Vancouver Island, British Columbia","North Vancouver Island, British Columbia"
BC_NV,NV_KC,pecoe-1274,2023-08-14,50.5232285,-127.5752253,NA,11:37:00,Field blank,exblank-2023-50,600,2023,NA,NA,600.0; xn tech:  ; xn date: Aug-28-2023; xn notes: ; filtration comments: none; tech: Wyth Marshall,Kokwina Cove,"Jenn Sunday, Mike McDermid",0-0.5,"low
",none,none,NA,NA,by_boat,2.0,present,patchy,"paralel to shore, about 10m away from shore, 10m apart",NA,BC_NV,"North Vancouver Island, British Columbia","North Vancouver Island, British Columbia"
BC_NV,NV_PC,pecoe-1275,2023-08-14,50.5189581,-127.6557483,NA,11:40:00,Field blank,exblank-2023-55,800,2023,NA,NA,800.0; xn tech:  ; xn date: Oct-28-2023; xn notes: ; filtration comments: none; tech: Silvio Carvalho,Pamphlet Cove,"Jenn Sunday, Mike McDermid",0-0.5,"low
",none,none,NA,NA,by_boat,2.0,present,seems thicker than last year,"#1-2 on left of bay, #3-4 or right",NA,BC_NV,"North Vancouver Island, British Columbia","North Vancouver Island, British Columbia"
BC_NV,NV_JL,pecoe-1276,2023-08-13,50.4437492,-127.5012128,07:45:00,08:52:00,Sample,exblank-2023-50,600,2023,NA,NA,600.0; xn tech:  ; xn date: Aug-28-2023; xn notes: ; filtration comments: none; tech: Wyth Marshall,Jeune Landing,"Jenn Sunday, Mike McDermid",0-0.5,"low
",none,none,NA,NA,by_foot,1.5,present,healthy patch,NA,NA,BC_NV,"North Vancouver Island, British Columbia","North Vancouver Island, British Columbia"
BC_NV,NV_JL,pecoe-1277,2023-08-13,50.4437492,-127.5012128,07:50:00,09:14:00,Sample,exblank-2023-50,600,2023,NA,NA,600.0; xn tech:  ; xn date: Aug-28-2023; xn notes: ; filtration comments: none; tech: Wyth Marshall,Jeune Landing,"Jenn Sunday, Mike McDermid",0-0.5,"low
",none,none,NA,NA,by_foot,1.5,present,healthy patch,NA,NA,BC_NV,"North Vancouver Island, British Columbia","North Vancouver Island, British Columbia"
BC_NV,NV_JL,pecoe-1278,2023-08-13,50.4437492,-127.5012128,07:55:00,09:32:00,Sample,exblank-2023-50,600,2023,NA,NA,600.0; xn tech:  ; xn date: Aug-28-2023; xn notes: ; filtration comments: none; tech: Wyth Marshall,Jeune Landing,"Jenn Sunday, Mike McDermid",0-0.5,"low
",none,none,NA,NA,by_foot,1.5,present,healthy patch,NA,NA,BC_NV,"North Vancouver Island, British Columbia","North Vancouver Island, British Columbia"
BC_NV,NV_JL,pecoe-1279,2023-08-13,50.4437492,-127.5012128,08:05:00,09:50:00,Sample,exblank-2023-50,600,2023,NA,NA,600.0; xn tech:  ; xn date: Aug-28-2023; xn notes: ; filtration comments: none; tech: Wyth Marshall,Jeune Landing,"Jenn Sunday, Mike McDermid",0-0.5,"low
",none,none,NA,NA,by_foot,1.5,present,healthy patch,NA,NA,BC_NV,"North Vancouver Island, British Columbia","North Vancouver Island, British Columbia"
BC_NV,NV_JL,pecoe-1280,2023-08-13,50.4437492,-127.5012128,NA,08:30:00,Field blank,exblank-2023-50,800,2023,NA,NA,800.0; xn tech:  ; xn date: Aug-28-2023; xn notes: ; filtration comments: none; tech: Wyth Marshall,Jeune Landing,"Jenn Sunday, Mike McDermid",0-0.5,"low
",none,none,NA,NA,by_foot,1.5,present,healthy patch,NA,NA,BC_NV,"North Vancouver Island, British Columbia","North Vancouver Island, British Columbia"
BC_NV,NV_BI,pecoe-1281,2023-08-15,50.4895219,-128.0496716,09:06:00,12:52:00,Sample,exblank-2023-50,500,2023,NA,NA,500.0; xn tech:  ; xn date: Aug-28-2023; xn notes: ; filtration comments: none; tech: Wyth Marshall,Browning Inlet,"Jenn Sunday, Mike McDermid",0-0.5,"low
",none,none,NA,NA,by_boat,2.0,present,narrow bed but healthy,"paralel to shore, #1-3 to the right of a rocky outcrop, #4 to the left",NA,BC_NV,"North Vancouver Island, British Columbia","North Vancouver Island, British Columbia"
BC_NV,NV_BI,pecoe-1282,2023-08-15,50.4895219,-128.0496716,08:56:00,12:36:00,Sample,exblank-2023-50,500,2023,NA,NA,500.0; xn tech:  ; xn date: Aug-28-2023; xn notes: ; filtration comments: none; tech: Wyth Marshall,Browning Inlet,"Jenn Sunday, Mike McDermid",0-0.5,"low
",none,none,NA,NA,by_boat,2.0,present,narrow bed but healthy,"paralel to shore, #1-3 to the right of a rocky outcrop, #4 to the left",NA,BC_NV,"North Vancouver Island, British Columbia","North Vancouver Island, British Columbia"
BC_NV,NV_BI,pecoe-1283,2023-08-15,50.4895219,-128.0496716,08:55:00,12:20:00,Sample,exblank-2023-50,500,2023,NA,NA,500.0; xn tech:  ; xn date: Aug-28-2023; xn notes: ; filtration comments: none; tech: Wyth Marshall,Browning Inlet,"Jenn Sunday, Mike McDermid",0-0.5,"low
",none,none,NA,NA,by_boat,2.0,present,narrow bed but healthy,"paralel to shore, #1-3 to the right of a rocky outcrop, #4 to the left",NA,BC_NV,"North Vancouver Island, British Columbia","North Vancouver Island, British Columbia"
BC_NV,NV_BI,pecoe-1284,2023-08-15,50.4895219,-128.0496716,08:50:00,12:06:00,Sample,exblank-2023-50,500,2023,NA,NA,500.0; xn tech:  ; xn date: Aug-28-2023; xn notes: ; filtration comments: none; tech: Wyth Marshall,Browning Inlet,"Jenn Sunday, Mike McDermid",0-0.5,"low
",none,none,NA,NA,by_boat,2.0,present,narrow bed but healthy,"paralel to shore, #1-3 to the right of a rocky outcrop, #4 to the left",NA,BC_NV,"North Vancouver Island, British Columbia","North Vancouver Island, British Columbia"
BC_NV,NV_BI,pecoe-1285,2023-08-15,50.4895219,-128.0496716,NA,NA,Field blank,exblank-2023-50,500,2023,NA,NA, ; xn tech:  ; xn date: Aug-28-2023; xn notes: ; filtration comments: none; tech: Wyth Marshall,Browning Inlet,"Jenn Sunday, Mike McDermid",0-0.5,"low
",none,none,NA,NA,by_boat,2.0,present,narrow bed but healthy,"paralel to shore, #1-3 to the right of a rocky outcrop, #4 to the left",NA,BC_NV,"North Vancouver Island, British Columbia","North Vancouver Island, British Columbia"
BC_NV,NV_KB,pecoe-1286,2023-08-15,50.4963966,-127.8562984,08:11:00,14:00:00,Sample,exblank-2023-50,500,2023,NA,NA,500.0; xn tech:  ; xn date: Aug-28-2023; xn notes: ; filtration comments: none; tech: Wyth Marshall,Kaprino Bay,"Jenn Sunday, Mike McDermid",0-0.5,"low
",none,none,NA,NA,by_boat,2.0,present,lots of epiphytes,"saw lots of small fish, looked like salmon fry","NA, Coordinates taken from 2022 NV_KI",BC_NV,"North Vancouver Island, British Columbia","North Vancouver Island, British Columbia"
BC_NV,NV_KB,pecoe-1287,2023-08-15,50.4963966,-127.8562984,08:08:00,13:44:00,Sample,exblank-2023-50,500,2023,NA,NA,500.0; xn tech:  ; xn date: Aug-28-2023; xn notes: ; filtration comments: none; tech: Wyth Marshall,Kaprino Bay,"Jenn Sunday, Mike McDermid",0-0.5,"low
",none,none,NA,NA,by_boat,2.0,present,lots of epiphytes,"saw lots of small fish, looked like salmon fry","NA, Coordinates taken from 2022 NV_KI",BC_NV,"North Vancouver Island, British Columbia","North Vancouver Island, British Columbia"
BC_NV,NV_KB,pecoe-1288,2023-08-15,50.4963966,-127.8562984,08:05:00,13:30:00,Sample,exblank-2023-50,500,2023,NA,NA,500.0; xn tech:  ; xn date: Aug-28-2023; xn notes: ; filtration comments: none; tech: Wyth Marshall,Kaprino Bay,"Jenn Sunday, Mike McDermid",0-0.5,"low
",none,none,NA,NA,by_boat,2.0,present,lots of epiphytes,"saw lots of small fish, looked like salmon fry","NA, Coordinates taken from 2022 NV_KI",BC_NV,"North Vancouver Island, British Columbia","North Vancouver Island, British Columbia"
BC_NV,NV_KB,pecoe-1289,2023-08-15,50.4963966,-127.8562984,NA,11:54:00,Field blank,exblank-2023-50,250,2023,NA,NA,250ml - very strangely slow; xn tech:  ; xn date: Aug-28-2023; xn notes: ; filtration comments: really slow filtering; clogged; tech: Wyth Marshall,Kaprino Bay,"Jenn Sunday, Mike McDermid",0-0.5,"low
",none,none,NA,NA,by_boat,2.0,present,lots of epiphytes,"saw lots of small fish, looked like salmon fry","NA, Coordinates taken from 2022 NV_KI",BC_NV,"North Vancouver Island, British Columbia","North Vancouver Island, British Columbia"
BC_NV,NV_KB,pecoe-1290,2023-08-15,50.4963966,-127.8562984,08:18:00,13:10:00,Sample,exblank-2023-50,500,2023,NA,NA,500.0; xn tech:  ; xn date: Aug-28-2023; xn notes: ; filtration comments: none; tech: Wyth Marshall,Kaprino Bay,"Jenn Sunday, Mike McDermid",0-0.5,"low
",none,none,NA,NA,by_boat,2.0,present,lots of epiphytes,"saw lots of small fish, looked like salmon fry","NA, Coordinates taken from 2022 NV_KI",BC_NV,"North Vancouver Island, British Columbia","North Vancouver Island, British Columbia"
BC_NV,NV_PC,pecoe-1291,2023-08-14,50.5189581,-127.6557483,08:36:00,14:10:00,Sample,exblank-2023-55,600,2023,NA,NA,600.0; xn tech:  ; xn date: Oct-28-2023; xn notes: ; filtration comments: none; tech: Silvio Carvalho,Pamphlet Cove,"Jenn Sunday, Mike McDermid",0-0.5,"low
",none,none,NA,NA,by_boat,2.0,present,seems thicker than last year,"#1-2 on left of bay, #3-4 or right",NA,BC_NV,"North Vancouver Island, British Columbia","North Vancouver Island, British Columbia"
BC_NV,NV_PC,pecoe-1292,2023-08-14,50.5189581,-127.6557483,08:40:00,14:50:00,Sample,exblank-2023-55,600,2023,NA,NA,600.0; xn tech:  ; xn date: Oct-28-2023; xn notes: ; filtration comments: none; tech: Silvio Carvalho,Pamphlet Cove,"Jenn Sunday, Mike McDermid",0-0.5,"low
",none,none,NA,NA,by_boat,2.0,present,seems thicker than last year,"#1-2 on left of bay, #3-4 or right",NA,BC_NV,"North Vancouver Island, British Columbia","North Vancouver Island, British Columbia"
BC_NV,NV_PC,pecoe-1293,2023-08-14,50.5189581,-127.6557483,08:30:00,11:51:00,Sample,exblank-2023-55,600,2023,NA,NA,600.0; xn tech:  ; xn date: Oct-28-2023; xn notes: ; filtration comments: none; tech: Silvio Carvalho,Pamphlet Cove,"Jenn Sunday, Mike McDermid",0-0.5,"low
",none,none,NA,NA,by_boat,2.0,present,seems thicker than last year,"#1-2 on left of bay, #3-4 or right",NA,BC_NV,"North Vancouver Island, British Columbia","North Vancouver Island, British Columbia"
BC_NV,NV_PC,pecoe-1294,2023-08-14,50.5189581,-127.6557483,08:33:00,13:40:00,Sample,exblank-2023-55,600,2023,NA,NA,600.0; xn tech:  ; xn date: Oct-28-2023; xn notes: ; filtration comments: none; tech: Silvio Carvalho,Pamphlet Cove,"Jenn Sunday, Mike McDermid",0-0.5,"low
",none,none,NA,NA,by_boat,2.0,present,seems thicker than last year,"#1-2 on left of bay, #3-4 or right",NA,BC_NV,"North Vancouver Island, British Columbia","North Vancouver Island, British Columbia"
BC_NV,NV_KC,pecoe-1295,2023-08-14,50.5232285,-127.5752253,08:15:00,13:20:00,Sample,exblank-2023-50,600,2023,NA,NA,600.0; xn tech:  ; xn date: Aug-28-2023; xn notes: ; filtration comments: none; tech: Wyth Marshall,Kokwina Cove,"Jenn Sunday, Mike McDermid",0-0.5,"low
",none,none,NA,NA,by_boat,2.0,present,patchy,"paralel to shore, about 10m away from shore, 10m apart",NA,BC_NV,"North Vancouver Island, British Columbia","North Vancouver Island, British Columbia"
CA_HB,HB_SB,pecoe-1316,2023-09-07,40.771828,-124.212405,NA,NA,Sample,exblank-2023-56,1000,2023,NA,NA, ; xn tech:  ; xn date: Oct-30-2023; xn notes: ; filtration comments: none; tech: Silvio Carvalho,"Samoa Boat Ramp, Humboldt Bay",Johnathon Richardson,1-2,flood,medium,none,37,14,by_foot,1.0,present,thick,"parallel to shore, about 10m away from shore, 10m apart",NA,CA_HB,"Humboldt Bay, California","Humboldt Bay, California"
CA_HB,HB_SB,pecoe-1317,2023-09-07,40.771828,-124.212405,1229.0,30.0,Sample,exblank-2023-56,1000,2023,NA,NA, ; xn tech:  ; xn date: Oct-30-2023; xn notes: ; filtration comments: none; tech: Silvio Carvalho,"Samoa Boat Ramp, Humboldt Bay",Johnathon Richardson,1-2,flood,medium,none,37,14,by_foot,1.0,present,thick,"parallel to shore, about 10m away from shore, 10m apart",NA,CA_HB,"Humboldt Bay, California","Humboldt Bay, California"
CA_HB,HB_SB,pecoe-1318,2023-09-07,40.771828,-124.212405,1230.0,30.0,Sample,exblank-2023-56,1000,2023,NA,NA, ; xn tech:  ; xn date: Oct-30-2023; xn notes: ; filtration comments: none; tech: Silvio Carvalho,"Samoa Boat Ramp, Humboldt Bay",Johnathon Richardson,1-2,flood,medium,none,37,14,by_foot,1.0,present,thick,"parallel to shore, about 10m away from shore, 10m apart",NA,CA_HB,"Humboldt Bay, California","Humboldt Bay, California"
CA_HB,HB_SB,pecoe-1319,2023-09-07,40.771828,-124.212405,1230.0,30.0,Sample,exblank-2023-56,1000,2023,NA,NA, ; xn tech:  ; xn date: Oct-30-2023; xn notes: ; filtration comments: none; tech: Silvio Carvalho,"Samoa Boat Ramp, Humboldt Bay",Johnathon Richardson,1-2,flood,medium,none,37,14,by_foot,1.0,present,thick,"parallel to shore, about 10m away from shore, 10m apart",NA,CA_HB,"Humboldt Bay, California","Humboldt Bay, California"
CA_HB,HB_SB,pecoe-1320,2023-09-07,40.771828,-124.212405,1231.0,25.0,Field blank,exblank-2023-56,1000,2023,NA,NA, ; xn tech:  ; xn date: Oct-30-2023; xn notes: ; filtration comments: none; tech: Silvio Carvalho,"Samoa Boat Ramp, Humboldt Bay",Johnathon Richardson,1-2,flood,medium,none,37,14,by_foot,1.0,present,thick,"parallel to shore, about 10m away from shore, 10m apart",NA,CA_HB,"Humboldt Bay, California","Humboldt Bay, California"
BC_HG,HG_BH,pecoe-1341,2024-06-23,52.34836,-131.36166,NA,14:35:00,Field blank,exblank_2024_072,1000,2024,Box 2,negpcr-2024-1, ; xn tech: SC; xn date: 2025-03-07; xn notes: ; filtration comments:  ; tech:  ,Bag Harbour,"LL, EH, JP, CG, JH, EB",0-0.5,ebb,light,none,32.05,12.3,by_boat,2; 8m secchi depth,present,eelgrass bed appears patchy,2m depth for sampling,NA,BC_HGa,"Haida Gwaii, British Columbia","Haida Gwaii, British Columbia"
BC_HG,HG_BH,pecoe-1342,2024-06-23,52.34836,-131.36166,8:02,14:50:00,Sample,exblank_2024_072,600,2024,Box 2,negpcr-2024-1, ; xn tech: SC; xn date: 2025-03-07; xn notes: ; filtration comments:  ; tech:  ,Bag Harbour,"LL, EH, JP, CG, JH, EB",0-0.5,ebb,light,none,32.05,12.3,by_boat,2; 8m secchi depth,present,eelgrass bed appears patchy,2m depth for sampling,NA,BC_HGa,"Haida Gwaii, British Columbia","Haida Gwaii, British Columbia"
BC_HG,HG_BH,pecoe-1343,2024-06-23,52.34836,-131.36166,8:04,15:10:00,Sample,exblank_2024_071,550,2024,Box 2,negpcr-2024-1, ; xn tech: SC; xn date: 2025-03-04; xn notes: ; filtration comments:  ; tech:  ,Bag Harbour,"LL, EH, JP, CG, JH, EB",0-0.5,ebb,light,none,32.05,12.3,by_boat,2; 8m secchi depth,present,eelgrass bed appears patchy,2m depth for sampling,NA,BC_HGa,"Haida Gwaii, British Columbia","Haida Gwaii, British Columbia"
BC_HG,HG_BH,pecoe-1344,2024-06-23,52.34836,-131.36166,8:06,15:34:00,Sample,exblank_2024_072,500,2024,Box 2,negpcr-2024-1, ; xn tech: SC; xn date: 2025-03-07; xn notes: ; filtration comments:  ; tech:  ,Bag Harbour,"LL, EH, JP, CG, JH, EB",0-0.5,ebb,light,none,32.05,12.3,by_boat,2; 8m secchi depth,present,eelgrass bed appears patchy,2m depth for sampling,NA,BC_HGa,"Haida Gwaii, British Columbia","Haida Gwaii, British Columbia"
BC_HG,HG_BH,pecoe-1345,2024-06-23,52.34836,-131.36166,8:07,15:55:00,Sample,exblank_2024_071,500,2024,Box 2,negpcr-2024-1, ; xn tech: SC; xn date: 2025-03-04; xn notes: ; filtration comments:  ; tech:  ,Bag Harbour,"LL, EH, JP, CG, JH, EB",0-0.5,ebb,light,none,32.05,12.3,by_boat,2; 8m secchi depth,present,eelgrass bed appears patchy,2m depth for sampling,NA,BC_HGa,"Haida Gwaii, British Columbia","Haida Gwaii, British Columbia"
BC_HG,HG_SB,pecoe-1346,2024-06-26,52.631496,-131.607675,NA,19:11:00,Field blank,exblank_2024_070,1000,2024,Box 2,negpcr-2024-1, ; xn tech: SC; xn date: 2025-02-28; xn notes: ; filtration comments:  ; tech:  ,Sedgwick,"Lynn Lee, Preston Sloan, Juke Burton, Eric Baron",0-0.5,low,light,none,32.18,13.1,by_boat,3,present,no eelgrass showing at this low tide level on shore,samples from west to east along east side of the bay,NA,BC_HGa,"Haida Gwaii, British Columbia","Haida Gwaii, British Columbia"
BC_HG,HG_SB,pecoe-1347,2024-06-26,52.631496,-131.607675,11:44,19:25:00,Sample,exblank_2024_070,1000,2024,Box 2,negpcr-2024-1, ; xn tech: SC; xn date: 2025-02-28; xn notes: ; filtration comments:  ; tech:  ,Sedgwick,"Lynn Lee, Preston Sloan, Juke Burton, Eric Baron",0-0.5,low,light,none,32.18,13.1,by_boat,3,present,no eelgrass showing at this low tide level on shore,samples from west to east along east side of the bay,NA,BC_HGa,"Haida Gwaii, British Columbia","Haida Gwaii, British Columbia"
BC_HG,HG_SB,pecoe-1348,2024-06-26,52.631496,-131.607675,11:49,19:45:00,Sample,exblank_2024_070,1000,2024,Box 2,negpcr-2024-1, ; xn tech: SC; xn date: 2025-02-28; xn notes: ; filtration comments:  ; tech:  ,Sedgwick,"Lynn Lee, Preston Sloan, Juke Burton, Eric Baron",0-0.5,low,light,none,32.18,13.1,by_boat,3,present,no eelgrass showing at this low tide level on shore,samples from west to east along east side of the bay,NA,BC_HGa,"Haida Gwaii, British Columbia","Haida Gwaii, British Columbia"
BC_HG,HG_SB,pecoe-1349,2024-06-26,52.631496,-131.607675,11:54,20:03:00,Sample,exblank_2024_070,1000,2024,Box 2,negpcr-2024-1, ; xn tech: SC; xn date: 2025-02-28; xn notes: ; filtration comments:  ; tech:  ,Sedgwick,"Lynn Lee, Preston Sloan, Juke Burton, Eric Baron",0-0.5,low,light,none,32.18,13.1,by_boat,3,present,no eelgrass showing at this low tide level on shore,samples from west to east along east side of the bay,NA,BC_HGa,"Haida Gwaii, British Columbia","Haida Gwaii, British Columbia"
BC_HG,HG_SB,pecoe-1350,2024-06-26,52.631496,-131.607675,11:58,20:20:00,Sample,exblank_2024_070,1000,2024,Box 2,negpcr-2024-1, ; xn tech: SC; xn date: 2025-02-28; xn notes: ; filtration comments:  ; tech:  ,Sedgwick,"Lynn Lee, Preston Sloan, Juke Burton, Eric Baron",0-0.5,low,light,none,32.18,13.1,by_boat,3,present,no eelgrass showing at this low tide level on shore,samples from west to east along east side of the bay,NA,BC_HGa,"Haida Gwaii, British Columbia","Haida Gwaii, British Columbia"
BC_HG,HG_RI,pecoe-1351,2024-06-22,52.5731,-131.395951,NA,14:34:00,Field blank,exblank_2024_071,1000,2024,Box 2,negpcr-2024-1, ; xn tech: SC; xn date: 2025-03-04; xn notes: ; filtration comments:  ; tech:  ,Ramsay Island,"Lynn Lee, Jadyn P., Charonne G, Jack M. Rebecca H., Eric Baron",0-0.5,low,light,light,31.35,11.2,by_boat,3,present,NA,southerly,NA,BC_HGa,"Haida Gwaii, British Columbia","Haida Gwaii, British Columbia"
BC_HG,HG_RI,pecoe-1352,2024-06-22,52.5731,-131.395951,7:51,15:04:00,Sample,exblank_2024_071,1000,2024,Box 2,negpcr-2024-1, ; xn tech: SC; xn date: 2025-03-04; xn notes: ; filtration comments:  ; tech:  ,Ramsay Island,"Lynn Lee, Jadyn P., Charonne G, Jack M. Rebecca H., Eric Baron",0-0.5,low,light,light,31.35,11.2,by_boat,3,present,NA,southerly,NA,BC_HGa,"Haida Gwaii, British Columbia","Haida Gwaii, British Columbia"
BC_HG,HG_RI,pecoe-1353,2024-06-22,52.5731,-131.395951,7:55,15:31:00,Sample,exblank_2024_071,1000,2024,Box 2,negpcr-2024-1, ; xn tech: SC; xn date: 2025-03-04; xn notes: ; filtration comments:  ; tech:  ,Ramsay Island,"Lynn Lee, Jadyn P., Charonne G, Jack M. Rebecca H., Eric Baron",0-0.5,low,light,light,31.35,11.2,by_boat,3,present,NA,southerly,NA,BC_HGa,"Haida Gwaii, British Columbia","Haida Gwaii, British Columbia"
BC_HG,HG_RI,pecoe-1354,2024-06-22,52.5731,-131.395951,7:57,15:48:00,Sample,exblank_2024_071,1000,2024,Box 2,negpcr-2024-1, ; xn tech: SC; xn date: 2025-03-04; xn notes: ; filtration comments:  ; tech:  ,Ramsay Island,"Lynn Lee, Jadyn P., Charonne G, Jack M. Rebecca H., Eric Baron",0-0.5,low,light,light,31.35,11.2,by_boat,3,present,NA,southerly,NA,BC_HGa,"Haida Gwaii, British Columbia","Haida Gwaii, British Columbia"
BC_HG,HG_RI,pecoe-1355,2024-06-22,52.5731,-131.395951,8:01,16:11:00,Sample,exblank_2024_071,1000,2024,Box 2,negpcr-2024-1, ; xn tech: SC; xn date: 2025-03-04; xn notes: ; filtration comments:  ; tech:  ,Ramsay Island,"Lynn Lee, Jadyn P., Charonne G, Jack M. Rebecca H., Eric Baron",0-0.5,low,light,light,31.35,11.2,by_boat,3,present,NA,southerly,NA,BC_HGa,"Haida Gwaii, British Columbia","Haida Gwaii, British Columbia"
BC_HG,HG_ROI,pecoe-1356,2024-06-25,52.2047,-131.14192,NA,11:01:00,Field blank,exblank_2024_071,1000,2024,Box 2,negpcr-2024-1, ; xn tech: SC; xn date: 2025-03-04; xn notes: ; filtration comments:  ; tech:  ,Rose Inlet,"Rebecca, Jack, Charonne, Lynn, Jadyn, Lynn",0-0.5,ebb,none,none,31.26,13,by_boat,2,present,NA,east across head of the bay at fish sampling location,secchi disk 3.25m depth,BC_HGa,"Haida Gwaii, British Columbia","Haida Gwaii, British Columbia"
BC_HG,HG_ROI,pecoe-1357,2024-06-25,52.2047,-131.14192,9:18,11:19:00,Sample,exblank_2024_071,1000,2024,Box 2,negpcr-2024-1, ; xn tech: SC; xn date: 2025-03-04; xn notes: ; filtration comments:  ; tech:  ,Rose Inlet,"Rebecca, Jack, Charonne, Lynn, Jadyn, Lynn",0-0.5,ebb,none,none,31.26,13,by_boat,2,present,NA,east across head of the bay at fish sampling location,secchi disk 3.25m depth,BC_HGa,"Haida Gwaii, British Columbia","Haida Gwaii, British Columbia"
BC_HG,HG_ROI,pecoe-1358,2024-06-25,52.2047,-131.14192,9:22,11:41:00,Sample,exblank_2024_070,1000,2024,Box 2,negpcr-2024-1, ; xn tech: SC; xn date: 2025-02-28; xn notes: ; filtration comments:  ; tech:  ,Rose Inlet,"Rebecca, Jack, Charonne, Lynn, Jadyn, Lynn",0-0.5,ebb,none,none,31.26,13,by_boat,2,present,NA,east across head of the bay at fish sampling location,secchi disk 3.25m depth,BC_HGa,"Haida Gwaii, British Columbia","Haida Gwaii, British Columbia"
BC_HG,HG_ROI,pecoe-1359,2024-06-25,52.2047,-131.14192,9:26,12:05:00,Sample,exblank_2024_071,1000,2024,Box 2,negpcr-2024-1, ; xn tech: SC; xn date: 2025-03-04; xn notes: ; filtration comments:  ; tech:  ,Rose Inlet,"Rebecca, Jack, Charonne, Lynn, Jadyn, Lynn",0-0.5,ebb,none,none,31.26,13,by_boat,2,present,NA,east across head of the bay at fish sampling location,secchi disk 3.25m depth,BC_HGa,"Haida Gwaii, British Columbia","Haida Gwaii, British Columbia"
BC_HG,HG_ROI,pecoe-1360,2024-06-25,52.2047,-131.14192,9:28,12:32:00,Sample,exblank_2024_071,1000,2024,Box 2,negpcr-2024-1, ; xn tech: SC; xn date: 2025-03-04; xn notes: ; filtration comments:  ; tech:  ,Rose Inlet,"Rebecca, Jack, Charonne, Lynn, Jadyn, Lynn",0-0.5,ebb,none,none,31.26,13,by_boat,2,present,NA,east across head of the bay at fish sampling location,secchi disk 3.25m depth,BC_HGa,"Haida Gwaii, British Columbia","Haida Gwaii, British Columbia"
BC_HG,HG_LIE,pecoe-1361,2024-06-24,52.231753,-131.283363,NA,15:19:00,Field blank,exblank_2024_072,1000,2024,Box 2,negpcr-2024-1, ; xn tech: SC; xn date: 2025-03-07; xn notes: ; filtration comments:  ; tech:  ,Louscoone Head,"Lynn Lee, Charonne, Jadyn, Jack, Rebecca, Eric",0-0.5,ebb,light,none,30.53,12.8,by_boat,2,present,NA,"northerly transect, 10m apart",secchi disk 3.5m depth,BC_HGa,"Haida Gwaii, British Columbia","Haida Gwaii, British Columbia"
BC_HG,HG_LIE,pecoe-1362,2024-06-24,52.231753,-131.283363,8:46,15:44:00,Sample,exblank_2024_072,700,2024,Box 2,negpcr-2024-1, ; xn tech: SC; xn date: 2025-03-07; xn notes: ; filtration comments:  ; tech:  ,Louscoone Head,"Lynn Lee, Charonne, Jadyn, Jack, Rebecca, Eric",0-0.5,ebb,light,none,30.53,12.8,by_boat,2,present,NA,"northerly transect, 10m apart",secchi disk 3.5m depth,BC_HGa,"Haida Gwaii, British Columbia","Haida Gwaii, British Columbia"
BC_HG,HG_LIE,pecoe-1363,2024-06-24,52.231753,-131.283363,8:48,16:10:00,Sample,exblank_2024_072,1000,2024,Box 2,negpcr-2024-1, ; xn tech: SC; xn date: 2025-03-07; xn notes: ; filtration comments:  ; tech:  ,Louscoone Head,"Lynn Lee, Charonne, Jadyn, Jack, Rebecca, Eric",0-0.5,ebb,light,none,30.53,12.8,by_boat,2,present,NA,"northerly transect, 10m apart",secchi disk 3.5m depth,BC_HGa,"Haida Gwaii, British Columbia","Haida Gwaii, British Columbia"
BC_HG,HG_LIE,pecoe-1364,2024-06-24,52.231753,-131.283363,8:50,16:40:00,Sample,exblank_2024_072,500,2024,Box 2,negpcr-2024-1, ; xn tech: SC; xn date: 2025-03-07; xn notes: ; filtration comments:  ; tech:  ,Louscoone Head,"Lynn Lee, Charonne, Jadyn, Jack, Rebecca, Eric",0-0.5,ebb,light,none,30.53,12.8,by_boat,2,present,NA,"northerly transect, 10m apart",secchi disk 3.5m depth,BC_HGa,"Haida Gwaii, British Columbia","Haida Gwaii, British Columbia"
BC_HG,HG_LIE,pecoe-1365,2024-06-24,52.231753,-131.283363,8:52,17:25:00,Sample,exblank_2024_072,650,2024,Box 2,negpcr-2024-1, ; xn tech: SC; xn date: 2025-03-07; xn notes: ; filtration comments:  ; tech:  ,Louscoone Head,"Lynn Lee, Charonne, Jadyn, Jack, Rebecca, Eric",0-0.5,ebb,light,none,30.53,12.8,by_boat,2,present,NA,"northerly transect, 10m apart",secchi disk 3.5m depth,BC_HGa,"Haida Gwaii, British Columbia","Haida Gwaii, British Columbia"
WA_PS,PS_BH,pecoe-1366,2024-07-02,48.69185,-122.9528,NA,11:50:00,Field blank,exblank_2024_065,1000,2024,Box 1,negpcr-2024-1, ; xn tech: SC; xn date: 2025-02-10; xn notes: ; filtration comments:  ; tech:  ,Beach Haven,"Olivia Graham, Angie, Mansol, Maddie",0-0.5,ebb,light,none,26,13.6,by_boat,2-2.5,present,"big, robust subtidal meadow! Shoots ~3m long! Lots of little fish.",NA,NA,WA_PSb,"Puget Sound & Padilla Bay, Washington","San Juan Islands, Washington"
WA_PS,PS_BH,pecoe-1367,2024-07-02,48.69185,-122.9528,7:57,12:09:00,Sample,exblank_2024_065,700,2024,Box 1,negpcr-2024-1, ; xn tech: SC; xn date: 2025-02-10; xn notes: ; filtration comments:  ; tech:  ,Beach Haven,"Olivia Graham, Angie, Mansol, Maddie",0-0.5,ebb,light,none,26,13.6,by_boat,2-2.5,present,"big, robust subtidal meadow! Shoots ~3m long! Lots of little fish.",NA,NA,WA_PSb,"Puget Sound & Padilla Bay, Washington","San Juan Islands, Washington"
WA_PS,PS_BH,pecoe-1368,2024-07-02,48.69185,-122.9528,8:04,12:25:00,Sample,exblank_2024_065,800,2024,Box 1,negpcr-2024-1, ; xn tech: SC; xn date: 2025-02-10; xn notes: ; filtration comments:  ; tech:  ,Beach Haven,"Olivia Graham, Angie, Mansol, Maddie",0-0.5,ebb,light,none,26,13.6,by_boat,2-2.5,present,"big, robust subtidal meadow! Shoots ~3m long! Lots of little fish.",NA,NA,WA_PSb,"Puget Sound & Padilla Bay, Washington","San Juan Islands, Washington"
WA_PS,PS_BH,pecoe-1369,2024-07-02,48.69185,-122.9528,8:08,12:45:00,Sample,exblank_2024_065,800,2024,Box 1,negpcr-2024-1, ; xn tech: SC; xn date: 2025-02-10; xn notes: ; filtration comments:  ; tech:  ,Beach Haven,"Olivia Graham, Angie, Mansol, Maddie",0-0.5,ebb,light,none,26,13.6,by_boat,2-2.5,present,"big, robust subtidal meadow! Shoots ~3m long! Lots of little fish.",NA,NA,WA_PSb,"Puget Sound & Padilla Bay, Washington","San Juan Islands, Washington"
WA_PS,PS_BH,pecoe-1370,2024-07-02,48.69185,-122.9528,8:12,01:00:00,Sample,exblank_2024_065,700,2024,Box 1,negpcr-2024-1, ; xn tech: SC; xn date: 2025-02-10; xn notes: ; filtration comments:  ; tech:  ,Beach Haven,"Olivia Graham, Angie, Mansol, Maddie",0-0.5,ebb,light,none,26,13.6,by_boat,2-2.5,present,"big, robust subtidal meadow! Shoots ~3m long! Lots of little fish.",NA,NA,WA_PSb,"Puget Sound & Padilla Bay, Washington","San Juan Islands, Washington"
WA_PS,PS_NC,pecoe-1371,2024-07-03,48.70453,-123.0551,NA,12:45:00,Field blank,exblank_2024_067,600,2024,Box 1,negpcr-2024-1, ; xn tech: SC; xn date: 2025-02-25; xn notes: ; filtration comments:  ; tech:  ,"North Cove, Waldron Island","Olivia Graham, Angie, Mansol, Maddie",0-0.5,ebb,light,none,27,13.1,by_foot,1,present,"brobust, dense, subtidal and moderate intertidal",NA,converted lat and long from degrees and decimal minutes.,WA_PSb,"Puget Sound & Padilla Bay, Washington","San Juan Islands, Washington"
WA_PS,PS_NC,pecoe-1372,2024-07-03,48.70453,-123.0551,9:13,01:10:00,Sample,exblank_2024_067,800,2024,Box 1,negpcr-2024-1, ; xn tech: SC; xn date: 2025-02-25; xn notes: ; filtration comments:  ; tech:  ,"North Cove, Waldron Island","Olivia Graham, Angie, Mansol, Maddie",0-0.5,ebb,light,none,27,13.1,by_foot,1,present,"brobust, dense, subtidal and moderate intertidal",NA,converted lat and long from degrees and decimal minutes.,WA_PSb,"Puget Sound & Padilla Bay, Washington","San Juan Islands, Washington"
WA_PS,PS_NC,pecoe-1373,2024-07-03,48.70453,-123.0551,9:21,01:40:00,Sample,exblank_2024_067,800,2024,Box 1,negpcr-2024-1, ; xn tech: SC; xn date: 2025-02-25; xn notes: ; filtration comments:  ; tech:  ,"North Cove, Waldron Island","Olivia Graham, Angie, Mansol, Maddie",0-0.5,ebb,light,none,27,13.1,by_foot,1,present,"brobust, dense, subtidal and moderate intertidal",NA,converted lat and long from degrees and decimal minutes.,WA_PSb,"Puget Sound & Padilla Bay, Washington","San Juan Islands, Washington"
WA_PS,PS_NC,pecoe-1374,2024-07-03,48.70453,-123.0551,9:28,02:17:00,Sample,exblank_2024_066,550,2024,Box 1,negpcr-2024-1, ; xn tech: SC; xn date: 2025-02-12; xn notes: ; filtration comments:  ; tech:  ,"North Cove, Waldron Island","Olivia Graham, Angie, Mansol, Maddie",0-0.5,ebb,light,none,27,13.1,by_foot,1,present,"brobust, dense, subtidal and moderate intertidal",NA,converted lat and long from degrees and decimal minutes.,WA_PSb,"Puget Sound & Padilla Bay, Washington","San Juan Islands, Washington"
WA_PS,PS_NC,pecoe-1375,2024-07-03,48.70453,-123.0551,9:34,02:45:00,Sample,exblank_2024_066,550,2024,Box 1,negpcr-2024-1, ; xn tech: SC; xn date: 2025-02-12; xn notes: ; filtration comments:  ; tech:  ,"North Cove, Waldron Island","Olivia Graham, Angie, Mansol, Maddie",0-0.5,ebb,light,none,27,13.1,by_foot,1,present,"brobust, dense, subtidal and moderate intertidal",NA,converted lat and long from degrees and decimal minutes.,WA_PSb,"Puget Sound & Padilla Bay, Washington","San Juan Islands, Washington"
WA_PS,PS_IC,pecoe-1376,2024-07-04,48.562197,-122.93585,NA,12:31:00,Field blank,exblank_2024_065,550,2024,Box 1,negpcr-2024-1, ; xn tech: SC; xn date: 2025-02-10; xn notes: ; filtration comments:  ; tech:  ,Indian Cove,"Olivia Graham, Angie, Caitlin, Maddie",0-0.5,ebb,light,none,30,13.6,by_foot,1.2,present,robust subtidal,"10m apart, consistent depth",NA,WA_PSb,"Puget Sound & Padilla Bay, Washington","San Juan Islands, Washington"
WA_PS,PS_IC,pecoe-1377,2024-07-04,48.562197,-122.93585,9:25,12:47:00,Sample,exblank_2024_066,550,2024,Box 1,negpcr-2024-1, ; xn tech: SC; xn date: 2025-02-12; xn notes: ; filtration comments:  ; tech:  ,Indian Cove,"Olivia Graham, Angie, Caitlin, Maddie",0-0.5,ebb,light,none,30,13.6,by_foot,1.2,present,robust subtidal,"10m apart, consistent depth",NA,WA_PSb,"Puget Sound & Padilla Bay, Washington","San Juan Islands, Washington"
WA_PS,PS_IC,pecoe-1378,2024-07-04,48.562197,-122.93585,9:34,13:12:00,Sample,exblank_2024_066,550,2024,Box 1,negpcr-2024-1, ; xn tech: SC; xn date: 2025-02-12; xn notes: ; filtration comments:  ; tech:  ,Indian Cove,"Olivia Graham, Angie, Caitlin, Maddie",0-0.5,ebb,light,none,30,13.6,by_foot,1.2,present,robust subtidal,"10m apart, consistent depth",NA,WA_PSb,"Puget Sound & Padilla Bay, Washington","San Juan Islands, Washington"
WA_PS,PS_IC,pecoe-1379,2024-07-04,48.562197,-122.93585,9:42,13:42:00,Sample,exblank_2024_066,600,2024,Box 1,negpcr-2024-1, ; xn tech: SC; xn date: 2025-02-12; xn notes: ; filtration comments:  ; tech:  ,Indian Cove,"Olivia Graham, Angie, Caitlin, Maddie",0-0.5,ebb,light,none,30,13.6,by_foot,1.2,present,robust subtidal,"10m apart, consistent depth",NA,WA_PSb,"Puget Sound & Padilla Bay, Washington","San Juan Islands, Washington"
WA_PS,PS_IC,pecoe-1380,2024-07-04,48.562197,-122.93585,9:52,14:25:00,Sample,exblank_2024_066,600,2024,Box 1,negpcr-2024-1, ; xn tech: SC; xn date: 2025-02-12; xn notes: ; filtration comments:  ; tech:  ,Indian Cove,"Olivia Graham, Angie, Caitlin, Maddie",0-0.5,ebb,light,none,30,13.6,by_foot,1.2,present,robust subtidal,"10m apart, consistent depth",NA,WA_PSb,"Puget Sound & Padilla Bay, Washington","San Juan Islands, Washington"
WA_PS,PS_FB,pecoe-1381,2024-07-05,48.4821167,-123.07407,NA,13:08:00,Field blank,exblank_2024_066,500,2024,Box 1,negpcr-2024-1,"End cap to plastic filer unit fell on the floor. Wiped exterior wtih paper towel spritzed wit 10% bleach, then ethanol to try to sterilize it before attaching to filter unit to add buffer.; xn tech: SC; xn date: 2025-02-12; xn notes: ; filtration comments:  ; tech:  ",False Bay,"Olivia Graham, Angie",0-0.5,ebb,light,none,31.5,15.2,by_foot,1-1.25,present,robust subtidal; declining intertidal,"10m apart, see picture on datasheet",NA,WA_PSb,"Puget Sound & Padilla Bay, Washington","San Juan Islands, Washington"
WA_PS,PS_FB,pecoe-1382,2024-07-05,48.4821167,-123.07407,9:19,13:25:00,Sample,exblank_2024_066,500,2024,Box 1,negpcr-2024-1, ; xn tech: SC; xn date: 2025-02-12; xn notes: ; filtration comments:  ; tech:  ,False Bay,"Olivia Graham, Angie",0-0.5,ebb,light,none,31.5,15.2,by_foot,1-1.25,present,robust subtidal; declining intertidal,"10m apart, see picture on datasheet",NA,WA_PSb,"Puget Sound & Padilla Bay, Washington","San Juan Islands, Washington"
WA_PS,PS_FB,pecoe-1383,2024-07-05,48.4821167,-123.07407,9:25,13:57:00,Sample,exblank_2024_066,500,2024,Box 1,negpcr-2024-1, ; xn tech: SC; xn date: 2025-02-12; xn notes: ; filtration comments:  ; tech:  ,False Bay,"Olivia Graham, Angie",0-0.5,ebb,light,none,31.5,15.2,by_foot,1-1.25,present,robust subtidal; declining intertidal,"10m apart, see picture on datasheet",NA,WA_PSb,"Puget Sound & Padilla Bay, Washington","San Juan Islands, Washington"
WA_PS,PS_FB,pecoe-1384,2024-07-05,48.4821167,-123.07407,9:30,14:27:00,Sample,exblank_2024_066,500,2024,Box 1,negpcr-2024-1, ; xn tech: SC; xn date: 2025-02-12; xn notes: ; filtration comments:  ; tech:  ,False Bay,"Olivia Graham, Angie",0-0.5,ebb,light,none,31.5,15.2,by_foot,1-1.25,present,robust subtidal; declining intertidal,"10m apart, see picture on datasheet",NA,WA_PSb,"Puget Sound & Padilla Bay, Washington","San Juan Islands, Washington"
WA_PS,PS_FB,pecoe-1385,2024-07-05,48.4821167,-123.07407,9:35,14:51:00,Sample,exblank_2024_066,500,2024,Box 1,negpcr-2024-1, ; xn tech: SC; xn date: 2025-02-12; xn notes: ; filtration comments:  ; tech:  ,False Bay,"Olivia Graham, Angie",0-0.5,ebb,light,none,31.5,15.2,by_foot,1-1.25,present,robust subtidal; declining intertidal,"10m apart, see picture on datasheet",NA,WA_PSb,"Puget Sound & Padilla Bay, Washington","San Juan Islands, Washington"
WA_PS,PS_FJ,pecoe-1386,2024-07-06,48.4686,-123.00056,NA,12:29:00,Field blank,exblank_2024_065,650,2024,Box 1,negpcr-2024-1, ; xn tech: SC; xn date: 2025-02-10; xn notes: ; filtration comments:  ; tech:  ,Fourth of July Beach,"Olivia Graham, Angie, Marisol, Maddie",0-0.5,ebb,none,none,30,12.6,by_boat,NA,present,patchy (some parts dense) subtidal,"approx. 10m apart, slightly variable detph b/c from boat; see picture on datasheet",NA,WA_PSb,"Puget Sound & Padilla Bay, Washington","San Juan Islands, Washington"
WA_PS,PS_FJ,pecoe-1387,2024-07-06,48.4686,-123.00056,9:33,12:54:00,Sample,exblank_2024_065,650,2024,Box 1,negpcr-2024-1, ; xn tech: SC; xn date: 2025-02-10; xn notes: ; filtration comments:  ; tech:  ,Fourth of July Beach,"Olivia Graham, Angie, Marisol, Maddie",0-0.5,ebb,none,none,30,12.6,by_boat,NA,present,patchy (some parts dense) subtidal,"approx. 10m apart, slightly variable detph b/c from boat; see picture on datasheet",NA,WA_PSb,"Puget Sound & Padilla Bay, Washington","San Juan Islands, Washington"
WA_PS,PS_FJ,pecoe-1388,2024-07-06,48.4686,-123.00056,9:37,13:14:00,Sample,exblank_2024_065,550,2024,Box 1,negpcr-2024-1, ; xn tech: SC; xn date: 2025-02-10; xn notes: ; filtration comments:  ; tech:  ,Fourth of July Beach,"Olivia Graham, Angie, Marisol, Maddie",0-0.5,ebb,none,none,30,12.6,by_boat,NA,present,patchy (some parts dense) subtidal,"approx. 10m apart, slightly variable detph b/c from boat; see picture on datasheet",NA,WA_PSb,"Puget Sound & Padilla Bay, Washington","San Juan Islands, Washington"
WA_PS,PS_FJ,pecoe-1389,2024-07-06,48.4686,-123.00056,9:41,13:55:00,Sample,exblank_2024_065,600,2024,Box 1,negpcr-2024-1, ; xn tech: SC; xn date: 2025-02-10; xn notes: ; filtration comments:  ; tech:  ,Fourth of July Beach,"Olivia Graham, Angie, Marisol, Maddie",0-0.5,ebb,none,none,30,12.6,by_boat,NA,present,patchy (some parts dense) subtidal,"approx. 10m apart, slightly variable detph b/c from boat; see picture on datasheet",NA,WA_PSb,"Puget Sound & Padilla Bay, Washington","San Juan Islands, Washington"
WA_PS,PS_FJ,pecoe-1390,2024-07-06,48.4686,-123.00056,9:43,14:18:00,Sample,exblank_2024_065,550,2024,Box 1,negpcr-2024-1, ; xn tech: SC; xn date: 2025-02-10; xn notes: ; filtration comments:  ; tech:  ,Fourth of July Beach,"Olivia Graham, Angie, Marisol, Maddie",0-0.5,ebb,none,none,30,12.6,by_boat,NA,present,patchy (some parts dense) subtidal,"approx. 10m apart, slightly variable detph b/c from boat; see picture on datasheet",NA,WA_PSb,"Puget Sound & Padilla Bay, Washington","San Juan Islands, Washington"
WA_WB,WB_DP,pecoe-1391,2024-07-08,46.999,-124.128,NA,13:05:00,Field blank,exblank_2024_073,525,2024,Box 2,negpcr-2024-1, ; xn tech: SC; xn date: 2025-03-11; xn notes: ; filtration comments:  ; tech:  ,Damon Point,Jennifer Ruesink,0-0.5,flood,light,none,28.5,15,by_foot,1,present,patchy fridnge at below MLLW,NA,NA,WA_WB,"Willapa Bay, Washington","Willapa Bay, Washington"
WA_WB,WB_DP,pecoe-1392,2024-07-08,46.999,-124.128,11:25,13:30:00,Sample,exblank_2024_072,750,2024,Box 2,negpcr-2024-1,pump wouldn't compress; xn tech: SC; xn date: 2025-03-07; xn notes: ; filtration comments:  ; tech:  ,Damon Point,Jennifer Ruesink,0-0.5,flood,light,none,28.5,15,by_foot,1,present,patchy fridnge at below MLLW,NA,NA,WA_WB,"Willapa Bay, Washington","Willapa Bay, Washington"
WA_WB,WB_DP,pecoe-1393,2024-07-08,46.999,-124.128,11:27,15:15:00,Sample,exblank_2024_072,750,2024,Box 2,negpcr-2024-1, ; xn tech: SC; xn date: 2025-03-07; xn notes: ; filtration comments:  ; tech:  ,Damon Point,Jennifer Ruesink,0-0.5,flood,light,none,28.5,15,by_foot,1,present,patchy fridnge at below MLLW,NA,NA,WA_WB,"Willapa Bay, Washington","Willapa Bay, Washington"
WA_WB,WB_DP,pecoe-1394,2024-07-08,46.999,-124.128,11:31,15:55:00,Sample,exblank_2024_072,750,2024,Box 2,negpcr-2024-1, ; xn tech: SC; xn date: 2025-03-07; xn notes: ; filtration comments:  ; tech:  ,Damon Point,Jennifer Ruesink,0-0.5,flood,light,none,28.5,15,by_foot,1,present,patchy fridnge at below MLLW,NA,NA,WA_WB,"Willapa Bay, Washington","Willapa Bay, Washington"
WA_WB,WB_DP,pecoe-1395,2024-07-08,46.999,-124.128,11:35,16:23:00,Sample,exblank_2024_073,750,2024,Box 2,negpcr-2024-1, ; xn tech: SC; xn date: 2025-03-11; xn notes: ; filtration comments:  ; tech:  ,Damon Point,Jennifer Ruesink,0-0.5,flood,light,none,28.5,15,by_foot,1,present,patchy fridnge at below MLLW,NA,NA,WA_WB,"Willapa Bay, Washington","Willapa Bay, Washington"
WA_WB,WB_PA,pecoe-1396,2024-07-17,46.49593,-124.02633,NA,07:00:00,Field blank,exblank_2024_073,600,2024,Box 2,negpcr-2024-1, ; xn tech: SC; xn date: 2025-03-11; xn notes: ; filtration comments:  ; tech:  ,"Parcel A, Nahcotta",Jennifer Ruesink,0-0.5,low,medium,none,25.3,18,by_foot,0.5,present,NA,NA,NA,WA_WB,"Willapa Bay, Washington","Willapa Bay, Washington"
WA_WB,WB_PA,pecoe-1397,2024-07-17,46.49593,-124.02633,6:10,07:15:00,Sample,exblank_2024_073,500,2024,Box 2,negpcr-2024-1, ; xn tech: SC; xn date: 2025-03-11; xn notes: ; filtration comments:  ; tech:  ,"Parcel A, Nahcotta",Jennifer Ruesink,0-0.5,low,medium,none,25.3,18,by_foot,0.5,present,NA,NA,NA,WA_WB,"Willapa Bay, Washington","Willapa Bay, Washington"
WA_WB,WB_PA,pecoe-1398,2024-07-17,46.49593,-124.02633,6:12,07:30:00,Sample,exblank_2024_073,500,2024,Box 2,negpcr-2024-1, ; xn tech: SC; xn date: 2025-03-11; xn notes: ; filtration comments:  ; tech:  ,"Parcel A, Nahcotta",Jennifer Ruesink,0-0.5,low,medium,none,25.3,18,by_foot,0.5,present,NA,NA,NA,WA_WB,"Willapa Bay, Washington","Willapa Bay, Washington"
WA_WB,WB_PA,pecoe-1399,2024-07-17,46.49593,-124.02633,6:15,07:50:00,Sample,exblank_2024_073,500,2024,Box 2,negpcr-2024-1, ; xn tech: SC; xn date: 2025-03-11; xn notes: ; filtration comments:  ; tech:  ,"Parcel A, Nahcotta",Jennifer Ruesink,0-0.5,low,medium,none,25.3,18,by_foot,0.5,present,NA,NA,NA,WA_WB,"Willapa Bay, Washington","Willapa Bay, Washington"
WA_WB,WB_PA,pecoe-1400,2024-07-17,46.49593,-124.02633,6:20,08:07:00,Sample,exblank_2024_073,500,2024,Box 2,negpcr-2024-1, ; xn tech: SC; xn date: 2025-03-11; xn notes: ; filtration comments:  ; tech:  ,"Parcel A, Nahcotta",Jennifer Ruesink,0-0.5,low,medium,none,25.3,18,by_foot,0.5,present,NA,NA,NA,WA_WB,"Willapa Bay, Washington","Willapa Bay, Washington"
WA_WB,WB_ST,pecoe-1401,2024-07-16,46.59383,-124.02369,NA,06:50:00,Field blank,exblank_2024_073,600,2024,Box 2,negpcr-2024-1, ; xn tech: SC; xn date: 2025-03-11; xn notes: ; filtration comments:  ; tech:  ,Stackpole,Jennifer Ruesink,0-0.5,flood,none,none,27.7,NA,by_foot,0.5,present,NA,NA,new site this year.,WA_WB,"Willapa Bay, Washington","Willapa Bay, Washington"
WA_WB,WB_ST,pecoe-1402,2024-07-16,46.59383,-124.02369,550,07:04:00,Sample,exblank_2024_073,500,2024,Box 2,negpcr-2024-1, ; xn tech: SC; xn date: 2025-03-11; xn notes: ; filtration comments:  ; tech:  ,Stackpole,Jennifer Ruesink,0-0.5,flood,none,none,27.7,NA,by_foot,0.5,present,NA,NA,new site this year.,WA_WB,"Willapa Bay, Washington","Willapa Bay, Washington"
WA_WB,WB_ST,pecoe-1403,2024-07-16,46.59383,-124.02369,5:53,07:25:00,Sample,exblank_2024_073,500,2024,Box 2,negpcr-2024-1, ; xn tech: SC; xn date: 2025-03-11; xn notes: ; filtration comments:  ; tech:  ,Stackpole,Jennifer Ruesink,0-0.5,flood,none,none,27.7,NA,by_foot,0.5,present,NA,NA,new site this year.,WA_WB,"Willapa Bay, Washington","Willapa Bay, Washington"
WA_WB,WB_ST,pecoe-1404,2024-07-16,46.59383,-124.02369,5:56,07:40:00,Sample,exblank_2024_073,500,2024,Box 2,negpcr-2024-1, ; xn tech: SC; xn date: 2025-03-11; xn notes: ; filtration comments:  ; tech:  ,Stackpole,Jennifer Ruesink,0-0.5,flood,none,none,27.7,NA,by_foot,0.5,present,NA,NA,new site this year.,WA_WB,"Willapa Bay, Washington","Willapa Bay, Washington"
WA_WB,WB_ST,pecoe-1405,2024-07-16,46.59383,-124.02369,6:00,08:00:00,Sample,exblank_2024_073,500,2024,Box 2,negpcr-2024-1, ; xn tech: SC; xn date: 2025-03-11; xn notes: ; filtration comments:  ; tech:  ,Stackpole,Jennifer Ruesink,0-0.5,flood,none,none,27.7,NA,by_foot,0.5,present,NA,NA,new site this year.,WA_WB,"Willapa Bay, Washington","Willapa Bay, Washington"
WA_WB,WB_WP,pecoe-1406,2024-07-10,46.89035,-124.08561,NA,14:45:00,Field blank,exblank_2024_073,600,2024,Box 2,negpcr-2024-1,I hate this pressure spayer!!!; xn tech: SC; xn date: 2025-03-11; xn notes: ; filtration comments:  ; tech:  ,Westport Grays Harbour,Jennifer Ruesink,0-0.5,flood,light,none,28,15-16,by_foot,1,present,"~50m band of Z. marina along channel edge S to N, 10m apart, constant depth",NA,new site this year.,WA_WB,"Willapa Bay, Washington","Willapa Bay, Washington"
WA_WB,WB_WP,pecoe-1407,2024-07-10,46.89035,-124.08561,12:25,16:22:00,Sample,exblank_2024_073,480,2024,Box 2,negpcr-2024-1,I hate this pressure spayer!!!; xn tech: SC; xn date: 2025-03-11; xn notes: ; filtration comments:  ; tech:  ,Westport Grays Harbour,Jennifer Ruesink,0-0.5,flood,light,none,28,15-16,by_foot,1,present,"~50m band of Z. marina along channel edge S to N, 10m apart, constant depth",NA,new site this year.,WA_WB,"Willapa Bay, Washington","Willapa Bay, Washington"
WA_WB,WB_WP,pecoe-1408,2024-07-10,46.89035,-124.08561,12:28,16:55:00,Sample,exblank_2024_073,500,2024,Box 2,negpcr-2024-1, ; xn tech: SC; xn date: 2025-03-11; xn notes: ; filtration comments:  ; tech:  ,Westport Grays Harbour,Jennifer Ruesink,0-0.5,flood,light,none,28,15-16,by_foot,1,present,"~50m band of Z. marina along channel edge S to N, 10m apart, constant depth",NA,new site this year.,WA_WB,"Willapa Bay, Washington","Willapa Bay, Washington"
WA_WB,WB_WP,pecoe-1409,2024-07-10,46.89035,-124.08561,12:31,19:05:00,Sample,exblank_2024_073,500,2024,Box 2,negpcr-2024-1,I McGuyvered a bicycle pump; xn tech: SC; xn date: 2025-03-11; xn notes: ; filtration comments:  ; tech:  ,Westport Grays Harbour,Jennifer Ruesink,0-0.5,flood,light,none,28,15-16,by_foot,1,present,"~50m band of Z. marina along channel edge S to N, 10m apart, constant depth",NA,new site this year.,WA_WB,"Willapa Bay, Washington","Willapa Bay, Washington"
WA_WB,WB_WP,pecoe-1410,2024-07-10,46.89035,-124.08561,12:33,19:22:00,Sample,exblank_2024_073,550,2024,Box 2,negpcr-2024-1, ; xn tech: SC; xn date: 2025-03-11; xn notes: ; filtration comments:  ; tech:  ,Westport Grays Harbour,Jennifer Ruesink,0-0.5,flood,light,none,28,15-16,by_foot,1,present,"~50m band of Z. marina along channel edge S to N, 10m apart, constant depth",NA,new site this year.,WA_WB,"Willapa Bay, Washington","Willapa Bay, Washington"
WA_WB,WB_SP,pecoe-1411,2024-07-18,46.6802,-123.9204,NA,18:55:00,Field blank,exblank_2024_073,600,2024,Box 2,negpcr-2024-1, ; xn tech: SC; xn date: 2025-03-11; xn notes: ; filtration comments:  ; tech:  ,Stony Point,Jennifer Ruesink,0-0.5,low,light,none,28.1,NA,by_foot,1,present,patches at ~+0.3m MLLW near oyster longlines,NA,lat longs were given in email to JS and SV. new site this year.,WA_WB,"Willapa Bay, Washington","Willapa Bay, Washington"
WA_WB,WB_SP,pecoe-1412,2024-07-18,46.6802,-123.9204,17:15,19:13:00,Sample,exblank_2024_073,500,2024,Box 2,negpcr-2024-1, ; xn tech: SC; xn date: 2025-03-11; xn notes: ; filtration comments:  ; tech:  ,Stony Point,Jennifer Ruesink,0-0.5,low,light,none,28.1,NA,by_foot,1,present,patches at ~+0.3m MLLW near oyster longlines,NA,lat longs were given in email to JS and SV. new site this year.,WA_WB,"Willapa Bay, Washington","Willapa Bay, Washington"
WA_WB,WB_SP,pecoe-1413,2024-07-18,46.6802,-123.9204,17:17,19:30:00,Sample,exblank_2024_073,500,2024,Box 2,negpcr-2024-1, ; xn tech: SC; xn date: 2025-03-11; xn notes: ; filtration comments:  ; tech:  ,Stony Point,Jennifer Ruesink,0-0.5,low,light,none,28.1,NA,by_foot,1,present,patches at ~+0.3m MLLW near oyster longlines,NA,lat longs were given in email to JS and SV. new site this year.,WA_WB,"Willapa Bay, Washington","Willapa Bay, Washington"
WA_WB,WB_SP,pecoe-1414,2024-07-18,46.6802,-123.9204,17:19,19:50:00,Sample,exblank_2024_073,525,2024,Box 2,negpcr-2024-1, ; xn tech: SC; xn date: 2025-03-11; xn notes: ; filtration comments:  ; tech:  ,Stony Point,Jennifer Ruesink,0-0.5,low,light,none,28.1,NA,by_foot,1,present,patches at ~+0.3m MLLW near oyster longlines,NA,lat longs were given in email to JS and SV. new site this year.,WA_WB,"Willapa Bay, Washington","Willapa Bay, Washington"
WA_WB,WB_SP,pecoe-1415,2024-07-18,46.6802,-123.9204,17:23,20:05:00,Sample,exblank_2024_073,600,2024,Box 2,negpcr-2024-1, ; xn tech: SC; xn date: 2025-03-11; xn notes: ; filtration comments:  ; tech:  ,Stony Point,Jennifer Ruesink,0-0.5,low,light,none,28.1,NA,by_foot,1,present,patches at ~+0.3m MLLW near oyster longlines,NA,lat longs were given in email to JS and SV. new site this year.,WA_WB,"Willapa Bay, Washington","Willapa Bay, Washington"
OR_CB,CB_BV,pecoe-1416,2024-07-04,43.35965,-124.316933,NA,07:20:00,Field blank,exblank_2024_077,1050,2024,Box 3,negpcr-2024-1, ; xn tech: SC; xn date: 2025-03-17; xn notes: ; filtration comments:  ; tech:  ,Bar View,Fiona Nash,0-0.5,ebb,none,none,NA,NA,NA,NA,present,NA,NA,NA,OR_CB,"Coos Bay, Oregon","Coos Bay, Oregon"
OR_CB,CB_BV,pecoe-1417,2024-07-04,43.35965,-124.316933,5:00,08:05:00,Sample,exblank_2024_077,550,2024,Box 3,negpcr-2024-1, ; xn tech: SC; xn date: 2025-03-17; xn notes: ; filtration comments:  ; tech:  ,Bar View,Fiona Nash,0-0.5,ebb,none,none,NA,NA,NA,NA,present,NA,NA,NA,OR_CB,"Coos Bay, Oregon","Coos Bay, Oregon"
OR_CB,CB_BV,pecoe-1418,2024-07-04,43.35965,-124.316933,5:00,08:50:00,Sample,exblank_2024_077,600,2024,Box 3,negpcr-2024-1, ; xn tech: SC; xn date: 2025-03-17; xn notes: ; filtration comments:  ; tech:  ,Bar View,Fiona Nash,0-0.5,ebb,none,none,NA,NA,NA,NA,present,NA,NA,NA,OR_CB,"Coos Bay, Oregon","Coos Bay, Oregon"
OR_CB,CB_BV,pecoe-1419,2024-07-04,43.35965,-124.316933,5:00,09:10:00,Sample,exblank_2024_077,600,2024,Box 3,negpcr-2024-1, ; xn tech: SC; xn date: 2025-03-17; xn notes: ; filtration comments:  ; tech:  ,Bar View,Fiona Nash,0-0.5,ebb,none,none,NA,NA,NA,NA,present,NA,NA,NA,OR_CB,"Coos Bay, Oregon","Coos Bay, Oregon"
OR_CB,CB_BV,pecoe-1420,2024-07-04,43.35965,-124.316933,5:00,09:45:00,Sample,exblank_2024_077,550,2024,Box 3,negpcr-2024-1, ; xn tech: SC; xn date: 2025-03-17; xn notes: ; filtration comments:  ; tech:  ,Bar View,Fiona Nash,0-0.5,ebb,none,none,NA,NA,NA,NA,present,NA,NA,NA,OR_CB,"Coos Bay, Oregon","Coos Bay, Oregon"
OR_CB,CB_FP,pecoe-1421,2024-07-03,43.35965,-124.310117,NA,08:00:00,Field blank,exblank_2024_080,1000,2024,Box 3,negpcr-2024-1, ; xn tech: SC; xn date: 2025-03-26; xn notes: ; filtration comments:  ; tech:  ,Fossil Point,Fiona Nash,0-0.5,ebb,none,none,NA,NA,NA,NA,present,NA,NA,NA,OR_CB,"Coos Bay, Oregon","Coos Bay, Oregon"
OR_CB,CB_FP,pecoe-1422,2024-07-03,43.35965,-124.310117,4:52,08:52:00,Sample,exblank_2024_080,550,2024,Box 3,negpcr-2024-1, ; xn tech: SC; xn date: 2025-03-26; xn notes: ; filtration comments:  ; tech:  ,Fossil Point,Fiona Nash,0-0.5,ebb,none,none,NA,NA,NA,NA,present,NA,NA,NA,OR_CB,"Coos Bay, Oregon","Coos Bay, Oregon"
OR_CB,CB_FP,pecoe-1423,2024-07-03,43.35965,-124.310117,4:52,09:30:00,Sample,exblank_2024_078,550,2024,Box 3,negpcr-2024-1, ; xn tech: SC; xn date: 2025-03-24; xn notes: ; filtration comments:  ; tech:  ,Fossil Point,Fiona Nash,0-0.5,ebb,none,none,NA,NA,NA,NA,present,NA,NA,NA,OR_CB,"Coos Bay, Oregon","Coos Bay, Oregon"
OR_CB,CB_FP,pecoe-1424,2024-07-03,43.35965,-124.310117,4:52,10:12:00,Sample,exblank_2024_080,250,2024,Box 3,negpcr-2024-1, ; xn tech: SC; xn date: 2025-03-26; xn notes: ; filtration comments:  ; tech:  ,Fossil Point,Fiona Nash,0-0.5,ebb,none,none,NA,NA,NA,NA,present,NA,NA,NA,OR_CB,"Coos Bay, Oregon","Coos Bay, Oregon"
OR_CB,CB_FP,pecoe-1425,2024-07-03,43.35965,-124.310117,4:52,10:42:00,Sample,exblank_2024_080,NA,2024,Box 3,negpcr-2024-1,fish inside sample (gunnel); xn tech: SC; xn date: 2025-03-26; xn notes: ; filtration comments:  ; tech:  ,Fossil Point,Fiona Nash,0-0.5,ebb,none,none,NA,NA,NA,NA,present,NA,NA,NA,OR_CB,"Coos Bay, Oregon","Coos Bay, Oregon"
OR_YB,YB_SBN,pecoe-1426,2024-07-05,44.622702,-124.023868,NA,09:02:00,Field blank,exblank_2024_077,1110,2024,Box 3,negpcr-2024-1, ; xn tech: SC; xn date: 2025-03-17; xn notes: ; filtration comments:  ; tech:  ,Sallys Bend North,Fiona Nash,0-0.5,ebb,none,none,NA,NA,NA,NA,present,NA,NA,NA,OR_YB,"Yaquina Bay, Oregon","Yaquina Bay, Oregon"
OR_YB,YB_SBN,pecoe-1427,2024-07-05,44.622702,-124.023868,6:30,09:27:00,Sample,exblank_2024_078,700,2024,Box 3,negpcr-2024-1, ; xn tech: SC; xn date: 2025-03-24; xn notes: ; filtration comments:  ; tech:  ,Sallys Bend North,Fiona Nash,0-0.5,ebb,none,none,NA,NA,NA,NA,present,NA,NA,NA,OR_YB,"Yaquina Bay, Oregon","Yaquina Bay, Oregon"
OR_YB,YB_SBN,pecoe-1428,2024-07-05,44.622702,-124.023868,6:30,10:00:00,Sample,exblank_2024_078,700,2024,Box 3,negpcr-2024-1, ; xn tech: SC; xn date: 2025-03-24; xn notes: ; filtration comments:  ; tech:  ,Sallys Bend North,Fiona Nash,0-0.5,ebb,none,none,NA,NA,NA,NA,present,NA,NA,NA,OR_YB,"Yaquina Bay, Oregon","Yaquina Bay, Oregon"
OR_YB,YB_SBN,pecoe-1429,2024-07-05,44.622702,-124.023868,6:30,10:33:00,Sample,exblank_2024_078,650,2024,Box 3,negpcr-2024-1, ; xn tech: SC; xn date: 2025-03-24; xn notes: ; filtration comments:  ; tech:  ,Sallys Bend North,Fiona Nash,0-0.5,ebb,none,none,NA,NA,NA,NA,present,NA,NA,NA,OR_YB,"Yaquina Bay, Oregon","Yaquina Bay, Oregon"
OR_YB,YB_SBN,pecoe-1430,2024-07-05,44.622702,-124.023868,6:30,11:00:00,Sample,exblank_2024_078,650,2024,Box 3,negpcr-2024-1,"herons, egrets, gulls, seals, sculpin; xn tech: SC; xn date: 2025-03-24; xn notes: ; filtration comments:  ; tech:  ",Sallys Bend North,Fiona Nash,0-0.5,ebb,none,none,NA,NA,NA,NA,present,NA,NA,NA,OR_YB,"Yaquina Bay, Oregon","Yaquina Bay, Oregon"
OR_YB,YB_SBS,pecoe-1431,2024-07-07,44.611535,-124.013767,NA,09:28:00,Field blank,exblank_2024_078,1000,2024,Box 3,negpcr-2024-1, ; xn tech: SC; xn date: 2025-03-24; xn notes: ; filtration comments:  ; tech:  ,Sallys Bend South,Fiona Nash,0-0.5,ebb,none,none,NA,NA,NA,NA,present,NA,NA,NA,OR_YB,"Yaquina Bay, Oregon","Yaquina Bay, Oregon"
OR_YB,YB_SBS,pecoe-1432,2024-07-07,44.611535,-124.013767,7:47,09:52:00,Sample,exblank_2024_078,750,2024,Box 3,negpcr-2024-1, ; xn tech: SC; xn date: 2025-03-24; xn notes: ; filtration comments:  ; tech:  ,Sallys Bend South,Fiona Nash,0-0.5,ebb,none,none,NA,NA,NA,NA,present,NA,NA,NA,OR_YB,"Yaquina Bay, Oregon","Yaquina Bay, Oregon"
OR_YB,YB_SBS,pecoe-1433,2024-07-07,44.611535,-124.013767,7:47,10:15:00,Sample,exblank_2024_078,900,2024,Box 3,negpcr-2024-1, ; xn tech: SC; xn date: 2025-03-24; xn notes: ; filtration comments:  ; tech:  ,Sallys Bend South,Fiona Nash,0-0.5,ebb,none,none,NA,NA,NA,NA,present,NA,NA,NA,OR_YB,"Yaquina Bay, Oregon","Yaquina Bay, Oregon"
OR_YB,YB_SBS,pecoe-1434,2024-07-07,44.611535,-124.013767,7:47,10:44:00,Sample,exblank_2024_078,750,2024,Box 3,negpcr-2024-1, ; xn tech: SC; xn date: 2025-03-24; xn notes: ; filtration comments:  ; tech:  ,Sallys Bend South,Fiona Nash,0-0.5,ebb,none,none,NA,NA,NA,NA,present,NA,NA,NA,OR_YB,"Yaquina Bay, Oregon","Yaquina Bay, Oregon"
OR_YB,YB_SBS,pecoe-1435,2024-07-07,44.611535,-124.013767,7:47,11:12:00,Sample,exblank_2024_078,800,2024,Box 3,negpcr-2024-1, ; xn tech: SC; xn date: 2025-03-24; xn notes: ; filtration comments:  ; tech:  ,Sallys Bend South,Fiona Nash,0-0.5,ebb,none,none,NA,NA,NA,NA,present,NA,NA,NA,OR_YB,"Yaquina Bay, Oregon","Yaquina Bay, Oregon"
OR_YB,YB_IF,pecoe-1436,2024-07-06,44.619535,-124.032067,NA,09:41:00,Field blank,exblank_2024_077,1000,2024,Box 3,negpcr-2024-2, ; xn tech: SC; xn date: 2025-03-17; xn notes: ; filtration comments:  ; tech:  ,Idaho Flats,Fiona Nash,0-0.5,ebb,none,none,NA,NA,NA,NA,present,NA,NA,NA,OR_YB,"Yaquina Bay, Oregon","Yaquina Bay, Oregon"
OR_YB,YB_IF,pecoe-1437,2024-07-06,44.619535,-124.032067,7:22,10:02:00,Sample,exblank_2024_077,620,2024,Box 3,negpcr-2024-2, ; xn tech: SC; xn date: 2025-03-17; xn notes: ; filtration comments:  ; tech:  ,Idaho Flats,Fiona Nash,0-0.5,ebb,none,none,NA,NA,NA,NA,present,NA,NA,NA,OR_YB,"Yaquina Bay, Oregon","Yaquina Bay, Oregon"
OR_YB,YB_IF,pecoe-1438,2024-07-06,44.619535,-124.032067,7:22,10:22:00,Sample,exblank_2024_077,600,2024,Box 3,negpcr-2024-2, ; xn tech: SC; xn date: 2025-03-17; xn notes: ; filtration comments:  ; tech:  ,Idaho Flats,Fiona Nash,0-0.5,ebb,none,none,NA,NA,NA,NA,present,NA,NA,NA,OR_YB,"Yaquina Bay, Oregon","Yaquina Bay, Oregon"
OR_YB,YB_IF,pecoe-1439,2024-07-06,44.619535,-124.032067,7:22,10:54:00,Sample,exblank_2024_077,850,2024,Box 3,negpcr-2024-2, ; xn tech: SC; xn date: 2025-03-17; xn notes: ; filtration comments:  ; tech:  ,Idaho Flats,Fiona Nash,0-0.5,ebb,none,none,NA,NA,NA,NA,present,NA,NA,NA,OR_YB,"Yaquina Bay, Oregon","Yaquina Bay, Oregon"
OR_YB,YB_IF,pecoe-1440,2024-07-06,44.619535,-124.032067,7:22,11:36:00,Sample,exblank_2024_077,800,2024,Box 3,negpcr-2024-2, ; xn tech: SC; xn date: 2025-03-17; xn notes: ; filtration comments:  ; tech:  ,Idaho Flats,Fiona Nash,0-0.5,ebb,none,none,NA,NA,NA,NA,present,NA,NA,NA,OR_YB,"Yaquina Bay, Oregon","Yaquina Bay, Oregon"
AK_JN,JN_SB,pecoe-1446,2024-07-20,58.6238,-134.93186,NA,13:00:00,Field blank,exblank_2024_084,1000,2024,Box 4,negpcr-2024-2, ; xn tech: SC; xn date: 2025-04-07; xn notes: ; filtration comments:  ; tech:  ,South Bridget Cove,"Julie Schram, Ed Schiff, Sebastian Schram",0-0.5,flood,light,none,16.1,12.8,by_boat,2,present,patchy,"parallel to shore, started off small outcropping/point near small island",NA,AK_JN,"Juneau Region, Alaska","Juneau Region, Alaska"
AK_JN,JN_SB,pecoe-1447,2024-07-20,58.6238,-134.93186,10:50,13:20:00,Sample,exblank_2024_084,1000,2024,Box 4,negpcr-2024-2, ; xn tech: SC; xn date: 2025-04-07; xn notes: ; filtration comments:  ; tech:  ,South Bridget Cove,"Julie Schram, Ed Schiff, Sebastian Schram",0-0.5,flood,light,none,16.1,12.8,by_boat,2,present,patchy,"parallel to shore, started off small outcropping/point near small island",NA,AK_JN,"Juneau Region, Alaska","Juneau Region, Alaska"
AK_JN,JN_SB,pecoe-1448,2024-07-20,58.6238,-134.93186,10:54,13:50:00,Sample,exblank_2024_084,1000,2024,Box 4,negpcr-2024-2, ; xn tech: SC; xn date: 2025-04-07; xn notes: ; filtration comments:  ; tech:  ,South Bridget Cove,"Julie Schram, Ed Schiff, Sebastian Schram",0-0.5,flood,light,none,16.1,12.8,by_boat,2,present,patchy,"parallel to shore, started off small outcropping/point near small island",NA,AK_JN,"Juneau Region, Alaska","Juneau Region, Alaska"
AK_JN,JN_SB,pecoe-1449,2024-07-20,58.6238,-134.93186,10:59,14:20:00,Sample,exblank_2024_084,1000,2024,Box 4,negpcr-2024-2, ; xn tech: SC; xn date: 2025-04-07; xn notes: ; filtration comments:  ; tech:  ,South Bridget Cove,"Julie Schram, Ed Schiff, Sebastian Schram",0-0.5,flood,light,none,16.1,12.8,by_boat,2,present,patchy,"parallel to shore, started off small outcropping/point near small island",NA,AK_JN,"Juneau Region, Alaska","Juneau Region, Alaska"
AK_JN,JN_SB,pecoe-1450,2024-07-20,58.6238,-134.93186,11:03,14:40:00,Sample,exblank_2024_084,1000,2024,Box 4,negpcr-2024-2, ; xn tech: SC; xn date: 2025-04-07; xn notes: ; filtration comments:  ; tech:  ,South Bridget Cove,"Julie Schram, Ed Schiff, Sebastian Schram",0-0.5,flood,light,none,16.1,12.8,by_boat,2,present,patchy,"parallel to shore, started off small outcropping/point near small island",NA,AK_JN,"Juneau Region, Alaska","Juneau Region, Alaska"
AK_JN,JN_EC,pecoe-1451,2024-07-21,58.6630462,-134.9163962,NA,11:24:00,Field blank,exblank_2024_084,1000,2024,Box 4,negpcr-2024-2, ; xn tech: SC; xn date: 2025-04-07; xn notes: ; filtration comments:  ; tech:  ,Echo Cove,"Julie Schram, Ed Schiff, Sebastian Schram",0-0.5,flood,none,none,9.48,15,by_boat,1,present,"patchy strip parallel to shore, sparse seagrass ~1m long","parallel to shore roughly N-S (see sketch on data sheet); visibility of water not great but not terrible, sediment likely from increased river/stream runoff (lots of rain the week prior)",NA,AK_JN,"Juneau Region, Alaska","Juneau Region, Alaska"
AK_JN,JN_EC,pecoe-1452,2024-07-21,58.6630462,-134.9163962,10:10,11:51:00,Sample,exblank_2024_084,1000,2024,Box 4,negpcr-2024-2, ; xn tech: SC; xn date: 2025-04-07; xn notes: ; filtration comments:  ; tech:  ,Echo Cove,"Julie Schram, Ed Schiff, Sebastian Schram",0-0.5,flood,none,none,9.48,15,by_boat,1,present,"patchy strip parallel to shore, sparse seagrass ~1m long","parallel to shore roughly N-S (see sketch on data sheet); visibility of water not great but not terrible, sediment likely from increased river/stream runoff (lots of rain the week prior)",NA,AK_JN,"Juneau Region, Alaska","Juneau Region, Alaska"
AK_JN,JN_EC,pecoe-1453,2024-07-21,58.6630462,-134.9163962,10:13,12:16:00,Sample,exblank_2024_084,1000,2024,Box 4,negpcr-2024-2, ; xn tech: SC; xn date: 2025-04-07; xn notes: ; filtration comments:  ; tech:  ,Echo Cove,"Julie Schram, Ed Schiff, Sebastian Schram",0-0.5,flood,none,none,9.48,15,by_boat,1,present,"patchy strip parallel to shore, sparse seagrass ~1m long","parallel to shore roughly N-S (see sketch on data sheet); visibility of water not great but not terrible, sediment likely from increased river/stream runoff (lots of rain the week prior)",NA,AK_JN,"Juneau Region, Alaska","Juneau Region, Alaska"
AK_JN,JN_EC,pecoe-1454,2024-07-21,58.6630462,-134.9163962,10:18,12:38:00,Sample,exblank_2024_084,1000,2024,Box 4,negpcr-2024-2, ; xn tech: SC; xn date: 2025-04-07; xn notes: ; filtration comments:  ; tech:  ,Echo Cove,"Julie Schram, Ed Schiff, Sebastian Schram",0-0.5,flood,none,none,9.48,15,by_boat,1,present,"patchy strip parallel to shore, sparse seagrass ~1m long","parallel to shore roughly N-S (see sketch on data sheet); visibility of water not great but not terrible, sediment likely from increased river/stream runoff (lots of rain the week prior)",NA,AK_JN,"Juneau Region, Alaska","Juneau Region, Alaska"
AK_JN,JN_EC,pecoe-1455,2024-07-21,58.6630462,-134.9163962,10:23,13:05:00,Sample,exblank_2024_084,1000,2024,Box 4,negpcr-2024-2, ; xn tech: SC; xn date: 2025-04-07; xn notes: ; filtration comments:  ; tech:  ,Echo Cove,"Julie Schram, Ed Schiff, Sebastian Schram",0-0.5,flood,none,none,9.48,15,by_boat,1,present,"patchy strip parallel to shore, sparse seagrass ~1m long","parallel to shore roughly N-S (see sketch on data sheet); visibility of water not great but not terrible, sediment likely from increased river/stream runoff (lots of rain the week prior)",NA,AK_JN,"Juneau Region, Alaska","Juneau Region, Alaska"
AK_JN,JN_AN,pecoe-1456,2024-07-22,58.380926,-134.696729,NA,11:59:00,Field blank,exblank_2024_084,1000,2024,Box 4,negpcr-2024-2, ; xn tech: SC; xn date: 2025-04-07; xn notes: ; filtration comments:  ; tech:  ,Auke Nu Cove,"Julie Schram, Matt Hart",0-0.5,flood,light,none,33.5,17.4,by_foot,1,present,"patchy, ~0.5m long, some ephiphytic diatoms fouling",followed edge of sea grass patch (dense patches) in horseshoe pattern along edge,NA,AK_JN,"Juneau Region, Alaska","Juneau Region, Alaska"
AK_JN,JN_AN,pecoe-1457,2024-07-22,58.380926,-134.696729,11:20,12:18:00,Sample,exblank_2024_084,1000,2024,Box 4,negpcr-2024-2,some very small larval/juvenile fish (2-3cm long); xn tech: SC; xn date: 2025-04-07; xn notes: ; filtration comments:  ; tech:  ,Auke Nu Cove,"Julie Schram, Matt Hart",0-0.5,flood,light,none,33.5,17.4,by_foot,1,present,"patchy, ~0.5m long, some ephiphytic diatoms fouling",followed edge of sea grass patch (dense patches) in horseshoe pattern along edge,NA,AK_JN,"Juneau Region, Alaska","Juneau Region, Alaska"
AK_JN,JN_AN,pecoe-1458,2024-07-22,58.380926,-134.696729,11:27,12:52:00,Sample,exblank_2024_084,1000,2024,Box 4,negpcr-2024-2, ; xn tech: SC; xn date: 2025-04-07; xn notes: ; filtration comments:  ; tech:  ,Auke Nu Cove,"Julie Schram, Matt Hart",0-0.5,flood,light,none,33.5,17.4,by_foot,1,present,"patchy, ~0.5m long, some ephiphytic diatoms fouling",followed edge of sea grass patch (dense patches) in horseshoe pattern along edge,NA,AK_JN,"Juneau Region, Alaska","Juneau Region, Alaska"
AK_JN,JN_AN,pecoe-1459,2024-07-22,58.380926,-134.696729,11:32,13:16:00,Sample,exblank_2024_084,1000,2024,Box 4,negpcr-2024-2, ; xn tech: SC; xn date: 2025-04-07; xn notes: ; filtration comments:  ; tech:  ,Auke Nu Cove,"Julie Schram, Matt Hart",0-0.5,flood,light,none,33.5,17.4,by_foot,1,present,"patchy, ~0.5m long, some ephiphytic diatoms fouling",followed edge of sea grass patch (dense patches) in horseshoe pattern along edge,NA,AK_JN,"Juneau Region, Alaska","Juneau Region, Alaska"
AK_JN,JN_AN,pecoe-1460,2024-07-22,58.380926,-134.696729,11:36,13:34:00,Sample,exblank_2024_084,1000,2024,Box 4,negpcr-2024-2, ; xn tech: SC; xn date: 2025-04-07; xn notes: ; filtration comments:  ; tech:  ,Auke Nu Cove,"Julie Schram, Matt Hart",0-0.5,flood,light,none,33.5,17.4,by_foot,1,present,"patchy, ~0.5m long, some ephiphytic diatoms fouling",followed edge of sea grass patch (dense patches) in horseshoe pattern along edge,NA,AK_JN,"Juneau Region, Alaska","Juneau Region, Alaska"
AK_JN,JN_BC,pecoe-1461,2024-07-24,58.3852961,-134.6493267,NA,12:28:00,Field blank,exblank_2024_084,1000,2024,Box 4,negpcr-2024-2, ; xn tech: SC; xn date: 2025-04-07; xn notes: ; filtration comments:  ; tech:  ,Bay Creek,"Julie Schram, Ed Schiff, Sebastian Schram",0-0.5,flood,light,none,28.8,15.1,by_foot,2.5,present,"~1m long grass, dense patches, dense band","sampled parallel to shore, one sample per dock slip",NA,AK_JN,"Juneau Region, Alaska","Juneau Region, Alaska"
AK_JN,JN_BC,pecoe-1462,2024-07-24,58.3852961,-134.6493267,12:05,12:51:00,Sample,exblank_2024_083,1000,2024,Box 4,negpcr-2024-2, ; xn tech: SC; xn date: 2025-04-03; xn notes: ; filtration comments:  ; tech:  ,Bay Creek,"Julie Schram, Ed Schiff, Sebastian Schram",0-0.5,flood,light,none,28.8,15.1,by_foot,2.5,present,"~1m long grass, dense patches, dense band","sampled parallel to shore, one sample per dock slip",NA,AK_JN,"Juneau Region, Alaska","Juneau Region, Alaska"
AK_JN,JN_BC,pecoe-1463,2024-07-24,58.3852961,-134.6493267,12:08,13:16:00,Sample,exblank_2024_084,1000,2024,Box 4,negpcr-2024-2, ; xn tech: SC; xn date: 2025-04-07; xn notes: ; filtration comments:  ; tech:  ,Bay Creek,"Julie Schram, Ed Schiff, Sebastian Schram",0-0.5,flood,light,none,28.8,15.1,by_foot,2.5,present,"~1m long grass, dense patches, dense band","sampled parallel to shore, one sample per dock slip",NA,AK_JN,"Juneau Region, Alaska","Juneau Region, Alaska"
AK_JN,JN_BC,pecoe-1464,2024-07-24,58.3852961,-134.6493267,12:11,13:40:00,Sample,exblank_2024_083,1000,2024,Box 4,negpcr-2024-2, ; xn tech: SC; xn date: 2025-04-03; xn notes: ; filtration comments:  ; tech:  ,Bay Creek,"Julie Schram, Ed Schiff, Sebastian Schram",0-0.5,flood,light,none,28.8,15.1,by_foot,2.5,present,"~1m long grass, dense patches, dense band","sampled parallel to shore, one sample per dock slip",NA,AK_JN,"Juneau Region, Alaska","Juneau Region, Alaska"
AK_JN,JN_BC,pecoe-1465,2024-07-24,58.3852961,-134.6493267,12:14,14:01:00,Sample,exblank_2024_083,1000,2024,Box 4,negpcr-2024-2,"4 harbour seals swimming w/in 20m, multiple eagles fishing nearby eating dead chum salmon; xn tech: SC; xn date: 2025-04-03; xn notes: ; filtration comments:  ; tech:  ",Bay Creek,"Julie Schram, Ed Schiff, Sebastian Schram",0-0.5,flood,light,none,28.8,15.1,by_foot,2.5,present,"~1m long grass, dense patches, dense band","sampled parallel to shore, one sample per dock slip",NA,AK_JN,"Juneau Region, Alaska","Juneau Region, Alaska"
AK_JN,JN_FC,pecoe-1466,2024-07-28,58.33234,-134.61055,NA,14:19:00,Field blank,exblank_2024_084,1000,2024,Box 4,negpcr-2024-2, ; xn tech: SC; xn date: 2025-04-07; xn notes: ; filtration comments:  ; tech:  ,Fish Creek,"Julie Schram, Matt Hart, Sebastian Schram",0-0.5,slack,none,none,10.8,14.3,by_foot,1,present,"long patchy aggregtion ~3m wide, follows fw channel up beach; seagrass ~0.5m lng","perpendicular to shore, working towards shore, samples ~10m apart at consistent depth of ~1m",NA,AK_JN,"Juneau Region, Alaska","Juneau Region, Alaska"
AK_JN,JN_FC,pecoe-1467,2024-07-28,58.33234,-134.61055,13:06,14:36:00,Sample,exblank_2024_084,1000,2024,Box 4,negpcr-2024-2, ; xn tech: SC; xn date: 2025-04-07; xn notes: ; filtration comments:  ; tech:  ,Fish Creek,"Julie Schram, Matt Hart, Sebastian Schram",0-0.5,slack,none,none,10.8,14.3,by_foot,1,present,"long patchy aggregtion ~3m wide, follows fw channel up beach; seagrass ~0.5m lng","perpendicular to shore, working towards shore, samples ~10m apart at consistent depth of ~1m",NA,AK_JN,"Juneau Region, Alaska","Juneau Region, Alaska"
AK_JN,JN_FC,pecoe-1468,2024-07-28,58.33234,-134.61055,13:10,14:56:00,Sample,exblank_2024_084,1000,2024,Box 4,negpcr-2024-2, ; xn tech: SC; xn date: 2025-04-07; xn notes: ; filtration comments:  ; tech:  ,Fish Creek,"Julie Schram, Matt Hart, Sebastian Schram",0-0.5,slack,none,none,10.8,14.3,by_foot,1,present,"long patchy aggregtion ~3m wide, follows fw channel up beach; seagrass ~0.5m lng","perpendicular to shore, working towards shore, samples ~10m apart at consistent depth of ~1m",NA,AK_JN,"Juneau Region, Alaska","Juneau Region, Alaska"
AK_JN,JN_FC,pecoe-1469,2024-07-28,58.33234,-134.61055,13:13,15:23:00,Sample,exblank_2024_084,1000,2024,Box 4,negpcr-2024-2, ; xn tech: SC; xn date: 2025-04-07; xn notes: ; filtration comments:  ; tech:  ,Fish Creek,"Julie Schram, Matt Hart, Sebastian Schram",0-0.5,slack,none,none,10.8,14.3,by_foot,1,present,"long patchy aggregtion ~3m wide, follows fw channel up beach; seagrass ~0.5m lng","perpendicular to shore, working towards shore, samples ~10m apart at consistent depth of ~1m",NA,AK_JN,"Juneau Region, Alaska","Juneau Region, Alaska"
AK_JN,JN_FC,pecoe-1470,2024-07-28,58.33234,-134.61055,13:17,15:49:00,Sample,exblank_2024_084,1000,2024,Box 4,negpcr-2024-2, ; xn tech: SC; xn date: 2025-04-07; xn notes: ; filtration comments:  ; tech:  ,Fish Creek,"Julie Schram, Matt Hart, Sebastian Schram",0-0.5,slack,none,none,10.8,14.3,by_foot,1,present,"long patchy aggregtion ~3m wide, follows fw channel up beach; seagrass ~0.5m lng","perpendicular to shore, working towards shore, samples ~10m apart at consistent depth of ~1m",NA,AK_JN,"Juneau Region, Alaska","Juneau Region, Alaska"
CA_SF,NC_RB,pecoe-1471,2024-08-07,37.87382,-122.49199,NA,09:30:00,Field blank,exblank_2024_076,1000,2024,Box 3,negpcr-2024-2, ; xn tech: SC; xn date: 2025-03-16; xn notes: ; filtration comments:  ; tech:  ,Richardson Bay,"Margot Buchbinder, Sebastian Garcia, Josie Collier",0-0.5,ebb,none,none,32,20.2,by_foot,1.2,present,"healthy looking plants, tall (at surface)","start at GPS point, go in ~10m intervals to the ~NNW (against ebb tide)",NA,CA_NCb,"San Francisco Bay, California","San Francisco Bay 1, California"
CA_SF,NC_RB,pecoe-1472,2024-08-07,37.87382,-122.49199,7:50,10:01:00,Sample,exblank_2024_076,700,2024,Box 3,negpcr-2024-2, ; xn tech: SC; xn date: 2025-03-16; xn notes:sterivex dirty; filtration comments:  ; tech:  ,Richardson Bay,"Margot Buchbinder, Sebastian Garcia, Josie Collier",0-0.5,ebb,none,none,32,20.2,by_foot,1.2,present,"healthy looking plants, tall (at surface)","start at GPS point, go in ~10m intervals to the ~NNW (against ebb tide)",NA,CA_NCb,"San Francisco Bay, California","San Francisco Bay 1, California"
CA_SF,NC_RB,pecoe-1473,2024-08-07,37.87382,-122.49199,7:54,10:36:00,Sample,exblank_2024_076,900,2024,Box 3,negpcr-2024-2, ; xn tech: SC; xn date: 2025-03-16; xn notes:sterivex dirty; filtration comments:  ; tech:  ,Richardson Bay,"Margot Buchbinder, Sebastian Garcia, Josie Collier",0-0.5,ebb,none,none,32,20.2,by_foot,1.2,present,"healthy looking plants, tall (at surface)","start at GPS point, go in ~10m intervals to the ~NNW (against ebb tide)",NA,CA_NCb,"San Francisco Bay, California","San Francisco Bay 1, California"
CA_SF,NC_RB,pecoe-1474,2024-08-07,37.87382,-122.49199,7:58,11:12:00,Sample,exblank_2024_076,800,2024,Box 3,negpcr-2024-2, ; xn tech: SC; xn date: 2025-03-16; xn notes:sterivex dirty; filtration comments:  ; tech:  ,Richardson Bay,"Margot Buchbinder, Sebastian Garcia, Josie Collier",0-0.5,ebb,none,none,32,20.2,by_foot,1.2,present,"healthy looking plants, tall (at surface)","start at GPS point, go in ~10m intervals to the ~NNW (against ebb tide)",NA,CA_NCb,"San Francisco Bay, California","San Francisco Bay 1, California"
CA_SF,NC_RB,pecoe-1475,2024-08-07,37.87382,-122.49199,8:02,11:47:00,Sample,exblank_2024_076,1000,2024,Box 3,negpcr-2024-2,"harbour seals, cormorants, Haminoa eggs on eelgrass, moderate epiphytes, Phylaphysia on eelgrass; xn tech: SC; xn date: 2025-03-16; xn notes:sterivex dirty; filtration comments:  ; tech:  ",Richardson Bay,"Margot Buchbinder, Sebastian Garcia, Josie Collier",0-0.5,ebb,none,none,32,20.2,by_foot,1.2,present,"healthy looking plants, tall (at surface)","start at GPS point, go in ~10m intervals to the ~NNW (against ebb tide)",NA,CA_NCb,"San Francisco Bay, California","San Francisco Bay 1, California"
CA_SF,NC_PS,pecoe-1476,2024-08-09,37.97144,-122.42075,NA,10:16:00,Field blank,exblank_2024_077,1000,2024,Box 3,negpcr-2024-2, ; xn tech: SC; xn date: 2025-03-17; xn notes: ; filtration comments:  ; tech:  ,Point San Pablo,"Margot Buchbinder, Josie Collier",0-0.5,ebb,medium,none,23,18.6,by_foot,0.9,present,"healthy, patchy","10-15m apart, going SSW (parallel to bed direction towards shore (point)",NA,CA_NCb,"San Francisco Bay, California","San Francisco Bay 1, California"
CA_SF,NC_PS,pecoe-1477,2024-08-09,37.97144,-122.42075,8:17,10:42:00,Sample,exblank_2024_077,900,2024,Box 3,negpcr-2024-2, ; xn tech: SC; xn date: 2025-03-17; xn notes: ; filtration comments:  ; tech:  ,Point San Pablo,"Margot Buchbinder, Josie Collier",0-0.5,ebb,medium,none,23,18.6,by_foot,0.9,present,"healthy, patchy","10-15m apart, going SSW (parallel to bed direction towards shore (point)",NA,CA_NCb,"San Francisco Bay, California","San Francisco Bay 1, California"
CA_SF,NC_PS,pecoe-1478,2024-08-09,37.97144,-122.42075,8:20,11:20:00,Sample,exblank_2024_077,850,2024,Box 3,negpcr-2024-2, ; xn tech: SC; xn date: 2025-03-17; xn notes: ; filtration comments:  ; tech:  ,Point San Pablo,"Margot Buchbinder, Josie Collier",0-0.5,ebb,medium,none,23,18.6,by_foot,0.9,present,"healthy, patchy","10-15m apart, going SSW (parallel to bed direction towards shore (point)",NA,CA_NCb,"San Francisco Bay, California","San Francisco Bay 1, California"
CA_SF,NC_PS,pecoe-1479,2024-08-09,37.97144,-122.42075,8:24,11:57:00,Sample,exblank_2024_077,750,2024,Box 3,negpcr-2024-2, ; xn tech: SC; xn date: 2025-03-17; xn notes: ; filtration comments:  ; tech:  ,Point San Pablo,"Margot Buchbinder, Josie Collier",0-0.5,ebb,medium,none,23,18.6,by_foot,0.9,present,"healthy, patchy","10-15m apart, going SSW (parallel to bed direction towards shore (point)",NA,CA_NCb,"San Francisco Bay, California","San Francisco Bay 1, California"
CA_SF,NC_PS,pecoe-1480,2024-08-09,37.97144,-122.42075,8:27,12:35:00,Sample,exblank_2024_076,600,2024,Box 3,negpcr-2024-2, ; xn tech: SC; xn date: 2025-03-16; xn notes:sterivex dirty; filtration comments:  ; tech:  ,Point San Pablo,"Margot Buchbinder, Josie Collier",0-0.5,ebb,medium,none,23,18.6,by_foot,0.9,present,"healthy, patchy","10-15m apart, going SSW (parallel to bed direction towards shore (point)",NA,CA_NCb,"San Francisco Bay, California","San Francisco Bay 1, California"
CA_SF,NC_PM,pecoe-1481,2024-08-08,37.94617,-122.41955,NA,09:52:00,Field blank,exblank_2024_076,1000,2024,Box 3,negpcr-2024-2, ; xn tech: SC; xn date: 2025-03-16; xn notes: ; filtration comments:  ; tech:  ,Point Molate,"Margot Buchbinder, Becca Morris",0-0.5,ebb,light,none,28.1,18.1,by_foot,1.2,present,"large, leahty plants, patchy, epiphytized",Transect starts at GPS point and continues parallel to shore (~SSE) points 10-15m apart,NA,CA_NCb,"San Francisco Bay, California","San Francisco Bay 1, California"
CA_SF,NC_PM,pecoe-1482,2024-08-08,37.94617,-122.41955,8:03,10:16:00,Sample,exblank_2024_076,900,2024,Box 3,negpcr-2024-2, ; xn tech: SC; xn date: 2025-03-16; xn notes:sterivex dirty; filtration comments:  ; tech:  ,Point Molate,"Margot Buchbinder, Becca Morris",0-0.5,ebb,light,none,28.1,18.1,by_foot,1.2,present,"large, leahty plants, patchy, epiphytized",Transect starts at GPS point and continues parallel to shore (~SSE) points 10-15m apart,NA,CA_NCb,"San Francisco Bay, California","San Francisco Bay 1, California"
CA_SF,NC_PM,pecoe-1483,2024-08-08,37.94617,-122.41955,8:07,10:50:00,Sample,exblank_2024_076,850,2024,Box 3,negpcr-2024-2, ; xn tech: SC; xn date: 2025-03-16; xn notes:sterivex dirty; filtration comments:  ; tech:  ,Point Molate,"Margot Buchbinder, Becca Morris",0-0.5,ebb,light,none,28.1,18.1,by_foot,1.2,present,"large, leahty plants, patchy, epiphytized",Transect starts at GPS point and continues parallel to shore (~SSE) points 10-15m apart,NA,CA_NCb,"San Francisco Bay, California","San Francisco Bay 1, California"
CA_SF,NC_PM,pecoe-1484,2024-08-08,37.94617,-122.41955,8:10,11:23:00,Sample,exblank_2024_076,900,2024,Box 3,negpcr-2024-2, ; xn tech: SC; xn date: 2025-03-16; xn notes:sterivex dirty; filtration comments:  ; tech:  ,Point Molate,"Margot Buchbinder, Becca Morris",0-0.5,ebb,light,none,28.1,18.1,by_foot,1.2,present,"large, leahty plants, patchy, epiphytized",Transect starts at GPS point and continues parallel to shore (~SSE) points 10-15m apart,NA,CA_NCb,"San Francisco Bay, California","San Francisco Bay 1, California"
CA_SF,NC_PM,pecoe-1485,2024-08-08,37.94617,-122.41955,8:14,11:57:00,Sample,exblank_2024_076,900,2024,Box 3,negpcr-2024-2, ; xn tech: SC; xn date: 2025-03-16; xn notes:sterivex dirty; filtration comments:  ; tech:  ,Point Molate,"Margot Buchbinder, Becca Morris",0-0.5,ebb,light,none,28.1,18.1,by_foot,1.2,present,"large, leahty plants, patchy, epiphytized",Transect starts at GPS point and continues parallel to shore (~SSE) points 10-15m apart,NA,CA_NCb,"San Francisco Bay, California","San Francisco Bay 1, California"
CA_MB,MB_TP,pecoe-1486,2024-07-11,35.360381,-120.851979,NA,10:10:00,Field blank,exblank_2024_080,1000,2024,Box 3,negpcr-2024-2, ; xn tech: SC; xn date: 2025-03-26; xn notes: ; filtration comments:  ; tech:  ,Tidelands Park,"M. O'Connor, K. Twist",0-0.5,slack,light,none,33.5,16.4,by_foot,1.5,present,sampled with EG bed,"sampled S to N from coordinates, 10m apart, consistent depth",Control sample buffer was added wtihout Acrodisc by accident,CA_MB,"Morro Bay, California","Morro Bay, California"
CA_MB,MB_TP,pecoe-1487,2024-07-11,35.360381,-120.851979,9:12,10:27:00,Sample,exblank_2024_080,550,2024,Box 3,negpcr-2024-2, ; xn tech: SC; xn date: 2025-03-26; xn notes: ; filtration comments:  ; tech:  ,Tidelands Park,"M. O'Connor, K. Twist",0-0.5,slack,light,none,33.5,16.4,by_foot,1.5,present,sampled with EG bed,"sampled S to N from coordinates, 10m apart, consistent depth",Control sample buffer was added wtihout Acrodisc by accident,CA_MB,"Morro Bay, California","Morro Bay, California"
CA_MB,MB_TP,pecoe-1488,2024-07-11,35.360381,-120.851979,9:18,10:39:00,Sample,exblank_2024_080,500,2024,Box 3,negpcr-2024-2, ; xn tech: SC; xn date: 2025-03-26; xn notes: ; filtration comments:  ; tech:  ,Tidelands Park,"M. O'Connor, K. Twist",0-0.5,slack,light,none,33.5,16.4,by_foot,1.5,present,sampled with EG bed,"sampled S to N from coordinates, 10m apart, consistent depth",Control sample buffer was added wtihout Acrodisc by accident,CA_MB,"Morro Bay, California","Morro Bay, California"
CA_MB,MB_TP,pecoe-1489,2024-07-11,35.360381,-120.851979,9:22,10:53:00,Sample,exblank_2024_080,500,2024,Box 3,negpcr-2024-2, ; xn tech: SC; xn date: 2025-03-26; xn notes: ; filtration comments:  ; tech:  ,Tidelands Park,"M. O'Connor, K. Twist",0-0.5,slack,light,none,33.5,16.4,by_foot,1.5,present,sampled with EG bed,"sampled S to N from coordinates, 10m apart, consistent depth",Control sample buffer was added wtihout Acrodisc by accident,CA_MB,"Morro Bay, California","Morro Bay, California"
CA_MB,MB_TP,pecoe-1490,2024-07-11,35.360381,-120.851979,9:25,11:10:00,Sample,exblank_2024_080,500,2024,Box 3,negpcr-2024-2, ; xn tech: SC; xn date: 2025-03-26; xn notes: ; filtration comments:  ; tech:  ,Tidelands Park,"M. O'Connor, K. Twist",0-0.5,slack,light,none,33.5,16.4,by_foot,1.5,present,sampled with EG bed,"sampled S to N from coordinates, 10m apart, consistent depth",Control sample buffer was added wtihout Acrodisc by accident,CA_MB,"Morro Bay, California","Morro Bay, California"
CA_MB,MB_CB,pecoe-1491,2024-07-12,35.37211,-120.86052,8:59,10:10:00,Sample,exblank_2024_082,500,2024,Box 4,negpcr-2024-2, ; xn tech: SC; xn date: 2025-04-02; xn notes: ; filtration comments:  ; tech:  ,Coleman Beach,"K. Twist, A. Mortensen",0-0.5,slack,light,none,33,15,by_foot,1-1.5,present,sampled in eelgrass bed,"Started at GPS coordinates; headed East to West starting closest to beach then heading towards harbour mouth. Samples 10m apart, consistent depth.",NA,CA_MB,"Morro Bay, California","Morro Bay, California"
CA_MB,MB_CB,pecoe-1492,2024-07-12,35.37211,-120.86052,9:07,10:37:00,Sample,exblank_2024_082,700,2024,Box 4,negpcr-2024-2, ; xn tech: SC; xn date: 2025-04-02; xn notes: ; filtration comments:  ; tech:  ,Coleman Beach,"K. Twist, A. Mortensen",0-0.5,slack,light,none,33,15,by_foot,1-1.5,present,sampled in eelgrass bed,"Started at GPS coordinates; headed East to West starting closest to beach then heading towards harbour mouth. Samples 10m apart, consistent depth.",NA,CA_MB,"Morro Bay, California","Morro Bay, California"
CA_MB,MB_CB,pecoe-1493,2024-07-12,35.37211,-120.86052,9:03,10:22:00,Sample,exblank_2024_082,500,2024,Box 4,negpcr-2024-2, ; xn tech: SC; xn date: 2025-04-02; xn notes: ; filtration comments:  ; tech:  ,Coleman Beach,"K. Twist, A. Mortensen",0-0.5,slack,light,none,33,15,by_foot,1-1.5,present,sampled in eelgrass bed,"Started at GPS coordinates; headed East to West starting closest to beach then heading towards harbour mouth. Samples 10m apart, consistent depth.",NA,CA_MB,"Morro Bay, California","Morro Bay, California"
CA_MB,MB_CB,pecoe-1494,2024-07-12,35.37211,-120.86052,NA,09:41:00,Field blank,exblank_2024_080,1000,2024,Box 3,negpcr-2024-2, ; xn tech: SC; xn date: 2025-03-26; xn notes: ; filtration comments:  ; tech:  ,Coleman Beach,"K. Twist, A. Mortensen",0-0.5,slack,light,none,33,15,by_foot,1-1.5,present,sampled in eelgrass bed,"Started at GPS coordinates; headed East to West starting closest to beach then heading towards harbour mouth. Samples 10m apart, consistent depth.",NA,CA_MB,"Morro Bay, California","Morro Bay, California"
CA_MB,MB_CB,pecoe-1495,2024-07-12,35.37211,-120.86052,9:05,10:00:00,Sample,exblank_2024_080,600,2024,Box 3,negpcr-2024-2,Buffer added without Acrodisc filter; xn tech: SC; xn date: 2025-03-26; xn notes: ; filtration comments:  ; tech:  ,Coleman Beach,"K. Twist, A. Mortensen",0-0.5,slack,light,none,33,15,by_foot,1-1.5,present,sampled in eelgrass bed,"Started at GPS coordinates; headed East to West starting closest to beach then heading towards harbour mouth. Samples 10m apart, consistent depth.",NA,CA_MB,"Morro Bay, California","Morro Bay, California"
BC_CC,CC_FAN3,pecoe-1496,2024-07-05,52.05295,-128.403033,5:31,14:01:00,Sample,exblank_2024_069,1000,2024,Box 1,negpcr-2024-2,Buffer added without Acrodisc filter; xn tech: SC; xn date: 2025-02-27; xn notes: ; filtration comments:  ; tech:  ,McMullins South,"RO, CP, KB",0-0.5,ebb,none,none,31,12,by_boat,2,present,"1m canopy height, little to no patches","sampled between the two sets; 10m apart, gradually gets shallowr with sample 4 (1499) being the shallowest",Sample 1499 not right in seagrass,BC_CC,Central Coast British Columbia,Central Coast British Columbia
BC_CC,CC_FAN3,pecoe-1497,2024-07-05,52.05295,-128.403033,5:32,14:20:00,Sample,exblank_2024_069,1000,2024,Box 1,negpcr-2024-2,Buffer added without Acrodisc filter; xn tech: SC; xn date: 2025-02-27; xn notes: ; filtration comments:  ; tech:  ,McMullins South,"RO, CP, KB",0-0.5,ebb,none,none,31,12,by_boat,2,present,"1m canopy height, little to no patches","sampled between the two sets; 10m apart, gradually gets shallowr with sample 4 (1499) being the shallowest",Sample 1499 not right in seagrass,BC_CC,Central Coast British Columbia,Central Coast British Columbia
BC_CC,CC_FAN3,pecoe-1498,2024-07-05,52.05295,-128.403033,5:33,14:38:00,Sample,exblank_2024_069,1000,2024,Box 1,negpcr-2024-2,Buffer added without Acrodisc filter; xn tech: SC; xn date: 2025-02-27; xn notes: ; filtration comments:  ; tech:  ,McMullins South,"RO, CP, KB",0-0.5,ebb,none,none,31,12,by_boat,2,present,"1m canopy height, little to no patches","sampled between the two sets; 10m apart, gradually gets shallowr with sample 4 (1499) being the shallowest",Sample 1499 not right in seagrass,BC_CC,Central Coast British Columbia,Central Coast British Columbia
BC_CC,CC_FAN3,pecoe-1499,2024-07-05,52.05295,-128.403033,5:35,15:00:00,Sample,exblank_2024_069,1000,2024,Box 1,negpcr-2024-2, ; xn tech: SC; xn date: 2025-02-27; xn notes: ; filtration comments:  ; tech:  ,McMullins South,"RO, CP, KB",0-0.5,ebb,none,none,31,12,by_boat,2,present,"1m canopy height, little to no patches","sampled between the two sets; 10m apart, gradually gets shallowr with sample 4 (1499) being the shallowest",Sample 1499 not right in seagrass,BC_CC,Central Coast British Columbia,Central Coast British Columbia
BC_CC,CC_FAN3,pecoe-1500,2024-07-05,52.05295,-128.403033,NA,13:47:00,Field blank,exblank_2024_069,1000,2024,Box 1,negpcr-2024-2,Buffer added without Acrodisc filter; xn tech: SC; xn date: 2025-02-27; xn notes:Without top cap (almost NO buffer); filtration comments:  ; tech:  ,McMullins South,"RO, CP, KB",0-0.5,ebb,none,none,31,12,by_boat,2,present,"1m canopy height, little to no patches","sampled between the two sets; 10m apart, gradually gets shallowr with sample 4 (1499) being the shallowest",Sample 1499 not right in seagrass,BC_CC,Central Coast British Columbia,Central Coast British Columbia
BC_CC,CC_GOG1,pecoe-1501,2024-07-07,51.92338,-128.46883,6:34,15:00:00,Sample,exblank_2024_070,1000,2024,Box 2,negpcr-2024-2, ; xn tech: SC; xn date: 2025-02-28; xn notes: ; filtration comments:  ; tech:  ,Duck Island,"Carolyn, Rumer, Krystal, Luba, Margot",0-0.5,ebb,light,none,31,13,by_boat,1-1.8,present,"continuous seagreass bed 80% cover, medium density",NA,NA,BC_CC,Central Coast British Columbia,Central Coast British Columbia
BC_CC,CC_GOG1,pecoe-1502,2024-07-07,51.92338,-128.46883,6:36,15:22:00,Sample,exblank_2024_070,1000,2024,Box 2,negpcr-2024-2, ; xn tech: SC; xn date: 2025-02-28; xn notes: ; filtration comments:  ; tech:  ,Duck Island,"Carolyn, Rumer, Krystal, Luba, Margot",0-0.5,ebb,light,none,31,13,by_boat,1-1.8,present,"continuous seagreass bed 80% cover, medium density",NA,NA,BC_CC,Central Coast British Columbia,Central Coast British Columbia
BC_CC,CC_GOG1,pecoe-1503,2024-07-07,51.92338,-128.46883,6:38,15:47:00,Sample,exblank_2024_070,1000,2024,Box 2,negpcr-2024-2, ; xn tech: SC; xn date: 2025-02-28; xn notes: ; filtration comments:  ; tech:  ,Duck Island,"Carolyn, Rumer, Krystal, Luba, Margot",0-0.5,ebb,light,none,31,13,by_boat,1-1.8,present,"continuous seagreass bed 80% cover, medium density",NA,NA,BC_CC,Central Coast British Columbia,Central Coast British Columbia
BC_CC,CC_GOG1,pecoe-1504,2024-07-07,51.92338,-128.46883,6:40,16:10:00,Sample,exblank_2024_070,1000,2024,Box 2,negpcr-2024-2, ; xn tech: SC; xn date: 2025-02-28; xn notes: ; filtration comments:  ; tech:  ,Duck Island,"Carolyn, Rumer, Krystal, Luba, Margot",0-0.5,ebb,light,none,31,13,by_boat,1-1.8,present,"continuous seagreass bed 80% cover, medium density",NA,NA,BC_CC,Central Coast British Columbia,Central Coast British Columbia
BC_CC,CC_GOG1,pecoe-1505,2024-07-07,51.92338,-128.46883,NA,14:41:00,Field blank,exblank_2024_070,1000,2024,Box 2,negpcr-2024-2, ; xn tech: SC; xn date: 2025-02-28; xn notes: ; filtration comments:  ; tech:  ,Duck Island,"Carolyn, Rumer, Krystal, Luba, Margot",0-0.5,ebb,light,none,31,13,by_boat,1-1.8,present,"continuous seagreass bed 80% cover, medium density",NA,NA,BC_CC,Central Coast British Columbia,Central Coast British Columbia
CA_LA,LA_LN,pecoe-1506,2024-07-09,33.602146,-117.882643,NA,12:31:00,Field blank,exblank_2024_075,800,2024,Box 3,negpcr-2024-2, ; xn tech: SC; xn date: 2025-03-13; xn notes: ; filtration comments:  ; tech:  ,Lower Newport Bay,"Sophie, Tessa, Rebeka, Andrea, Kirra, Mia, Dr. B.",0-0.5,slack,light,none,35.2,22.3,by_foot,1.5,present,"~0.5m tall, fairly dense at 1m depth","from jetty towards Northeast, last two a little deeper, 10m apart",NA,CA_LA,"Los Angeles, California","Los Angeles, California"
CA_LA,LA_LN,pecoe-1507,2024-07-09,33.602146,-117.882643,10:35,12:58:00,Sample,exblank_2024_075,800,2024,Box 3,negpcr-2024-2, ; xn tech: SC; xn date: 2025-03-13; xn notes: ; filtration comments:  ; tech:  ,Lower Newport Bay,"Sophie, Tessa, Rebeka, Andrea, Kirra, Mia, Dr. B.",0-0.5,slack,light,none,35.2,22.3,by_foot,1.5,present,"~0.5m tall, fairly dense at 1m depth","from jetty towards Northeast, last two a little deeper, 10m apart",NA,CA_LA,"Los Angeles, California","Los Angeles, California"
CA_LA,LA_LN,pecoe-1508,2024-07-09,33.602146,-117.882643,10:39,13:25:00,Sample,exblank_2024_075,800,2024,Box 3,negpcr-2024-2, ; xn tech: SC; xn date: 2025-03-13; xn notes: ; filtration comments:  ; tech:  ,Lower Newport Bay,"Sophie, Tessa, Rebeka, Andrea, Kirra, Mia, Dr. B.",0-0.5,slack,light,none,35.2,22.3,by_foot,1.5,present,"~0.5m tall, fairly dense at 1m depth","from jetty towards Northeast, last two a little deeper, 10m apart",NA,CA_LA,"Los Angeles, California","Los Angeles, California"
CA_LA,LA_LN,pecoe-1509,2024-07-09,33.602146,-117.882643,10:44,13:55:00,Sample,exblank_2024_075,800,2024,Box 3,negpcr-2024-2, ; xn tech: SC; xn date: 2025-03-13; xn notes: ; filtration comments:  ; tech:  ,Lower Newport Bay,"Sophie, Tessa, Rebeka, Andrea, Kirra, Mia, Dr. B.",0-0.5,slack,light,none,35.2,22.3,by_foot,1.5,present,"~0.5m tall, fairly dense at 1m depth","from jetty towards Northeast, last two a little deeper, 10m apart",NA,CA_LA,"Los Angeles, California","Los Angeles, California"
CA_LA,LA_LN,pecoe-1510,2024-07-09,33.602146,-117.882643,10:48,14:22:00,Sample,exblank_2024_075,800,2024,Box 3,negpcr-2024-2, ; xn tech: SC; xn date: 2025-03-13; xn notes: ; filtration comments:  ; tech:  ,Lower Newport Bay,"Sophie, Tessa, Rebeka, Andrea, Kirra, Mia, Dr. B.",0-0.5,slack,light,none,35.2,22.3,by_foot,1.5,present,"~0.5m tall, fairly dense at 1m depth","from jetty towards Northeast, last two a little deeper, 10m apart",NA,CA_LA,"Los Angeles, California","Los Angeles, California"
CA_LA,LA_UN,pecoe-1511,2024-07-11,33.621316,-117.899412,NA,11:46:00,Field blank,exblank_2024_075,800,2024,Box 3,negpcr-2024-2, ; xn tech: SC; xn date: 2025-03-13; xn notes: ; filtration comments:  ; tech:  ,Upper Newport Bay Restoration Bed,"Sophie, Tessa, Rebeka, Kirra, Mia, Dr. B.",0-0.5,slack,light,none,33.7,23.9,by_foot,1.5,present,"long and narrow, pretty dense, 50cm tall",10m apart consistent depth toward estuary outlet,NA,CA_LA,"Los Angeles, California","Los Angeles, California"
CA_LA,LA_UN,pecoe-1512,2024-07-11,33.621316,-117.899412,9:58,12:13:00,Sample,exblank_2024_075,800,2024,Box 3,negpcr-2024-2,fish jumping; xn tech: SC; xn date: 2025-03-13; xn notes: ; filtration comments:  ; tech:  ,Upper Newport Bay Restoration Bed,"Sophie, Tessa, Rebeka, Kirra, Mia, Dr. B.",0-0.5,slack,light,none,33.7,23.9,by_foot,1.5,present,"long and narrow, pretty dense, 50cm tall",10m apart consistent depth toward estuary outlet,NA,CA_LA,"Los Angeles, California","Los Angeles, California"
CA_LA,LA_UN,pecoe-1513,2024-07-11,33.621316,-117.899412,10:02,12:36:00,Sample,exblank_2024_075,900,2024,Box 3,negpcr-2024-2,fish jumping; xn tech: SC; xn date: 2025-03-13; xn notes: ; filtration comments:  ; tech:  ,Upper Newport Bay Restoration Bed,"Sophie, Tessa, Rebeka, Kirra, Mia, Dr. B.",0-0.5,slack,light,none,33.7,23.9,by_foot,1.5,present,"long and narrow, pretty dense, 50cm tall",10m apart consistent depth toward estuary outlet,NA,CA_LA,"Los Angeles, California","Los Angeles, California"
CA_LA,LA_UN,pecoe-1514,2024-07-11,33.621316,-117.899412,10:05,12:58:00,Sample,exblank_2024_075,800,2024,Box 3,negpcr-2024-2,fish jumping; xn tech: SC; xn date: 2025-03-13; xn notes: ; filtration comments:  ; tech:  ,Upper Newport Bay Restoration Bed,"Sophie, Tessa, Rebeka, Kirra, Mia, Dr. B.",0-0.5,slack,light,none,33.7,23.9,by_foot,1.5,present,"long and narrow, pretty dense, 50cm tall",10m apart consistent depth toward estuary outlet,NA,CA_LA,"Los Angeles, California","Los Angeles, California"
CA_LA,LA_UN,pecoe-1515,2024-07-11,33.621316,-117.899412,10:07,13:12:00,Sample,exblank_2024_075,800,2024,Box 3,negpcr-2024-2,fish jumping; xn tech: SC; xn date: 2025-03-13; xn notes: ; filtration comments:  ; tech:  ,Upper Newport Bay Restoration Bed,"Sophie, Tessa, Rebeka, Kirra, Mia, Dr. B.",0-0.5,slack,light,none,33.7,23.9,by_foot,1.5,present,"long and narrow, pretty dense, 50cm tall",10m apart consistent depth toward estuary outlet,NA,CA_LA,"Los Angeles, California","Los Angeles, California"
CA_LA,LA_SP,pecoe-1516,2024-07-15,33.713624,-118.283817,NA,10:50:00,Field blank,exblank_2024_077,900,2024,Box 3,negpcr-2024-2, ; xn tech: SC; xn date: 2025-03-17; xn notes: ; filtration comments:  ; tech:  ,San Pedro Region,"Rebeka, Andrea, Kirra, Mia, Sophie",0-0.5,high,light,none,38.8,17.9,by_foot,1,present,pretty dense large bed about 20-30cm high,"consistent 10m apart, consistent depth (~1m)",NA,CA_LA,"Los Angeles, California","Los Angeles, California"
CA_LA,LA_SP,pecoe-1517,2024-07-15,33.713624,-118.283817,9:23,11:12:00,Sample,exblank_2024_077,800,2024,Box 3,negpcr-2024-2,tiny fishes swimming in sampling site; xn tech: SC; xn date: 2025-03-17; xn notes:Leaked a bit during the incubation phase; filtration comments:  ; tech:  ,San Pedro Region,"Rebeka, Andrea, Kirra, Mia, Sophie",0-0.5,high,light,none,38.8,17.9,by_foot,1,present,pretty dense large bed about 20-30cm high,"consistent 10m apart, consistent depth (~1m)",NA,CA_LA,"Los Angeles, California","Los Angeles, California"
CA_LA,LA_SP,pecoe-1518,2024-07-15,33.713624,-118.283817,9:29,11:39:00,Sample,exblank_2024_077,800,2024,Box 3,negpcr-2024-2,tiny fishes swimming in sampling site; xn tech: SC; xn date: 2025-03-17; xn notes: ; filtration comments:  ; tech:  ,San Pedro Region,"Rebeka, Andrea, Kirra, Mia, Sophie",0-0.5,high,light,none,38.8,17.9,by_foot,1,present,pretty dense large bed about 20-30cm high,"consistent 10m apart, consistent depth (~1m)",NA,CA_LA,"Los Angeles, California","Los Angeles, California"
CA_LA,LA_SP,pecoe-1519,2024-07-15,33.713624,-118.283817,9:34,12:13:00,Sample,exblank_2024_077,800,2024,Box 3,negpcr-2024-2,tiny fishes swimming in sampling site; xn tech: SC; xn date: 2025-03-17; xn notes: ; filtration comments:  ; tech:  ,San Pedro Region,"Rebeka, Andrea, Kirra, Mia, Sophie",0-0.5,high,light,none,38.8,17.9,by_foot,1,present,pretty dense large bed about 20-30cm high,"consistent 10m apart, consistent depth (~1m)",NA,CA_LA,"Los Angeles, California","Los Angeles, California"
CA_LA,LA_SP,pecoe-1520,2024-07-15,33.713624,-118.283817,9:38,12:45:00,Sample,exblank_2024_077,800,2024,Box 3,negpcr-2024-2,tiny fishes swimming in sampling site; xn tech: SC; xn date: 2025-03-17; xn notes: ; filtration comments:  ; tech:  ,San Pedro Region,"Rebeka, Andrea, Kirra, Mia, Sophie",0-0.5,high,light,none,38.8,17.9,by_foot,1,present,pretty dense large bed about 20-30cm high,"consistent 10m apart, consistent depth (~1m)",NA,CA_LA,"Los Angeles, California","Los Angeles, California"
CA_LA,LA_AB,pecoe-1521,2024-07-16,33.756244,-118.131133,NA,10:52:00,Field blank,exblank_2024_077,800,2024,Box 3,negpcr-2024-2, ; xn tech: SC; xn date: 2025-03-17; xn notes: ; filtration comments:  ; tech:  ,Alamitos Bay,"Tessa, Rebeka, Andrea, Kirra, Mia",0.5-1,low,none,none,35.2,22.5,by_foot,1-2,present,"patchy, sparse to dense, long, full","10m apart, consistent depth",NA,CA_LA,"Los Angeles, California","Los Angeles, California"
CA_LA,LA_AB,pecoe-1522,2024-07-16,33.756244,-118.131133,9:20,11:21:00,Sample,exblank_2024_077,800,2024,Box 3,negpcr-2024-2, ; xn tech: SC; xn date: 2025-03-17; xn notes: ; filtration comments:  ; tech:  ,Alamitos Bay,"Tessa, Rebeka, Andrea, Kirra, Mia",0.5-1,low,none,none,35.2,22.5,by_foot,1-2,present,"patchy, sparse to dense, long, full","10m apart, consistent depth",NA,CA_LA,"Los Angeles, California","Los Angeles, California"
CA_LA,LA_AB,pecoe-1523,2024-07-16,33.756244,-118.131133,9:23,11:50:00,Sample,exblank_2024_075,800,2024,Box 3,negpcr-2024-2, ; xn tech: SC; xn date: 2025-03-13; xn notes: ; filtration comments:  ; tech:  ,Alamitos Bay,"Tessa, Rebeka, Andrea, Kirra, Mia",0.5-1,low,none,none,35.2,22.5,by_foot,1-2,present,"patchy, sparse to dense, long, full","10m apart, consistent depth",NA,CA_LA,"Los Angeles, California","Los Angeles, California"
CA_LA,LA_AB,pecoe-1524,2024-07-16,33.756244,-118.131133,9:26,12:30:00,Sample,exblank_2024_077,800,2024,Box 3,negpcr-2024-2, ; xn tech: SC; xn date: 2025-03-17; xn notes: ; filtration comments:  ; tech:  ,Alamitos Bay,"Tessa, Rebeka, Andrea, Kirra, Mia",0.5-1,low,none,none,35.2,22.5,by_foot,1-2,present,"patchy, sparse to dense, long, full","10m apart, consistent depth",NA,CA_LA,"Los Angeles, California","Los Angeles, California"
CA_LA,LA_AB,pecoe-1525,2024-07-16,33.756244,-118.131133,9:29,13:05:00,Sample,exblank_2024_078,800,2024,Box 3,negpcr-2024-2, ; xn tech: SC; xn date: 2025-03-24; xn notes: ; filtration comments:  ; tech:  ,Alamitos Bay,"Tessa, Rebeka, Andrea, Kirra, Mia",0.5-1,low,none,none,35.2,22.5,by_foot,1-2,present,"patchy, sparse to dense, long, full","10m apart, consistent depth",NA,CA_LA,"Los Angeles, California","Los Angeles, California"
CA_LA,LA_JD,pecoe-1526,2024-07-18,33.762067,-118.119511,NA,11:11:00,Field blank,exblank_2024_075,700,2024,Box 3,negpcr-2024-2, ; xn tech: SC; xn date: 2025-03-13; xn notes: ; filtration comments:  ; tech:  ,Jack Dunster Reserve,"Sophie, Tessa, Rebeka, Andrea, Kirra, Mia",0.5-1,low,light,none,34.9,22.6,by_foot,1.5,present,"patchy, then becomes thick, tall 0.5-1m height in some areas","10m apart, consistent depth",NA,CA_LA,"Los Angeles, California","Los Angeles, California"
CA_LA,LA_JD,pecoe-1527,2024-07-18,33.762067,-118.119511,9:40,11:27:00,Sample,exblank_2024_075,800,2024,Box 3,negpcr-2024-2,"fish jumping, stingrays, small school of fish; xn tech: SC; xn date: 2025-03-13; xn notes: ; filtration comments:  ; tech:  ",Jack Dunster Reserve,"Sophie, Tessa, Rebeka, Andrea, Kirra, Mia",0.5-1,low,light,none,34.9,22.6,by_foot,1.5,present,"patchy, then becomes thick, tall 0.5-1m height in some areas","10m apart, consistent depth",NA,CA_LA,"Los Angeles, California","Los Angeles, California"
CA_LA,LA_JD,pecoe-1528,2024-07-18,33.762067,-118.119511,9:45,11:40:00,Sample,exblank_2024_075,800,2024,Box 3,negpcr-2024-2,"fish jumping, stingrays, small school of fish; xn tech: SC; xn date: 2025-03-13; xn notes: ; filtration comments:  ; tech:  ",Jack Dunster Reserve,"Sophie, Tessa, Rebeka, Andrea, Kirra, Mia",0.5-1,low,light,none,34.9,22.6,by_foot,1.5,present,"patchy, then becomes thick, tall 0.5-1m height in some areas","10m apart, consistent depth",NA,CA_LA,"Los Angeles, California","Los Angeles, California"
CA_LA,LA_JD,pecoe-1529,2024-07-18,33.762067,-118.119511,9:51,11:56:00,Sample,exblank_2024_075,800,2024,Box 3,negpcr-2024-2,"fish jumping, stingrays, small school of fish; xn tech: SC; xn date: 2025-03-13; xn notes: ; filtration comments:  ; tech:  ",Jack Dunster Reserve,"Sophie, Tessa, Rebeka, Andrea, Kirra, Mia",0.5-1,low,light,none,34.9,22.6,by_foot,1.5,present,"patchy, then becomes thick, tall 0.5-1m height in some areas","10m apart, consistent depth",NA,CA_LA,"Los Angeles, California","Los Angeles, California"
CA_LA,LA_JD,pecoe-1530,2024-07-18,33.762067,-118.119511,9:57,12:13:00,Sample,exblank_2024_075,800,2024,Box 3,negpcr-2024-2,"fish jumping, stingrays, small school of fish; xn tech: SC; xn date: 2025-03-13; xn notes: ; filtration comments:  ; tech:  ",Jack Dunster Reserve,"Sophie, Tessa, Rebeka, Andrea, Kirra, Mia",0.5-1,low,light,none,34.9,22.6,by_foot,1.5,present,"patchy, then becomes thick, tall 0.5-1m height in some areas","10m apart, consistent depth",NA,CA_LA,"Los Angeles, California","Los Angeles, California"
WA_PS,PS_SH,pecoe-1531,2024-07-18,48.504952,-122.672569,NA,11:53:00,Field blank,exblank_2024_064,600,2024,BOX1,negpcr-2024-2,did not open at field site; xn tech: AC; xn date: 2025-02-07; xn notes: ; filtration comments:  ; tech:  ,Ship Harbour,Sobocinsky,0-0.5,low,light,none,27.3,14.6,by_foot,1,present,NA,see diagram on datasheet,NA,WA_PSa,"Puget Sound & Padilla Bay, Washington","Padilla Bay, Washington"
WA_PS,PS_SH,pecoe-1532,2024-07-18,48.504952,-122.672569,9:15,12:10:00,Sample,exblank_2024_064,600,2024,BOX1,negpcr-2024-2, ; xn tech: AC; xn date: 2025-02-07; xn notes: ; filtration comments:  ; tech:  ,Ship Harbour,Sobocinsky,0-0.5,low,light,none,27.3,14.6,by_foot,1,present,NA,see diagram on datasheet,NA,WA_PSa,"Puget Sound & Padilla Bay, Washington","Padilla Bay, Washington"
WA_PS,PS_SH,pecoe-1533,2024-07-18,48.504952,-122.672569,9:20,12:30:00,Sample,exblank_2024_064,500,2024,BOX1,negpcr-2024-2,dripping at 300ml; xn tech: AC; xn date: 2025-02-07; xn notes: ; filtration comments:  ; tech:  ,Ship Harbour,Sobocinsky,0-0.5,low,light,none,27.3,14.6,by_foot,1,present,NA,see diagram on datasheet,NA,WA_PSa,"Puget Sound & Padilla Bay, Washington","Padilla Bay, Washington"
WA_PS,PS_SH,pecoe-1534,2024-07-18,48.504952,-122.672569,9:25,12:56:00,Sample,exblank_2024_064,600,2024,BOX1,negpcr-2024-2, ; xn tech: AC; xn date: 2025-02-07; xn notes: ; filtration comments:  ; tech:  ,Ship Harbour,Sobocinsky,0-0.5,low,light,none,27.3,14.6,by_foot,1,present,NA,see diagram on datasheet,NA,WA_PSa,"Puget Sound & Padilla Bay, Washington","Padilla Bay, Washington"
WA_PS,PS_SH,pecoe-1535,2024-07-18,48.504952,-122.672569,9:30,13:15:00,Sample,exblank_2024_064,600,2024,BOX1,negpcr-2024-2, ; xn tech: AC; xn date: 2025-02-07; xn notes: ; filtration comments:  ; tech:  ,Ship Harbour,Sobocinsky,0-0.5,low,light,none,27.3,14.6,by_foot,1,present,NA,see diagram on datasheet,NA,WA_PSa,"Puget Sound & Padilla Bay, Washington","Padilla Bay, Washington"
WA_PS,PS_BV,pecoe-1536,2024-07-19,48.4874467,-122.4832919,NA,11:00:00,Field blank,exblank_2024_075,600,2024,Box 3,negpcr-2024-3,tap water; xn tech: SC; xn date: 2025-03-13; xn notes: ; filtration comments:  ; tech:  ,Bayview,"Sobocinsky, Tulloch, Grealish",0-0.5,low,none,none,27.7,20.8,by_foot,0.75,present,"patchy zone, marina, same zone, japonica nearer to shore",see diagram on datasheet,"fish seen: stickleback, pipefish, flatfish (juvenile English sole?)",WA_PSa,"Puget Sound & Padilla Bay, Washington","Padilla Bay, Washington"
WA_PS,PS_BV,pecoe-1537,2024-07-19,48.4874467,-122.4832919,9:21,11:22:00,Sample,exblank_2024_075,550,2024,Box 3,negpcr-2024-3, ; xn tech: SC; xn date: 2025-03-13; xn notes: ; filtration comments:  ; tech:  ,Bayview,"Sobocinsky, Tulloch, Grealish",0-0.5,low,none,none,27.7,20.8,by_foot,0.75,present,"patchy zone, marina, same zone, japonica nearer to shore",see diagram on datasheet,"fish seen: stickleback, pipefish, flatfish (juvenile English sole?)",WA_PSa,"Puget Sound & Padilla Bay, Washington","Padilla Bay, Washington"
WA_PS,PS_BV,pecoe-1538,2024-07-19,48.4874467,-122.4832919,9:24,12:00:00,Sample,exblank_2024_075,550,2024,Box 3,negpcr-2024-3, ; xn tech: SC; xn date: 2025-03-13; xn notes: ; filtration comments:  ; tech:  ,Bayview,"Sobocinsky, Tulloch, Grealish",0-0.5,low,none,none,27.7,20.8,by_foot,0.75,present,"patchy zone, marina, same zone, japonica nearer to shore",see diagram on datasheet,"fish seen: stickleback, pipefish, flatfish (juvenile English sole?)",WA_PSa,"Puget Sound & Padilla Bay, Washington","Padilla Bay, Washington"
WA_PS,PS_BV,pecoe-1539,2024-07-19,48.4874467,-122.4832919,9:27,12:39:00,Sample,exblank_2024_075,550,2024,Box 3,negpcr-2024-3, ; xn tech: SC; xn date: 2025-03-13; xn notes: ; filtration comments:  ; tech:  ,Bayview,"Sobocinsky, Tulloch, Grealish",0-0.5,low,none,none,27.7,20.8,by_foot,0.75,present,"patchy zone, marina, same zone, japonica nearer to shore",see diagram on datasheet,"fish seen: stickleback, pipefish, flatfish (juvenile English sole?)",WA_PSa,"Puget Sound & Padilla Bay, Washington","Padilla Bay, Washington"
WA_PS,PS_BV,pecoe-1540,2024-07-19,48.4874467,-122.4832919,9:30,13:14:00,Sample,exblank_2024_075,550,2024,Box 3,negpcr-2024-3, ; xn tech: SC; xn date: 2025-03-13; xn notes: ; filtration comments:  ; tech:  ,Bayview,"Sobocinsky, Tulloch, Grealish",0-0.5,low,none,none,27.7,20.8,by_foot,0.75,present,"patchy zone, marina, same zone, japonica nearer to shore",see diagram on datasheet,"fish seen: stickleback, pipefish, flatfish (juvenile English sole?)",WA_PSa,"Puget Sound & Padilla Bay, Washington","Padilla Bay, Washington"
WA_PS,PS_BB,pecoe-1541,2024-07-22,48.72824,-122.506265,NA,11:01:00,Field blank,exblank_2024_074,600,2024,Box 2,negpcr-2024-3, ; xn tech: SC; xn date: 2025-03-12; xn notes: ; filtration comments:  ; tech:  ,Bellingham Bay,"Sobocinsky, Tulloch, Grealish",1-2,ebb,medium,none,22.5,19.3,by_foot,1.25-1.5,present,continuous bed,see diagram on datasheet,NA,WA_PSa,"Puget Sound & Padilla Bay, Washington","Padilla Bay, Washington"
WA_PS,PS_BB,pecoe-1542,2024-07-22,48.72824,-122.506265,9:47,11:13:00,Sample,exblank_2024_074,600,2024,Box 2,negpcr-2024-3, ; xn tech: SC; xn date: 2025-03-12; xn notes: ; filtration comments:  ; tech:  ,Bellingham Bay,"Sobocinsky, Tulloch, Grealish",1-2,ebb,medium,none,22.5,19.3,by_foot,1.25-1.5,present,continuous bed,see diagram on datasheet,NA,WA_PSa,"Puget Sound & Padilla Bay, Washington","Padilla Bay, Washington"
WA_PS,PS_BB,pecoe-1543,2024-07-22,48.72824,-122.506265,9:50,11:23:00,Sample,exblank_2024_074,600,2024,Box 2,negpcr-2024-3, ; xn tech: SC; xn date: 2025-03-12; xn notes: ; filtration comments:  ; tech:  ,Bellingham Bay,"Sobocinsky, Tulloch, Grealish",1-2,ebb,medium,none,22.5,19.3,by_foot,1.25-1.5,present,continuous bed,see diagram on datasheet,NA,WA_PSa,"Puget Sound & Padilla Bay, Washington","Padilla Bay, Washington"
WA_PS,PS_BB,pecoe-1544,2024-07-22,48.72824,-122.506265,9:52,11:35:00,Sample,exblank_2024_075,600,2024,Box 3,negpcr-2024-3, ; xn tech: SC; xn date: 2025-03-13; xn notes: ; filtration comments:  ; tech:  ,Bellingham Bay,"Sobocinsky, Tulloch, Grealish",1-2,ebb,medium,none,22.5,19.3,by_foot,1.25-1.5,present,continuous bed,see diagram on datasheet,NA,WA_PSa,"Puget Sound & Padilla Bay, Washington","Padilla Bay, Washington"
WA_PS,PS_BB,pecoe-1545,2024-07-22,48.72824,-122.506265,9:55,11:50:00,Sample,exblank_2024_075,600,2024,Box 3,negpcr-2024-3, ; xn tech: SC; xn date: 2025-03-13; xn notes: ; filtration comments:  ; tech:  ,Bellingham Bay,"Sobocinsky, Tulloch, Grealish",1-2,ebb,medium,none,22.5,19.3,by_foot,1.25-1.5,present,continuous bed,see diagram on datasheet,NA,WA_PSa,"Puget Sound & Padilla Bay, Washington","Padilla Bay, Washington"
BC_HG,HG_TK,pecoe-1546,2024-07-24,53.23501,-132.15217,NA,13:26:00,Field blank,exblank_2024_079,1000,2024,Box 4,negpcr-2024-3, ; xn tech: Sue; xn date: 2025-03-25; xn notes: ; filtration comments:  ; tech:  ,Tarundl-Kagan,"Hannah Bregulla, Gin Kampen",0-0.5,ebb,none,none,NA,NA,by_boat,0.6-1.5,present,"big meadow, patchy","approximately 10m apart, parallel to shoreline",NA,BC_HGb,"Haida Gwaii, British Columbia","Haida Nation, British Columbia"
BC_HG,HG_TK,pecoe-1547,2024-07-24,53.23501,-132.15217,9:10,14:00:00,Sample,exblank_2024_079,1000,2024,Box 4,negpcr-2024-3, ; xn tech: Sue; xn date: 2025-03-25; xn notes: ; filtration comments:  ; tech:  ,Tarundl-Kagan,"Hannah Bregulla, Gin Kampen",0-0.5,ebb,none,none,NA,NA,by_boat,0.6-1.5,present,"big meadow, patchy","approximately 10m apart, parallel to shoreline",NA,BC_HGb,"Haida Gwaii, British Columbia","Haida Nation, British Columbia"
BC_HG,HG_TK,pecoe-1548,2024-07-24,53.23501,-132.15217,9:14,14:28:00,Sample,exblank_2024_079,1000,2024,Box 4,negpcr-2024-3, ; xn tech: Sue; xn date: 2025-03-25; xn notes: ; filtration comments:  ; tech:  ,Tarundl-Kagan,"Hannah Bregulla, Gin Kampen",0-0.5,ebb,none,none,NA,NA,by_boat,0.6-1.5,present,"big meadow, patchy","approximately 10m apart, parallel to shoreline",NA,BC_HGb,"Haida Gwaii, British Columbia","Haida Nation, British Columbia"
BC_HG,HG_TK,pecoe-1549,2024-07-24,53.23501,-132.15217,9:19,14:56:00,Sample,exblank_2024_079,1000,2024,Box 4,negpcr-2024-3, ; xn tech: Sue; xn date: 2025-03-25; xn notes: ; filtration comments:  ; tech:  ,Tarundl-Kagan,"Hannah Bregulla, Gin Kampen",0-0.5,ebb,none,none,NA,NA,by_boat,0.6-1.5,present,"big meadow, patchy","approximately 10m apart, parallel to shoreline",NA,BC_HGb,"Haida Gwaii, British Columbia","Haida Nation, British Columbia"
BC_HG,HG_TK,pecoe-1550,2024-07-24,53.23501,-132.15217,9:27,15:22:00,Sample,exblank_2024_079,1000,2024,Box 4,negpcr-2024-3, ; xn tech: Sue; xn date: 2025-03-25; xn notes: ; filtration comments:  ; tech:  ,Tarundl-Kagan,"Hannah Bregulla, Gin Kampen",0-0.5,ebb,none,none,NA,NA,by_boat,0.6-1.5,present,"big meadow, patchy","approximately 10m apart, parallel to shoreline",NA,BC_HGb,"Haida Gwaii, British Columbia","Haida Nation, British Columbia"
BC_HG,HG_MDD,pecoe-1551,2024-07-26,54.008995,-132.150129,NA,11:47:00,Field blank,exblank_2024_079,1000,2024,Box 4,negpcr-2024-3, ; xn tech: Sue; xn date: 2025-03-25; xn notes: ; filtration comments:  ; tech:  ,Masset Downtown Dock,"Hannah Bregulla, Courtney Edward",0-0.5,ebb,light,none,NA,NA,by_foot,1.1,present,"dense seagrass, 2 types of seagrass","10m apart, consistent depth, parallel to shore",NA,BC_HGb,"Haida Gwaii, British Columbia","Haida Nation, British Columbia"
BC_HG,HG_MDD,pecoe-1552,2024-07-26,54.008995,-132.150129,10:41,12:16:00,Sample,exblank_2024_079,1000,2024,Box 4,negpcr-2024-3, ; xn tech: Sue; xn date: 2025-03-25; xn notes: ; filtration comments:  ; tech:  ,Masset Downtown Dock,"Hannah Bregulla, Courtney Edward",0-0.5,ebb,light,none,NA,NA,by_foot,1.1,present,"dense seagrass, 2 types of seagrass","10m apart, consistent depth, parallel to shore",NA,BC_HGb,"Haida Gwaii, British Columbia","Haida Nation, British Columbia"
BC_HG,HG_MDD,pecoe-1553,2024-07-26,54.008995,-132.150129,10:50,12:50:00,Sample,exblank_2024_079,1000,2024,Box 4,negpcr-2024-3, ; xn tech: Sue; xn date: 2025-03-25; xn notes: ; filtration comments:  ; tech:  ,Masset Downtown Dock,"Hannah Bregulla, Courtney Edward",0-0.5,ebb,light,none,NA,NA,by_foot,1.1,present,"dense seagrass, 2 types of seagrass","10m apart, consistent depth, parallel to shore",NA,BC_HGb,"Haida Gwaii, British Columbia","Haida Nation, British Columbia"
BC_HG,HG_MDD,pecoe-1554,2024-07-26,54.008995,-132.150129,10:53,16:20:00,Sample,exblank_2024_079,950,2024,Box 4,negpcr-2024-3, ; xn tech: Sue; xn date: 2025-03-25; xn notes: ; filtration comments:  ; tech:  ,Masset Downtown Dock,"Hannah Bregulla, Courtney Edward",0-0.5,ebb,light,none,NA,NA,by_foot,1.1,present,"dense seagrass, 2 types of seagrass","10m apart, consistent depth, parallel to shore",NA,BC_HGb,"Haida Gwaii, British Columbia","Haida Nation, British Columbia"
BC_HG,HG_MDD,pecoe-1555,2024-07-26,54.008995,-132.150129,11:04,13:48:00,Sample,exblank_2024_079,1000,2024,Box 4,negpcr-2024-3, ; xn tech: Sue; xn date: 2025-03-25; xn notes: ; filtration comments:  ; tech:  ,Masset Downtown Dock,"Hannah Bregulla, Courtney Edward",0-0.5,ebb,light,none,NA,NA,by_foot,1.1,present,"dense seagrass, 2 types of seagrass","10m apart, consistent depth, parallel to shore",NA,BC_HGb,"Haida Gwaii, British Columbia","Haida Nation, British Columbia"
BC_HG,HG_DN,pecoe-1556,2024-08-21,53.153895,-132.102472,NA,13:38:00,Field blank,exblank_2024_079,1000,2024,Box 4,negpcr-2024-3, ; xn tech: Sue; xn date: 2025-03-25; xn notes: ; filtration comments:  ; tech:  ,Deena,"Hannah Bregulla, Shaun Edgars",0-0.5,ebb,none,none,29.2,16.7,by_boat,0.12,present,"dense, large eelgrass beds, samples close to edge","approximately 10m apart, parallel to shoreline",NA,BC_HGb,"Haida Gwaii, British Columbia","Haida Nation, British Columbia"
BC_HG,HG_DN,pecoe-1557,2024-08-21,53.153895,-132.102472,9:13,14:18:00,Sample,exblank_2024_081,800,2024,Box 4,negpcr-2024-3, ; xn tech: Sue; xn date: 2025-03-25; xn notes: ; filtration comments:  ; tech:  ,Deena,"Hannah Bregulla, Shaun Edgars",0-0.5,ebb,none,none,29.2,16.7,by_boat,0.12,present,"dense, large eelgrass beds, samples close to edge","approximately 10m apart, parallel to shoreline",NA,BC_HGb,"Haida Gwaii, British Columbia","Haida Nation, British Columbia"
BC_HG,HG_DN,pecoe-1558,2024-08-21,53.153895,-132.102472,9:18,14:58:00,Sample,exblank_2024_081,800,2024,Box 4,negpcr-2024-3, ; xn tech: Sue; xn date: 2025-03-25; xn notes: ; filtration comments:  ; tech:  ,Deena,"Hannah Bregulla, Shaun Edgars",0-0.5,ebb,none,none,29.2,16.7,by_boat,0.12,present,"dense, large eelgrass beds, samples close to edge","approximately 10m apart, parallel to shoreline",NA,BC_HGb,"Haida Gwaii, British Columbia","Haida Nation, British Columbia"
BC_HG,HG_DN,pecoe-1559,2024-08-21,53.153895,-132.102472,9:22,15:25:00,Sample,exblank_2024_081,850,2024,Box 4,negpcr-2024-3, ; xn tech: Sue; xn date: 2025-03-25; xn notes: ; filtration comments:  ; tech:  ,Deena,"Hannah Bregulla, Shaun Edgars",0-0.5,ebb,none,none,29.2,16.7,by_boat,0.12,present,"dense, large eelgrass beds, samples close to edge","approximately 10m apart, parallel to shoreline",NA,BC_HGb,"Haida Gwaii, British Columbia","Haida Nation, British Columbia"
BC_HG,HG_DN,pecoe-1560,2024-08-21,53.153895,-132.102472,9:30,16:02:00,Sample,exblank_2024_081,980,2024,Box 4,negpcr-2024-3, ; xn tech: Sue; xn date: 2025-03-25; xn notes: ; filtration comments:  ; tech:  ,Deena,"Hannah Bregulla, Shaun Edgars",0-0.5,ebb,none,none,29.2,16.7,by_boat,0.12,present,"dense, large eelgrass beds, samples close to edge","approximately 10m apart, parallel to shoreline",NA,BC_HGb,"Haida Gwaii, British Columbia","Haida Nation, British Columbia"
BC_HG,HG_DSD,pecoe-1561,2024-08-01,54.009682,-132.138023,NA,07:30:00,Field blank,exblank_2024_081,1000,2024,Box 4,negpcr-2024-3, ; xn tech: Sue; xn date: 2025-03-25; xn notes: ; filtration comments:  ; tech:  ,Delkatla Slough,"Hannah Bregulla, Margot Hessing-Lewis",0-0.5,ebb,none,none,NA,NA,by_foot,0.05-0.08,present,"fringing, 1-3m from shore at low tide","30cm sub-surface, east to west from causeway to port",NA,BC_HGb,"Haida Gwaii, British Columbia","Haida Nation, British Columbia"
BC_HG,HG_DSD,pecoe-1562,2024-08-01,54.009682,-132.138023,6:48,07:52:00,Sample,exblank_2024_081,750,2024,Box 4,negpcr-2024-3, ; xn tech: Sue; xn date: 2025-03-25; xn notes: ; filtration comments:  ; tech:  ,Delkatla Slough,"Hannah Bregulla, Margot Hessing-Lewis",0-0.5,ebb,none,none,NA,NA,by_foot,0.05-0.08,present,"fringing, 1-3m from shore at low tide","30cm sub-surface, east to west from causeway to port",NA,BC_HGb,"Haida Gwaii, British Columbia","Haida Nation, British Columbia"
BC_HG,HG_DSD,pecoe-1563,2024-08-01,54.009682,-132.138023,6:53,08:34:00,Sample,exblank_2024_081,610,2024,Box 4,negpcr-2024-3, ; xn tech: Sue; xn date: 2025-03-25; xn notes: ; filtration comments:  ; tech:  ,Delkatla Slough,"Hannah Bregulla, Margot Hessing-Lewis",0-0.5,ebb,none,none,NA,NA,by_foot,0.05-0.08,present,"fringing, 1-3m from shore at low tide","30cm sub-surface, east to west from causeway to port",NA,BC_HGb,"Haida Gwaii, British Columbia","Haida Nation, British Columbia"
BC_HG,HG_DSD,pecoe-1564,2024-08-01,54.009682,-132.138023,6:56,09:18:00,Sample,exblank_2024_081,600,2024,Box 4,negpcr-2024-3, ; xn tech: Sue; xn date: 2025-03-25; xn notes: ; filtration comments:  ; tech:  ,Delkatla Slough,"Hannah Bregulla, Margot Hessing-Lewis",0-0.5,ebb,none,none,NA,NA,by_foot,0.05-0.08,present,"fringing, 1-3m from shore at low tide","30cm sub-surface, east to west from causeway to port",NA,BC_HGb,"Haida Gwaii, British Columbia","Haida Nation, British Columbia"
BC_HG,HG_DSD,pecoe-1565,2024-08-01,54.009682,-132.138023,6:59,09:56:00,Sample,exblank_2024_081,700,2024,Box 4,negpcr-2024-3, ; xn tech: Sue; xn date: 2025-03-25; xn notes: ; filtration comments:  ; tech:  ,Delkatla Slough,"Hannah Bregulla, Margot Hessing-Lewis",0-0.5,ebb,none,none,NA,NA,by_foot,0.05-0.08,present,"fringing, 1-3m from shore at low tide","30cm sub-surface, east to west from causeway to port",NA,BC_HGb,"Haida Gwaii, British Columbia","Haida Nation, British Columbia"
BC_PP,PP_MB,pecoe-1566,2024-07-22,48.974567,-125.310267,8:56,14:37:00,Sample,exblank_2024_083,1000,2024,Box 4,negpcr-2024-3, ; xn tech: SC; xn date: 2025-04-03; xn notes: ; filtration comments:  ; tech:  ,Mayne Bay,"Yakimishyn, Jennifer Bohlen, Krista Graham, Crystal",0-0.5,low,light,none,30.8,18.1,by_boat,1.8,present,NA,samples taken ~10m apart parallel to shore over eelgrass meadow,NA,BC_PP,"Pacific Rim Park, British Columbia","Pacific Rim Park, British Columbia"
BC_PP,PP_MB,pecoe-1567,2024-07-22,48.974567,-125.310267,8:54,16:20:00,Sample,exblank_2024_083,1000,2024,Box 4,negpcr-2024-3, ; xn tech: SC; xn date: 2025-04-03; xn notes: ; filtration comments:  ; tech:  ,Mayne Bay,"Yakimishyn, Jennifer Bohlen, Krista Graham, Crystal",0-0.5,low,light,none,30.8,18.1,by_boat,1.8,present,NA,samples taken ~10m apart parallel to shore over eelgrass meadow,NA,BC_PP,"Pacific Rim Park, British Columbia","Pacific Rim Park, British Columbia"
BC_PP,PP_MB,pecoe-1568,2024-07-22,48.974567,-125.310267,8:53,15:38:00,Sample,exblank_2024_083,1000,2024,Box 4,negpcr-2024-3, ; xn tech: SC; xn date: 2025-04-03; xn notes: ; filtration comments:  ; tech:  ,Mayne Bay,"Yakimishyn, Jennifer Bohlen, Krista Graham, Crystal",0-0.5,low,light,none,30.8,18.1,by_boat,1.8,present,NA,samples taken ~10m apart parallel to shore over eelgrass meadow,NA,BC_PP,"Pacific Rim Park, British Columbia","Pacific Rim Park, British Columbia"
BC_PP,PP_MB,pecoe-1569,2024-07-22,48.974567,-125.310267,8:59,15:08:00,Sample,exblank_2024_083,1000,2024,Box 4,negpcr-2024-3, ; xn tech: SC; xn date: 2025-04-03; xn notes: ; filtration comments:  ; tech:  ,Mayne Bay,"Yakimishyn, Jennifer Bohlen, Krista Graham, Crystal",0-0.5,low,light,none,30.8,18.1,by_boat,1.8,present,NA,samples taken ~10m apart parallel to shore over eelgrass meadow,NA,BC_PP,"Pacific Rim Park, British Columbia","Pacific Rim Park, British Columbia"
BC_PP,PP_MB,pecoe-1570,2024-07-22,48.974567,-125.310267,NA,13:38:00,Field blank,exblank_2024_083,1000,2024,Box 4,negpcr-2024-3, ; xn tech: SC; xn date: 2025-04-03; xn notes: ; filtration comments:  ; tech:  ,Mayne Bay,"Yakimishyn, Jennifer Bohlen, Krista Graham, Crystal",0-0.5,low,light,none,30.8,18.1,by_boat,1.8,present,NA,samples taken ~10m apart parallel to shore over eelgrass meadow,NA,BC_PP,"Pacific Rim Park, British Columbia","Pacific Rim Park, British Columbia"
BC_PP,PP_JJ,pecoe-1571,2024-07-26,48.92165,-125.27545,8:00,14:32:00,Sample,exblank_2024_083,850,2024,Box 4,negpcr-2024-3, ; xn tech: SC; xn date: 2025-04-03; xn notes: ; filtration comments:  ; tech:  ,Jaques-Jarvis Lagoon,"Yakimishyn, Jennifer Bohlen, Krista Graham, Crystal",0-0.5,ebb,light,none,31.8,15.8,by_boat,1.5,present,NA,samples taken ~10m apart parallel to shore over eelgrass meadow,NA,BC_PP,"Pacific Rim Park, British Columbia","Pacific Rim Park, British Columbia"
BC_PP,PP_JJ,pecoe-1572,2024-07-26,48.92165,-125.27545,7:58,14:04:00,Sample,exblank_2024_083,900,2024,Box 4,negpcr-2024-3, ; xn tech: SC; xn date: 2025-04-03; xn notes: ; filtration comments:  ; tech:  ,Jaques-Jarvis Lagoon,"Yakimishyn, Jennifer Bohlen, Krista Graham, Crystal",0-0.5,ebb,light,none,31.8,15.8,by_boat,1.5,present,NA,samples taken ~10m apart parallel to shore over eelgrass meadow,NA,BC_PP,"Pacific Rim Park, British Columbia","Pacific Rim Park, British Columbia"
BC_PP,PP_JJ,pecoe-1573,2024-07-26,48.92165,-125.27545,7:56,13:38:00,Sample,exblank_2024_083,850,2024,Box 4,negpcr-2024-3, ; xn tech: SC; xn date: 2025-04-03; xn notes: ; filtration comments:  ; tech:  ,Jaques-Jarvis Lagoon,"Yakimishyn, Jennifer Bohlen, Krista Graham, Crystal",0-0.5,ebb,light,none,31.8,15.8,by_boat,1.5,present,NA,samples taken ~10m apart parallel to shore over eelgrass meadow,NA,BC_PP,"Pacific Rim Park, British Columbia","Pacific Rim Park, British Columbia"
BC_PP,PP_JJ,pecoe-1574,2024-07-26,48.92165,-125.27545,7:54,13:06:00,Sample,exblank_2024_083,850,2024,Box 4,negpcr-2024-3, ; xn tech: SC; xn date: 2025-04-03; xn notes: ; filtration comments:  ; tech:  ,Jaques-Jarvis Lagoon,"Yakimishyn, Jennifer Bohlen, Krista Graham, Crystal",0-0.5,ebb,light,none,31.8,15.8,by_boat,1.5,present,NA,samples taken ~10m apart parallel to shore over eelgrass meadow,NA,BC_PP,"Pacific Rim Park, British Columbia","Pacific Rim Park, British Columbia"
BC_PP,PP_JJ,pecoe-1575,2024-07-26,48.92165,-125.27545,NA,12:53:00,Field blank,exblank_2024_083,1000,2024,Box 4,negpcr-2024-3, ; xn tech: SC; xn date: 2025-04-03; xn notes: ; filtration comments:  ; tech:  ,Jaques-Jarvis Lagoon,"Yakimishyn, Jennifer Bohlen, Krista Graham, Crystal",0-0.5,ebb,light,none,31.8,15.8,by_boat,1.5,present,NA,samples taken ~10m apart parallel to shore over eelgrass meadow,NA,BC_PP,"Pacific Rim Park, British Columbia","Pacific Rim Park, British Columbia"
BC_PP,PP_C,pecoe-1576,2024-07-24,48.888133,-125.379917,NA,14:21:00,Field blank,exblank_2024_083,1000,2024,Box 4,negpcr-2024-3, ; xn tech: SC; xn date: 2025-04-03; xn notes: ; filtration comments:  ; tech:  ,Clarke,"Yakimishyn, Jennifer Bohlen, Krista Graham, Crystal",0.5-1,low,none,light,31.8,14,by_boat,1.3,present,NA,samples taken ~10m apart parallel to shore over eelgrass meadow,NA,BC_PP,"Pacific Rim Park, British Columbia","Pacific Rim Park, British Columbia"
BC_PP,PP_C,pecoe-1577,2024-07-24,48.888133,-125.379917,7:49,16:04:00,Sample,exblank_2024_083,1000,2024,Box 4,negpcr-2024-3, ; xn tech: SC; xn date: 2025-04-03; xn notes: ; filtration comments:  ; tech:  ,Clarke,"Yakimishyn, Jennifer Bohlen, Krista Graham, Crystal",0.5-1,low,none,light,31.8,14,by_boat,1.3,present,NA,samples taken ~10m apart parallel to shore over eelgrass meadow,NA,BC_PP,"Pacific Rim Park, British Columbia","Pacific Rim Park, British Columbia"
BC_PP,PP_C,pecoe-1578,2024-07-24,48.888133,-125.379917,7:43,14:40:00,Sample,exblank_2024_083,1000,2024,Box 4,negpcr-2024-3, ; xn tech: SC; xn date: 2025-04-03; xn notes: ; filtration comments:  ; tech:  ,Clarke,"Yakimishyn, Jennifer Bohlen, Krista Graham, Crystal",0.5-1,low,none,light,31.8,14,by_boat,1.3,present,NA,samples taken ~10m apart parallel to shore over eelgrass meadow,NA,BC_PP,"Pacific Rim Park, British Columbia","Pacific Rim Park, British Columbia"
BC_PP,PP_C,pecoe-1579,2024-07-24,48.888133,-125.379917,7:47,15:34:00,Sample,exblank_2024_083,1000,2024,Box 4,negpcr-2024-3, ; xn tech: SC; xn date: 2025-04-03; xn notes: ; filtration comments:  ; tech:  ,Clarke,"Yakimishyn, Jennifer Bohlen, Krista Graham, Crystal",0.5-1,low,none,light,31.8,14,by_boat,1.3,present,NA,samples taken ~10m apart parallel to shore over eelgrass meadow,NA,BC_PP,"Pacific Rim Park, British Columbia","Pacific Rim Park, British Columbia"
BC_PP,PP_C,pecoe-1580,2024-07-24,48.888133,-125.379917,7:46,15:09:00,Sample,exblank_2024_083,1000,2024,Box 4,negpcr-2024-3, ; xn tech: SC; xn date: 2025-04-03; xn notes: ; filtration comments:  ; tech:  ,Clarke,"Yakimishyn, Jennifer Bohlen, Krista Graham, Crystal",0.5-1,low,none,light,31.8,14,by_boat,1.3,present,NA,samples taken ~10m apart parallel to shore over eelgrass meadow,NA,BC_PP,"Pacific Rim Park, British Columbia","Pacific Rim Park, British Columbia"
BC_PP,PP_E,pecoe-1581,2024-07-25,48.8773,-125.305433,9:58,13:42:00,Sample,exblank_2024_082,950,2024,Box 4,negpcr-2024-3, ; xn tech: SC; xn date: 2025-04-02; xn notes: ; filtration comments:  ; tech:  ,Effingham,"Yakimishyn, Jennifer Bohlen, Krista Graham, Crystal",0-0.5,low,none,none,31.8,15,by_boat,1.9,present,NA,samples taken ~10m apart at same depth over eelgras meadow,NA,BC_PP,"Pacific Rim Park, British Columbia","Pacific Rim Park, British Columbia"
BC_PP,PP_E,pecoe-1582,2024-07-25,48.8773,-125.305433,10:00,14:42:00,Sample,exblank_2024_082,950,2024,Box 4,negpcr-2024-3, ; xn tech: SC; xn date: 2025-04-02; xn notes: ; filtration comments:  ; tech:  ,Effingham,"Yakimishyn, Jennifer Bohlen, Krista Graham, Crystal",0-0.5,low,none,none,31.8,15,by_boat,1.9,present,NA,samples taken ~10m apart at same depth over eelgras meadow,NA,BC_PP,"Pacific Rim Park, British Columbia","Pacific Rim Park, British Columbia"
BC_PP,PP_E,pecoe-1583,2024-07-25,48.8773,-125.305433,10:03,14:13:00,Sample,exblank_2024_082,900,2024,Box 4,negpcr-2024-3, ; xn tech: SC; xn date: 2025-04-02; xn notes: ; filtration comments:  ; tech:  ,Effingham,"Yakimishyn, Jennifer Bohlen, Krista Graham, Crystal",0-0.5,low,none,none,31.8,15,by_boat,1.9,present,NA,samples taken ~10m apart at same depth over eelgras meadow,NA,BC_PP,"Pacific Rim Park, British Columbia","Pacific Rim Park, British Columbia"
BC_PP,PP_E,pecoe-1584,2024-07-25,48.8773,-125.305433,NA,12:59:00,Field blank,exblank_2024_082,900,2024,Box 4,negpcr-2024-3, ; xn tech: SC; xn date: 2025-04-02; xn notes: ; filtration comments:  ; tech:  ,Effingham,"Yakimishyn, Jennifer Bohlen, Krista Graham, Crystal",0-0.5,low,none,none,31.8,15,by_boat,1.9,present,NA,samples taken ~10m apart at same depth over eelgras meadow,NA,BC_PP,"Pacific Rim Park, British Columbia","Pacific Rim Park, British Columbia"
BC_PP,PP_E,pecoe-1585,2024-07-25,48.8773,-125.305433,9:56,13:13:00,Sample,exblank_2024_082,900,2024,Box 4,negpcr-2024-3, ; xn tech: SC; xn date: 2025-04-02; xn notes: ; filtration comments:  ; tech:  ,Effingham,"Yakimishyn, Jennifer Bohlen, Krista Graham, Crystal",0-0.5,low,none,none,31.8,15,by_boat,1.9,present,NA,samples taken ~10m apart at same depth over eelgras meadow,NA,BC_PP,"Pacific Rim Park, British Columbia","Pacific Rim Park, British Columbia"
BC_PP,PP_HI,pecoe-1586,2024-07-23,48.9517,-125.314117,9:29,15:01:00,Sample,exblank_2024_083,1000,2024,Box 4,negpcr-2024-3, ; xn tech: SC; xn date: 2025-04-03; xn notes: ; filtration comments:  ; tech:  ,Hand Island,"Yakimishyn, Jennifer Bohlen, Krista Graham, Crystal",0-0.5,low,light,none,31.1,17,by_boat,0.8,present,NA,samples taken ~10m apart at same depth over eelgras meadow,NA,BC_PP,"Pacific Rim Park, British Columbia","Pacific Rim Park, British Columbia"
BC_PP,PP_HI,pecoe-1587,2024-07-23,48.9517,-125.314117,9:35,15:33:00,Sample,exblank_2024_083,1000,2024,Box 4,negpcr-2024-3, ; xn tech: SC; xn date: 2025-04-03; xn notes: ; filtration comments:  ; tech:  ,Hand Island,"Yakimishyn, Jennifer Bohlen, Krista Graham, Crystal",0-0.5,low,light,none,31.1,17,by_boat,0.8,present,NA,samples taken ~10m apart at same depth over eelgras meadow,NA,BC_PP,"Pacific Rim Park, British Columbia","Pacific Rim Park, British Columbia"
BC_PP,PP_HI,pecoe-1588,2024-07-23,48.9517,-125.314117,NA,13:47:00,Field blank,exblank_2024_083,1000,2024,Box 4,negpcr-2024-3, ; xn tech: SC; xn date: 2025-04-03; xn notes: ; filtration comments:  ; tech:  ,Hand Island,"Yakimishyn, Jennifer Bohlen, Krista Graham, Crystal",0-0.5,low,light,none,31.1,17,by_boat,0.8,present,NA,samples taken ~10m apart at same depth over eelgras meadow,NA,BC_PP,"Pacific Rim Park, British Columbia","Pacific Rim Park, British Columbia"
BC_PP,PP_HI,pecoe-1589,2024-07-23,48.9517,-125.314117,9:33,15:05:00,Sample,exblank_2024_083,1000,2024,Box 4,negpcr-2024-3, ; xn tech: SC; xn date: 2025-04-03; xn notes: ; filtration comments:  ; tech:  ,Hand Island,"Yakimishyn, Jennifer Bohlen, Krista Graham, Crystal",0-0.5,low,light,none,31.1,17,by_boat,0.8,present,NA,samples taken ~10m apart at same depth over eelgras meadow,NA,BC_PP,"Pacific Rim Park, British Columbia","Pacific Rim Park, British Columbia"
BC_PP,PP_HI,pecoe-1590,2024-07-23,48.9517,-125.314117,9:31,14:43:00,Sample,exblank_2024_083,1000,2024,Box 4,negpcr-2024-3, ; xn tech: SC; xn date: 2025-04-03; xn notes: ; filtration comments:  ; tech:  ,Hand Island,"Yakimishyn, Jennifer Bohlen, Krista Graham, Crystal",0-0.5,low,light,none,31.1,17,by_boat,0.8,present,NA,samples taken ~10m apart at same depth over eelgras meadow,NA,BC_PP,"Pacific Rim Park, British Columbia","Pacific Rim Park, British Columbia"
BC_IC,IC_SHS,pecoe-1591,2024-07-17,50.09077,-125.0462,10:39,13:49:00,Sample,exblank_2024_069,1000,2024,Box 1,negpcr-2024-3,green; xn tech: SC; xn date: 2025-02-27; xn notes: ; filtration comments:  ; tech:  ,Shark Spit,"Krystal, Amelia, Carolyn",0-0.5,flood,none,none,24.87,16.4,by_boat,1.5,present,"the length of sharkspit, very dense, not too patchy",west end of the beach going to east,NA,BC_IC,"Inner Coast, British Columbia","Inner Coast, British Columbia"
BC_IC,IC_SHS,pecoe-1592,2024-07-17,50.09077,-125.0462,10:42,13:50:00,Sample,exblank_2024_069,1000,2024,Box 1,negpcr-2024-3,green; xn tech: SC; xn date: 2025-02-27; xn notes: ; filtration comments:  ; tech:  ,Shark Spit,"Krystal, Amelia, Carolyn",0-0.5,flood,none,none,24.87,16.4,by_boat,1.5,present,"the length of sharkspit, very dense, not too patchy",west end of the beach going to east,NA,BC_IC,"Inner Coast, British Columbia","Inner Coast, British Columbia"
BC_IC,IC_SHS,pecoe-1593,2024-07-17,50.09077,-125.0462,10:45,13:53:00,Sample,exblank_2024_069,1000,2024,Box 1,negpcr-2024-3,green; xn tech: SC; xn date: 2025-02-27; xn notes: ; filtration comments:  ; tech:  ,Shark Spit,"Krystal, Amelia, Carolyn",0-0.5,flood,none,none,24.87,16.4,by_boat,1.5,present,"the length of sharkspit, very dense, not too patchy",west end of the beach going to east,NA,BC_IC,"Inner Coast, British Columbia","Inner Coast, British Columbia"
BC_IC,IC_SHS,pecoe-1594,2024-07-17,50.09077,-125.0462,10:48,14:13:00,Sample,exblank_2024_069,1000,2024,Box 1,negpcr-2024-3,green; xn tech: SC; xn date: 2025-02-27; xn notes: ; filtration comments:  ; tech:  ,Shark Spit,"Krystal, Amelia, Carolyn",0-0.5,flood,none,none,24.87,16.4,by_boat,1.5,present,"the length of sharkspit, very dense, not too patchy",west end of the beach going to east,NA,BC_IC,"Inner Coast, British Columbia","Inner Coast, British Columbia"
BC_IC,IC_SHS,pecoe-1595,2024-07-17,50.09077,-125.0462,NA,14:09:00,Field blank,exblank_2024_069,1000,2024,Box 1,negpcr-2024-3, ; xn tech: SC; xn date: 2025-02-27; xn notes: ; filtration comments:  ; tech:  ,Shark Spit,"Krystal, Amelia, Carolyn",0-0.5,flood,none,none,24.87,16.4,by_boat,1.5,present,"the length of sharkspit, very dense, not too patchy",west end of the beach going to east,NA,BC_IC,"Inner Coast, British Columbia","Inner Coast, British Columbia"
BC_IC,IC_GOW,pecoe-1596,2024-07-18,50.08011,-125.21687,9:26,12:26:00,Sample,exblank_2024_068,1000,2024,Box 1,negpcr-2024-3, ; xn tech: SC; xn date: 2025-02-26; xn notes: ; filtration comments:  ; tech:  ,Gowlland Harbour,"Krystal, Amelia",0-0.5,ebb,none,none,27.04,14.7,by_foot,1.5,present,"The seagrass is ratehr far out, and patchy the closer to the shore you go.",Started close to the dock and walk E and took a sample every 10m,NA,BC_IC,"Inner Coast, British Columbia","Inner Coast, British Columbia"
BC_IC,IC_GOW,pecoe-1597,2024-07-18,50.08011,-125.21687,9:27,12:44:00,Sample,exblank_2024_068,1000,2024,Box 1,negpcr-2024-3, ; xn tech: SC; xn date: 2025-02-26; xn notes: ; filtration comments:  ; tech:  ,Gowlland Harbour,"Krystal, Amelia",0-0.5,ebb,none,none,27.04,14.7,by_foot,1.5,present,"The seagrass is ratehr far out, and patchy the closer to the shore you go.",Started close to the dock and walk E and took a sample every 10m,NA,BC_IC,"Inner Coast, British Columbia","Inner Coast, British Columbia"
BC_IC,IC_GOW,pecoe-1598,2024-07-18,50.08011,-125.21687,9:29,12:45:00,Sample,exblank_2024_068,1000,2024,Box 1,negpcr-2024-3, ; xn tech: SC; xn date: 2025-02-26; xn notes: ; filtration comments:  ; tech:  ,Gowlland Harbour,"Krystal, Amelia",0-0.5,ebb,none,none,27.04,14.7,by_foot,1.5,present,"The seagrass is ratehr far out, and patchy the closer to the shore you go.",Started close to the dock and walk E and took a sample every 10m,NA,BC_IC,"Inner Coast, British Columbia","Inner Coast, British Columbia"
BC_IC,IC_GOW,pecoe-1599,2024-07-18,50.08011,-125.21687,9:33,13:07:00,Sample,exblank_2024_068,1000,2024,Box 1,negpcr-2024-3, ; xn tech: SC; xn date: 2025-02-26; xn notes: ; filtration comments:  ; tech:  ,Gowlland Harbour,"Krystal, Amelia",0-0.5,ebb,none,none,27.04,14.7,by_foot,1.5,present,"The seagrass is ratehr far out, and patchy the closer to the shore you go.",Started close to the dock and walk E and took a sample every 10m,NA,BC_IC,"Inner Coast, British Columbia","Inner Coast, British Columbia"
BC_IC,IC_GOW,pecoe-1600,2024-07-18,50.08011,-125.21687,NA,13:10:00,Field blank,exblank_2024_068,1000,2024,Box 1,negpcr-2024-3, ; xn tech: SC; xn date: 2025-02-26; xn notes: ; filtration comments:  ; tech:  ,Gowlland Harbour,"Krystal, Amelia",0-0.5,ebb,none,none,27.04,14.7,by_foot,1.5,present,"The seagrass is ratehr far out, and patchy the closer to the shore you go.",Started close to the dock and walk E and took a sample every 10m,NA,BC_IC,"Inner Coast, British Columbia","Inner Coast, British Columbia"
BC_IC,IC_SMB,pecoe-1601,2024-07-17,50.036335,-124.99546,NA,NA,Field blank,exblank_2024_067,1000,2024,Box 1,negpcr-2024-3, ; xn tech: SC; xn date: 2025-02-25; xn notes: ; filtration comments:  ; tech:  ,Smelt Bay,"Krystal, Amelia",0-0.5,flood,none,none,24.91,15.8,by_boat,2,present,"~500m along beach, patchy at the NE end when it is intertidal, not patchy over the rest of the bed, very dense",sampling to hte south parallel along shore,NA,BC_IC,"Inner Coast, British Columbia","Inner Coast, British Columbia"
BC_IC,IC_SMB,pecoe-1602,2024-07-17,50.036335,-124.99546,10:02,13:24:00,Sample,exblank_2024_067,1000,2024,Box 1,negpcr-2024-3,yellow; xn tech: SC; xn date: 2025-02-25; xn notes: ; filtration comments:  ; tech:  ,Smelt Bay,"Krystal, Amelia",0-0.5,flood,none,none,24.91,15.8,by_boat,2,present,"~500m along beach, patchy at the NE end when it is intertidal, not patchy over the rest of the bed, very dense",sampling to hte south parallel along shore,NA,BC_IC,"Inner Coast, British Columbia","Inner Coast, British Columbia"
BC_IC,IC_SMB,pecoe-1603,2024-07-17,50.036335,-124.99546,9:55,12:48:00,Sample,exblank_2024_067,1000,2024,Box 1,negpcr-2024-3,yellow; xn tech: SC; xn date: 2025-02-25; xn notes: ; filtration comments:  ; tech:  ,Smelt Bay,"Krystal, Amelia",0-0.5,flood,none,none,24.91,15.8,by_boat,2,present,"~500m along beach, patchy at the NE end when it is intertidal, not patchy over the rest of the bed, very dense",sampling to hte south parallel along shore,NA,BC_IC,"Inner Coast, British Columbia","Inner Coast, British Columbia"
BC_IC,IC_SMB,pecoe-1604,2024-07-17,50.036335,-124.99546,10:00,13:21:00,Sample,exblank_2024_067,1000,2024,Box 1,negpcr-2024-3,yellow; xn tech: SC; xn date: 2025-02-25; xn notes: ; filtration comments:  ; tech:  ,Smelt Bay,"Krystal, Amelia",0-0.5,flood,none,none,24.91,15.8,by_boat,2,present,"~500m along beach, patchy at the NE end when it is intertidal, not patchy over the rest of the bed, very dense",sampling to hte south parallel along shore,NA,BC_IC,"Inner Coast, British Columbia","Inner Coast, British Columbia"
BC_IC,IC_SMB,pecoe-1605,2024-07-17,50.036335,-124.99546,9:57,13:17:00,Sample,exblank_2024_067,1000,2024,Box 1,negpcr-2024-3,yellow; xn tech: SC; xn date: 2025-02-25; xn notes: ; filtration comments:  ; tech:  ,Smelt Bay,"Krystal, Amelia",0-0.5,flood,none,none,24.91,15.8,by_boat,2,present,"~500m along beach, patchy at the NE end when it is intertidal, not patchy over the rest of the bed, very dense",sampling to hte south parallel along shore,NA,BC_IC,"Inner Coast, British Columbia","Inner Coast, British Columbia"
BC_IC,IC_MAB,pecoe-1606,2024-07-18,50.11786,-125.2253,11:06,13:20:00,Sample,exblank_2024_068,1000,2024,Box 1,negpcr-2024-3,yellow; xn tech: SC; xn date: 2025-02-26; xn notes: ; filtration comments:  ; tech:  ,Marna's Bed,"Krystal, Amelia, Carolyn",0-0.5,flood,none,none,21.63,20.1,by_boat,2,present,"more dense near the SE part of the bed, patchy in the middle part",the first two samples were taken at the S end of the site and the next two at the N end of the site,NA,BC_IC,"Inner Coast, British Columbia","Inner Coast, British Columbia"
BC_IC,IC_MAB,pecoe-1607,2024-07-18,50.11786,-125.2253,11:08,13:21:00,Sample,exblank_2024_067,1000,2024,Box 1,negpcr-2024-3,yellow; xn tech: SC; xn date: 2025-02-25; xn notes: ; filtration comments:  ; tech:  ,Marna's Bed,"Krystal, Amelia, Carolyn",0-0.5,flood,none,none,21.63,20.1,by_boat,2,present,"more dense near the SE part of the bed, patchy in the middle part",the first two samples were taken at the S end of the site and the next two at the N end of the site,NA,BC_IC,"Inner Coast, British Columbia","Inner Coast, British Columbia"
BC_IC,IC_MAB,pecoe-1608,2024-07-18,50.11786,-125.2253,11:10,13:21:00,Sample,exblank_2024_067,1000,2024,Box 1,negpcr-2024-3,yellow; xn tech: SC; xn date: 2025-02-25; xn notes: ; filtration comments:  ; tech:  ,Marna's Bed,"Krystal, Amelia, Carolyn",0-0.5,flood,none,none,21.63,20.1,by_boat,2,present,"more dense near the SE part of the bed, patchy in the middle part",the first two samples were taken at the S end of the site and the next two at the N end of the site,NA,BC_IC,"Inner Coast, British Columbia","Inner Coast, British Columbia"
BC_IC,IC_MAB,pecoe-1609,2024-07-18,50.11786,-125.2253,11:12,13:21:00,Sample,exblank_2024_068,1000,2024,Box 1,negpcr-2024-3,yellow; xn tech: SC; xn date: 2025-02-26; xn notes: ; filtration comments:  ; tech:  ,Marna's Bed,"Krystal, Amelia, Carolyn",0-0.5,flood,none,none,21.63,20.1,by_boat,2,present,"more dense near the SE part of the bed, patchy in the middle part",the first two samples were taken at the S end of the site and the next two at the N end of the site,NA,BC_IC,"Inner Coast, British Columbia","Inner Coast, British Columbia"
BC_IC,IC_MAB,pecoe-1610,2024-07-18,50.11786,-125.2253,NA,13:30:00,Field blank,exblank_2024_067,1000,2024,Box 1,negpcr-2024-3,yellow; xn tech: SC; xn date: 2025-02-25; xn notes: ; filtration comments:  ; tech:  ,Marna's Bed,"Krystal, Amelia, Carolyn",0-0.5,flood,none,none,21.63,20.1,by_boat,2,present,"more dense near the SE part of the bed, patchy in the middle part",the first two samples were taken at the S end of the site and the next two at the N end of the site,NA,BC_IC,"Inner Coast, British Columbia","Inner Coast, British Columbia"
BC_IC,IC_OPB,pecoe-1611,2024-07-18,50.137207,-125.214435,10:43,12:30:00,Sample,exblank_2024_069,1000,2024,Box 1,negpcr-2024-3,pink; xn tech: SC; xn date: 2025-02-27; xn notes: ; filtration comments:  ; tech:  ,Open Bay,"Krystal, Amelia, Carolyn",0-0.5,flood,none,none,21.22,19.7,by_boat,3,present,"quite patchy, subtidal meadow, lots of sand surrounding",10m apart across opening of small bay adjacent to the main bay,NA,BC_IC,"Inner Coast, British Columbia","Inner Coast, British Columbia"
BC_IC,IC_OPB,pecoe-1612,2024-07-18,50.137207,-125.214435,10:47,12:50:00,Sample,exblank_2024_068,1000,2024,Box 1,negpcr-2024-3,pink; xn tech: SC; xn date: 2025-02-26; xn notes: ; filtration comments:  ; tech:  ,Open Bay,"Krystal, Amelia, Carolyn",0-0.5,flood,none,none,21.22,19.7,by_boat,3,present,"quite patchy, subtidal meadow, lots of sand surrounding",10m apart across opening of small bay adjacent to the main bay,NA,BC_IC,"Inner Coast, British Columbia","Inner Coast, British Columbia"
BC_IC,IC_OPB,pecoe-1613,2024-07-18,50.137207,-125.214435,10:50,12:55:00,Sample,exblank_2024_068,1000,2024,Box 1,negpcr-2024-3,pink; xn tech: SC; xn date: 2025-02-26; xn notes: ; filtration comments:  ; tech:  ,Open Bay,"Krystal, Amelia, Carolyn",0-0.5,flood,none,none,21.22,19.7,by_boat,3,present,"quite patchy, subtidal meadow, lots of sand surrounding",10m apart across opening of small bay adjacent to the main bay,NA,BC_IC,"Inner Coast, British Columbia","Inner Coast, British Columbia"
BC_IC,IC_OPB,pecoe-1614,2024-07-18,50.137207,-125.214435,10:53,13:10:00,Sample,exblank_2024_068,1000,2024,Box 1,negpcr-2024-3,pink; xn tech: SC; xn date: 2025-02-26; xn notes: ; filtration comments:  ; tech:  ,Open Bay,"Krystal, Amelia, Carolyn",0-0.5,flood,none,none,21.22,19.7,by_boat,3,present,"quite patchy, subtidal meadow, lots of sand surrounding",10m apart across opening of small bay adjacent to the main bay,NA,BC_IC,"Inner Coast, British Columbia","Inner Coast, British Columbia"
BC_IC,IC_OPB,pecoe-1615,2024-07-18,50.137207,-125.214435,NA,12:30:00,Field blank,exblank_2024_068,1000,2024,Box 1,negpcr-2024-3, ; xn tech: SC; xn date: 2025-02-26; xn notes: ; filtration comments:  ; tech:  ,Open Bay,"Krystal, Amelia, Carolyn",0-0.5,flood,none,none,21.22,19.7,by_boat,3,present,"quite patchy, subtidal meadow, lots of sand surrounding",10m apart across opening of small bay adjacent to the main bay,NA,BC_IC,"Inner Coast, British Columbia","Inner Coast, British Columbia"
CA_SD,SD_SI,pecoe-1616,2024-07-22,32.71418,-117.22534,NA,NA,Field blank,exblank_2024_085,1000,2024,Box 4,negpcr-2024-3, ; xn tech: SC; xn date: 2025-04-04; xn notes: ; filtration comments:  ; tech:  ,Shelter Island,"Lily Jannick, Makayla Barnes, Kevin Hovel",NA,NA,NA,NA,23.74,21.1,by_foot,NA,present,NA,"10m apart, consistent depth",NA,CA_SD,"San Diego region, California","San Diego region, California"
CA_SD,SD_SI,pecoe-1617,2024-07-22,32.71418,-117.22534,9:49,NA,Sample,exblank_2024_085,550,2024,Box 4,negpcr-2024-3, ; xn tech: SC; xn date: 2025-04-04; xn notes: ; filtration comments:  ; tech:  ,Shelter Island,"Lily Jannick, Makayla Barnes, Kevin Hovel",NA,NA,NA,NA,23.74,21.1,by_foot,NA,present,NA,"10m apart, consistent depth",NA,CA_SD,"San Diego region, California","San Diego region, California"
CA_SD,SD_SI,pecoe-1618,2024-07-22,32.71418,-117.22534,9:51,NA,Sample,exblank_2024_085,500,2024,Box 4,negpcr-2024-3, ; xn tech: SC; xn date: 2025-04-04; xn notes: ; filtration comments:  ; tech:  ,Shelter Island,"Lily Jannick, Makayla Barnes, Kevin Hovel",NA,NA,NA,NA,23.74,21.1,by_foot,NA,present,NA,"10m apart, consistent depth",NA,CA_SD,"San Diego region, California","San Diego region, California"
CA_SD,SD_SI,pecoe-1619,2024-07-22,32.71418,-117.22534,9:53,NA,Sample,exblank_2024_085,515,2024,Box 4,negpcr-2024-3, ; xn tech: SC; xn date: 2025-04-04; xn notes: ; filtration comments:  ; tech:  ,Shelter Island,"Lily Jannick, Makayla Barnes, Kevin Hovel",NA,NA,NA,NA,23.74,21.1,by_foot,NA,present,NA,"10m apart, consistent depth",NA,CA_SD,"San Diego region, California","San Diego region, California"
CA_SD,SD_SI,pecoe-1620,2024-07-22,32.71418,-117.22534,9:57,NA,Sample,exblank_2024_085,500,2024,Box 4,negpcr-2024-3, ; xn tech: SC; xn date: 2025-04-04; xn notes: ; filtration comments:  ; tech:  ,Shelter Island,"Lily Jannick, Makayla Barnes, Kevin Hovel",NA,NA,NA,NA,23.74,21.1,by_foot,NA,present,NA,"10m apart, consistent depth",NA,CA_SD,"San Diego region, California","San Diego region, California"
CA_SD,SD_CV,pecoe-1621,2024-07-31,32.62568,-117.1066,NA,NA,Field blank,exblank_2024_085,1000,2024,Box 4,negpcr-2024-3, ; xn tech: SC; xn date: 2025-04-04; xn notes: ; filtration comments:  ; tech:  ,Chula Vista,"Lily Jannick, Ella Keller, Kevin Hovel",NA,NA,NA,NA,NA,NA,by_foot,NA,present,NA,"10m apart, consistent depth",NA,CA_SD,"San Diego region, California","San Diego region, California"
CA_SD,SD_CV,pecoe-1622,2024-07-31,32.62568,-117.1066,9:45,NA,Sample,exblank_2024_085,800,2024,Box 4,negpcr-2024-3, ; xn tech: SC; xn date: 2025-04-04; xn notes: ; filtration comments:  ; tech:  ,Chula Vista,"Lily Jannick, Ella Keller, Kevin Hovel",NA,NA,NA,NA,NA,NA,by_foot,NA,present,NA,"10m apart, consistent depth",NA,CA_SD,"San Diego region, California","San Diego region, California"
CA_SD,SD_CV,pecoe-1623,2024-07-31,32.62568,-117.1066,9:50,NA,Sample,exblank_2024_085,800,2024,Box 4,negpcr-2024-3, ; xn tech: SC; xn date: 2025-04-04; xn notes: ; filtration comments:  ; tech:  ,Chula Vista,"Lily Jannick, Ella Keller, Kevin Hovel",NA,NA,NA,NA,NA,NA,by_foot,NA,present,NA,"10m apart, consistent depth",NA,CA_SD,"San Diego region, California","San Diego region, California"
CA_SD,SD_CV,pecoe-1624,2024-07-31,32.62568,-117.1066,9:55,NA,Sample,exblank_2024_085,800,2024,Box 4,negpcr-2024-3, ; xn tech: SC; xn date: 2025-04-04; xn notes: ; filtration comments:  ; tech:  ,Chula Vista,"Lily Jannick, Ella Keller, Kevin Hovel",NA,NA,NA,NA,NA,NA,by_foot,NA,present,NA,"10m apart, consistent depth",NA,CA_SD,"San Diego region, California","San Diego region, California"
CA_SD,SD_CV,pecoe-1625,2024-07-31,32.62568,-117.1066,9:58,NA,Sample,exblank_2024_085,800,2024,Box 4,negpcr-2024-3, ; xn tech: SC; xn date: 2025-04-04; xn notes: ; filtration comments:  ; tech:  ,Chula Vista,"Lily Jannick, Ella Keller, Kevin Hovel",NA,NA,NA,NA,NA,NA,by_foot,NA,present,NA,"10m apart, consistent depth",NA,CA_SD,"San Diego region, California","San Diego region, California"
CA_SD,SD_CI,pecoe-1626,2024-08-06,32.7005,-117.1731,NA,NA,Field blank,exblank_2024_086,900,2024,Box 4,negpcr-2024-3, ; xn tech: SC; xn date: 2025-04-09; xn notes: ; filtration comments:  ; tech:  ,Coronado Island,Lily Jannick,NA,NA,NA,NA,24.11,21.12,by_foot,NA,present,NA,"10m apart, consistent depth",NA,CA_SD,"San Diego region, California","San Diego region, California"
CA_SD,SD_CI,pecoe-1627,2024-08-06,32.7005,-117.1731,9:52,NA,Sample,exblank_2024_086,900,2024,Box 4,negpcr-2024-3, ; xn tech: SC; xn date: 2025-04-09; xn notes: ; filtration comments:  ; tech:  ,Coronado Island,Lily Jannick,NA,NA,NA,NA,24.11,21.12,by_foot,NA,present,NA,"10m apart, consistent depth",NA,CA_SD,"San Diego region, California","San Diego region, California"
CA_SD,SD_CI,pecoe-1628,2024-08-06,32.7005,-117.1731,9:55,NA,Sample,exblank_2024_086,900,2024,Box 4,negpcr-2024-3, ; xn tech: SC; xn date: 2025-04-09; xn notes: ; filtration comments:  ; tech:  ,Coronado Island,Lily Jannick,NA,NA,NA,NA,24.11,21.12,by_foot,NA,present,NA,"10m apart, consistent depth",NA,CA_SD,"San Diego region, California","San Diego region, California"
CA_SD,SD_CI,pecoe-1629,2024-08-06,32.7005,-117.1731,9:58,NA,Sample,exblank_2024_086,800,2024,Box 4,negpcr-2024-3, ; xn tech: SC; xn date: 2025-04-09; xn notes: ; filtration comments:  ; tech:  ,Coronado Island,Lily Jannick,NA,NA,NA,NA,24.11,21.12,by_foot,NA,present,NA,"10m apart, consistent depth",NA,CA_SD,"San Diego region, California","San Diego region, California"
CA_SD,SD_CI,pecoe-1630,2024-08-06,32.7005,-117.1731,10:03,NA,Sample,exblank_2024_086,1000,2024,Box 4,negpcr-2024-3, ; xn tech: SC; xn date: 2025-04-09; xn notes: ; filtration comments:  ; tech:  ,Coronado Island,Lily Jannick,NA,NA,NA,NA,24.11,21.12,by_foot,NA,present,NA,"10m apart, consistent depth",NA,CA_SD,"San Diego region, California","San Diego region, California"
CA_SD,SD_KF,pecoe-1631,2024-08-14,32.795375,-117.229336,NA,NA,Field blank,exblank_2024_085,900,2024,Box 4,negpcr-2024-4, ; xn tech: SC; xn date: 2025-04-04; xn notes: ; filtration comments:  ; tech:  ,Kendall-Frost Mission Bay Marsh Reserve,"Lily Jannick, Jesse Humbert",NA,NA,NA,NA,NA,NA,by_boat,NA,NA,NA,"10m apart, consistent depth",NA,CA_SD,"San Diego region, California","San Diego region, California"
CA_SD,SD_KF,pecoe-1632,2024-08-14,32.795375,-117.229336,10:11,NA,Sample,exblank_2024_086,950,2024,Box 4,negpcr-2024-4, ; xn tech: SC; xn date: 2025-04-09; xn notes: ; filtration comments:  ; tech:  ,Kendall-Frost Mission Bay Marsh Reserve,"Lily Jannick, Jesse Humbert",NA,NA,NA,NA,NA,NA,by_boat,NA,NA,NA,"10m apart, consistent depth",NA,CA_SD,"San Diego region, California","San Diego region, California"
CA_SD,SD_KF,pecoe-1633,2024-08-14,32.795375,-117.229336,10:14,NA,Sample,exblank_2024_084,800,2024,Box 4,negpcr-2024-4, ; xn tech: SC; xn date: 2025-04-07; xn notes: ; filtration comments:  ; tech:  ,Kendall-Frost Mission Bay Marsh Reserve,"Lily Jannick, Jesse Humbert",NA,NA,NA,NA,NA,NA,by_boat,NA,NA,NA,"10m apart, consistent depth",NA,CA_SD,"San Diego region, California","San Diego region, California"
CA_SD,SD_KF,pecoe-1634,2024-08-14,32.795375,-117.229336,10:16,NA,Sample,exblank_2024_086,800,2024,Box 4,negpcr-2024-4, ; xn tech: SC; xn date: 2025-04-09; xn notes: ; filtration comments:  ; tech:  ,Kendall-Frost Mission Bay Marsh Reserve,"Lily Jannick, Jesse Humbert",NA,NA,NA,NA,NA,NA,by_boat,NA,NA,NA,"10m apart, consistent depth",NA,CA_SD,"San Diego region, California","San Diego region, California"
CA_SD,SD_KF,pecoe-1635,2024-08-14,32.795375,-117.229336,10:18,NA,Sample,exblank_2024_086,750,2024,Box 4,negpcr-2024-4, ; xn tech: SC; xn date: 2025-04-09; xn notes: ; filtration comments:  ; tech:  ,Kendall-Frost Mission Bay Marsh Reserve,"Lily Jannick, Jesse Humbert",NA,NA,NA,NA,NA,NA,by_boat,NA,NA,NA,"10m apart, consistent depth",NA,CA_SD,"San Diego region, California","San Diego region, California"
CA_SF,NC_WP,pecoe-1636,2024-09-05,38.32,-123.05,7:41,09:03:00,Sample,exblank_2024_063,1000,2024,BOX1,negpcr-2024-4, ; xn tech: AC; xn date: 2025-02-05; xn notes: ; filtration comments:  ; tech:  ,Westside Park,"Nicky Young, Grace Callahan",0-0.5,ebb,light,none,35,16,by_foot,1,present,NA,"10m apart, consistent depth, parallel to shore",NA,CA_NCa,"San Francisco Bay, California","Bodega Bay, California"
CA_SF,NC_WP,pecoe-1637,2024-09-05,38.32,-123.05,7:36,08:37:00,Sample,exblank_2024_063,950,2024,BOX1,negpcr-2024-4, ; xn tech: AC; xn date: 2025-02-05; xn notes: ; filtration comments:  ; tech:  ,Westside Park,"Nicky Young, Grace Callahan",0-0.5,ebb,light,none,35,16,by_foot,1,present,NA,"10m apart, consistent depth, parallel to shore",NA,CA_NCa,"San Francisco Bay, California","Bodega Bay, California"
CA_SF,NC_WP,pecoe-1638,2024-09-05,38.32,-123.05,7:44,09:20:00,Sample,exblank_2024_063,950,2024,BOX1,negpcr-2024-4, ; xn tech: AC; xn date: 2025-02-05; xn notes: ; filtration comments:  ; tech:  ,Westside Park,"Nicky Young, Grace Callahan",0-0.5,ebb,light,none,35,16,by_foot,1,present,NA,"10m apart, consistent depth, parallel to shore",NA,CA_NCa,"San Francisco Bay, California","Bodega Bay, California"
CA_SF,NC_WP,pecoe-1639,2024-09-05,38.32,-123.05,7:46,09:54:00,Sample,exblank_2024_063,1000,2024,BOX1,negpcr-2024-4, ; xn tech: AC; xn date: 2025-02-05; xn notes: ; filtration comments:  ; tech:  ,Westside Park,"Nicky Young, Grace Callahan",0-0.5,ebb,light,none,35,16,by_foot,1,present,NA,"10m apart, consistent depth, parallel to shore",NA,CA_NCa,"San Francisco Bay, California","Bodega Bay, California"
CA_SF,NC_WP,pecoe-1640,2024-09-05,38.32,-123.05,NA,08:17:00,Field blank,exblank_2024_063,1000,2024,BOX1,negpcr-2024-4, ; xn tech: AC; xn date: 2025-02-05; xn notes: ; filtration comments:  ; tech:  ,Westside Park,"Nicky Young, Grace Callahan",0-0.5,ebb,light,none,35,16,by_foot,1,present,NA,"10m apart, consistent depth, parallel to shore",NA,CA_NCa,"San Francisco Bay, California","Bodega Bay, California"
CA_NC,NC_BL,pecoe-1641,2024-09-06,38.19,-122.93,11:52,17:40:00,Sample,exblank_2024_073,750,2024,Box 2,negpcr-2024-4,malfunctional gear; xn tech: SC; xn date: 2025-03-11; xn notes: ; filtration comments:  ; tech:  ,Blakes Landing,"Grace Callahan, Nicky Young",0-0.5,flood,light,none,40,NA,by_foot,1.5,present,patchy,"10m apart, consistent depth",NA,CA_NCa,"Bodega Bay, California","Bodega Bay, California"
CA_NC,NC_BL,pecoe-1642,2024-09-06,38.19,-122.93,NA,15:48:00,Field blank,exblank_2024_074,1000,2024,Box 2,negpcr-2024-4, ; xn tech: SC; xn date: 2025-03-12; xn notes: ; filtration comments:  ; tech:  ,Blakes Landing,"Grace Callahan, Nicky Young",0-0.5,flood,light,none,40,NA,by_foot,1.5,present,patchy,"10m apart, consistent depth",NA,CA_NCa,"Bodega Bay, California","Bodega Bay, California"
CA_NC,NC_BL,pecoe-1643,2024-09-06,38.19,-122.93,11:50,17:05:00,Sample,exblank_2024_074,850,2024,Box 2,negpcr-2024-4,very slow flow; xn tech: SC; xn date: 2025-03-12; xn notes: ; filtration comments:  ; tech:  ,Blakes Landing,"Grace Callahan, Nicky Young",0-0.5,flood,light,none,40,NA,by_foot,1.5,present,patchy,"10m apart, consistent depth",NA,CA_NCa,"Bodega Bay, California","Bodega Bay, California"
CA_NC,NC_BL,pecoe-1644,2024-09-06,38.19,-122.93,11:47,16:30:00,Sample,exblank_2024_074,1000,2024,Box 2,negpcr-2024-4, ; xn tech: SC; xn date: 2025-03-12; xn notes: ; filtration comments:  ; tech:  ,Blakes Landing,"Grace Callahan, Nicky Young",0-0.5,flood,light,none,40,NA,by_foot,1.5,present,patchy,"10m apart, consistent depth",NA,CA_NCa,"Bodega Bay, California","Bodega Bay, California"
CA_NC,NC_BL,pecoe-1645,2024-09-06,38.19,-122.93,11:45,16:02:00,Sample,exblank_2024_074,860,2024,Box 2,negpcr-2024-4, ; xn tech: SC; xn date: 2025-03-12; xn notes: ; filtration comments:  ; tech:  ,Blakes Landing,"Grace Callahan, Nicky Young",0-0.5,flood,light,none,40,NA,by_foot,1.5,present,patchy,"10m apart, consistent depth",NA,CA_NCa,"Bodega Bay, California","Bodega Bay, California"
BC_NV,NV_PC,pecoe-1646,2024-09-01,50.5176714,-127.65447,NA,12:46:00,Field blank,exblank_2024_089,800,2024,Box 4,negpcr-2024-4,samples kept cooler then fridge before filtering; xn tech: SC; xn date: 2025-04-16; xn notes: ; filtration comments:  ; tech:  ,Pamphlet Cove,"Jennifer Sunday, Mike McDermid",0-0.5,low,none,none,NA,14.5,by_boat,1.5,present,patchy but healthy,NA,NA,BC_NV,"North Vancouver Island, British Columbia","North Vancouver Island, British Columbia"
BC_NV,NV_PC,pecoe-1647,2024-09-01,50.5176714,-127.65447,7:45,13:15:00,Sample,exblank_2024_089,600,2024,Box 4,negpcr-2024-4,samples kept cooler then fridge before filtering; xn tech: SC; xn date: 2025-04-16; xn notes: ; filtration comments:  ; tech:  ,Pamphlet Cove,"Jennifer Sunday, Mike McDermid",0-0.5,low,none,none,NA,14.5,by_boat,1.5,present,patchy but healthy,NA,NA,BC_NV,"North Vancouver Island, British Columbia","North Vancouver Island, British Columbia"
BC_NV,NV_PC,pecoe-1648,2024-09-01,50.5176714,-127.65447,7:47,13:44:00,Sample,exblank_2024_089,500,2024,Box 4,negpcr-2024-4,samples kept cooler then fridge before filtering; xn tech: SC; xn date: 2025-04-16; xn notes: ; filtration comments:  ; tech:  ,Pamphlet Cove,"Jennifer Sunday, Mike McDermid",0-0.5,low,none,none,NA,14.5,by_boat,1.5,present,patchy but healthy,NA,NA,BC_NV,"North Vancouver Island, British Columbia","North Vancouver Island, British Columbia"
BC_NV,NV_PC,pecoe-1649,2024-09-01,50.5176714,-127.65447,7:50,14:20:00,Sample,exblank_2024_089,500,2024,Box 4,negpcr-2024-4,samples kept cooler then fridge before filtering; xn tech: SC; xn date: 2025-04-16; xn notes: ; filtration comments:  ; tech:  ,Pamphlet Cove,"Jennifer Sunday, Mike McDermid",0-0.5,low,none,none,NA,14.5,by_boat,1.5,present,patchy but healthy,NA,NA,BC_NV,"North Vancouver Island, British Columbia","North Vancouver Island, British Columbia"
BC_NV,NV_PC,pecoe-1650,2024-09-01,50.5176714,-127.65447,7:55,15:11:00,Sample,exblank_2024_089,500,2024,Box 4,negpcr-2024-4,samples kept cooler then fridge before filtering; xn tech: SC; xn date: 2025-04-16; xn notes: ; filtration comments:  ; tech:  ,Pamphlet Cove,"Jennifer Sunday, Mike McDermid",0-0.5,low,none,none,NA,14.5,by_boat,1.5,present,patchy but healthy,NA,NA,BC_NV,"North Vancouver Island, British Columbia","North Vancouver Island, British Columbia"
BC_NV,NV_JL,pecoe-1651,2024-08-31,50.444274,-127.50148,NA,07:50:00,Field blank,exblank_2024_087,650,2024,Box 4,negpcr-2024-4,samples kept cooler then fridge before filtering; xn tech: SC; xn date: 2025-04-10; xn notes: ; filtration comments:  ; tech:  ,Jeune Landing,"Jennifer Sunday, Mike McDermid",0-0.5,low,medium,none,NA,NA,by_foot,1,present,healthy,saw a green crab,NA,BC_NV,"North Vancouver Island, British Columbia","North Vancouver Island, British Columbia"
BC_NV,NV_JL,pecoe-1652,2024-08-31,50.444274,-127.50148,6:56,08:38:00,Sample,exblank_2024_087,900,2024,Box 4,negpcr-2024-4,samples kept cooler then fridge before filtering; xn tech: SC; xn date: 2025-04-10; xn notes: ; filtration comments:  ; tech:  ,Jeune Landing,"Jennifer Sunday, Mike McDermid",0-0.5,low,medium,none,NA,NA,by_foot,1,present,healthy,saw a green crab,NA,BC_NV,"North Vancouver Island, British Columbia","North Vancouver Island, British Columbia"
BC_NV,NV_JL,pecoe-1653,2024-08-31,50.444274,-127.50148,6:53,08:05:00,Sample,exblank_2024_087,900,2024,Box 4,negpcr-2024-4,samples kept cooler then fridge before filtering; xn tech: SC; xn date: 2025-04-10; xn notes:small leaking; filtration comments:  ; tech:  ,Jeune Landing,"Jennifer Sunday, Mike McDermid",0-0.5,low,medium,none,NA,NA,by_foot,1,present,healthy,saw a green crab,NA,BC_NV,"North Vancouver Island, British Columbia","North Vancouver Island, British Columbia"
BC_NV,NV_JL,pecoe-1654,2024-08-31,50.444274,-127.50148,6:58,09:15:00,Sample,exblank_2024_087,900,2024,Box 4,negpcr-2024-4,samples kept cooler then fridge before filtering; xn tech: SC; xn date: 2025-04-10; xn notes: ; filtration comments:  ; tech:  ,Jeune Landing,"Jennifer Sunday, Mike McDermid",0-0.5,low,medium,none,NA,NA,by_foot,1,present,healthy,saw a green crab,NA,BC_NV,"North Vancouver Island, British Columbia","North Vancouver Island, British Columbia"
BC_NV,NV_JL,pecoe-1655,2024-08-31,50.444274,-127.50148,7:00,09:45:00,Sample,exblank_2024_087,900,2024,Box 4,negpcr-2024-4,samples kept cooler then fridge before filtering; xn tech: SC; xn date: 2025-04-10; xn notes: ; filtration comments:  ; tech:  ,Jeune Landing,"Jennifer Sunday, Mike McDermid",0-0.5,low,medium,none,NA,NA,by_foot,1,present,healthy,saw a green crab,NA,BC_NV,"North Vancouver Island, British Columbia","North Vancouver Island, British Columbia"
BC_NV,NV_KC,pecoe-1656,2024-09-01,50.5232285,-127.5752253,NA,09:50:00,Field blank,exblank_2024_087,500,2024,Box 4,negpcr-2024-4,samples kept cooler then fridge before filtering; xn tech: SC; xn date: 2025-04-10; xn notes: ; filtration comments:  ; tech:  ,Kokwina Cove,"Jennifer Sunday, Mike McDermid",0-0.5,low,none,none,NA,NA,by_boat,1.5,present,patchy with epiphytes,NA,NA,BC_NV,"North Vancouver Island, British Columbia","North Vancouver Island, British Columbia"
BC_NV,NV_KC,pecoe-1657,2024-09-01,50.5232285,-127.5752253,7:08,10:11:00,Sample,exblank_2024_087,500,2024,Box 4,negpcr-2024-4,samples kept cooler then fridge before filtering; xn tech: SC; xn date: 2025-04-10; xn notes: ; filtration comments:  ; tech:  ,Kokwina Cove,"Jennifer Sunday, Mike McDermid",0-0.5,low,none,none,NA,NA,by_boat,1.5,present,patchy with epiphytes,NA,NA,BC_NV,"North Vancouver Island, British Columbia","North Vancouver Island, British Columbia"
BC_NV,NV_KC,pecoe-1658,2024-09-01,50.5232285,-127.5752253,7:10,10:39:00,Sample,exblank_2024_087,500,2024,Box 4,negpcr-2024-4,samples kept cooler then fridge before filtering; xn tech: SC; xn date: 2025-04-10; xn notes: ; filtration comments:  ; tech:  ,Kokwina Cove,"Jennifer Sunday, Mike McDermid",0-0.5,low,none,none,NA,NA,by_boat,1.5,present,patchy with epiphytes,NA,NA,BC_NV,"North Vancouver Island, British Columbia","North Vancouver Island, British Columbia"
BC_NV,NV_KC,pecoe-1659,2024-09-01,50.5232285,-127.5752253,7:14,11:09:00,Sample,exblank_2024_087,500,2024,Box 4,negpcr-2024-4,samples kept cooler then fridge before filtering; xn tech: SC; xn date: 2025-04-10; xn notes: ; filtration comments:  ; tech:  ,Kokwina Cove,"Jennifer Sunday, Mike McDermid",0-0.5,low,none,none,NA,NA,by_boat,1.5,present,patchy with epiphytes,NA,NA,BC_NV,"North Vancouver Island, British Columbia","North Vancouver Island, British Columbia"
BC_NV,NV_KC,pecoe-1660,2024-09-01,50.5232285,-127.5752253,7:16,11:44:00,Sample,exblank_2024_087,500,2024,Box 4,negpcr-2024-4,samples kept cooler then fridge before filtering; xn tech: SC; xn date: 2025-04-10; xn notes: ; filtration comments:  ; tech:  ,Kokwina Cove,"Jennifer Sunday, Mike McDermid",0-0.5,low,none,none,NA,NA,by_boat,1.5,present,patchy with epiphytes,NA,NA,BC_NV,"North Vancouver Island, British Columbia","North Vancouver Island, British Columbia"
BC_NV,NV_KB,pecoe-1661,2024-09-02,50.4963966,-127.8563,7:42,12:50:00,Sample,exblank_2024_089,500,2024,Box 4,negpcr-2024-4,"samples kept cooler until filtering, all outside; xn tech: SC; xn date: 2025-04-16; xn notes: ; filtration comments:  ; tech:  ",Kaprino Bay,"Jennifer Sunday, Mike McDermid",0-0.5,low,none,none,NA,NA,by_boat,1.5,present,healthy,pumped outside in sun and wind,NA,BC_NV,"North Vancouver Island, British Columbia","North Vancouver Island, British Columbia"
BC_NV,NV_KB,pecoe-1662,2024-09-02,50.4963966,-127.8563,NA,12:30:00,Field blank,exblank_2024_089,500,2024,Box 4,negpcr-2024-4,"samples kept cooler until filtering, all outside; xn tech: SC; xn date: 2025-04-16; xn notes: ; filtration comments:  ; tech:  ",Kaprino Bay,"Jennifer Sunday, Mike McDermid",0-0.5,low,none,none,NA,NA,by_boat,1.5,present,healthy,pumped outside in sun and wind,NA,BC_NV,"North Vancouver Island, British Columbia","North Vancouver Island, British Columbia"
BC_NV,NV_KB,pecoe-1663,2024-09-02,50.4963966,-127.8563,7:42,13:09:00,Sample,exblank_2024_089,500,2024,Box 4,negpcr-2024-4,"samples kept cooler until filtering, all outside; xn tech: SC; xn date: 2025-04-16; xn notes: ; filtration comments:  ; tech:  ",Kaprino Bay,"Jennifer Sunday, Mike McDermid",0-0.5,low,none,none,NA,NA,by_boat,1.5,present,healthy,pumped outside in sun and wind,NA,BC_NV,"North Vancouver Island, British Columbia","North Vancouver Island, British Columbia"
BC_NV,NV_KB,pecoe-1664,2024-09-02,50.4963966,-127.8563,7:44,13:23:00,Sample,exblank_2024_089,500,2024,Box 4,negpcr-2024-4,"samples kept cooler until filtering, all outside; xn tech: SC; xn date: 2025-04-16; xn notes: ; filtration comments:  ; tech:  ",Kaprino Bay,"Jennifer Sunday, Mike McDermid",0-0.5,low,none,none,NA,NA,by_boat,1.5,present,healthy,pumped outside in sun and wind,NA,BC_NV,"North Vancouver Island, British Columbia","North Vancouver Island, British Columbia"
BC_NV,NV_KB,pecoe-1665,2024-09-02,50.4963966,-127.8563,7:46,13:46:00,Sample,exblank_2024_089,500,2024,Box 4,negpcr-2024-4,"samples kept cooler until filtering, all outside; xn tech: SC; xn date: 2025-04-16; xn notes: ; filtration comments:  ; tech:  ",Kaprino Bay,"Jennifer Sunday, Mike McDermid",0-0.5,low,none,none,NA,NA,by_boat,1.5,present,healthy,pumped outside in sun and wind,NA,BC_NV,"North Vancouver Island, British Columbia","North Vancouver Island, British Columbia"
BC_NV,NV_BI,pecoe-1666,2024-09-02,50.487651,-128.04075,NA,14:07:00,Field blank,exblank_2024_089,350,2024,Box 4,negpcr-2024-4,"samples kept cooler until filtering, all outside; xn tech: SC; xn date: 2025-04-16; xn notes: ; filtration comments:  ; tech:  ",Browning Inlet,"Jennifer Sunday, Mike McDermid",0-0.5,low,none,none,NA,15.8,by_boat,1.5,present,healthy,pumped outside in sun and wind,NA,BC_NV,"North Vancouver Island, British Columbia","North Vancouver Island, British Columbia"
BC_NV,NV_BI,pecoe-1667,2024-09-02,50.487651,-128.04075,8:24,15:15:00,Sample,exblank_2024_088,740,2024,Box 4,negpcr-2024-4,"samples kept cooler until filtering, all outside; xn tech: SC; xn date: 2025-04-14; xn notes: ; filtration comments:  ; tech:  ",Browning Inlet,"Jennifer Sunday, Mike McDermid",0-0.5,low,none,none,NA,15.8,by_boat,1.5,present,healthy,pumped outside in sun and wind,NA,BC_NV,"North Vancouver Island, British Columbia","North Vancouver Island, British Columbia"
BC_NV,NV_BI,pecoe-1668,2024-09-02,50.487651,-128.04075,8:21,14:58:00,Sample,exblank_2024_089,500,2024,Box 4,negpcr-2024-4,"samples kept cooler until filtering, all outside; xn tech: SC; xn date: 2025-04-16; xn notes: ; filtration comments:  ; tech:  ",Browning Inlet,"Jennifer Sunday, Mike McDermid",0-0.5,low,none,none,NA,15.8,by_boat,1.5,present,healthy,pumped outside in sun and wind,NA,BC_NV,"North Vancouver Island, British Columbia","North Vancouver Island, British Columbia"
BC_NV,NV_BI,pecoe-1669,2024-09-02,50.487651,-128.04075,8:20,14:42:00,Sample,exblank_2024_087,500,2024,Box 4,negpcr-2024-4,"samples kept cooler until filtering, all outside; xn tech: SC; xn date: 2025-04-10; xn notes: ; filtration comments:  ; tech:  ",Browning Inlet,"Jennifer Sunday, Mike McDermid",0-0.5,low,none,none,NA,15.8,by_boat,1.5,present,healthy,pumped outside in sun and wind,NA,BC_NV,"North Vancouver Island, British Columbia","North Vancouver Island, British Columbia"
BC_NV,NV_BI,pecoe-1670,2024-09-02,50.487651,-128.04075,8:18,14:27:00,Sample,exblank_2024_089,500,2024,Box 4,negpcr-2024-4,"samples kept cooler until filtering, all outside; xn tech: SC; xn date: 2025-04-16; xn notes: ; filtration comments:  ; tech:  ",Browning Inlet,"Jennifer Sunday, Mike McDermid",0-0.5,low,none,none,NA,15.8,by_boat,1.5,present,healthy,pumped outside in sun and wind,NA,BC_NV,"North Vancouver Island, British Columbia","North Vancouver Island, British Columbia"
CA_NC,NC_DE,pecoe-1671,2024-08-27,38.08227,-122.93249,NA,NA,Field blank,exblank_2024_081,1000,2024,Box 4,negpcr-2024-4,filtering took 15 mins; xn tech: Sue; xn date: 2025-03-25; xn notes: ; filtration comments:  ; tech:  ,Drakes Estero,"Rachel Karm, Jole Huckeba",0-0.5,flood,medium,none,38.81,21.9,by_foot,1.5,present,Zostera marina,pump broke,NA,CA_NCc,"Bodega Bay, California","San Francisco Bay 2, California"
CA_NC,NC_DE,pecoe-1672,2024-08-27,38.08227,-122.93249,11:40,NA,Sample,exblank_2024_081,500,2024,Box 4,negpcr-2024-4,filtering took 15 mins; xn tech: Sue; xn date: 2025-03-25; xn notes: ; filtration comments:  ; tech:  ,Drakes Estero,"Rachel Karm, Jole Huckeba",0-0.5,flood,medium,none,38.81,21.9,by_foot,1.5,present,Zostera marina,pump broke,NA,CA_NCc,"Bodega Bay, California","San Francisco Bay 2, California"
CA_NC,NC_DE,pecoe-1673,2024-08-27,38.08227,-122.93249,11:42,NA,Sample,exblank_2024_082,500,2024,Box 4,negpcr-2024-4,"pump broke, pumped with own pump; filtering took 20 mins; xn tech: SC; xn date: 2025-04-02; xn notes:defrost day before; filtration comments:  ; tech:  ",Drakes Estero,"Rachel Karm, Jole Huckeba",0-0.5,flood,medium,none,38.81,21.9,by_foot,1.5,present,Zostera marina,pump broke,NA,CA_NCc,"Bodega Bay, California","San Francisco Bay 2, California"
CA_NC,NC_DE,pecoe-1674,2024-08-27,38.08227,-122.93249,11:45,NA,Sample,exblank_2024_082,500,2024,Box 4,negpcr-2024-4,"pump broke, pumped with own pump; filtering took 17 mins; xn tech: SC; xn date: 2025-04-02; xn notes:defrost day before; filtration comments:  ; tech:  ",Drakes Estero,"Rachel Karm, Jole Huckeba",0-0.5,flood,medium,none,38.81,21.9,by_foot,1.5,present,Zostera marina,pump broke,NA,CA_NCc,"Bodega Bay, California","San Francisco Bay 2, California"
CA_NC,NC_DE,pecoe-1675,2024-08-27,38.08227,-122.93249,11:48,NA,Sample,exblank_2024_082,500,2024,Box 4,negpcr-2024-4,"pump broke, pumped with own pump; filtering took 18 mins; xn tech: SC; xn date: 2025-04-02; xn notes:defrost day before; filtration comments:  ; tech:  ",Drakes Estero,"Rachel Karm, Jole Huckeba",0-0.5,flood,medium,none,38.81,21.9,by_foot,1.5,present,Zostera marina,pump broke,NA,CA_NCc,"Bodega Bay, California","San Francisco Bay 2, California"
CA_HB,HB_SB,pecoe-1676,2024-09-11,40.772876,-124.212334,NA,11:54:00,Field blank,exblank_2024_088,1000,2024,Box 4,negpcr-2024-4, ; xn tech: SC; xn date: 2025-04-14; xn notes: ; filtration comments:  ; tech:  ,Samoa Boat Ramp,Johnathon Richardson,0-0.5,slack,light,none,36,15,by_foot,1,present,thick,"parallel to shore, 0m from shore, 10 m apart",NA,CA_HB,"Humboldt Bay, California","Humboldt Bay, California"
CA_HB,HB_SB,pecoe-1677,2024-09-11,40.772876,-124.212334,10:47,12:57:00,Sample,exblank_2024_088,875,2024,Box 4,negpcr-2024-4, ; xn tech: SC; xn date: 2025-04-14; xn notes: ; filtration comments:  ; tech:  ,Samoa Boat Ramp,Johnathon Richardson,0-0.5,slack,light,none,36,15,by_foot,1,present,thick,"parallel to shore, 0m from shore, 10 m apart",NA,CA_HB,"Humboldt Bay, California","Humboldt Bay, California"
CA_HB,HB_SB,pecoe-1678,2024-09-11,40.772876,-124.212334,10:52,15:08:00,Sample,exblank_2024_088,650,2024,Box 4,negpcr-2024-4, ; xn tech: SC; xn date: 2025-04-14; xn notes: ; filtration comments:  ; tech:  ,Samoa Boat Ramp,Johnathon Richardson,0-0.5,slack,light,none,36,15,by_foot,1,present,thick,"parallel to shore, 0m from shore, 10 m apart",NA,CA_HB,"Humboldt Bay, California","Humboldt Bay, California"
CA_HB,HB_SB,pecoe-1679,2024-09-11,40.772876,-124.212334,10:55,15:40:00,Sample,exblank_2024_088,850,2024,Box 4,negpcr-2024-4, ; xn tech: SC; xn date: 2025-04-14; xn notes: ; filtration comments:  ; tech:  ,Samoa Boat Ramp,Johnathon Richardson,0-0.5,slack,light,none,36,15,by_foot,1,present,thick,"parallel to shore, 0m from shore, 10 m apart",NA,CA_HB,"Humboldt Bay, California","Humboldt Bay, California"
CA_HB,HB_SB,pecoe-1680,2024-09-11,40.772876,-124.212334,10:59,16:30:00,Sample,exblank_2024_088,800,2024,Box 4,negpcr-2024-4, ; xn tech: SC; xn date: 2025-04-14; xn notes: ; filtration comments:  ; tech:  ,Samoa Boat Ramp,Johnathon Richardson,0-0.5,slack,light,none,36,15,by_foot,1,present,thick,"parallel to shore, 0m from shore, 10 m apart",NA,CA_HB,"Humboldt Bay, California","Humboldt Bay, California"
CA_HB,HB_KS,pecoe-1681,2024-09-12,40.737335,-124.22034,NA,09:14:00,Field blank,exblank_2024_088,1000,2024,Box 4,negpcr-2024-4, ; xn tech: SC; xn date: 2025-04-14; xn notes: ; filtration comments:  ; tech:  ,King Salmon,Johnathon Richardson,0-0.5,high,light,none,36,14,by_foot,1,present,sparse,"parallel to shore, 0m from shore, 10 m apart",NA,CA_HB,"Humboldt Bay, California","Humboldt Bay, California"
CA_HB,HB_KS,pecoe-1682,2024-09-12,40.737335,-124.22034,8:04,09:54:00,Sample,exblank_2024_088,750,2024,Box 4,negpcr-2024-4, ; xn tech: SC; xn date: 2025-04-14; xn notes: ; filtration comments:  ; tech:  ,King Salmon,Johnathon Richardson,0-0.5,high,light,none,36,14,by_foot,1,present,sparse,"parallel to shore, 0m from shore, 10 m apart",NA,CA_HB,"Humboldt Bay, California","Humboldt Bay, California"
CA_HB,HB_KS,pecoe-1683,2024-09-12,40.737335,-124.22034,8:08,10:34:00,Sample,exblank_2024_088,875,2024,Box 4,negpcr-2024-4, ; xn tech: SC; xn date: 2025-04-14; xn notes: ; filtration comments:  ; tech:  ,King Salmon,Johnathon Richardson,0-0.5,high,light,none,36,14,by_foot,1,present,sparse,"parallel to shore, 0m from shore, 10 m apart",NA,CA_HB,"Humboldt Bay, California","Humboldt Bay, California"
CA_HB,HB_KS,pecoe-1684,2024-09-12,40.737335,-124.22034,8:10,12:33:00,Sample,exblank_2024_088,650,2024,Box 4,negpcr-2024-4, ; xn tech: SC; xn date: 2025-04-14; xn notes: ; filtration comments:  ; tech:  ,King Salmon,Johnathon Richardson,0-0.5,high,light,none,36,14,by_foot,1,present,sparse,"parallel to shore, 0m from shore, 10 m apart",NA,CA_HB,"Humboldt Bay, California","Humboldt Bay, California"
CA_HB,HB_KS,pecoe-1685,2024-09-12,40.737335,-124.22034,8:13,13:12:00,Sample,exblank_2024_088,800,2024,Box 4,negpcr-2024-4, ; xn tech: SC; xn date: 2025-04-14; xn notes: ; filtration comments:  ; tech:  ,King Salmon,Johnathon Richardson,0-0.5,high,light,none,36,14,by_foot,1,present,sparse,"parallel to shore, 0m from shore, 10 m apart",NA,CA_HB,"Humboldt Bay, California","Humboldt Bay, California"
CA_HB,HB_EB,pecoe-1686,2024-09-13,40.803473,-124.176972,NA,11:51:00,Field blank,exblank_2024_086,1000,2024,Box 4,negpcr-2024-4, ; xn tech: SC; xn date: 2025-04-09; xn notes: ; filtration comments:  ; tech:  ,Eureka Boat Ramp,Johnathon Richardson,0-0.5,ebb,light,none,37,15,by_foot,3,present,sparse,"parallel to shore, 0m from shore, 10 m apart",NA,CA_HB,"Humboldt Bay, California","Humboldt Bay, California"
CA_HB,HB_EB,pecoe-1687,2024-09-13,40.803473,-124.176972,11:08,12:22:00,Sample,exblank_2024_089,1000,2024,Box 4,negpcr-2024-4, ; xn tech: SC; xn date: 2025-04-16; xn notes: ; filtration comments:  ; tech:  ,Eureka Boat Ramp,Johnathon Richardson,0-0.5,ebb,light,none,37,15,by_foot,3,present,sparse,"parallel to shore, 0m from shore, 10 m apart",NA,CA_HB,"Humboldt Bay, California","Humboldt Bay, California"
CA_HB,HB_EB,pecoe-1688,2024-09-13,40.803473,-124.176972,11:10,12:58:00,Sample,exblank_2024_089,1000,2024,Box 4,negpcr-2024-4, ; xn tech: SC; xn date: 2025-04-16; xn notes: ; filtration comments:  ; tech:  ,Eureka Boat Ramp,Johnathon Richardson,0-0.5,ebb,light,none,37,15,by_foot,3,present,sparse,"parallel to shore, 0m from shore, 10 m apart",NA,CA_HB,"Humboldt Bay, California","Humboldt Bay, California"
CA_HB,HB_EB,pecoe-1689,2024-09-13,40.803473,-124.176972,11:12,13:34:00,Sample,exblank_2024_086,1000,2024,Box 4,negpcr-2024-4, ; xn tech: SC; xn date: 2025-04-09; xn notes: ; filtration comments:  ; tech:  ,Eureka Boat Ramp,Johnathon Richardson,0-0.5,ebb,light,none,37,15,by_foot,3,present,sparse,"parallel to shore, 0m from shore, 10 m apart",NA,CA_HB,"Humboldt Bay, California","Humboldt Bay, California"
CA_HB,HB_EB,pecoe-1690,2024-09-13,40.803473,-124.176972,11:14,14:04:00,Sample,exblank_2024_086,1000,2024,Box 4,negpcr-2024-4, ; xn tech: SC; xn date: 2025-04-09; xn notes: ; filtration comments:  ; tech:  ,Eureka Boat Ramp,Johnathon Richardson,0-0.5,ebb,light,none,37,15,by_foot,3,present,sparse,"parallel to shore, 0m from shore, 10 m apart",NA,CA_HB,"Humboldt Bay, California","Humboldt Bay, California"
BC_CC,CC_KIS2,pecoe-1691,2024-08-18,51.8367,-128.2393,6:10,11:42:00,Sample,exblank_2024_062,1000,2024,BOX1,negpcr-2024-4, ; xn tech: AC&CJ; xn date: 2025-01-22; xn notes: ; filtration comments:  ; tech:  ,SE Spider Island,"KB, AN, RO",0-0.5,ebb,none,none,28.2,14.9,by_boat,2.5-3,present,"patchy, macro is present, canopy low","right of shore to left across bay; 10m distance between collections, consistent depth acros",NA,BC_CC,Central Coast British Columbia,Central Coast British Columbia
BC_CC,CC_KIS2,pecoe-1692,2024-08-18,51.8367,-128.2393,6:12,11:42:00,Sample,exblank_2024_062,1000,2024,BOX1,negpcr-2024-4, ; xn tech: AC&CJ; xn date: 2025-01-22; xn notes: ; filtration comments:  ; tech:  ,SE Spider Island,"KB, AN, RO",0-0.5,ebb,none,none,28.2,14.9,by_boat,2.5-3,present,"patchy, macro is present, canopy low","right of shore to left across bay; 10m distance between collections, consistent depth acros",NA,BC_CC,Central Coast British Columbia,Central Coast British Columbia
BC_CC,CC_KIS2,pecoe-1693,2024-08-18,51.8367,-128.2393,6:15,11:42:00,Sample,exblank_2024_062,1000,2024,BOX1,negpcr-2024-4, ; xn tech: AC&CJ; xn date: 2025-01-22; xn notes: ; filtration comments:  ; tech:  ,SE Spider Island,"KB, AN, RO",0-0.5,ebb,none,none,28.2,14.9,by_boat,2.5-3,present,"patchy, macro is present, canopy low","right of shore to left across bay; 10m distance between collections, consistent depth acros",NA,BC_CC,Central Coast British Columbia,Central Coast British Columbia
BC_CC,CC_KIS2,pecoe-1694,2024-08-18,51.8367,-128.2393,6:17,13:00:00,Sample,exblank_2024_062,1000,2024,BOX1,negpcr-2024-4, ; xn tech: AC&CJ; xn date: 2025-01-22; xn notes: ; filtration comments:  ; tech:  ,SE Spider Island,"KB, AN, RO",0-0.5,ebb,none,none,28.2,14.9,by_boat,2.5-3,present,"patchy, macro is present, canopy low","right of shore to left across bay; 10m distance between collections, consistent depth acros",NA,BC_CC,Central Coast British Columbia,Central Coast British Columbia
BC_CC,CC_KIS2,pecoe-1695,2024-08-18,51.8367,-128.2393,NA,13:00:00,Field blank,exblank_2024_062,1000,2024,BOX1,negpcr-2024-4, ; xn tech: AC&CJ; xn date: 2025-01-22; xn notes: ; filtration comments:  ; tech:  ,SE Spider Island,"KB, AN, RO",0-0.5,ebb,none,none,28.2,14.9,by_boat,2.5-3,present,"patchy, macro is present, canopy low","right of shore to left across bay; 10m distance between collections, consistent depth acros",NA,BC_CC,Central Coast British Columbia,Central Coast British Columbia
BC_CC,CC_PBA,pecoe-1696,2024-08-19,51.64654,-128.119089,5:44,13:03:00,Sample,exblank_2024_062,1000,2024,BOX1,negpcr-2024-4, ; xn tech: AC&CJ; xn date: 2025-01-22; xn notes: ; filtration comments:  ; tech:  ,Pruth Bay,"KB, AN, RO",0-0.5,ebb,none,light,24.31,15.8,by_boat,1.5-2,present,"large dense bed, tall canopy 1+m; seagrass lessens closer to shore; not a lot at intertidal where they seine",10m apart along shoreline,NA,BC_CC,Central Coast British Columbia,Central Coast British Columbia
BC_CC,CC_PBA,pecoe-1697,2024-08-19,51.64654,-128.119089,5:46,13:03:00,Sample,exblank_2024_062,1000,2024,BOX1,negpcr-2024-4, ; xn tech: AC&CJ; xn date: 2025-01-22; xn notes: ; filtration comments:  ; tech:  ,Pruth Bay,"KB, AN, RO",0-0.5,ebb,none,light,24.31,15.8,by_boat,1.5-2,present,"large dense bed, tall canopy 1+m; seagrass lessens closer to shore; not a lot at intertidal where they seine",10m apart along shoreline,NA,BC_CC,Central Coast British Columbia,Central Coast British Columbia
BC_CC,CC_PBA,pecoe-1698,2024-08-19,51.64654,-128.119089,5:47,13:03:00,Sample,exblank_2024_062,1000,2024,BOX1,negpcr-2024-4, ; xn tech: AC&CJ; xn date: 2025-01-22; xn notes: ; filtration comments:  ; tech:  ,Pruth Bay,"KB, AN, RO",0-0.5,ebb,none,light,24.31,15.8,by_boat,1.5-2,present,"large dense bed, tall canopy 1+m; seagrass lessens closer to shore; not a lot at intertidal where they seine",10m apart along shoreline,NA,BC_CC,Central Coast British Columbia,Central Coast British Columbia
BC_CC,CC_PBA,pecoe-1699,2024-08-19,51.64654,-128.119089,5:49,13:33:00,Sample,exblank_2024_062,1000,2024,BOX1,negpcr-2024-4, ; xn tech: AC&CJ; xn date: 2025-01-22; xn notes: ; filtration comments:  ; tech:  ,Pruth Bay,"KB, AN, RO",0-0.5,ebb,none,light,24.31,15.8,by_boat,1.5-2,present,"large dense bed, tall canopy 1+m; seagrass lessens closer to shore; not a lot at intertidal where they seine",10m apart along shoreline,NA,BC_CC,Central Coast British Columbia,Central Coast British Columbia
BC_CC,CC_PBA,pecoe-1700,2024-08-19,51.64654,-128.119089,NA,13:33:00,Field blank,exblank_2024_062,1000,2024,BOX1,negpcr-2024-4, ; xn tech: AC&CJ; xn date: 2025-01-22; xn notes: ; filtration comments:  ; tech:  ,Pruth Bay,"KB, AN, RO",0-0.5,ebb,none,light,24.31,15.8,by_boat,1.5-2,present,"large dense bed, tall canopy 1+m; seagrass lessens closer to shore; not a lot at intertidal where they seine",10m apart along shoreline,NA,BC_CC,Central Coast British Columbia,Central Coast British Columbia
BC_CC,CC_CHP,pecoe-1701,2024-08-20,51.67622,-128.1234,6:10,13:34:00,Sample,exblank_2024_062,1000,2024,BOX1,negpcr-2024-4, ; xn tech: AC&CJ; xn date: 2025-01-22; xn notes:Leaked a bit during the incubation phase; filtration comments:  ; tech:  ,Choked Pocket,"KB, AN, RO",0-0.5,ebb,none,none,27.37,11.63,by_boat,1.5,present,"patches of dense eelgras, patches are large, canopy ~0.5-1m, macro and ulva present w/in seagrass (mainly in areas of no gr)","10m apart, ~1.5m depth parallel to shore",NA,BC_CC,Central Coast British Columbia,Central Coast British Columbia
BC_CC,CC_CHP,pecoe-1702,2024-08-20,51.67622,-128.1234,6:12,13:34:00,Sample,exblank_2024_074,1000,2024,Box 2,negpcr-2024-4, ; xn tech: SC; xn date: 2025-03-12; xn notes: ; filtration comments:  ; tech:  ,Choked Pocket,"KB, AN, RO",0-0.5,ebb,none,none,27.37,11.63,by_boat,1.5,present,"patches of dense eelgras, patches are large, canopy ~0.5-1m, macro and ulva present w/in seagrass (mainly in areas of no gr)","10m apart, ~1.5m depth parallel to shore",NA,BC_CC,Central Coast British Columbia,Central Coast British Columbia
BC_CC,CC_CHP,pecoe-1703,2024-08-20,51.67622,-128.1234,6:13,13:34:00,Sample,exblank_2024_074,1000,2024,Box 2,negpcr-2024-4, ; xn tech: SC; xn date: 2025-03-12; xn notes: ; filtration comments:  ; tech:  ,Choked Pocket,"KB, AN, RO",0-0.5,ebb,none,none,27.37,11.63,by_boat,1.5,present,"patches of dense eelgras, patches are large, canopy ~0.5-1m, macro and ulva present w/in seagrass (mainly in areas of no gr)","10m apart, ~1.5m depth parallel to shore",NA,BC_CC,Central Coast British Columbia,Central Coast British Columbia
BC_CC,CC_CHP,pecoe-1704,2024-08-20,51.67622,-128.1234,6:15,13:57:00,Sample,exblank_2024_074,1000,2024,Box 2,negpcr-2024-4, ; xn tech: SC; xn date: 2025-03-12; xn notes: ; filtration comments:  ; tech:  ,Choked Pocket,"KB, AN, RO",0-0.5,ebb,none,none,27.37,11.63,by_boat,1.5,present,"patches of dense eelgras, patches are large, canopy ~0.5-1m, macro and ulva present w/in seagrass (mainly in areas of no gr)","10m apart, ~1.5m depth parallel to shore",NA,BC_CC,Central Coast British Columbia,Central Coast British Columbia
BC_CC,CC_CHP,pecoe-1705,2024-08-20,51.67622,-128.1234,NA,13:57:00,Field blank,exblank_2024_074,1000,2024,Box 2,negpcr-2024-4, ; xn tech: SC; xn date: 2025-03-12; xn notes: ; filtration comments:  ; tech:  ,Choked Pocket,"KB, AN, RO",0-0.5,ebb,none,none,27.37,11.63,by_boat,1.5,present,"patches of dense eelgras, patches are large, canopy ~0.5-1m, macro and ulva present w/in seagrass (mainly in areas of no gr)","10m apart, ~1.5m depth parallel to shore",NA,BC_CC,Central Coast British Columbia,Central Coast British Columbia
