found_taxa,common_name,rank,motu,motu_swarm,asv,curated,lulu_rank,found_taxa_asv,common_name_asv,rank_asv,identity_percentage,evalue,kingdom,phylum,class,order,family,genus,freshwater_only
Acanthogobius flavimanus,Yellowfin goby,species,motu89,motu89,ASV137,parent,82,Acanthogobius flavimanus,Yellowfin goby,species,100,2.2e-84,Eukaryota,Chordata,Teleostei,Gobiiformes,Gobiidae,Acanthogobius,0
Acanthogobius flavimanus,Yellowfin goby,species,motu89,motu89,ASV177,parent,82,Acanthogobius flavimanus,Yellowfin goby,species,100,2.2e-84,Eukaryota,Chordata,Teleostei,Gobiiformes,Gobiidae,Acanthogobius,0
Acanthuriformes,Acanthuriform order,order,motu150,motu150,ASV489,parent,137,Acanthuriformes,Acanthuriform order,order,85.211,2.39e-34,Eukaryota,Chordata,Teleostei,Acanthuriformes,NA,NA,0
Acipenser,White sturgeon,genus,motu205,motu205,ASV439,parent,223,Acipenser,White sturgeon,genus,100,1.4200000000000001e-91,Eukaryota,Chordata,Chondrostei,Acipenseriformes,Acipenseridae,Acipenser,0
Acipenser transmontanus,White sturgeon,species,motu168,motu168,ASV363,parent,182,Acipenser transmontanus,White sturgeon,species,100,1.4200000000000001e-91,Eukaryota,Chordata,Chondrostei,Acipenseriformes,Acipenseridae,Acipenser,0
Agonopsis vulsa,Northern spearnose poacher,species,motu182,motu182,ASV394,parent,200,Agonopsis vulsa,Northern spearnose poacher,species,100,1.73e-85,Eukaryota,Chordata,Teleostei,Perciformes,Agonidae,Agonopsis,0
Alces alces,Moose,outgroup,motu46,motu46,ASV58,parent,64,Alces alces,Moose,outgroup,100,6.150000000000001e-85,Eukaryota,Chordata,Mammalia,Artiodactyla,Cervidae,Alces,NA
Alosa pseudoharengus,Alewife invasive,species,motu149,motu149,ASV302,parent,160,Alosa pseudoharengus,Alewife invasive,species,100,1.0599999999999998e-87,Eukaryota,Chordata,Teleostei,Clupeiformes,Alosidae,Alosa,0
Alosa sapidissima,American shad,species,motu67,motu67,ASV90,parent,90,Alosa sapidissima,American shad,species,100,1.0599999999999998e-87,Eukaryota,Chordata,Teleostei,Clupeiformes,Alosidae,Alosa,0
Ammodytes personatus,Pacific sandlance,species,motu17,motu17,ASV18,parent,18,Ammodytes personatus,Pacific sandlance,species,100,1.72e-85,Eukaryota,Chordata,Teleostei,Perciformes,Ammodytidae,Ammodytes,0
Ammodytes personatus,Pacific sandlance,species,motu17,motu17,ASV123,parent,18,Ammodytes personatus,Pacific sandlance,species,100,1.73e-85,Eukaryota,Chordata,Teleostei,Perciformes,Ammodytidae,Ammodytes,0
Ammodytes personatus,Pacific sandlance,species,motu17,motu17,ASV932,parent,18,Ammodytes personatus,Pacific sandlance,species,99.408,8.02e-84,Eukaryota,Chordata,Teleostei,Perciformes,Ammodytidae,Ammodytes,0
Ammodytes personatus,Pacific sandlance,species,motu17,motu17,ASV1141,parent,18,Ammodytes personatus,Pacific sandlance,species,99.408,8.02e-84,Eukaryota,Chordata,Teleostei,Perciformes,Ammodytidae,Ammodytes,0
Ammodytes personatus,Pacific sandlance,species,motu17,motu17,ASV1318,parent,18,Ammodytes personatus,Pacific sandlance,species,99.408,8.02e-84,Eukaryota,Chordata,Teleostei,Perciformes,Ammodytidae,Ammodytes,0
Ammodytes personatus,Pacific sandlance,species,motu17,motu17,ASV1370,parent,18,Ammodytes personatus,Pacific sandlance,species,99.408,8.02e-84,Eukaryota,Chordata,Teleostei,Perciformes,Ammodytidae,Ammodytes,0
Ammodytes personatus,Pacific sandlance,species,motu17,motu17,ASV257,parent,18,Ammodytes personatus,Pacific sandlance,species,99.408,8.07e-84,Eukaryota,Chordata,Teleostei,Perciformes,Ammodytidae,Ammodytes,0
Ammodytes personatus,Pacific sandlance,species,motu17,motu17,ASV432,parent,18,Ammodytes personatus,Pacific sandlance,species,99.408,8.07e-84,Eukaryota,Chordata,Teleostei,Perciformes,Ammodytidae,Ammodytes,0
Ammodytes personatus,Pacific sandlance,species,motu17,motu17,ASV477,parent,18,Ammodytes personatus,Pacific sandlance,species,99.408,8.07e-84,Eukaryota,Chordata,Teleostei,Perciformes,Ammodytidae,Ammodytes,0
Ammodytes personatus,Pacific sandlance,species,motu17,motu17,ASV838,parent,18,Ammodytes personatus,Pacific sandlance,species,99.408,8.07e-84,Eukaryota,Chordata,Teleostei,Perciformes,Ammodytidae,Ammodytes,0
Ammodytes personatus,Pacific sandlance,species,motu17,motu17,ASV964,parent,18,Ammodytes personatus,Pacific sandlance,species,99.408,8.07e-84,Eukaryota,Chordata,Teleostei,Perciformes,Ammodytidae,Ammodytes,0
Ammodytes personatus,Pacific sandlance,species,motu17,motu17,ASV1102,parent,18,Ammodytes personatus,Pacific sandlance,species,99.408,8.07e-84,Eukaryota,Chordata,Teleostei,Perciformes,Ammodytidae,Ammodytes,0
Amphritea,Bacteria,outgroup,motu1387,motu1387,ASV2173,parent,1387,Amphritea,Bacteria,outgroup,96.838,1.19e-118,Bacteria,Pseudomonadota,Gammaproteobacteria,Oceanospirillales,Oceanospirillaceae,Amphritea,NA
Anarrhichthys ocellatus,Wolf eel,species,motu41,motu41,ASV51,parent,56,Anarrhichthys ocellatus,Wolf eel,species,100,1.72e-85,Eukaryota,Chordata,Teleostei,Perciformes,Anarhichadidae,Anarrhichthys,0
Anas,Duck,outgroup,motu175,motu175,ASV380,parent,193,Anas,Duck,outgroup,100,1.91e-95,Eukaryota,Chordata,Aves,Anseriformes,Anatidae,Anas,NA
Anas,Duck,outgroup,motu715,motu715,ASV1290,parent,732,Anas,Duck,outgroup,93.651,5.5199999999999997e-76,Eukaryota,Chordata,Aves,Anseriformes,Anatidae,Anas,NA
Anas,Duck,outgroup,motu1492,motu1492,ASV2285,parent,1492,Anas,Duck,outgroup,96.809,1.95e-85,Eukaryota,Chordata,Aves,Anseriformes,Anatidae,Anas,NA
Anatidae,Duck,outgroup,motu442,motu442,ASV886,parent,463,Anatidae,Duck,outgroup,95.187,1.9500000000000003e-80,Eukaryota,Chordata,Aves,Anseriformes,Anatidae,NA,NA
Anatidae,Duck,outgroup,motu1520,motu1520,ASV2314,parent,1524,Anatidae,Duck,outgroup,92.063,5.56e-71,Eukaryota,Chordata,Aves,Anseriformes,Anatidae,NA,NA
Anchoa compressa,Deep body anchovy,species,motu121,motu121,ASV201,parent,130,Anchoa compressa,Deep body anchovy,species,100,3.7799999999999996e-87,Eukaryota,Chordata,Teleostei,Clupeiformes,Engraulidae,Anchoa,0
Anchoa delicatissima,Slough anchovy,species,motu68,motu68,ASV91,parent,51,Anchoa delicatissima,Slough anchovy,species,100,3.7799999999999996e-87,Eukaryota,Chordata,Teleostei,Clupeiformes,Engraulidae,Anchoa,0
Anchoa delicatissima,Slough anchovy,species,motu68,motu68,ASV119,parent,51,Anchoa delicatissima,Slough anchovy,species,99.419,1.76e-85,Eukaryota,Chordata,Teleostei,Clupeiformes,Engraulidae,Anchoa,0
Anchoa delicatissima,Slough anchovy,species,motu68,motu68,ASV225,parent,51,Anchoa delicatissima,Slough anchovy,species,100,3.7999999999999996e-87,Eukaryota,Chordata,Teleostei,Clupeiformes,Engraulidae,Anchoa,0
Anchoa delicatissima,Slough anchovy,species,motu68,motu68,ASV204,parent,51,Anchoa delicatissima,Slough anchovy,species,99.419,1.77e-85,Eukaryota,Chordata,Teleostei,Clupeiformes,Engraulidae,Anchoa,0
Anchoa delicatissima,Slough anchovy,species,motu68,motu68,ASV919,parent,51,Anchoa delicatissima,Slough anchovy,species,99.419,1.77e-85,Eukaryota,Chordata,Teleostei,Clupeiformes,Engraulidae,Anchoa,0
Anisotremus davidsonii,Xantic sargo,species,motu42,motu42,ASV52,parent,58,Anisotremus davidsonii,Xantic sargo,species,100,1.72e-85,Eukaryota,Chordata,Teleostei,Eupercaria incertae sedis,Haemulidae,Anisotremus,0
Anoplarchus,High cockscomb,genus,motu25,motu25,ASV27,parent,23,Anoplarchus,High cockscomb,genus,100,1.72e-85,Eukaryota,Chordata,Teleostei,Perciformes,Stichaeidae,Anoplarchus,0
Anoplarchus,High cockscomb,genus,motu25,motu25,ASV56,parent,23,Anoplarchus,High cockscomb,genus,100,1.73e-85,Eukaryota,Chordata,Teleostei,Perciformes,Stichaeidae,Anoplarchus,0
Anoplarchus,High cockscomb,genus,motu25,motu25,ASV92,parent,23,Anoplarchus,High cockscomb,genus,99.408,8.02e-84,Eukaryota,Chordata,Teleostei,Perciformes,Stichaeidae,Anoplarchus,0
Anoplarchus,High cockscomb,genus,motu25,motu25,ASV109,parent,23,Anoplarchus,High cockscomb,genus,99.408,8.02e-84,Eukaryota,Chordata,Teleostei,Perciformes,Stichaeidae,Anoplarchus,0
Anoplarchus,High cockscomb,genus,motu25,motu25,ASV122,parent,23,Anoplarchus,High cockscomb,genus,99.408,8.02e-84,Eukaryota,Chordata,Teleostei,Perciformes,Stichaeidae,Anoplarchus,0
Anoplarchus,High cockscomb,genus,motu25,motu25,ASV343,parent,23,Anoplarchus,High cockscomb,genus,99.408,8.02e-84,Eukaryota,Chordata,Teleostei,Perciformes,Stichaeidae,Anoplarchus,0
Anoplarchus,High cockscomb,genus,motu25,motu25,ASV362,parent,23,Anoplarchus,High cockscomb,genus,99.408,8.02e-84,Eukaryota,Chordata,Teleostei,Perciformes,Stichaeidae,Anoplarchus,0
Anoplarchus,High cockscomb,genus,motu25,motu25,ASV927,parent,23,Anoplarchus,High cockscomb,genus,99.408,8.02e-84,Eukaryota,Chordata,Teleostei,Perciformes,Stichaeidae,Anoplarchus,0
Anoplarchus,High cockscomb,genus,motu25,motu25,ASV378,parent,23,Anoplarchus,High cockscomb,genus,99.408,8.07e-84,Eukaryota,Chordata,Teleostei,Perciformes,Stichaeidae,Anoplarchus,0
Anoplopoma fimbria,Sablefish,species,motu108,motu108,ASV172,parent,99,Anoplopoma fimbria,Sablefish,species,100,6.150000000000001e-85,Eukaryota,Chordata,Teleostei,Perciformes,Anoplopomatidae,Anoplopoma,0
Anoplopoma fimbria,Sablefish,species,motu108,motu108,ASV789,parent,99,Anoplopoma fimbria,Sablefish,species,99.405,2.86e-83,Eukaryota,Chordata,Teleostei,Perciformes,Anoplopomatidae,Anoplopoma,0
Anseriformes,Duck,outgroup,motu1447,motu1447,ASV2237,parent,1446,Anseriformes,Duck,outgroup,89.947,2.6e-64,Eukaryota,Chordata,Aves,Anseriformes,NA,NA,NA
Apodichthys flavidus,Penpoint gunnel,species,motu43,motu43,ASV53,parent,40,Apodichthys flavidus,Penpoint gunnel,species,100,6.150000000000001e-85,Eukaryota,Chordata,Teleostei,Perciformes,Pholidae,Apodichthys,0
Apodichthys flavidus,Penpoint gunnel,species,motu43,motu43,ASV88,parent,40,Apodichthys flavidus,Penpoint gunnel,species,100,6.150000000000001e-85,Eukaryota,Chordata,Teleostei,Perciformes,Pholidae,Apodichthys,0
Apodichthys flavidus,Penpoint gunnel,species,motu43,motu43,ASV715,parent,40,Apodichthys flavidus,Penpoint gunnel,species,99.405,2.86e-83,Eukaryota,Chordata,Teleostei,Perciformes,Pholidae,Apodichthys,0
Apodichthys flavidus,Penpoint gunnel,species,motu43,motu43,ASV274,parent,40,Apodichthys flavidus,Penpoint gunnel,species,99.405,2.86e-83,Eukaryota,Chordata,Teleostei,Perciformes,Pholidae,Apodichthys,0
Apodichthys flavidus,Penpoint gunnel,species,motu85,motu85,ASV131,parent,103,Apodichthys flavidus,Penpoint gunnel,species,97.619,2.88e-78,Eukaryota,Chordata,Teleostei,Perciformes,Pholidae,Apodichthys,0
Artedius fenestralis,Padded sculpin,species,motu28,motu28,ASV31,parent,27,Artedius fenestralis,Padded sculpin,species,100,3.7799999999999996e-87,Eukaryota,Chordata,Teleostei,Perciformes,Cottidae,Artedius,0
Artedius fenestralis,Padded sculpin,species,motu28,motu28,ASV113,parent,27,Artedius fenestralis,Padded sculpin,species,100,3.7999999999999996e-87,Eukaryota,Chordata,Teleostei,Perciformes,Cottidae,Artedius,0
Artedius fenestralis,Padded sculpin,species,motu28,motu28,ASV677,parent,27,Artedius fenestralis,Padded sculpin,species,99.419,1.76e-85,Eukaryota,Chordata,Teleostei,Perciformes,Cottidae,Artedius,0
Artedius fenestralis,Padded sculpin,species,motu28,motu28,ASV837,parent,27,Artedius fenestralis,Padded sculpin,species,99.419,1.76e-85,Eukaryota,Chordata,Teleostei,Perciformes,Cottidae,Artedius,0
Artedius fenestralis,Padded sculpin,species,motu28,motu28,ASV848,parent,27,Artedius fenestralis,Padded sculpin,species,99.419,1.76e-85,Eukaryota,Chordata,Teleostei,Perciformes,Cottidae,Artedius,0
Artedius fenestralis,Padded sculpin,species,motu28,motu28,ASV1255,parent,27,Artedius fenestralis,Padded sculpin,species,99.419,1.76e-85,Eukaryota,Chordata,Teleostei,Perciformes,Cottidae,Artedius,0
Artedius harringtoni,Scalyhead sculpin,species,motu82,motu82,ASV121,parent,80,Artedius harringtoni,Scalyhead sculpin,species,100,1.3500000000000001e-86,Eukaryota,Chordata,Teleostei,Perciformes,Cottidae,Artedius,0
Artedius harringtoni,Scalyhead sculpin,species,motu82,motu82,ASV475,parent,80,Artedius harringtoni,Scalyhead sculpin,species,100,1.3600000000000001e-86,Eukaryota,Chordata,Teleostei,Perciformes,Cottidae,Artedius,0
Artedius lateralis,Smoothhead sculpin,species,motu50,motu50,ASV63,parent,48,Artedius lateralis,Smoothhead sculpin,species,100,1.3500000000000001e-86,Eukaryota,Chordata,Teleostei,Perciformes,Cottidae,Artedius,0
Artedius lateralis,Smoothhead sculpin,species,motu50,motu50,ASV298,parent,48,Artedius lateralis,Smoothhead sculpin,species,99.415,6.28e-85,Eukaryota,Chordata,Teleostei,Perciformes,Cottidae,Artedius,0
Artedius lateralis,Smoothhead sculpin,species,motu50,motu50,ASV365,parent,48,Artedius lateralis,Smoothhead sculpin,species,98.83,2.9199999999999998e-83,Eukaryota,Chordata,Teleostei,Perciformes,Cottidae,Artedius,0
Artedius lateralis,Smoothhead sculpin,species,motu206,motu206,ASV440,parent,224,Artedius lateralis,Smoothhead sculpin,species,99.415,6.32e-85,Eukaryota,Chordata,Teleostei,Perciformes,Cottidae,Artedius,0
Artedius lateralis,Smoothhead sculpin,species,motu740,motu740,ASV1326,parent,757,Artedius lateralis,Smoothhead sculpin,species,100,6.28e-85,Eukaryota,Chordata,Teleostei,Perciformes,Cottidae,Artedius,0
Ascelichthys rhodorus,Rosylip sculpin,species,motu83,motu83,ASV125,parent,81,Ascelichthys rhodorus,Rosylip sculpin,species,100,1.72e-85,Eukaryota,Chordata,Teleostei,Perciformes,Cottidae,Ascelichthys,0
Ascelichthys rhodorus,Rosylip sculpin,species,motu83,motu83,ASV248,parent,81,Ascelichthys rhodorus,Rosylip sculpin,species,100,1.73e-85,Eukaryota,Chordata,Teleostei,Perciformes,Cottidae,Ascelichthys,0
Ascelichthys rhodorus,Rosylip sculpin,species,motu83,motu83,ASV578,parent,81,Ascelichthys rhodorus,Rosylip sculpin,species,99.408,8.07e-84,Eukaryota,Chordata,Teleostei,Perciformes,Cottidae,Ascelichthys,0
Atherinops affinis,Topsmelt silverside,species,motu3,motu3,ASV3,parent,4,Atherinops affinis,Topsmelt silverside,species,100,6.150000000000001e-85,Eukaryota,Chordata,Teleostei,Atheriniformes,Atherinopsidae,Atherinops,0
Atherinops affinis,Topsmelt silverside,species,motu3,motu3,ASV190,parent,4,Atherinops affinis,Topsmelt silverside,species,99.405,2.86e-83,Eukaryota,Chordata,Teleostei,Atheriniformes,Atherinopsidae,Atherinops,0
Atherinops affinis,Topsmelt silverside,species,motu3,motu3,ASV209,parent,4,Atherinops affinis,Topsmelt silverside,species,99.405,2.86e-83,Eukaryota,Chordata,Teleostei,Atheriniformes,Atherinopsidae,Atherinops,0
Atherinops affinis,Topsmelt silverside,species,motu3,motu3,ASV223,parent,4,Atherinops affinis,Topsmelt silverside,species,99.405,2.86e-83,Eukaryota,Chordata,Teleostei,Atheriniformes,Atherinopsidae,Atherinops,0
Atherinops affinis,Topsmelt silverside,species,motu3,motu3,ASV243,parent,4,Atherinops affinis,Topsmelt silverside,species,99.405,2.86e-83,Eukaryota,Chordata,Teleostei,Atheriniformes,Atherinopsidae,Atherinops,0
Atherinops affinis,Topsmelt silverside,species,motu3,motu3,ASV247,parent,4,Atherinops affinis,Topsmelt silverside,species,99.405,2.86e-83,Eukaryota,Chordata,Teleostei,Atheriniformes,Atherinopsidae,Atherinops,0
Atherinops affinis,Topsmelt silverside,species,motu3,motu3,ASV265,parent,4,Atherinops affinis,Topsmelt silverside,species,99.405,2.86e-83,Eukaryota,Chordata,Teleostei,Atheriniformes,Atherinopsidae,Atherinops,0
Atherinops affinis,Topsmelt silverside,species,motu3,motu3,ASV321,parent,4,Atherinops affinis,Topsmelt silverside,species,99.405,2.86e-83,Eukaryota,Chordata,Teleostei,Atheriniformes,Atherinopsidae,Atherinops,0
Atherinops affinis,Topsmelt silverside,species,motu3,motu3,ASV441,parent,4,Atherinops affinis,Topsmelt silverside,species,99.405,2.86e-83,Eukaryota,Chordata,Teleostei,Atheriniformes,Atherinopsidae,Atherinops,0
Atherinops affinis,Topsmelt silverside,species,motu3,motu3,ASV581,parent,4,Atherinops affinis,Topsmelt silverside,species,99.405,2.86e-83,Eukaryota,Chordata,Teleostei,Atheriniformes,Atherinopsidae,Atherinops,0
Atherinops affinis,Topsmelt silverside,species,motu3,motu3,ASV709,parent,4,Atherinops affinis,Topsmelt silverside,species,99.405,2.86e-83,Eukaryota,Chordata,Teleostei,Atheriniformes,Atherinopsidae,Atherinops,0
Atherinops affinis,Topsmelt silverside,species,motu3,motu3,ASV935,parent,4,Atherinops affinis,Topsmelt silverside,species,99.405,2.86e-83,Eukaryota,Chordata,Teleostei,Atheriniformes,Atherinopsidae,Atherinops,0
Atherinops affinis,Topsmelt silverside,species,motu3,motu3,ASV1058,parent,4,Atherinops affinis,Topsmelt silverside,species,99.405,2.86e-83,Eukaryota,Chordata,Teleostei,Atheriniformes,Atherinopsidae,Atherinops,0
Atherinops affinis,Topsmelt silverside,species,motu3,motu3,ASV1088,parent,4,Atherinops affinis,Topsmelt silverside,species,99.405,2.86e-83,Eukaryota,Chordata,Teleostei,Atheriniformes,Atherinopsidae,Atherinops,0
Atherinops affinis,Topsmelt silverside,species,motu3,motu3,ASV1111,parent,4,Atherinops affinis,Topsmelt silverside,species,99.405,2.86e-83,Eukaryota,Chordata,Teleostei,Atheriniformes,Atherinopsidae,Atherinops,0
Atherinops affinis,Topsmelt silverside,species,motu1383,motu1383,ASV2166,parent,1379,Atherinops affinis,Topsmelt silverside,species,100,8.12e-85,Eukaryota,Chordata,Teleostei,Atheriniformes,Atherinopsidae,Atherinops,0
Atherinopsis californiensis,Jack silverside,species,motu44,motu44,ASV54,parent,62,Atherinopsis californiensis,Jack silverside,species,100,6.150000000000001e-85,Eukaryota,Chordata,Teleostei,Atheriniformes,Atherinopsidae,Atherinopsis,0
Aulorhynchus flavidus,Tube-snout,species,motu71,motu71,ASV95,parent,67,Aulorhynchus flavidus,Tube-snout,species,100,1.72e-85,Eukaryota,Chordata,Teleostei,Perciformes,Aulorhynchidae,Aulorhynchus,0
Aulorhynchus flavidus,Tube-snout,species,motu71,motu71,ASV582,parent,67,Aulorhynchus flavidus,Tube-snout,species,100,1.73e-85,Eukaryota,Chordata,Teleostei,Perciformes,Aulorhynchidae,Aulorhynchus,0
Aulorhynchus flavidus,Tube-snout,species,motu102,motu102,ASV159,parent,117,Aulorhynchus flavidus,Tube-snout,species,99.408,8.07e-84,Eukaryota,Chordata,Teleostei,Perciformes,Aulorhynchidae,Aulorhynchus,0
Bacteria,Bacteria,outgroup,motu111,motu111,ASV179,parent,125,Bacteria,Bacteria,outgroup,95.956,3.66e-124,Bacteria,NA,NA,NA,NA,NA,NA
Bacteria,Bacteria,outgroup,motu126,motu126,ASV211,parent,109,Bacteria,Bacteria,outgroup,87.747,2.71e-80,Bacteria,NA,NA,NA,NA,NA,NA
Bacteria,Bacteria,outgroup,motu126,motu126,ASV1068,parent,109,Bacteria,Bacteria,outgroup,87.747,2.71e-80,Bacteria,NA,NA,NA,NA,NA,NA
Bacteria,Bacteria,outgroup,motu126,motu126,ASV2142,parent,109,Bacteria,Bacteria,outgroup,87.747,2.71e-80,Bacteria,NA,NA,NA,NA,NA,NA
Bacteria,Bacteria,outgroup,motu166,motu166,ASV355,parent,179,Bacteria,Bacteria,outgroup,94.094,1.5699999999999998e-107,Bacteria,NA,NA,NA,NA,NA,NA
Bacteria,Bacteria,outgroup,motu176,motu176,ASV381,parent,194,Bacteria,Bacteria,outgroup,100,5.4199999999999993e-132,Bacteria,Pseudomonadota,Gammaproteobacteria,NA,NA,NA,NA
Bacteria,Bacteria,outgroup,motu188,motu188,ASV407,parent,205,Bacteria,Bacteria,outgroup,94.922,5.649999999999999e-112,Bacteria,NA,NA,NA,NA,NA,NA
Bacteria,Bacteria,outgroup,motu189,motu189,ASV408,parent,166,Bacteria,Bacteria,outgroup,100,1.9499999999999998e-131,Bacteria,NA,NA,NA,NA,NA,NA
Bacteria,Bacteria,outgroup,motu194,motu194,ASV418,parent,210,Bacteria,Bacteria,outgroup,100,5.4199999999999993e-132,Bacteria,NA,NA,NA,NA,NA,NA
Bacteria,Bacteria,outgroup,motu196,motu196,ASV421,parent,211,Bacteria,Bacteria,outgroup,85.771,2.75e-70,Bacteria,NA,NA,NA,NA,NA,NA
Bacteria,Bacteria,outgroup,motu208,motu208,ASV444,parent,226,Bacteria,Bacteria,outgroup,91.829,1.24e-98,Bacteria,NA,NA,NA,NA,NA,NA
Bacteria,Bacteria,outgroup,motu211,motu211,ASV452,parent,228,Bacteria,Bacteria,outgroup,93.22,7.369999999999999e-96,Bacteria,NA,NA,NA,NA,NA,NA
Bacteria,Bacteria,outgroup,motu213,motu213,ASV456,parent,231,Bacteria,Bacteria,outgroup,93.307,3.3999999999999995e-104,Bacteria,NA,NA,NA,NA,NA,NA
Bacteria,Bacteria,outgroup,motu214,motu214,ASV458,parent,232,Bacteria,Bacteria,outgroup,88.889,1.25e-83,Bacteria,NA,NA,NA,NA,NA,NA
Bacteria,Bacteria,outgroup,motu215,motu215,ASV460,parent,233,Bacteria,Bacteria,outgroup,100,4.599999999999999e-143,Bacteria,NA,NA,NA,NA,NA,NA
Bacteria,Bacteria,outgroup,motu227,motu227,ASV484,parent,245,Bacteria,Bacteria,outgroup,100,1.28e-143,Bacteria,NA,NA,NA,NA,NA,NA
Bacteria,Bacteria,outgroup,motu232,motu232,ASV494,parent,249,Bacteria,Bacteria,outgroup,92.829,7.319999999999999e-101,Bacteria,NA,NA,NA,NA,NA,NA
Bacteria,Bacteria,outgroup,motu234,motu234,ASV501,parent,255,Bacteria,Bacteria,outgroup,91.304,2.65e-95,Bacteria,NA,NA,NA,NA,NA,NA
Bacteria,Bacteria,outgroup,motu236,motu236,ASV504,parent,257,Bacteria,Bacteria,outgroup,100,4.599999999999999e-143,Bacteria,NA,NA,NA,NA,NA,NA
Bacteria,Bacteria,outgroup,motu237,motu237,ASV506,parent,258,Bacteria,Bacteria,outgroup,92.885,5.66e-102,Bacteria,NA,NA,NA,NA,NA,NA
Bacteria,Bacteria,outgroup,motu240,motu240,ASV514,parent,192,Bacteria,Bacteria,outgroup,90.4,2.67e-90,Bacteria,NA,NA,NA,NA,NA,NA
Bacteria,Bacteria,outgroup,motu240,motu240,ASV1312,parent,192,Bacteria,Bacteria,outgroup,90.8,5.74e-92,Bacteria,NA,NA,NA,NA,NA,NA
Bacteria,Bacteria,outgroup,motu240,motu240,ASV1470,parent,192,Bacteria,Bacteria,outgroup,90,1.2399999999999998e-88,Bacteria,NA,NA,NA,NA,NA,NA
Bacteria,Bacteria,outgroup,motu245,motu245,ASV525,parent,264,Bacteria,Bacteria,outgroup,95.238,2.5999999999999996e-110,Bacteria,NA,NA,NA,NA,NA,NA
Bacteria,Bacteria,outgroup,motu247,motu247,ASV530,parent,268,Bacteria,Bacteria,outgroup,94.093,9.470000000000001e-100,Bacteria,NA,NA,NA,NA,NA,NA
Bacteria,Bacteria,outgroup,motu248,motu248,ASV531,parent,195,Bacteria,Bacteria,outgroup,100,5.4199999999999993e-132,Bacteria,NA,NA,NA,NA,NA,NA
Bacteria,Bacteria,outgroup,motu248,motu248,ASV934,parent,195,Bacteria,Bacteria,outgroup,100,5.4199999999999993e-132,Bacteria,Pseudomonadota,Alphaproteobacteria,NA,NA,NA,NA
Bacteria,Bacteria,outgroup,motu251,motu251,ASV535,parent,272,Bacteria,Bacteria,outgroup,98.814,5.46e-127,Bacteria,Verrucomicrobiota,NA,NA,NA,NA,NA
Bacteria,Bacteria,outgroup,motu260,motu260,ASV555,parent,282,Bacteria,Bacteria,outgroup,100,5.4199999999999993e-132,Bacteria,Pseudomonadota,Alphaproteobacteria,Rhodobacterales,Paracoccaceae,NA,NA
Bacteria,Bacteria,outgroup,motu262,motu262,ASV559,parent,284,Bacteria,Bacteria,outgroup,95.331,1.21e-113,Bacteria,NA,NA,NA,NA,NA,NA
Bacteria,Bacteria,outgroup,motu265,motu265,ASV568,parent,285,Bacteria,Bacteria,outgroup,86.561,4.56e-73,Bacteria,NA,NA,NA,NA,NA,NA
Bacteria,Bacteria,outgroup,motu266,motu266,ASV569,parent,219,Bacteria,Bacteria,outgroup,100,5.4199999999999993e-132,Bacteria,NA,NA,NA,NA,NA,NA
Bacteria,Bacteria,outgroup,motu266,motu266,ASV2267,parent,219,Bacteria,Bacteria,outgroup,99.605,2.5199999999999995e-130,Bacteria,NA,NA,NA,NA,NA,NA
Bacteria,Bacteria,outgroup,motu269,motu269,ASV574,parent,292,Bacteria,Bacteria,outgroup,94,2.6100000000000002e-105,Bacteria,NA,NA,NA,NA,NA,NA
Bacteria,Bacteria,outgroup,motu271,motu271,ASV576,parent,296,Bacteria,Bacteria,outgroup,95.257,5.579999999999999e-112,Bacteria,NA,NA,NA,NA,NA,NA
Bacteria,Bacteria,outgroup,motu274,motu274,ASV593,parent,302,Bacteria,Bacteria,outgroup,91.765,5.7e-97,Bacteria,NA,NA,NA,NA,NA,NA
Bacteria,Bacteria,outgroup,motu283,motu283,ASV613,parent,311,Bacteria,Bacteria,outgroup,100,5.4199999999999993e-132,Bacteria,Pseudomonadota,Gammaproteobacteria,Alteromonadales,Psychromonadaceae,Psychromonas,NA
Unknown organism,Unknown organism,outgroup,motu285,motu285,ASV1875,parent,237,Bacteria,Bacteria,outgroup,100,5.4199999999999993e-132,Bacteria,NA,NA,NA,NA,NA,NA
Bacteria,Bacteria,outgroup,motu288,motu288,ASV619,parent,314,Bacteria,Bacteria,outgroup,90.079,1.2399999999999998e-88,Bacteria,NA,NA,NA,NA,NA,NA
Bacteria,Bacteria,outgroup,motu291,motu291,ASV624,parent,236,Bacteria,Bacteria,outgroup,94.444,4.34e-108,Bacteria,NA,NA,NA,NA,NA,NA
Bacteria,Bacteria,outgroup,motu291,motu291,ASV1005,parent,236,Bacteria,Bacteria,outgroup,94.048,2.0199999999999996e-106,Bacteria,NA,NA,NA,NA,NA,NA
Bacteria,Bacteria,outgroup,motu293,motu293,ASV1656,parent,250,Bacteria,Bacteria,outgroup,93.725,2.6100000000000002e-105,Bacteria,Cyanobacteriota,NA,NA,NA,NA,NA
Bacteria,Bacteria,outgroup,motu294,motu294,ASV629,parent,246,Bacteria,Bacteria,outgroup,100,5.4199999999999993e-132,Bacteria,Bacteroidota,Flavobacteriia,Flavobacteriales,Flavobacteriaceae,Winogradskyella,NA
Bacteria,Bacteria,outgroup,motu294,motu294,ASV1258,parent,246,Bacteria,Bacteria,outgroup,100,5.4199999999999993e-132,Bacteria,Bacteroidota,Flavobacteriia,Flavobacteriales,Flavobacteriaceae,Winogradskyella,NA
Bacteria,Bacteria,outgroup,motu298,motu298,ASV635,parent,222,Bacteria,Bacteria,outgroup,100,5.4199999999999993e-132,Bacteria,NA,NA,NA,NA,NA,NA
Bacteria,Bacteria,outgroup,motu298,motu298,ASV851,parent,222,Bacteria,Bacteria,outgroup,100,5.4199999999999993e-132,Bacteria,Pseudomonadota,Gammaproteobacteria,Alteromonadales,Psychromonadaceae,Psychromonas,NA
Bacteria,Bacteria,outgroup,motu303,motu303,ASV645,parent,327,Bacteria,Bacteria,outgroup,100,5.4199999999999993e-132,Bacteria,Pseudomonadota,Gammaproteobacteria,Alteromonadales,Pseudoalteromonadaceae,Pseudoalteromonas,NA
Bacteria,Bacteria,outgroup,motu318,motu318,ASV671,parent,267,Bacteria,Bacteria,outgroup,93.281,1.22e-103,Bacteria,NA,NA,NA,NA,NA,NA
Bacteria,Bacteria,outgroup,motu318,motu318,ASV2123,parent,267,Bacteria,Bacteria,outgroup,92.885,5.66e-102,Bacteria,NA,NA,NA,NA,NA,NA
Bacteria,Bacteria,outgroup,motu321,motu321,ASV675,parent,344,Bacteria,Bacteria,outgroup,93.359,2.65e-105,Bacteria,NA,NA,NA,NA,NA,NA
Bacteria,Bacteria,outgroup,motu327,motu327,ASV685,parent,350,Bacteria,Bacteria,outgroup,92.095,1.2199999999999999e-98,Bacteria,NA,NA,NA,NA,NA,NA
Bacteria,Bacteria,outgroup,motu330,motu330,ASV690,parent,353,Bacteria,Bacteria,outgroup,95.257,5.579999999999999e-112,Bacteria,NA,NA,NA,NA,NA,NA
Bacteria,Bacteria,outgroup,motu335,motu335,ASV701,parent,277,Bacteria,Bacteria,outgroup,95.652,1.1999999999999999e-113,Bacteria,NA,NA,NA,NA,NA,NA
Bacteria,Bacteria,outgroup,motu339,motu339,ASV706,parent,361,Bacteria,Bacteria,outgroup,100,5.4199999999999993e-132,Bacteria,Campylobacterota,Epsilonproteobacteria,Campylobacterales,Sulfurimonadaceae,Sulfurimonas,NA
Bacteria,Bacteria,outgroup,motu343,motu343,ASV717,parent,365,Bacteria,Bacteria,outgroup,100,5.4199999999999993e-132,Bacteria,NA,NA,NA,NA,NA,NA
Bacteria,Bacteria,outgroup,motu350,motu350,ASV732,parent,286,Bacteria,Bacteria,outgroup,93.333,1.22e-103,Bacteria,NA,NA,NA,NA,NA,NA
Bacteria,Bacteria,outgroup,motu350,motu350,ASV1571,parent,286,Bacteria,Bacteria,outgroup,92.941,5.66e-102,Bacteria,NA,NA,NA,NA,NA,NA
Bacteria,Bacteria,outgroup,motu352,motu352,ASV737,parent,374,Bacteria,Bacteria,outgroup,99.605,2.5199999999999995e-130,Bacteria,NA,NA,NA,NA,NA,NA
Bacteria,Bacteria,outgroup,motu353,motu353,ASV738,parent,288,Bacteria,Bacteria,outgroup,100,5.4199999999999993e-132,Bacteria,Campylobacterota,Epsilonproteobacteria,Campylobacterales,Sulfurimonadaceae,Sulfurimonas,NA
Bacteria,Bacteria,outgroup,motu353,motu353,ASV1454,parent,288,Bacteria,Bacteria,outgroup,99.605,2.5199999999999995e-130,Bacteria,Campylobacterota,Epsilonproteobacteria,Campylobacterales,Sulfurimonadaceae,Sulfurimonas,NA
Bacteria,Bacteria,outgroup,motu354,motu354,ASV1342,parent,283,Bacteria,Bacteria,outgroup,95.703,2.61e-115,Bacteria,NA,NA,NA,NA,NA,NA
Bacteria,Bacteria,outgroup,motu354,motu354,ASV1487,parent,283,Bacteria,Bacteria,outgroup,95.703,2.61e-115,Bacteria,NA,NA,NA,NA,NA,NA
Bacteria,Bacteria,outgroup,motu359,motu359,ASV746,parent,378,Bacteria,Bacteria,outgroup,95.51,3.74e-109,Bacteria,NA,NA,NA,NA,NA,NA
Bacteria,Bacteria,outgroup,motu366,motu366,ASV759,parent,294,Bacteria,Bacteria,outgroup,100,4.599999999999999e-143,Bacteria,Cyanobacteriota,Cyanophyceae,Synechococcales,Synechococcaceae,Synechococcus,NA
Bacteria,Bacteria,outgroup,motu366,motu366,ASV1344,parent,294,Bacteria,Bacteria,outgroup,99.634,2.14e-141,Bacteria,Cyanobacteriota,Cyanophyceae,Synechococcales,Synechococcaceae,Synechococcus,NA
Bacteria,Bacteria,outgroup,motu367,motu367,ASV761,parent,290,Bacteria,Bacteria,outgroup,94.141,1.22e-108,Bacteria,NA,NA,NA,NA,NA,NA
Bacteria,Bacteria,outgroup,motu367,motu367,ASV1178,parent,290,Bacteria,Bacteria,outgroup,94.531,2.6299999999999995e-110,Bacteria,NA,NA,NA,NA,NA,NA
Bacteria,Bacteria,outgroup,motu381,motu381,ASV778,parent,396,Bacteria,Bacteria,outgroup,94.979,3.38e-104,Bacteria,NA,NA,NA,NA,NA,NA
Bacteria,Bacteria,outgroup,motu386,motu386,ASV788,parent,402,Bacteria,Bacteria,outgroup,99.265,3.58e-139,Bacteria,NA,NA,NA,NA,NA,NA
Bacteria,Bacteria,outgroup,motu392,motu392,ASV798,parent,409,Bacteria,Bacteria,outgroup,100,1.28e-143,Bacteria,Cyanobacteriota,NA,NA,NA,NA,NA
Bacteria,Bacteria,outgroup,motu398,motu398,ASV808,parent,315,Bacteria,Bacteria,outgroup,96.875,2.59e-120,Bacteria,NA,NA,NA,NA,NA,NA
Bacteria,Bacteria,outgroup,motu398,motu398,ASV1456,parent,315,Bacteria,Bacteria,outgroup,97.266,5.57e-122,Bacteria,NA,NA,NA,NA,NA,NA
Bacteria,Bacteria,outgroup,motu400,motu400,ASV811,parent,416,Bacteria,Bacteria,outgroup,93.281,1.22e-103,Bacteria,NA,NA,NA,NA,NA,NA
Bacteria,Bacteria,outgroup,motu401,motu401,ASV812,parent,415,Bacteria,Bacteria,outgroup,100,5.4199999999999993e-132,Bacteria,NA,NA,NA,NA,NA,NA
Bacteria,Bacteria,outgroup,motu403,motu403,ASV815,parent,418,Bacteria,Bacteria,outgroup,90.588,5.74e-92,Bacteria,Cyanobacteriota,NA,NA,NA,NA,NA
Bacteria,Bacteria,outgroup,motu414,motu414,ASV842,parent,321,Bacteria,Bacteria,outgroup,94.862,2.5999999999999996e-110,Bacteria,NA,NA,NA,NA,NA,NA
Bacteria,Bacteria,outgroup,motu414,motu414,ASV1261,parent,321,Bacteria,Bacteria,outgroup,95.257,5.579999999999999e-112,Bacteria,NA,NA,NA,NA,NA,NA
Bacteria,Bacteria,outgroup,motu415,motu415,ASV846,parent,435,Bacteria,Bacteria,outgroup,91.304,2.65e-95,Bacteria,NA,NA,NA,NA,NA,NA
Bacteria,Bacteria,outgroup,motu417,motu417,ASV849,parent,437,Bacteria,Bacteria,outgroup,96.047,2.58e-115,Bacteria,NA,NA,NA,NA,NA,NA
Bacteria,Bacteria,outgroup,motu418,motu418,ASV852,parent,438,Bacteria,Bacteria,outgroup,100,4.599999999999999e-143,Bacteria,NA,NA,NA,NA,NA,NA
Bacteria,Bacteria,outgroup,motu419,motu419,ASV853,parent,439,Bacteria,Bacteria,outgroup,100,1.9499999999999998e-131,Bacteria,NA,NA,NA,NA,NA,NA
Bacteria,Bacteria,outgroup,motu421,motu421,ASV856,parent,441,Bacteria,Bacteria,outgroup,91.429,1.62e-92,Bacteria,NA,NA,NA,NA,NA,NA
Bacteria,Bacteria,outgroup,motu425,motu425,ASV860,parent,446,Bacteria,Bacteria,outgroup,86.905,2.73e-75,Bacteria,NA,NA,NA,NA,NA,NA
Bacteria,Bacteria,outgroup,motu426,motu426,ASV861,parent,447,Bacteria,Bacteria,outgroup,91.339,2.65e-95,Bacteria,NA,NA,NA,NA,NA,NA
Bacteria,Bacteria,outgroup,motu430,motu430,ASV867,parent,320,Bacteria,Bacteria,outgroup,100,5.4199999999999993e-132,Bacteria,NA,NA,NA,NA,NA,NA
Bacteria,Bacteria,outgroup,motu430,motu430,ASV1101,parent,320,Bacteria,Bacteria,outgroup,100,5.4199999999999993e-132,Bacteria,NA,NA,NA,NA,NA,NA
Bacteria,Bacteria,outgroup,motu435,motu435,ASV876,parent,455,Bacteria,Bacteria,outgroup,92.885,5.66e-102,Bacteria,NA,NA,NA,NA,NA,NA
Bacteria,Bacteria,outgroup,motu443,motu443,ASV887,parent,464,Bacteria,Bacteria,outgroup,100,5.4199999999999993e-132,Bacteria,Pseudomonadota,Alphaproteobacteria,NA,NA,NA,NA
Bacteria,Bacteria,outgroup,motu444,motu444,ASV889,parent,465,Bacteria,Bacteria,outgroup,85.02,2.77e-65,Bacteria,NA,NA,NA,NA,NA,NA
Bacteria,Bacteria,outgroup,motu449,motu449,ASV895,parent,473,Bacteria,Bacteria,outgroup,93.952,3.38e-104,Bacteria,NA,NA,NA,NA,NA,NA
Bacteria,Bacteria,outgroup,motu453,motu453,ASV903,parent,478,Bacteria,Bacteria,outgroup,91.7,5.7e-97,Bacteria,NA,NA,NA,NA,NA,NA
Bacteria,Bacteria,outgroup,motu456,motu456,ASV906,parent,481,Bacteria,Bacteria,outgroup,94.821,3.3599999999999996e-109,Bacteria,NA,NA,NA,NA,NA,NA
Bacteria,Bacteria,outgroup,motu457,motu457,ASV907,parent,480,Bacteria,Bacteria,outgroup,95.312,1.21e-113,Bacteria,NA,NA,NA,NA,NA,NA
Bacteria,Bacteria,outgroup,motu459,motu459,ASV913,parent,484,Bacteria,Bacteria,outgroup,85.455,1.3e-58,Bacteria,NA,NA,NA,NA,NA,NA
Bacteria,Bacteria,outgroup,motu461,motu461,ASV916,parent,487,Bacteria,Bacteria,outgroup,95.312,5.579999999999999e-112,Bacteria,NA,NA,NA,NA,NA,NA
Bacteria,Bacteria,outgroup,motu463,motu463,ASV920,parent,367,Bacteria,Bacteria,outgroup,91.373,2.65e-95,Bacteria,Cyanobacteriota,NA,NA,NA,NA,NA
Bacteria,Bacteria,outgroup,motu463,motu463,ASV1721,parent,367,Bacteria,Bacteria,outgroup,91.765,5.7e-97,Bacteria,Cyanobacteriota,NA,NA,NA,NA,NA
Bacteria,Bacteria,outgroup,motu464,motu464,ASV922,parent,372,Bacteria,Bacteria,outgroup,92.969,1.23e-103,Bacteria,NA,NA,NA,NA,NA,NA
Bacteria,Bacteria,outgroup,motu464,motu464,ASV2120,parent,372,Bacteria,Bacteria,outgroup,92.578,5.73e-102,Bacteria,NA,NA,NA,NA,NA,NA
Bacteria,Bacteria,outgroup,motu473,motu473,ASV1304,parent,364,Bacteria,Bacteria,outgroup,91.25,4.4699999999999995e-88,Bacteria,NA,NA,NA,NA,NA,NA
Bacteria,Bacteria,outgroup,motu481,motu481,ASV953,parent,503,Bacteria,Bacteria,outgroup,94.071,5.62e-107,Bacteria,NA,NA,NA,NA,NA,NA
Bacteria,Bacteria,outgroup,motu483,motu483,ASV956,parent,505,Bacteria,Bacteria,outgroup,98.024,1.18e-123,Bacteria,NA,NA,NA,NA,NA,NA
Bacteria,Bacteria,outgroup,motu487,motu487,ASV966,parent,508,Bacteria,Bacteria,outgroup,91.561,9.599999999999999e-90,Bacteria,NA,NA,NA,NA,NA,NA
Bacteria,Bacteria,outgroup,motu488,motu488,ASV1620,parent,384,Bacteria,Bacteria,outgroup,95.918,7.31e-111,Bacteria,NA,NA,NA,NA,NA,NA
Bacteria,Bacteria,outgroup,motu491,motu491,ASV972,parent,512,Bacteria,Bacteria,outgroup,89.069,1.62e-82,Bacteria,NA,NA,NA,NA,NA,NA
Bacteria,Bacteria,outgroup,motu499,motu499,ASV984,parent,525,Bacteria,Bacteria,outgroup,89.37,5.809999999999999e-87,Bacteria,NA,NA,NA,NA,NA,NA
Bacteria,Bacteria,outgroup,motu502,motu502,ASV994,parent,528,Bacteria,Bacteria,outgroup,100,5.4199999999999993e-132,Bacteria,Pseudomonadota,Gammaproteobacteria,NA,NA,NA,NA
Bacteria,Bacteria,outgroup,motu506,motu506,ASV1000,parent,533,Bacteria,Bacteria,outgroup,91.561,9.599999999999999e-90,Bacteria,NA,NA,NA,NA,NA,NA
Bacteria,Bacteria,outgroup,motu509,motu509,ASV1002,parent,417,Bacteria,Bacteria,outgroup,91.561,9.599999999999999e-90,Bacteria,NA,NA,NA,NA,NA,NA
Bacteria,Bacteria,outgroup,motu509,motu509,ASV2088,parent,417,Bacteria,Bacteria,outgroup,91.983,2.06e-91,Bacteria,NA,NA,NA,NA,NA,NA
Bacteria,Bacteria,outgroup,motu511,motu511,ASV1008,parent,536,Bacteria,Bacteria,outgroup,95.686,9.39e-115,Bacteria,NA,NA,NA,NA,NA,NA
Bacteria,Bacteria,outgroup,motu513,motu513,ASV1010,parent,538,Bacteria,Bacteria,outgroup,93.75,5.689999999999999e-107,Bacteria,NA,NA,NA,NA,NA,NA
Bacteria,Bacteria,outgroup,motu514,motu514,ASV1011,parent,539,Bacteria,Bacteria,outgroup,96.047,2.58e-115,Bacteria,NA,NA,NA,NA,NA,NA
Bacteria,Bacteria,outgroup,motu516,motu516,ASV1014,parent,541,Bacteria,Bacteria,outgroup,93.281,1.22e-103,Bacteria,NA,NA,NA,NA,NA,NA
Bacteria,Bacteria,outgroup,motu518,motu518,ASV1016,parent,543,Bacteria,Bacteria,outgroup,91.667,2.91e-105,Bacteria,NA,NA,NA,NA,NA,NA
Bacteria,Bacteria,outgroup,motu521,motu521,ASV1023,parent,547,Bacteria,Bacteria,outgroup,99.605,2.5199999999999995e-130,Bacteria,Planctomycetota,Planctomycetia,Planctomycetales,Planctomycetaceae,NA,NA
Bacteria,Bacteria,outgroup,motu525,motu525,ASV1027,parent,550,Bacteria,Bacteria,outgroup,94.094,5.62e-107,Bacteria,NA,NA,NA,NA,NA,NA
Bacteria,Bacteria,outgroup,motu530,motu530,ASV1033,parent,553,Bacteria,Bacteria,outgroup,93.359,2.65e-105,Bacteria,NA,NA,NA,NA,NA,NA
Bacteria,Bacteria,outgroup,motu532,motu532,ASV1036,parent,555,Bacteria,Bacteria,outgroup,100,5.4199999999999993e-132,Bacteria,Pseudomonadota,Alphaproteobacteria,NA,NA,NA,NA
Bacteria,Bacteria,outgroup,motu535,motu535,ASV1039,parent,558,Bacteria,Bacteria,outgroup,85.425,5.949999999999999e-67,Bacteria,NA,NA,NA,NA,NA,NA
Bacteria,Bacteria,outgroup,motu536,motu536,ASV1040,parent,559,Bacteria,Bacteria,outgroup,91.2,1.23e-93,Bacteria,NA,NA,NA,NA,NA,NA
Bacteria,Bacteria,outgroup,motu537,motu537,ASV1041,parent,433,Bacteria,Bacteria,outgroup,93.416,9.470000000000001e-100,Bacteria,NA,NA,NA,NA,NA,NA
Bacteria,Bacteria,outgroup,motu537,motu537,ASV1853,parent,433,Bacteria,Bacteria,outgroup,92.885,5.66e-102,Bacteria,NA,NA,NA,NA,NA,NA
Bacteria,Bacteria,outgroup,motu539,motu539,ASV1043,parent,561,Bacteria,Bacteria,outgroup,91.085,2.6899999999999998e-95,Bacteria,NA,NA,NA,NA,NA,NA
Bacteria,Bacteria,outgroup,motu541,motu541,ASV1045,parent,563,Bacteria,Bacteria,outgroup,86.939,3.5299999999999997e-74,Bacteria,NA,NA,NA,NA,NA,NA
Bacteria,Bacteria,outgroup,motu544,motu544,ASV1049,parent,566,Bacteria,Bacteria,outgroup,99.598,4.2199999999999997e-128,Bacteria,NA,NA,NA,NA,NA,NA
Bacteria,Bacteria,outgroup,motu547,motu547,ASV1052,parent,569,Bacteria,Bacteria,outgroup,90.588,5.74e-92,Bacteria,Cyanobacteriota,NA,NA,NA,NA,NA
Bacteria,Bacteria,outgroup,motu549,motu549,ASV1054,parent,571,Bacteria,Bacteria,outgroup,100,5.4199999999999993e-132,Bacteria,NA,NA,NA,NA,NA,NA
Bacteria,Bacteria,outgroup,motu550,motu550,ASV1055,parent,572,Bacteria,Bacteria,outgroup,88.235,5.819999999999999e-82,Bacteria,NA,NA,NA,NA,NA,NA
Bacteria,Bacteria,outgroup,motu551,motu551,ASV1057,parent,574,Bacteria,Bacteria,outgroup,93.281,1.22e-103,Bacteria,NA,NA,NA,NA,NA,NA
Bacteria,Bacteria,outgroup,motu552,motu552,ASV1059,parent,443,Bacteria,Bacteria,outgroup,93.75,5.689999999999999e-107,Bacteria,NA,NA,NA,NA,NA,NA
Bacteria,Bacteria,outgroup,motu552,motu552,ASV1818,parent,443,Bacteria,Bacteria,outgroup,93.75,5.689999999999999e-107,Bacteria,NA,NA,NA,NA,NA,NA
Bacteria,Bacteria,outgroup,motu554,motu554,ASV1062,parent,577,Bacteria,Bacteria,outgroup,93.75,5.689999999999999e-107,Bacteria,NA,NA,NA,NA,NA,NA
Bacteria,Bacteria,outgroup,motu556,motu556,ASV1065,parent,580,Bacteria,Bacteria,outgroup,91.12,2.6899999999999998e-95,Bacteria,NA,NA,NA,NA,NA,NA
Bacteria,Bacteria,outgroup,motu558,motu558,ASV1067,parent,582,Bacteria,Bacteria,outgroup,94.531,2.6299999999999995e-110,Bacteria,NA,NA,NA,NA,NA,NA
Bacteria,Bacteria,outgroup,motu560,motu560,ASV1071,parent,584,Bacteria,Bacteria,outgroup,91.7,5.7e-97,Bacteria,NA,NA,NA,NA,NA,NA
Bacteria,Bacteria,outgroup,motu564,motu564,ASV1075,parent,588,Bacteria,Bacteria,outgroup,96.471,4.34e-118,Bacteria,NA,NA,NA,NA,NA,NA
Bacteria,Bacteria,outgroup,motu568,motu568,ASV1079,parent,593,Bacteria,Bacteria,outgroup,93.878,1.75e-102,Bacteria,NA,NA,NA,NA,NA,NA
Bacteria,Bacteria,outgroup,motu571,motu571,ASV1082,parent,595,Bacteria,Bacteria,outgroup,93.307,1.22e-103,Bacteria,Cyanobacteriota,NA,NA,NA,NA,NA
Bacteria,Bacteria,outgroup,motu573,motu573,ASV1085,parent,598,Bacteria,Bacteria,outgroup,91.77,1.6e-92,Bacteria,NA,NA,NA,NA,NA,NA
Bacteria,Bacteria,outgroup,motu577,motu577,ASV1091,parent,602,Bacteria,Bacteria,outgroup,100,1.28e-143,Bacteria,NA,NA,NA,NA,NA,NA
Bacteria,Bacteria,outgroup,motu578,motu578,ASV1093,parent,603,Bacteria,Bacteria,outgroup,100,5.4199999999999993e-132,Bacteria,NA,NA,NA,NA,NA,NA
Bacteria,Bacteria,outgroup,motu583,motu583,ASV1100,parent,607,Bacteria,Bacteria,outgroup,100,5.4199999999999993e-132,Bacteria,Chloroflexota,NA,NA,NA,NA,NA
Bacteria,Bacteria,outgroup,motu585,motu585,ASV1104,parent,609,Bacteria,Bacteria,outgroup,94.531,2.6299999999999995e-110,Bacteria,Cyanobacteriota,NA,NA,NA,NA,NA
Bacteria,Bacteria,outgroup,motu586,motu586,ASV1105,parent,610,Bacteria,Bacteria,outgroup,100,5.4199999999999993e-132,Bacteria,Pseudomonadota,Alphaproteobacteria,NA,NA,NA,NA
Bacteria,Bacteria,outgroup,motu588,motu588,ASV1110,parent,611,Bacteria,Bacteria,outgroup,93.22,7.369999999999999e-96,Bacteria,NA,NA,NA,NA,NA,NA
Bacteria,Bacteria,outgroup,motu590,motu590,ASV1114,parent,424,Bacteria,Bacteria,outgroup,94.071,5.62e-107,Bacteria,NA,NA,NA,NA,NA,NA
Bacteria,Bacteria,outgroup,motu590,motu590,ASV1224,parent,424,Bacteria,Bacteria,outgroup,93.676,2.6100000000000002e-105,Bacteria,NA,NA,NA,NA,NA,NA
Bacteria,Bacteria,outgroup,motu591,motu591,ASV1115,parent,614,Bacteria,Bacteria,outgroup,93.676,2.6100000000000002e-105,Bacteria,NA,NA,NA,NA,NA,NA
Bacteria,Bacteria,outgroup,motu594,motu594,ASV1119,parent,453,Bacteria,Bacteria,outgroup,94.142,7.319999999999999e-101,Bacteria,NA,NA,NA,NA,NA,NA
Bacteria,Bacteria,outgroup,motu594,motu594,ASV1472,parent,453,Bacteria,Bacteria,outgroup,93.281,1.22e-103,Bacteria,Cyanobacteriota,NA,NA,NA,NA,NA
Bacteria,Bacteria,outgroup,motu594,motu594,ASV2220,parent,453,Bacteria,Bacteria,outgroup,94.142,7.319999999999999e-101,Bacteria,NA,NA,NA,NA,NA,NA
Bacteria,Bacteria,outgroup,motu611,motu611,ASV1138,parent,485,Bacteria,Bacteria,outgroup,100,1.28e-143,Bacteria,NA,NA,NA,NA,NA,NA
Bacteria,Bacteria,outgroup,motu611,motu611,ASV1854,parent,485,Bacteria,Bacteria,outgroup,99.635,5.9499999999999996e-142,Bacteria,NA,NA,NA,NA,NA,NA
Bacteria,Bacteria,outgroup,motu611,motu611,ASV2107,parent,485,Bacteria,Bacteria,outgroup,99.635,5.9499999999999996e-142,Bacteria,NA,NA,NA,NA,NA,NA
Bacteria,Bacteria,outgroup,motu612,motu612,ASV1139,parent,628,Bacteria,Bacteria,outgroup,91.561,9.599999999999999e-90,Bacteria,NA,NA,NA,NA,NA,NA
Bacteria,Bacteria,outgroup,motu616,motu616,ASV1148,parent,632,Bacteria,Bacteria,outgroup,87.843,2.71e-80,Bacteria,NA,NA,NA,NA,NA,NA
Bacteria,Bacteria,outgroup,motu617,motu617,ASV1149,parent,634,Bacteria,Bacteria,outgroup,93.676,2.6100000000000002e-105,Bacteria,Cyanobacteriota,NA,NA,NA,NA,NA
Bacteria,Bacteria,outgroup,motu618,motu618,ASV1150,parent,635,Bacteria,Bacteria,outgroup,88.189,5.819999999999999e-82,Bacteria,NA,NA,NA,NA,NA,NA
Bacteria,Bacteria,outgroup,motu620,motu620,ASV1153,parent,638,Bacteria,Bacteria,outgroup,87.6,1.26e-78,Bacteria,NA,NA,NA,NA,NA,NA
Bacteria,Bacteria,outgroup,motu621,motu621,ASV1154,parent,639,Bacteria,Bacteria,outgroup,100,1.28e-143,Bacteria,NA,NA,NA,NA,NA,NA
Bacteria,Bacteria,outgroup,motu622,motu622,ASV1155,parent,640,Bacteria,Bacteria,outgroup,100,1.65e-142,Bacteria,NA,NA,NA,NA,NA,NA
Bacteria,Bacteria,outgroup,motu625,motu625,ASV1162,parent,644,Bacteria,Bacteria,outgroup,100,5.4199999999999993e-132,Bacteria,Planctomycetota,NA,NA,NA,NA,NA
Bacteria,Bacteria,outgroup,motu626,motu626,ASV1163,parent,645,Bacteria,Bacteria,outgroup,95.257,5.579999999999999e-112,Bacteria,NA,NA,NA,NA,NA,NA
Bacteria,Bacteria,outgroup,motu627,motu627,ASV1165,parent,646,Bacteria,Bacteria,outgroup,91.27,9.54e-95,Bacteria,Cyanobacteriota,NA,NA,NA,NA,NA
Bacteria,Bacteria,outgroup,motu629,motu629,ASV1168,parent,648,Bacteria,Bacteria,outgroup,98.828,1.19e-128,Bacteria,NA,NA,NA,NA,NA,NA
Bacteria,Bacteria,outgroup,motu633,motu633,ASV1172,parent,653,Bacteria,Bacteria,outgroup,92.578,5.73e-102,Bacteria,NA,NA,NA,NA,NA,NA
Bacteria,Bacteria,outgroup,motu635,motu635,ASV1174,parent,655,Bacteria,Bacteria,outgroup,88.235,5.819999999999999e-82,Bacteria,NA,NA,NA,NA,NA,NA
Bacteria,Bacteria,outgroup,motu636,motu636,ASV1175,parent,656,Bacteria,Bacteria,outgroup,88.095,2.09e-81,Bacteria,NA,NA,NA,NA,NA,NA
Bacteria,Bacteria,outgroup,motu647,motu647,ASV1192,parent,666,Bacteria,Bacteria,outgroup,99.209,1.1699999999999998e-128,Bacteria,Pseudomonadota,Gammaproteobacteria,Thiotrichales,Thiotrichaceae,Leucothrix,NA
Bacteria,Bacteria,outgroup,motu649,motu649,ASV1194,parent,668,Bacteria,Bacteria,outgroup,100,5.4199999999999993e-132,Bacteria,NA,NA,NA,NA,NA,NA
Bacteria,Bacteria,outgroup,motu650,motu650,ASV1195,parent,669,Bacteria,Bacteria,outgroup,90.514,5.74e-92,Bacteria,NA,NA,NA,NA,NA,NA
Bacteria,Bacteria,outgroup,motu652,motu652,ASV1198,parent,671,Bacteria,Bacteria,outgroup,91.87,3.43e-94,Bacteria,NA,NA,NA,NA,NA,NA
Bacteria,Bacteria,outgroup,motu655,motu655,ASV1202,parent,674,Bacteria,Bacteria,outgroup,87.795,2.71e-80,Bacteria,NA,NA,NA,NA,NA,NA
Bacteria,Bacteria,outgroup,motu657,motu657,ASV1204,parent,676,Bacteria,Bacteria,outgroup,93.359,2.65e-105,Bacteria,NA,NA,NA,NA,NA,NA
Bacteria,Bacteria,outgroup,motu659,motu659,ASV1209,parent,678,Bacteria,Bacteria,outgroup,91.051,2.6899999999999998e-95,Bacteria,NA,NA,NA,NA,NA,NA
Bacteria,Bacteria,outgroup,motu660,motu660,ASV1210,parent,483,Bacteria,Bacteria,outgroup,94.922,5.649999999999999e-112,Bacteria,NA,NA,NA,NA,NA,NA
Bacteria,Bacteria,outgroup,motu660,motu660,ASV1359,parent,483,Bacteria,Bacteria,outgroup,95.312,1.21e-113,Bacteria,NA,NA,NA,NA,NA,NA
Bacteria,Bacteria,outgroup,motu674,motu674,ASV1230,parent,692,Bacteria,Bacteria,outgroup,92.969,1.23e-103,Bacteria,NA,NA,NA,NA,NA,NA
Bacteria,Bacteria,outgroup,motu677,motu677,ASV1236,parent,694,Bacteria,Bacteria,outgroup,99.209,1.1699999999999998e-128,Bacteria,Pseudomonadota,Gammaproteobacteria,NA,NA,NA,NA
Bacteria,Bacteria,outgroup,motu680,motu680,ASV1241,parent,697,Bacteria,Bacteria,outgroup,86.122,7.640000000000001e-71,Bacteria,NA,NA,NA,NA,NA,NA
Bacteria,Bacteria,outgroup,motu682,motu682,ASV1243,parent,699,Bacteria,Bacteria,outgroup,90.119,3.4499999999999995e-89,Bacteria,NA,NA,NA,NA,NA,NA
Bacteria,Bacteria,outgroup,motu685,motu685,ASV1247,parent,524,Bacteria,Bacteria,outgroup,94.466,1.21e-108,Bacteria,Cyanobacteriota,NA,NA,NA,NA,NA
Bacteria,Bacteria,outgroup,motu685,motu685,ASV1698,parent,524,Bacteria,Bacteria,outgroup,94.862,2.5999999999999996e-110,Bacteria,Cyanobacteriota,NA,NA,NA,NA,NA
Bacteria,Bacteria,outgroup,motu686,motu686,ASV1248,parent,701,Bacteria,Bacteria,outgroup,96.484,1.2099999999999998e-118,Bacteria,NA,NA,NA,NA,NA,NA
Bacteria,Bacteria,outgroup,motu691,motu691,ASV1253,parent,706,Bacteria,Bacteria,outgroup,96.356,1.1999999999999999e-113,Bacteria,Bacteroidota,Flavobacteriia,Flavobacteriales,Flavobacteriaceae,Winogradskyella,NA
Bacteria,Bacteria,outgroup,motu695,motu695,ASV1260,parent,711,Bacteria,Bacteria,outgroup,85.317,1.28e-68,Bacteria,NA,NA,NA,NA,NA,NA
Bacteria,Bacteria,outgroup,motu704,motu704,ASV1271,parent,719,Bacteria,Bacteria,outgroup,100,5.4199999999999993e-132,Bacteria,NA,NA,NA,NA,NA,NA
Bacteria,Bacteria,outgroup,motu712,motu712,ASV1283,parent,728,Bacteria,Bacteria,outgroup,94.466,1.21e-108,Bacteria,NA,NA,NA,NA,NA,NA
Bacteria,Bacteria,outgroup,motu713,motu713,ASV1287,parent,729,Bacteria,Bacteria,outgroup,93.6,1.22e-103,Bacteria,NA,NA,NA,NA,NA,NA
Bacteria,Bacteria,outgroup,motu714,motu714,ASV1289,parent,731,Bacteria,Bacteria,outgroup,94.531,2.6299999999999995e-110,Bacteria,NA,NA,NA,NA,NA,NA
Bacteria,Bacteria,outgroup,motu716,motu716,ASV1474,parent,523,Bacteria,Bacteria,outgroup,95.703,2.61e-115,Bacteria,NA,NA,NA,NA,NA,NA
Bacteria,Bacteria,outgroup,motu719,motu719,ASV1296,parent,735,Bacteria,Bacteria,outgroup,94.922,5.649999999999999e-112,Bacteria,NA,NA,NA,NA,NA,NA
Bacteria,Bacteria,outgroup,motu720,motu720,ASV1297,parent,736,Bacteria,Bacteria,outgroup,92.913,5.66e-102,Bacteria,Campylobacterota,NA,NA,NA,NA,NA
Bacteria,Bacteria,outgroup,motu722,motu722,ASV1299,parent,738,Bacteria,Bacteria,outgroup,90.514,5.74e-92,Bacteria,NA,NA,NA,NA,NA,NA
Bacteria,Bacteria,outgroup,motu723,motu723,ASV1300,parent,739,Bacteria,Bacteria,outgroup,86.561,2.73e-75,Bacteria,NA,NA,NA,NA,NA,NA
Bacteria,Bacteria,outgroup,motu725,motu725,ASV1302,parent,741,Bacteria,Bacteria,outgroup,89.412,5.779999999999999e-87,Bacteria,NA,NA,NA,NA,NA,NA
Bacteria,Bacteria,outgroup,motu728,motu728,ASV1308,parent,744,Bacteria,Bacteria,outgroup,95.102,1.5799999999999997e-107,Bacteria,NA,NA,NA,NA,NA,NA
Bacteria,Bacteria,outgroup,motu730,motu730,ASV1310,parent,745,Bacteria,Bacteria,outgroup,92.578,5.73e-102,Bacteria,NA,NA,NA,NA,NA,NA
Bacteria,Bacteria,outgroup,motu732,motu732,ASV1313,parent,749,Bacteria,Bacteria,outgroup,94.862,2.5999999999999996e-110,Bacteria,NA,NA,NA,NA,NA,NA
Bacteria,Bacteria,outgroup,motu733,motu733,ASV1314,parent,750,Bacteria,Bacteria,outgroup,93.061,3.4099999999999994e-99,Bacteria,NA,NA,NA,NA,NA,NA
Bacteria,Bacteria,outgroup,motu734,motu734,ASV1316,parent,516,Bacteria,Bacteria,outgroup,100,5.4199999999999993e-132,Bacteria,NA,NA,NA,NA,NA,NA
Bacteria,Bacteria,outgroup,motu734,motu734,ASV1379,parent,516,Bacteria,Bacteria,outgroup,100,5.4199999999999993e-132,Bacteria,Bacteroidota,NA,NA,NA,NA,NA
Bacteria,Bacteria,outgroup,motu736,motu736,ASV1319,parent,752,Bacteria,Bacteria,outgroup,89.147,3.71e-39,Bacteria,NA,NA,NA,NA,NA,NA
Bacteria,Bacteria,outgroup,motu738,motu738,ASV1324,parent,756,Bacteria,Bacteria,outgroup,100,5.4199999999999993e-132,Bacteria,Pseudomonadota,Gammaproteobacteria,Thiotrichales,Piscirickettsiaceae,Cycloclasticus,NA
Bacteria,Bacteria,outgroup,motu739,motu739,ASV1325,parent,755,Bacteria,Bacteria,outgroup,95.816,1.5599999999999997e-107,Bacteria,NA,NA,NA,NA,NA,NA
Bacteria,Bacteria,outgroup,motu741,motu741,ASV1327,parent,758,Bacteria,Bacteria,outgroup,92.797,3.43e-94,Bacteria,NA,NA,NA,NA,NA,NA
Bacteria,Bacteria,outgroup,motu742,motu742,ASV1328,parent,759,Bacteria,Bacteria,outgroup,92.885,6.3e-102,Bacteria,NA,NA,NA,NA,NA,NA
Bacteria,Bacteria,outgroup,motu749,motu749,ASV1335,parent,765,Bacteria,Bacteria,outgroup,90.945,1.23e-93,Bacteria,NA,NA,NA,NA,NA,NA
Bacteria,Bacteria,outgroup,motu752,motu752,ASV1339,parent,768,Bacteria,Bacteria,outgroup,90.98,1.23e-93,Bacteria,NA,NA,NA,NA,NA,NA
Bacteria,Bacteria,outgroup,motu753,motu753,ASV1345,parent,769,Bacteria,Bacteria,outgroup,93.676,2.6100000000000002e-105,Bacteria,NA,NA,NA,NA,NA,NA
Bacteria,Bacteria,outgroup,motu755,motu755,ASV1349,parent,771,Bacteria,Bacteria,outgroup,93.878,1.59e-102,Bacteria,NA,NA,NA,NA,NA,NA
Bacteria,Bacteria,outgroup,motu756,motu756,ASV1350,parent,773,Bacteria,Bacteria,outgroup,93.725,2.63e-105,Bacteria,NA,NA,NA,NA,NA,NA
Bacteria,Bacteria,outgroup,motu758,motu758,ASV1352,parent,596,Bacteria,Bacteria,outgroup,100,5.4199999999999993e-132,Bacteria,NA,NA,NA,NA,NA,NA
Bacteria,Bacteria,outgroup,motu758,motu758,ASV1877,parent,596,Bacteria,Bacteria,outgroup,99.605,2.5199999999999995e-130,Bacteria,NA,NA,NA,NA,NA,NA
Bacteria,Bacteria,outgroup,motu758,motu758,ASV2002,parent,596,Bacteria,Bacteria,outgroup,99.605,2.5199999999999995e-130,Bacteria,Pseudomonadota,Gammaproteobacteria,NA,NA,NA,NA
Bacteria,Bacteria,outgroup,motu764,motu764,ASV1360,parent,780,Bacteria,Bacteria,outgroup,93.281,1.22e-103,Bacteria,NA,NA,NA,NA,NA,NA
Bacteria,Bacteria,outgroup,motu767,motu767,ASV1364,parent,783,Bacteria,Bacteria,outgroup,95.669,3.35e-114,Bacteria,NA,NA,NA,NA,NA,NA
Bacteria,Bacteria,outgroup,motu777,motu777,ASV1377,parent,793,Bacteria,Bacteria,outgroup,94.071,5.62e-107,Bacteria,NA,NA,NA,NA,NA,NA
Bacteria,Bacteria,outgroup,motu784,motu784,ASV1385,parent,799,Bacteria,Bacteria,outgroup,100,4.599999999999999e-143,Bacteria,NA,NA,NA,NA,NA,NA
Bacteria,Bacteria,outgroup,motu785,motu785,ASV1386,parent,636,Bacteria,Bacteria,outgroup,99.605,2.5199999999999995e-130,Bacteria,Pseudomonadota,Gammaproteobacteria,NA,NA,NA,NA
Bacteria,Bacteria,outgroup,motu785,motu785,ASV2119,parent,636,Bacteria,Bacteria,outgroup,100,5.4199999999999993e-132,Bacteria,Pseudomonadota,Gammaproteobacteria,NA,NA,NA,NA
Bacteria,Bacteria,outgroup,motu786,motu786,ASV1387,parent,800,Bacteria,Bacteria,outgroup,100,4.599999999999999e-143,Bacteria,Bacteroidota,Flavobacteriia,Flavobacteriales,Flavobacteriaceae,Flavobacterium,NA
Bacteria,Bacteria,outgroup,motu797,motu797,ASV1402,parent,811,Bacteria,Bacteria,outgroup,94.093,1.05e-99,Bacteria,NA,NA,NA,NA,NA,NA
Bacteria,Bacteria,outgroup,motu802,motu802,ASV1407,parent,816,Bacteria,Bacteria,outgroup,96.484,1.2099999999999998e-118,Bacteria,Cyanobacteriota,NA,NA,NA,NA,NA
Bacteria,Bacteria,outgroup,motu808,motu808,ASV1413,parent,822,Bacteria,Bacteria,outgroup,90.119,2.67e-90,Bacteria,NA,NA,NA,NA,NA,NA
Bacteria,Bacteria,outgroup,motu811,motu811,ASV1418,parent,575,Bacteria,Bacteria,outgroup,86.122,7.640000000000001e-71,Bacteria,NA,NA,NA,NA,NA,NA
Bacteria,Bacteria,outgroup,motu811,motu811,ASV1436,parent,575,Bacteria,Bacteria,outgroup,86.008,9.880000000000001e-70,Bacteria,NA,NA,NA,NA,NA,NA
Bacteria,Bacteria,outgroup,motu812,motu812,ASV1419,parent,824,Bacteria,Bacteria,outgroup,92.885,5.66e-102,Bacteria,NA,NA,NA,NA,NA,NA
Bacteria,Bacteria,outgroup,motu818,motu818,ASV1430,parent,831,Bacteria,Bacteria,outgroup,92.308,4.83e-108,Bacteria,NA,NA,NA,NA,NA,NA
Bacteria,Bacteria,outgroup,motu820,motu820,ASV1435,parent,833,Bacteria,Bacteria,outgroup,85.882,2.75e-70,Bacteria,NA,NA,NA,NA,NA,NA
Bacteria,Bacteria,outgroup,motu821,motu821,ASV1437,parent,834,Bacteria,Bacteria,outgroup,94.694,7.269999999999999e-106,Bacteria,NA,NA,NA,NA,NA,NA
Bacteria,Bacteria,outgroup,motu827,motu827,ASV1444,parent,839,Bacteria,Bacteria,outgroup,91.87,3.47e-94,Bacteria,NA,NA,NA,NA,NA,NA
Bacteria,Bacteria,outgroup,motu828,motu828,ASV1445,parent,840,Bacteria,Bacteria,outgroup,92.969,1.23e-103,Bacteria,NA,NA,NA,NA,NA,NA
Bacteria,Bacteria,outgroup,motu833,motu833,ASV1452,parent,846,Bacteria,Bacteria,outgroup,94.531,2.6299999999999995e-110,Bacteria,NA,NA,NA,NA,NA,NA
Bacteria,Bacteria,outgroup,motu837,motu837,ASV1460,parent,850,Bacteria,Bacteria,outgroup,94.862,2.5999999999999996e-110,Bacteria,Cyanobacteriota,NA,NA,NA,NA,NA
Bacteria,Bacteria,outgroup,motu841,motu841,ASV1467,parent,852,Bacteria,Bacteria,outgroup,92.969,1.23e-103,Bacteria,NA,NA,NA,NA,NA,NA
Bacteria,Bacteria,outgroup,motu842,motu842,ASV1468,parent,854,Bacteria,Bacteria,outgroup,95.918,7.22e-111,Bacteria,NA,NA,NA,NA,NA,NA
Bacteria,Bacteria,outgroup,motu843,motu843,ASV1469,parent,855,Bacteria,Bacteria,outgroup,95.703,2.61e-115,Bacteria,NA,NA,NA,NA,NA,NA
Bacteria,Bacteria,outgroup,motu850,motu850,ASV1480,parent,862,Bacteria,Bacteria,outgroup,100,4.599999999999999e-143,Bacteria,NA,NA,NA,NA,NA,NA
Bacteria,Bacteria,outgroup,motu851,motu851,ASV1481,parent,863,Bacteria,Bacteria,outgroup,92.126,1.2199999999999999e-98,Bacteria,NA,NA,NA,NA,NA,NA
Bacteria,Bacteria,outgroup,motu854,motu854,ASV1486,parent,865,Bacteria,Bacteria,outgroup,93.676,2.6100000000000002e-105,Bacteria,Cyanobacteriota,NA,NA,NA,NA,NA
Bacteria,Bacteria,outgroup,motu855,motu855,ASV1488,parent,866,Bacteria,Bacteria,outgroup,88.235,2.71e-80,Bacteria,NA,NA,NA,NA,NA,NA
Bacteria,Bacteria,outgroup,motu861,motu861,ASV1495,parent,873,Bacteria,Bacteria,outgroup,92.829,7.319999999999999e-101,Bacteria,NA,NA,NA,NA,NA,NA
Bacteria,Bacteria,outgroup,motu864,motu864,ASV1499,parent,876,Bacteria,Bacteria,outgroup,92.578,5.73e-102,Bacteria,NA,NA,NA,NA,NA,NA
Bacteria,Bacteria,outgroup,motu865,motu865,ASV1500,parent,878,Bacteria,Bacteria,outgroup,93.249,2.2799999999999996e-96,Bacteria,NA,NA,NA,NA,NA,NA
Bacteria,Bacteria,outgroup,motu866,motu866,ASV1501,parent,881,Bacteria,Bacteria,outgroup,91.304,2.65e-95,Bacteria,NA,NA,NA,NA,NA,NA
Bacteria,Bacteria,outgroup,motu870,motu870,ASV1505,parent,883,Bacteria,Bacteria,outgroup,91.44,5.77e-97,Bacteria,NA,NA,NA,NA,NA,NA
Bacteria,Bacteria,outgroup,motu871,motu871,ASV1506,parent,884,Bacteria,Bacteria,outgroup,91.732,5.7e-97,Bacteria,NA,NA,NA,NA,NA,NA
Bacteria,Bacteria,outgroup,motu876,motu876,ASV1511,parent,889,Bacteria,Bacteria,outgroup,100,4.599999999999999e-143,Bacteria,Verrucomicrobiota,NA,NA,NA,NA,NA
Bacteria,Bacteria,outgroup,motu879,motu879,ASV1517,parent,892,Bacteria,Bacteria,outgroup,93.061,3.4099999999999994e-99,Bacteria,NA,NA,NA,NA,NA,NA
Bacteria,Bacteria,outgroup,motu881,motu881,ASV1519,parent,894,Bacteria,Bacteria,outgroup,94.466,1.21e-108,Bacteria,NA,NA,NA,NA,NA,NA
Bacteria,Bacteria,outgroup,motu883,motu883,ASV1521,parent,896,Bacteria,Bacteria,outgroup,92.829,2.64e-100,Bacteria,NA,NA,NA,NA,NA,NA
Bacteria,Bacteria,outgroup,motu888,motu888,ASV1526,parent,899,Bacteria,Bacteria,outgroup,95.686,1.1999999999999999e-113,Bacteria,NA,NA,NA,NA,NA,NA
Bacteria,Bacteria,outgroup,motu889,motu889,ASV1527,parent,902,Bacteria,Bacteria,outgroup,92.549,2.63e-100,Bacteria,NA,NA,NA,NA,NA,NA
Bacteria,Bacteria,outgroup,motu891,motu891,ASV1530,parent,753,Bacteria,Bacteria,outgroup,100,1.65e-142,Bacteria,Pseudomonadota,Gammaproteobacteria,NA,NA,NA,NA
Bacteria,Bacteria,outgroup,motu891,motu891,ASV2385,parent,753,Bacteria,Bacteria,outgroup,99.632,7.7e-141,Bacteria,Pseudomonadota,Gammaproteobacteria,NA,NA,NA,NA
Bacteria,Bacteria,outgroup,motu893,motu893,ASV1532,parent,905,Bacteria,Bacteria,outgroup,94.882,7.25e-111,Bacteria,NA,NA,NA,NA,NA,NA
Bacteria,Bacteria,outgroup,motu898,motu898,ASV1538,parent,910,Bacteria,Bacteria,outgroup,93.281,1.22e-103,Bacteria,NA,NA,NA,NA,NA,NA
Bacteria,Bacteria,outgroup,motu901,motu901,ASV1790,parent,722,Bacteria,Bacteria,outgroup,95.918,7.22e-111,Bacteria,NA,NA,NA,NA,NA,NA
Bacteria,Bacteria,outgroup,motu906,motu906,ASV1546,parent,916,Bacteria,Bacteria,outgroup,92.969,1.23e-103,Bacteria,NA,NA,NA,NA,NA,NA
Bacteria,Bacteria,outgroup,motu911,motu911,ASV1554,parent,922,Bacteria,Bacteria,outgroup,92.969,1.58e-102,Bacteria,NA,NA,NA,NA,NA,NA
Bacteria,Bacteria,outgroup,motu915,motu915,ASV1558,parent,927,Bacteria,Bacteria,outgroup,93.75,5.689999999999999e-107,Bacteria,NA,NA,NA,NA,NA,NA
Bacteria,Bacteria,outgroup,motu918,motu918,ASV1564,parent,776,Bacteria,Bacteria,outgroup,93.089,3.4499999999999994e-99,Bacteria,NA,NA,NA,NA,NA,NA
Bacteria,Bacteria,outgroup,motu918,motu918,ASV2261,parent,776,Bacteria,Bacteria,outgroup,91.86,1.24e-98,Bacteria,NA,NA,NA,NA,NA,NA
Bacteria,Bacteria,outgroup,motu919,motu919,ASV1565,parent,930,Bacteria,Bacteria,outgroup,92.032,1.59e-97,Bacteria,NA,NA,NA,NA,NA,NA
Bacteria,Bacteria,outgroup,motu923,motu923,ASV1573,parent,932,Bacteria,Bacteria,outgroup,94.141,1.22e-108,Bacteria,NA,NA,NA,NA,NA,NA
Bacteria,Bacteria,outgroup,motu927,motu927,ASV1577,parent,936,Bacteria,Bacteria,outgroup,90.98,1.23e-93,Bacteria,NA,NA,NA,NA,NA,NA
Bacteria,Bacteria,outgroup,motu931,motu931,ASV1584,parent,940,Bacteria,Bacteria,outgroup,91.829,1.24e-98,Bacteria,NA,NA,NA,NA,NA,NA
Bacteria,Bacteria,outgroup,motu934,motu934,ASV1587,parent,943,Bacteria,Bacteria,outgroup,91.829,1.24e-98,Bacteria,NA,NA,NA,NA,NA,NA
Bacteria,Bacteria,outgroup,motu937,motu937,ASV1591,parent,947,Bacteria,Bacteria,outgroup,92.52,7.349999999999998e-101,Bacteria,NA,NA,NA,NA,NA,NA
Bacteria,Bacteria,outgroup,motu940,motu940,ASV1595,parent,802,Bacteria,Bacteria,outgroup,91.373,2.65e-95,Bacteria,NA,NA,NA,NA,NA,NA
Bacteria,Bacteria,outgroup,motu940,motu940,ASV2171,parent,802,Bacteria,Bacteria,outgroup,91.765,5.7e-97,Bacteria,NA,NA,NA,NA,NA,NA
Bacteria,Bacteria,outgroup,motu950,motu950,ASV1610,parent,959,Bacteria,Bacteria,outgroup,94.922,5.649999999999999e-112,Bacteria,Cyanobacteriota,NA,NA,NA,NA,NA
Bacteria,Bacteria,outgroup,motu954,motu954,ASV1616,parent,964,Bacteria,Bacteria,outgroup,92.885,5.66e-102,Bacteria,NA,NA,NA,NA,NA,NA
Bacteria,Bacteria,outgroup,motu955,motu955,ASV1617,parent,967,Bacteria,Bacteria,outgroup,92.578,5.73e-102,Bacteria,NA,NA,NA,NA,NA,NA
Bacteria,Bacteria,outgroup,motu960,motu960,ASV1624,parent,970,Bacteria,Bacteria,outgroup,94.071,5.62e-107,Bacteria,NA,NA,NA,NA,NA,NA
Bacteria,Bacteria,outgroup,motu962,motu962,ASV1626,parent,973,Bacteria,Bacteria,outgroup,90,1.2399999999999998e-88,Bacteria,NA,NA,NA,NA,NA,NA
Bacteria,Bacteria,outgroup,motu967,motu967,ASV1632,parent,976,Bacteria,Bacteria,outgroup,92.126,1.2199999999999999e-98,Bacteria,NA,NA,NA,NA,NA,NA
Bacteria,Bacteria,outgroup,motu971,motu971,ASV1638,parent,981,Bacteria,Bacteria,outgroup,87.747,2.71e-80,Bacteria,NA,NA,NA,NA,NA,NA
Bacteria,Bacteria,outgroup,motu973,motu973,ASV1640,parent,826,Bacteria,Bacteria,outgroup,91.473,5.77e-97,Bacteria,NA,NA,NA,NA,NA,NA
Bacteria,Bacteria,outgroup,motu973,motu973,ASV2169,parent,826,Bacteria,Bacteria,outgroup,91.86,1.24e-98,Bacteria,NA,NA,NA,NA,NA,NA
Bacteria,Bacteria,outgroup,motu974,motu974,ASV1642,parent,982,Bacteria,Bacteria,outgroup,100,5.4199999999999993e-132,Bacteria,Planctomycetota,NA,NA,NA,NA,NA
Bacteria,Bacteria,outgroup,motu975,motu975,ASV1643,parent,984,Bacteria,Bacteria,outgroup,91.6,2.65e-95,Bacteria,NA,NA,NA,NA,NA,NA
Bacteria,Bacteria,outgroup,motu985,motu985,ASV1657,parent,995,Bacteria,Bacteria,outgroup,93.701,2.6100000000000002e-105,Bacteria,NA,NA,NA,NA,NA,NA
Bacteria,Bacteria,outgroup,motu986,motu986,ASV1658,parent,996,Bacteria,Bacteria,outgroup,100,5.4199999999999993e-132,Bacteria,NA,NA,NA,NA,NA,NA
Bacteria,Bacteria,outgroup,motu987,motu987,ASV1659,parent,994,Bacteria,Bacteria,outgroup,95.312,1.21e-113,Bacteria,NA,NA,NA,NA,NA,NA
Bacteria,Bacteria,outgroup,motu988,motu988,ASV1660,parent,998,Bacteria,Bacteria,outgroup,89.723,1.2399999999999998e-88,Bacteria,NA,NA,NA,NA,NA,NA
Bacteria,Bacteria,outgroup,motu991,motu991,ASV1663,parent,997,Bacteria,Bacteria,outgroup,93.305,1.5800000000000002e-97,Bacteria,NA,NA,NA,NA,NA,NA
Bacteria,Bacteria,outgroup,motu996,motu996,ASV1669,parent,1005,Bacteria,Bacteria,outgroup,100,5.4199999999999993e-132,Bacteria,NA,NA,NA,NA,NA,NA
Bacteria,Bacteria,outgroup,motu997,motu997,ASV1670,parent,1007,Bacteria,Bacteria,outgroup,93.469,7.319999999999999e-101,Bacteria,NA,NA,NA,NA,NA,NA
Bacteria,Bacteria,outgroup,motu1000,motu1000,ASV1675,parent,819,Bacteria,Bacteria,outgroup,94.071,5.62e-107,Bacteria,NA,NA,NA,NA,NA,NA
Bacteria,Bacteria,outgroup,motu1000,motu1000,ASV1860,parent,819,Bacteria,Bacteria,outgroup,93.676,2.6100000000000002e-105,Bacteria,NA,NA,NA,NA,NA,NA
Bacteria,Bacteria,outgroup,motu1002,motu1002,ASV1678,parent,1011,Bacteria,Bacteria,outgroup,95.935,7.22e-111,Bacteria,NA,NA,NA,NA,NA,NA
Bacteria,Bacteria,outgroup,motu1006,motu1006,ASV1682,parent,1015,Bacteria,Bacteria,outgroup,86.275,1.27e-73,Bacteria,NA,NA,NA,NA,NA,NA
Bacteria,Bacteria,outgroup,motu1008,motu1008,ASV1685,parent,1016,Bacteria,Bacteria,outgroup,87.008,2.11e-76,Bacteria,NA,NA,NA,NA,NA,NA
Bacteria,Bacteria,outgroup,motu1010,motu1010,ASV1687,parent,1018,Bacteria,Bacteria,outgroup,92.49,2.63e-100,Bacteria,NA,NA,NA,NA,NA,NA
Bacteria,Bacteria,outgroup,motu1011,motu1011,ASV1688,parent,1019,Bacteria,Bacteria,outgroup,91.797,1.24e-98,Bacteria,NA,NA,NA,NA,NA,NA
Bacteria,Bacteria,outgroup,motu1018,motu1018,ASV1699,parent,1026,Bacteria,Bacteria,outgroup,90.234,5.81e-92,Bacteria,NA,NA,NA,NA,NA,NA
Bacteria,Bacteria,outgroup,motu1021,motu1021,ASV1702,parent,1029,Bacteria,Bacteria,outgroup,91.339,2.65e-95,Bacteria,NA,NA,NA,NA,NA,NA
Bacteria,Bacteria,outgroup,motu1024,motu1024,ASV1706,parent,1031,Bacteria,Bacteria,outgroup,91.406,2.64e-95,Bacteria,NA,NA,NA,NA,NA,NA
Bacteria,Bacteria,outgroup,motu1028,motu1028,ASV1711,parent,1035,Bacteria,Bacteria,outgroup,94.466,1.21e-108,Bacteria,NA,NA,NA,NA,NA,NA
Bacteria,Bacteria,outgroup,motu1029,motu1029,ASV1713,parent,1037,Bacteria,Bacteria,outgroup,100,5.4199999999999993e-132,Bacteria,Pseudomonadota,Gammaproteobacteria,NA,NA,NA,NA
Bacteria,Bacteria,outgroup,motu1030,motu1030,ASV1714,parent,1038,Bacteria,Bacteria,outgroup,93.333,3.3999999999999995e-104,Bacteria,NA,NA,NA,NA,NA,NA
Bacteria,Bacteria,outgroup,motu1034,motu1034,ASV1719,parent,1041,Bacteria,Bacteria,outgroup,95.397,7.269999999999999e-106,Bacteria,NA,NA,NA,NA,NA,NA
Bacteria,Bacteria,outgroup,motu1036,motu1036,ASV1723,parent,1044,Bacteria,Bacteria,outgroup,94.466,4.34e-108,Bacteria,Cyanobacteriota,NA,NA,NA,NA,NA
Bacteria,Bacteria,outgroup,motu1039,motu1039,ASV1726,parent,1046,Bacteria,Bacteria,outgroup,95.918,7.22e-111,Bacteria,NA,NA,NA,NA,NA,NA
Bacteria,Bacteria,outgroup,motu1042,motu1042,ASV1729,parent,1048,Bacteria,Bacteria,outgroup,94.862,2.5999999999999996e-110,Bacteria,NA,NA,NA,NA,NA,NA
Bacteria,Bacteria,outgroup,motu1048,motu1048,ASV1736,parent,1052,Bacteria,Bacteria,outgroup,93.359,2.65e-105,Bacteria,NA,NA,NA,NA,NA,NA
Bacteria,Bacteria,outgroup,motu1050,motu1050,ASV1741,parent,1054,Bacteria,Bacteria,outgroup,92.607,5.73e-102,Bacteria,NA,NA,NA,NA,NA,NA
Bacteria,Bacteria,outgroup,motu1051,motu1051,ASV1743,parent,1057,Bacteria,Bacteria,outgroup,94.186,1.22e-108,Bacteria,NA,NA,NA,NA,NA,NA
Bacteria,Bacteria,outgroup,motu1060,motu1060,ASV1755,parent,1065,Bacteria,Bacteria,outgroup,95.669,3.35e-114,Bacteria,NA,NA,NA,NA,NA,NA
Bacteria,Bacteria,outgroup,motu1066,motu1066,ASV1765,parent,1072,Bacteria,Bacteria,outgroup,94.163,1.22e-108,Bacteria,NA,NA,NA,NA,NA,NA
Bacteria,Bacteria,outgroup,motu1070,motu1070,ASV1770,parent,1075,Bacteria,Bacteria,outgroup,99.632,7.7e-141,Bacteria,NA,NA,NA,NA,NA,NA
Bacteria,Bacteria,outgroup,motu1071,motu1071,ASV1772,parent,1076,Bacteria,Bacteria,outgroup,95.918,7.22e-111,Bacteria,NA,NA,NA,NA,NA,NA
Bacteria,Bacteria,outgroup,motu1077,motu1077,ASV1780,parent,1082,Bacteria,Bacteria,outgroup,92.095,1.2199999999999999e-98,Bacteria,NA,NA,NA,NA,NA,NA
Bacteria,Bacteria,outgroup,motu1078,motu1078,ASV1782,parent,1083,Bacteria,Bacteria,outgroup,92.578,5.73e-102,Bacteria,NA,NA,NA,NA,NA,NA
Bacteria,Bacteria,outgroup,motu1086,motu1086,ASV1793,parent,1093,Bacteria,Bacteria,outgroup,94.048,7.299999999999999e-106,Bacteria,NA,NA,NA,NA,NA,NA
Bacteria,Bacteria,outgroup,motu1089,motu1089,ASV1796,parent,1092,Bacteria,Bacteria,outgroup,90.157,2.67e-90,Bacteria,NA,NA,NA,NA,NA,NA
Bacteria,Bacteria,outgroup,motu1090,motu1090,ASV1797,parent,1095,Bacteria,Bacteria,outgroup,87.059,5.86e-77,Bacteria,NA,NA,NA,NA,NA,NA
Bacteria,Bacteria,outgroup,motu1096,motu1096,ASV1805,parent,1101,Bacteria,Bacteria,outgroup,92.549,2.63e-100,Bacteria,NA,NA,NA,NA,NA,NA
Bacteria,Bacteria,outgroup,motu1097,motu1097,ASV1807,parent,1102,Bacteria,Bacteria,outgroup,95.652,1.1999999999999999e-113,Bacteria,NA,NA,NA,NA,NA,NA
Bacteria,Bacteria,outgroup,motu1105,motu1105,ASV1817,parent,1109,Bacteria,Bacteria,outgroup,100,5.4199999999999993e-132,Bacteria,Pseudomonadota,Alphaproteobacteria,NA,NA,NA,NA
Bacteria,Bacteria,outgroup,motu1108,motu1108,ASV1823,parent,1113,Bacteria,Bacteria,outgroup,95.397,7.269999999999999e-106,Bacteria,NA,NA,NA,NA,NA,NA
Bacteria,Bacteria,outgroup,motu1114,motu1114,ASV1836,parent,1118,Bacteria,Bacteria,outgroup,93.307,1.22e-103,Bacteria,NA,NA,NA,NA,NA,NA
Bacteria,Bacteria,outgroup,motu1115,motu1115,ASV1837,parent,946,Bacteria,Bacteria,outgroup,93.701,7.269999999999999e-106,Bacteria,NA,NA,NA,NA,NA,NA
Bacteria,Bacteria,outgroup,motu1115,motu1115,ASV2093,parent,946,Bacteria,Bacteria,outgroup,93.307,3.38e-104,Bacteria,NA,NA,NA,NA,NA,NA
Bacteria,Bacteria,outgroup,motu1116,motu1116,ASV1839,parent,1119,Bacteria,Bacteria,outgroup,94.488,1.21e-108,Bacteria,NA,NA,NA,NA,NA,NA
Bacteria,Bacteria,outgroup,motu1118,motu1118,ASV1843,parent,1120,Bacteria,Bacteria,outgroup,90.511,1.05e-99,Bacteria,NA,NA,NA,NA,NA,NA
Bacteria,Bacteria,outgroup,motu1119,motu1119,ASV1844,parent,1122,Bacteria,Bacteria,outgroup,95.918,7.22e-111,Bacteria,NA,NA,NA,NA,NA,NA
Bacteria,Bacteria,outgroup,motu1121,motu1121,ASV1846,parent,1124,Bacteria,Bacteria,outgroup,86.328,1.27e-73,Bacteria,NA,NA,NA,NA,NA,NA
Bacteria,Bacteria,outgroup,motu1123,motu1123,ASV1851,parent,925,Bacteria,Bacteria,outgroup,92.218,2.67e-100,Bacteria,NA,NA,NA,NA,NA,NA
Bacteria,Bacteria,outgroup,motu1123,motu1123,ASV1913,parent,925,Bacteria,Bacteria,outgroup,92.218,2.67e-100,Bacteria,NA,NA,NA,NA,NA,NA
Bacteria,Bacteria,outgroup,motu1127,motu1127,ASV1858,parent,1129,Bacteria,Bacteria,outgroup,100,5.4199999999999993e-132,Bacteria,Pseudomonadota,Gammaproteobacteria,NA,NA,NA,NA
Bacteria,Bacteria,outgroup,motu1130,motu1130,ASV1866,parent,1131,Bacteria,Bacteria,outgroup,92.095,1.2199999999999999e-98,Bacteria,NA,NA,NA,NA,NA,NA
Bacteria,Bacteria,outgroup,motu1132,motu1132,ASV1869,parent,1138,Bacteria,Bacteria,outgroup,100,1.28e-143,Bacteria,Cyanobacteriota,NA,NA,NA,NA,NA
Bacteria,Bacteria,outgroup,motu1146,motu1146,ASV1887,parent,1148,Bacteria,Bacteria,outgroup,92.549,9.43e-100,Bacteria,NA,NA,NA,NA,NA,NA
Bacteria,Bacteria,outgroup,motu1156,motu1156,ASV1897,parent,1158,Bacteria,Bacteria,outgroup,97.619,1.98e-121,Bacteria,NA,NA,NA,NA,NA,NA
Bacteria,Bacteria,outgroup,motu1163,motu1163,ASV1909,parent,1163,Bacteria,Bacteria,outgroup,92.969,1.23e-103,Bacteria,NA,NA,NA,NA,NA,NA
Bacteria,Bacteria,outgroup,motu1164,motu1164,ASV1910,parent,1165,Bacteria,Bacteria,outgroup,91.016,2.6899999999999998e-95,Bacteria,NA,NA,NA,NA,NA,NA
Bacteria,Bacteria,outgroup,motu1174,motu1174,ASV1923,parent,1172,Bacteria,Bacteria,outgroup,93.75,5.689999999999999e-107,Bacteria,Cyanobacteriota,NA,NA,NA,NA,NA
Bacteria,Bacteria,outgroup,motu1176,motu1176,ASV1925,parent,1177,Bacteria,Bacteria,outgroup,94.862,2.5999999999999996e-110,Bacteria,NA,NA,NA,NA,NA,NA
Bacteria,Bacteria,outgroup,motu1180,motu1180,ASV1930,parent,1181,Bacteria,Bacteria,outgroup,90.514,5.74e-92,Bacteria,NA,NA,NA,NA,NA,NA
Bacteria,Bacteria,outgroup,motu1191,motu1191,ASV1944,parent,1191,Bacteria,Bacteria,outgroup,99.605,2.5199999999999995e-130,Bacteria,NA,NA,NA,NA,NA,NA
Bacteria,Bacteria,outgroup,motu1197,motu1197,ASV1953,parent,1196,Bacteria,Bacteria,outgroup,86.42,2.12e-71,Bacteria,NA,NA,NA,NA,NA,NA
Bacteria,Bacteria,outgroup,motu1198,motu1198,ASV1954,parent,1197,Bacteria,Bacteria,outgroup,94.882,7.25e-111,Bacteria,NA,NA,NA,NA,NA,NA
Bacteria,Bacteria,outgroup,motu1204,motu1204,ASV1961,parent,1202,Bacteria,Bacteria,outgroup,100,5.4199999999999993e-132,Bacteria,Pseudomonadota,Gammaproteobacteria,Cellvibrionales,Porticoccaceae,NA,NA
Bacteria,Bacteria,outgroup,motu1206,motu1206,ASV1964,parent,1208,Bacteria,Bacteria,outgroup,94.466,1.21e-108,Bacteria,NA,NA,NA,NA,NA,NA
Bacteria,Bacteria,outgroup,motu1208,motu1208,ASV1966,parent,1206,Bacteria,Bacteria,outgroup,86.614,2.73e-75,Bacteria,NA,NA,NA,NA,NA,NA
Bacteria,Bacteria,outgroup,motu1214,motu1214,ASV1973,parent,1213,Bacteria,Bacteria,outgroup,96.094,5.61e-117,Bacteria,NA,NA,NA,NA,NA,NA
Bacteria,Bacteria,outgroup,motu1217,motu1217,ASV1976,parent,1219,Bacteria,Bacteria,outgroup,95.397,7.269999999999999e-106,Bacteria,NA,NA,NA,NA,NA,NA
Bacteria,Bacteria,outgroup,motu1218,motu1218,ASV1977,parent,1216,Bacteria,Bacteria,outgroup,93.333,1.22e-103,Bacteria,NA,NA,NA,NA,NA,NA
Bacteria,Bacteria,outgroup,motu1219,motu1219,ASV1978,parent,1220,Bacteria,Bacteria,outgroup,96.094,5.61e-117,Bacteria,Cyanobacteriota,NA,NA,NA,NA,NA
Bacteria,Bacteria,outgroup,motu1222,motu1222,ASV1981,parent,1223,Bacteria,Bacteria,outgroup,94.694,7.269999999999999e-106,Bacteria,NA,NA,NA,NA,NA,NA
Bacteria,Bacteria,outgroup,motu1234,motu1234,ASV1993,parent,1061,Bacteria,Bacteria,outgroup,93.952,3.38e-104,Bacteria,NA,NA,NA,NA,NA,NA
Bacteria,Bacteria,outgroup,motu1234,motu1234,ASV2094,parent,1061,Bacteria,Bacteria,outgroup,94.355,7.269999999999999e-106,Bacteria,NA,NA,NA,NA,NA,NA
Bacteria,Bacteria,outgroup,motu1236,motu1236,ASV1995,parent,1235,Bacteria,Bacteria,outgroup,91.406,5.77e-97,Bacteria,NA,NA,NA,NA,NA,NA
Bacteria,Bacteria,outgroup,motu1241,motu1241,ASV2001,parent,1242,Bacteria,Bacteria,outgroup,95.51,3.3599999999999996e-109,Bacteria,NA,NA,NA,NA,NA,NA
Bacteria,Bacteria,outgroup,motu1245,motu1245,ASV2006,parent,1243,Bacteria,Bacteria,outgroup,94.694,7.359999999999999e-106,Bacteria,NA,NA,NA,NA,NA,NA
Bacteria,Bacteria,outgroup,motu1246,motu1246,ASV2007,parent,1246,Bacteria,Bacteria,outgroup,87.352,1.26e-78,Bacteria,NA,NA,NA,NA,NA,NA
Bacteria,Bacteria,outgroup,motu1250,motu1250,ASV2012,parent,1249,Bacteria,Bacteria,outgroup,91.213,3.4499999999999995e-89,Bacteria,NA,NA,NA,NA,NA,NA
Bacteria,Bacteria,outgroup,motu1254,motu1254,ASV2016,parent,1253,Bacteria,Bacteria,outgroup,92.095,1.2199999999999999e-98,Bacteria,NA,NA,NA,NA,NA,NA
Bacteria,Bacteria,outgroup,motu1256,motu1256,ASV2018,parent,1256,Bacteria,Bacteria,outgroup,99.209,1.1699999999999998e-128,Bacteria,Pseudomonadota,Gammaproteobacteria,Thiotrichales,Piscirickettsiaceae,Cycloclasticus,NA
Bacteria,Bacteria,outgroup,motu1259,motu1259,ASV2021,parent,1259,Bacteria,Bacteria,outgroup,92.607,5.73e-102,Bacteria,NA,NA,NA,NA,NA,NA
Bacteria,Bacteria,outgroup,motu1265,motu1265,ASV2027,parent,1264,Bacteria,Bacteria,outgroup,90.196,7.520000000000001e-91,Bacteria,NA,NA,NA,NA,NA,NA
Bacteria,Bacteria,outgroup,motu1269,motu1269,ASV2031,parent,1268,Bacteria,Bacteria,outgroup,91.903,3.43e-94,Bacteria,NA,NA,NA,NA,NA,NA
Bacteria,Bacteria,outgroup,motu1272,motu1272,ASV2035,parent,1273,Bacteria,Bacteria,outgroup,86.447,2.33e-81,Bacteria,Planctomycetota,Planctomycetia,NA,NA,NA,NA
Bacteria,Bacteria,outgroup,motu1275,motu1275,ASV2038,parent,1275,Bacteria,Bacteria,outgroup,93.952,3.38e-104,Bacteria,NA,NA,NA,NA,NA,NA
Bacteria,Bacteria,outgroup,motu1279,motu1279,ASV2043,parent,1278,Bacteria,Bacteria,outgroup,91.968,2.0499999999999997e-96,Bacteria,NA,NA,NA,NA,NA,NA
Bacteria,Bacteria,outgroup,motu1280,motu1280,ASV2044,parent,1279,Bacteria,Bacteria,outgroup,93.307,1.22e-103,Bacteria,NA,NA,NA,NA,NA,NA
Bacteria,Bacteria,outgroup,motu1282,motu1282,ASV2046,parent,1281,Bacteria,Bacteria,outgroup,92.829,7.319999999999999e-101,Bacteria,NA,NA,NA,NA,NA,NA
Bacteria,Bacteria,outgroup,motu1291,motu1291,ASV2056,parent,1291,Bacteria,Bacteria,outgroup,85.098,1.28e-68,Bacteria,NA,NA,NA,NA,NA,NA
Bacteria,Bacteria,outgroup,motu1292,motu1292,ASV2057,parent,1289,Bacteria,Bacteria,outgroup,89.583,1.62e-82,Bacteria,NA,NA,NA,NA,NA,NA
Bacteria,Bacteria,outgroup,motu1293,motu1293,ASV2058,parent,1292,Bacteria,Bacteria,outgroup,92.181,9.54e-95,Bacteria,NA,NA,NA,NA,NA,NA
Bacteria,Bacteria,outgroup,motu1294,motu1294,ASV2059,parent,1293,Bacteria,Bacteria,outgroup,89.706,8.209999999999999e-96,Bacteria,NA,NA,NA,NA,NA,NA
Bacteria,Bacteria,outgroup,motu1296,motu1296,ASV2061,parent,1294,Bacteria,Bacteria,outgroup,85.185,7.689999999999999e-66,Bacteria,NA,NA,NA,NA,NA,NA
Bacteria,Bacteria,outgroup,motu1298,motu1298,ASV2064,parent,1302,Bacteria,Bacteria,outgroup,86.1,1.2900000000000002e-73,Bacteria,NA,NA,NA,NA,NA,NA
Bacteria,Bacteria,outgroup,motu1300,motu1300,ASV2066,parent,1299,Bacteria,Bacteria,outgroup,95.257,5.579999999999999e-112,Bacteria,Acidobacteriota,NA,NA,NA,NA,NA
Bacteria,Bacteria,outgroup,motu1303,motu1303,ASV2069,parent,1303,Bacteria,Bacteria,outgroup,90.837,5.74e-92,Bacteria,NA,NA,NA,NA,NA,NA
Bacteria,Bacteria,outgroup,motu1306,motu1306,ASV2072,parent,1305,Bacteria,Bacteria,outgroup,92.885,5.66e-102,Bacteria,NA,NA,NA,NA,NA,NA
Bacteria,Bacteria,outgroup,motu1308,motu1308,ASV2074,parent,1307,Bacteria,Bacteria,outgroup,91.304,2.65e-95,Bacteria,NA,NA,NA,NA,NA,NA
Bacteria,Bacteria,outgroup,motu1309,motu1309,ASV2075,parent,1310,Bacteria,Bacteria,outgroup,99.605,2.5199999999999995e-130,Bacteria,NA,NA,NA,NA,NA,NA
Bacteria,Bacteria,outgroup,motu1310,motu1310,ASV2076,parent,1311,Bacteria,Bacteria,outgroup,98.828,1.19e-128,Bacteria,NA,NA,NA,NA,NA,NA
Bacteria,Bacteria,outgroup,motu1315,motu1315,ASV2081,parent,1313,Bacteria,Bacteria,outgroup,94.531,2.6299999999999995e-110,Bacteria,NA,NA,NA,NA,NA,NA
Bacteria,Bacteria,outgroup,motu1320,motu1320,ASV2089,parent,1320,Bacteria,Bacteria,outgroup,92.188,2.67e-100,Bacteria,NA,NA,NA,NA,NA,NA
Bacteria,Bacteria,outgroup,motu1322,motu1322,ASV2091,parent,1322,Bacteria,Bacteria,outgroup,93.878,1.59e-102,Bacteria,NA,NA,NA,NA,NA,NA
Bacteria,Bacteria,outgroup,motu1323,motu1323,ASV2092,parent,1323,Bacteria,Bacteria,outgroup,90.945,1.23e-93,Bacteria,NA,NA,NA,NA,NA,NA
Bacteria,Bacteria,outgroup,motu1326,motu1326,ASV2097,parent,1326,Bacteria,Bacteria,outgroup,95.528,9.379999999999999e-110,Bacteria,NA,NA,NA,NA,NA,NA
Bacteria,Bacteria,outgroup,motu1327,motu1327,ASV2098,parent,1327,Bacteria,Bacteria,outgroup,89.712,9.67e-85,Bacteria,NA,NA,NA,NA,NA,NA
Bacteria,Bacteria,outgroup,motu1330,motu1330,ASV2101,parent,1331,Bacteria,Bacteria,outgroup,94.142,7.319999999999999e-101,Bacteria,NA,NA,NA,NA,NA,NA
Bacteria,Bacteria,outgroup,motu1337,motu1337,ASV2110,parent,1336,Bacteria,Bacteria,outgroup,95.257,5.579999999999999e-112,Bacteria,NA,NA,NA,NA,NA,NA
Bacteria,Bacteria,outgroup,motu1339,motu1339,ASV2112,parent,1340,Bacteria,Bacteria,outgroup,93.043,2.5199999999999998e-42,Bacteria,NA,NA,NA,NA,NA,NA
Bacteria,Bacteria,outgroup,motu1343,motu1343,ASV2116,parent,1343,Bacteria,Bacteria,outgroup,95.528,9.379999999999999e-110,Bacteria,NA,NA,NA,NA,NA,NA
Bacteria,Bacteria,outgroup,motu1345,motu1345,ASV2122,parent,1345,Bacteria,Bacteria,outgroup,92.549,2.64e-100,Bacteria,NA,NA,NA,NA,NA,NA
Bacteria,Bacteria,outgroup,motu1349,motu1349,ASV2127,parent,1349,Bacteria,Bacteria,outgroup,94.286,3.43e-104,Bacteria,NA,NA,NA,NA,NA,NA
Bacteria,Bacteria,outgroup,motu1353,motu1353,ASV2131,parent,1354,Bacteria,Bacteria,outgroup,89.764,4.53e-88,Bacteria,NA,NA,NA,NA,NA,NA
Bacteria,Bacteria,outgroup,motu1355,motu1355,ASV2134,parent,1356,Bacteria,Bacteria,outgroup,96.8,5.54e-117,Bacteria,Bacteroidota,Flavobacteriia,Flavobacteriales,Flavobacteriaceae,Winogradskyella,NA
Bacteria,Bacteria,outgroup,motu1356,motu1356,ASV2135,parent,1357,Bacteria,Bacteria,outgroup,92.913,1.58e-102,Bacteria,NA,NA,NA,NA,NA,NA
Bacteria,Bacteria,outgroup,motu1357,motu1357,ASV2136,parent,1358,Bacteria,Bacteria,outgroup,100,5.4199999999999993e-132,Bacteria,NA,NA,NA,NA,NA,NA
Bacteria,Bacteria,outgroup,motu1360,motu1360,ASV2139,parent,1359,Bacteria,Bacteria,outgroup,92,5.7e-97,Bacteria,NA,NA,NA,NA,NA,NA
Bacteria,Bacteria,outgroup,motu1362,motu1362,ASV2141,parent,1362,Bacteria,Bacteria,outgroup,93.281,1.22e-103,Bacteria,NA,NA,NA,NA,NA,NA
Bacteria,Bacteria,outgroup,motu1363,motu1363,ASV2143,parent,1363,Bacteria,Bacteria,outgroup,92.829,2.63e-100,Bacteria,NA,NA,NA,NA,NA,NA
Bacteria,Bacteria,outgroup,motu1370,motu1370,ASV2150,parent,1375,Bacteria,Bacteria,outgroup,94.118,4.4e-108,Bacteria,NA,NA,NA,NA,NA,NA
Bacteria,Bacteria,outgroup,motu1372,motu1372,ASV2152,parent,1367,Bacteria,Bacteria,outgroup,93.6,1.22e-103,Bacteria,NA,NA,NA,NA,NA,NA
Bacteria,Bacteria,outgroup,motu1373,motu1373,ASV2153,parent,1368,Bacteria,Bacteria,outgroup,94.862,2.5999999999999996e-110,Bacteria,NA,NA,NA,NA,NA,NA
Bacteria,Bacteria,outgroup,motu1374,motu1374,ASV2154,parent,1369,Bacteria,Bacteria,outgroup,96.094,5.61e-117,Bacteria,NA,NA,NA,NA,NA,NA
Bacteria,Bacteria,outgroup,motu1375,motu1375,ASV2155,parent,1370,Bacteria,Bacteria,outgroup,93.676,7.269999999999999e-106,Bacteria,NA,NA,NA,NA,NA,NA
Bacteria,Bacteria,outgroup,motu1380,motu1380,ASV2161,parent,1381,Bacteria,Bacteria,outgroup,90.074,1.76e-97,Bacteria,NA,NA,NA,NA,NA,NA
Bacteria,Bacteria,outgroup,motu1388,motu1388,ASV2174,parent,1388,Bacteria,Bacteria,outgroup,91.829,1.24e-98,Bacteria,NA,NA,NA,NA,NA,NA
Bacteria,Bacteria,outgroup,motu1390,motu1390,ASV2176,parent,1390,Bacteria,Bacteria,outgroup,95.51,3.3599999999999996e-109,Bacteria,NA,NA,NA,NA,NA,NA
Bacteria,Bacteria,outgroup,motu1391,motu1391,ASV2177,parent,1391,Bacteria,Bacteria,outgroup,94.141,1.22e-108,Bacteria,NA,NA,NA,NA,NA,NA
Bacteria,Bacteria,outgroup,motu1394,motu1394,ASV2180,parent,1394,Bacteria,Bacteria,outgroup,90.98,1.23e-93,Bacteria,NA,NA,NA,NA,NA,NA
Bacteria,Bacteria,outgroup,motu1399,motu1399,ASV2185,parent,1402,Bacteria,Bacteria,outgroup,93.75,5.689999999999999e-107,Bacteria,NA,NA,NA,NA,NA,NA
Bacteria,Bacteria,outgroup,motu1408,motu1408,ASV2194,parent,1395,Bacteria,Bacteria,outgroup,94.142,7.319999999999999e-101,Bacteria,NA,NA,NA,NA,NA,NA
Bacteria,Bacteria,outgroup,motu1409,motu1409,ASV2195,parent,1396,Bacteria,Bacteria,outgroup,95.652,1.1999999999999999e-113,Bacteria,NA,NA,NA,NA,NA,NA
Bacteria,Bacteria,outgroup,motu1413,motu1413,ASV2199,parent,1405,Bacteria,Bacteria,outgroup,95.397,7.269999999999999e-106,Bacteria,NA,NA,NA,NA,NA,NA
Bacteria,Bacteria,outgroup,motu1414,motu1414,ASV2200,parent,1406,Bacteria,Bacteria,outgroup,95.816,1.5599999999999997e-107,Bacteria,NA,NA,NA,NA,NA,NA
Bacteria,Bacteria,outgroup,motu1416,motu1416,ASV2202,parent,1416,Bacteria,Bacteria,outgroup,96.047,2.58e-115,Bacteria,NA,NA,NA,NA,NA,NA
Bacteria,Bacteria,outgroup,motu1418,motu1418,ASV2205,parent,1419,Bacteria,Bacteria,outgroup,92.095,1.2199999999999999e-98,Bacteria,NA,NA,NA,NA,NA,NA
Bacteria,Bacteria,outgroup,motu1422,motu1422,ASV2210,parent,1420,Bacteria,Bacteria,outgroup,91.829,1.24e-98,Bacteria,NA,NA,NA,NA,NA,NA
Bacteria,Bacteria,outgroup,motu1429,motu1429,ASV2217,parent,1429,Bacteria,Bacteria,outgroup,100,3.2e-56,Bacteria,NA,NA,NA,NA,NA,NA
Bacteria,Bacteria,outgroup,motu1431,motu1431,ASV2219,parent,1431,Bacteria,Bacteria,outgroup,96.094,5.61e-117,Bacteria,Cyanobacteriota,NA,NA,NA,NA,NA
Bacteria,Bacteria,outgroup,motu1435,motu1435,ASV2225,parent,1434,Bacteria,Bacteria,outgroup,89.37,5.779999999999999e-87,Bacteria,NA,NA,NA,NA,NA,NA
Bacteria,Bacteria,outgroup,motu1437,motu1437,ASV2227,parent,1440,Bacteria,Bacteria,outgroup,91.983,2.06e-91,Bacteria,NA,NA,NA,NA,NA,NA
Bacteria,Bacteria,outgroup,motu1441,motu1441,ASV2231,parent,1442,Bacteria,Bacteria,outgroup,100,3.2e-56,Bacteria,Pseudomonadota,Gammaproteobacteria,NA,NA,NA,NA
Bacteria,Bacteria,outgroup,motu1443,motu1443,ASV2233,parent,1437,Bacteria,Bacteria,outgroup,91.304,2.65e-95,Bacteria,NA,NA,NA,NA,NA,NA
Bacteria,Bacteria,outgroup,motu1449,motu1449,ASV2239,parent,1448,Bacteria,Bacteria,outgroup,93.878,1.57e-102,Bacteria,NA,NA,NA,NA,NA,NA
Bacteria,Bacteria,outgroup,motu1450,motu1450,ASV2240,parent,1449,Bacteria,Bacteria,outgroup,85.938,5.9e-72,Bacteria,NA,NA,NA,NA,NA,NA
Bacteria,Bacteria,outgroup,motu1453,motu1453,ASV2243,parent,1451,Bacteria,Bacteria,outgroup,94.071,5.62e-107,Bacteria,NA,NA,NA,NA,NA,NA
Bacteria,Bacteria,outgroup,motu1454,motu1454,ASV2244,parent,1452,Bacteria,Bacteria,outgroup,90.514,5.74e-92,Bacteria,NA,NA,NA,NA,NA,NA
Bacteria,Bacteria,outgroup,motu1464,motu1464,ASV2255,parent,1465,Bacteria,Bacteria,outgroup,95.339,3.38e-104,Bacteria,NA,NA,NA,NA,NA,NA
Bacteria,Bacteria,outgroup,motu1465,motu1465,ASV2256,parent,1466,Bacteria,Bacteria,outgroup,87.352,1.26e-78,Bacteria,Pseudomonadota,Gammaproteobacteria,NA,NA,NA,NA
Bacteria,Bacteria,outgroup,motu1469,motu1469,ASV2260,parent,1469,Bacteria,Bacteria,outgroup,92.4,1.2199999999999999e-98,Bacteria,NA,NA,NA,NA,NA,NA
Bacteria,Bacteria,outgroup,motu1474,motu1474,ASV2266,parent,1474,Bacteria,Bacteria,outgroup,93.496,7.319999999999999e-101,Bacteria,NA,NA,NA,NA,NA,NA
Bacteria,Bacteria,outgroup,motu1482,motu1482,ASV2275,parent,1483,Bacteria,Bacteria,outgroup,100,5.4199999999999993e-132,Bacteria,Pseudomonadota,Betaproteobacteria,NA,NA,NA,NA
Bacteria,Bacteria,outgroup,motu1483,motu1483,ASV2276,parent,1476,Bacteria,Bacteria,outgroup,94.466,3.3599999999999996e-109,Bacteria,NA,NA,NA,NA,NA,NA
Bacteria,Bacteria,outgroup,motu1487,motu1487,ASV2280,parent,1485,Bacteria,Bacteria,outgroup,95.547,9.379999999999999e-110,Bacteria,NA,NA,NA,NA,NA,NA
Bacteria,Bacteria,outgroup,motu1488,motu1488,ASV2281,parent,1486,Bacteria,Bacteria,outgroup,95.257,5.579999999999999e-112,Bacteria,NA,NA,NA,NA,NA,NA
Bacteria,Bacteria,outgroup,motu1507,motu1507,ASV2300,parent,1507,Bacteria,Bacteria,outgroup,99.605,2.5199999999999995e-130,Bacteria,Campylobacterota,NA,NA,NA,NA,NA
Bacteria,Bacteria,outgroup,motu1515,motu1515,ASV2309,parent,1512,Bacteria,Bacteria,outgroup,92.52,2.63e-100,Bacteria,NA,NA,NA,NA,NA,NA
Bacteria,Bacteria,outgroup,motu1518,motu1518,ASV2312,parent,1515,Bacteria,Bacteria,outgroup,97.628,5.5e-122,Bacteria,NA,NA,NA,NA,NA,NA
Bacteria,Bacteria,outgroup,motu1519,motu1519,ASV2313,parent,1516,Bacteria,Bacteria,outgroup,92.245,7.369999999999999e-96,Bacteria,NA,NA,NA,NA,NA,NA
Bacteria,Bacteria,outgroup,motu1521,motu1521,ASV2315,parent,1517,Bacteria,Bacteria,outgroup,100,1.1799999999999999e-133,Bacteria,Pseudomonadota,Alphaproteobacteria,Rhodobacterales,Paracoccaceae,NA,NA
Bacteria,Bacteria,outgroup,motu1532,motu1532,ASV2326,parent,1542,Bacteria,Bacteria,outgroup,94.783,1.17e-45,Bacteria,NA,NA,NA,NA,NA,NA
Bacteria,Bacteria,outgroup,motu1534,motu1534,ASV2329,parent,1533,Bacteria,Bacteria,outgroup,94.505,4.769999999999999e-118,Bacteria,Bacteroidota,Flavobacteriia,Flavobacteriales,Flavobacteriaceae,Winogradskyella,NA
Bacteria,Bacteria,outgroup,motu1535,motu1535,ASV2330,parent,1534,Bacteria,Bacteria,outgroup,94.141,1.22e-108,Bacteria,NA,NA,NA,NA,NA,NA
Bacteria,Bacteria,outgroup,motu1536,motu1536,ASV2331,parent,1535,Bacteria,Bacteria,outgroup,93.2,5.66e-102,Bacteria,NA,NA,NA,NA,NA,NA
Bacteria,Bacteria,outgroup,motu1538,motu1538,ASV2333,parent,1537,Bacteria,Bacteria,outgroup,90.98,1.23e-93,Bacteria,NA,NA,NA,NA,NA,NA
Bacteria,Bacteria,outgroup,motu1541,motu1541,ASV2336,parent,1540,Bacteria,Bacteria,outgroup,100,5.4199999999999993e-132,Bacteria,Pseudomonadota,Gammaproteobacteria,NA,NA,NA,NA
Bacteria,Bacteria,outgroup,motu1557,motu1557,ASV2352,parent,1557,Bacteria,Bacteria,outgroup,91.732,2.0599999999999997e-96,Bacteria,NA,NA,NA,NA,NA,NA
Bacteria,Bacteria,outgroup,motu1559,motu1559,ASV2354,parent,1559,Bacteria,Bacteria,outgroup,99.605,2.5199999999999995e-130,Bacteria,NA,NA,NA,NA,NA,NA
Bacteria,Bacteria,outgroup,motu1586,motu1586,ASV2381,parent,1586,Bacteria,Bacteria,outgroup,94.466,1.21e-108,Bacteria,NA,NA,NA,NA,NA,NA
Bacteria,Bacteria,outgroup,motu1603,motu1603,ASV2399,parent,1603,Bacteria,Bacteria,outgroup,93.651,4.34e-20,Bacteria,Acidobacteriota,NA,NA,NA,NA,NA
Bacteria,Bacteria,outgroup,motu1604,motu1604,ASV2400,parent,1604,Bacteria,Bacteria,outgroup,100,3.2e-56,Bacteria,Pseudomonadota,Gammaproteobacteria,Pseudomonadales,Pseudomonadaceae,Pseudomonas,NA
Bacteria,Bacteria,outgroup,motu1628,motu1628,ASV2425,parent,1628,Bacteria,Bacteria,outgroup,85.769,5.98e-72,Bacteria,NA,NA,NA,NA,NA,NA
Bacteria,Bacteria,outgroup,motu1665,motu1665,ASV2463,parent,1665,Bacteria,Bacteria,outgroup,100,3.2e-56,Bacteria,Bacteroidota,Flavobacteriia,Flavobacteriales,Flavobacteriaceae,Flavobacterium,NA
Bacteria,Bacteria,outgroup,motu1680,motu1680,ASV2478,parent,1680,Bacteria,Bacteria,outgroup,89.453,1.26e-88,Bacteria,NA,NA,NA,NA,NA,NA
Bacteria,Bacteria,outgroup,motu1683,motu1683,ASV2481,parent,1683,Bacteria,Bacteria,outgroup,88.745,2.11e-76,Bacteria,NA,NA,NA,NA,NA,NA
Bacteria,Bacteria,outgroup,motu1684,motu1684,ASV2482,parent,1684,Bacteria,Bacteria,outgroup,93.75,5.689999999999999e-107,Bacteria,NA,NA,NA,NA,NA,NA
Blepsias cirrhosus,Silverspotted sculpin,species,motu115,motu115,ASV186,parent,127,Blepsias cirrhosus,Silverspotted sculpin,species,100,1.72e-85,Eukaryota,Chordata,Teleostei,Perciformes,Hemitripteridae,Blepsias,0
Bos,Cow,outgroup,motu48,motu48,ASV61,parent,47,Bos,Cow,outgroup,100,6.150000000000001e-85,Eukaryota,Chordata,Mammalia,Artiodactyla,Bovidae,Bos,NA
Bos,Cow,outgroup,motu48,motu48,ASV734,parent,47,Bos,Cow,outgroup,99.405,2.86e-83,Eukaryota,Chordata,Mammalia,Artiodactyla,Bovidae,Bos,NA
Bos,Cow,outgroup,motu91,motu91,ASV141,parent,78,Bos,Cow,outgroup,100,6.150000000000001e-85,Eukaryota,Chordata,Mammalia,Artiodactyla,Bovidae,Bos,NA
Bos,Cow,outgroup,motu91,motu91,ASV151,parent,78,Bos,Cow,outgroup,100,7.96e-84,Eukaryota,Chordata,Mammalia,Artiodactyla,Bovidae,Bos,NA
Brachygenys californiensis,Californian salema,species,motu45,motu45,ASV55,parent,44,Brachygenys californiensis,Californian salema,species,100,1.72e-85,Eukaryota,Chordata,Teleostei,Eupercaria incertae sedis,Haemulidae,Brachygenys,0
Brachygenys californiensis,Californian salema,species,motu45,motu45,ASV280,parent,44,Brachygenys californiensis,Californian salema,species,100,1.73e-85,Eukaryota,Chordata,Teleostei,Eupercaria incertae sedis,Haemulidae,Brachygenys,0
Brachygenys californiensis,Californian salema,species,motu45,motu45,ASV313,parent,44,Brachygenys californiensis,Californian salema,species,99.408,8.02e-84,Eukaryota,Chordata,Teleostei,Eupercaria incertae sedis,Haemulidae,Brachygenys,0
Brachyistius frenatus,Kelp perch,species,motu73,motu73,ASV100,parent,68,Brachyistius frenatus,Kelp perch,species,100,1.72e-85,Eukaryota,Chordata,Teleostei,Ovalentaria incertae sedis,Embiotocidae,Brachyistius,0
Brachyistius frenatus,Kelp perch,species,motu73,motu73,ASV264,parent,68,Brachyistius frenatus,Kelp perch,species,100,1.73e-85,Eukaryota,Chordata,Teleostei,Ovalentaria incertae sedis,Embiotocidae,Brachyistius,0
Brachyistius frenatus,Kelp perch,species,motu282,motu282,ASV609,parent,310,Brachyistius frenatus,Kelp perch,species,98.817,3.7299999999999996e-82,Eukaryota,Chordata,Teleostei,Ovalentaria incertae sedis,Embiotocidae,Brachyistius,0
Brevoortia,NA,genus,motu217,motu217,ASV462,parent,235,Brevoortia,NA,genus,100,1.0599999999999998e-87,Eukaryota,Chordata,Teleostei,Clupeiformes,Alosidae,Brevoortia,0
Candidatus,Unknown organism,outgroup,motu663,motu663,ASV1214,parent,681,Candidatus,Unknown organism,outgroup,96.327,1.5499999999999997e-112,NA,Candidatus,NA,NA,NA,NA,NA
Candidatus,Unknown organism,outgroup,motu700,motu700,ASV1266,parent,500,Candidatus,Unknown organism,outgroup,96.735,3.33e-114,NA,Candidatus,NA,NA,NA,NA,NA
Candidatus,Unknown organism,outgroup,motu700,motu700,ASV1373,parent,500,Candidatus,Unknown organism,outgroup,97.143,7.169999999999999e-116,NA,Candidatus,NA,NA,NA,NA,NA
Candidatus,Unknown organism,outgroup,motu1104,motu1104,ASV1816,parent,1111,Candidatus,Unknown organism,outgroup,91.27,9.54e-95,NA,Candidatus,NA,NA,NA,NA,NA
Castor canadensis,Beaver,outgroup,motu13,motu13,ASV14,parent,15,Castor canadensis,Beaver,outgroup,100,1.0599999999999998e-87,Eukaryota,Chordata,Mammalia,Rodentia,Castoridae,Castor,NA
Castor canadensis,Beaver,outgroup,motu13,motu13,ASV863,parent,15,Castor canadensis,Beaver,outgroup,99.422,4.92e-86,Eukaryota,Chordata,Mammalia,Rodentia,Castoridae,Castor,NA
Castor canadensis,Beaver,outgroup,motu13,motu13,ASV879,parent,15,Castor canadensis,Beaver,outgroup,99.422,4.92e-86,Eukaryota,Chordata,Mammalia,Rodentia,Castoridae,Castor,NA
Castor canadensis,Beaver,outgroup,motu13,motu13,ASV1034,parent,15,Castor canadensis,Beaver,outgroup,99.422,4.92e-86,Eukaryota,Chordata,Mammalia,Rodentia,Castoridae,Castor,NA
Castor canadensis,Beaver,outgroup,motu13,motu13,ASV1398,parent,15,Castor canadensis,Beaver,outgroup,99.422,4.92e-86,Eukaryota,Chordata,Mammalia,Rodentia,Castoridae,Castor,NA
Castor canadensis,Beaver,outgroup,motu13,motu13,ASV1453,parent,15,Castor canadensis,Beaver,outgroup,99.422,4.92e-86,Eukaryota,Chordata,Mammalia,Rodentia,Castoridae,Castor,NA
Cebidichthys violaceus,Monkeyface prickleback,species,motu93,motu93,ASV143,parent,86,Cebidichthys violaceus,Monkeyface prickleback,species,100,1.72e-85,Eukaryota,Chordata,Teleostei,Perciformes,Cebidichthyidae,Cebidichthys,0
Cebidichthys violaceus,Monkeyface prickleback,species,motu93,motu93,ASV268,parent,86,Cebidichthys violaceus,Monkeyface prickleback,species,100,1.73e-85,Eukaryota,Chordata,Teleostei,Perciformes,Cebidichthyidae,Cebidichthys,0
Cebidichthys violaceus,Monkeyface prickleback,species,motu93,motu93,ASV1341,parent,86,Cebidichthys violaceus,Monkeyface prickleback,species,99.408,8.02e-84,Eukaryota,Chordata,Teleostei,Perciformes,Cebidichthyidae,Cebidichthys,0
Cercopithecidae,Non-human primate,outgroup,motu399,motu399,ASV809,parent,414,Cercopithecidae,Non-human primate,outgroup,92.617,4.69e-56,Eukaryota,Chordata,Mammalia,Primates,Cercopithecidae,NA,NA
Cervidae,Deer family,outgroup,motu101,motu101,ASV157,parent,116,Cervidae,Deer family,outgroup,95.238,1.35e-71,Eukaryota,Chordata,Mammalia,Artiodactyla,Cervidae,NA,NA
Cervidae,Deer family,outgroup,motu105,motu105,ASV165,parent,122,Cervidae,Deer family,outgroup,93.252,8.19e-64,Eukaryota,Chordata,Mammalia,Artiodactyla,Cervidae,NA,NA
Chrysocyon,Dog family,outgroup,motu1054,motu1054,ASV1746,parent,1056,Chrysocyon,Dog family,outgroup,94.083,8.189999999999999e-69,Eukaryota,Chordata,Mammalia,Carnivora,Canidae,Chrysocyon,NA
Citharichthys sordidus,Pacific sanddab,species,motu47,motu47,ASV59,parent,45,Citharichthys sordidus,Pacific sanddab,species,100,6.150000000000001e-85,Eukaryota,Chordata,Teleostei,Pleuronectiformes,Paralichthyidae,Citharichthys,0
Citharichthys sordidus,Pacific sanddab,species,motu47,motu47,ASV235,parent,45,Citharichthys sordidus,Pacific sanddab,species,99.405,2.86e-83,Eukaryota,Chordata,Teleostei,Pleuronectiformes,Paralichthyidae,Citharichthys,0
Citharichthys sordidus,Pacific sanddab,species,motu47,motu47,ASV260,parent,45,Citharichthys sordidus,Pacific sanddab,species,99.405,2.86e-83,Eukaryota,Chordata,Teleostei,Pleuronectiformes,Paralichthyidae,Citharichthys,0
Citharichthys stigmaeus,Speckled sanddab,species,motu81,motu81,ASV118,parent,61,Citharichthys stigmaeus,Speckled sanddab,species,100,1.72e-85,Eukaryota,Chordata,Teleostei,Pleuronectiformes,Paralichthyidae,Citharichthys,0
Citharichthys stigmaeus,Speckled sanddab,species,motu81,motu81,ASV126,parent,61,Citharichthys stigmaeus,Speckled sanddab,species,100,1.72e-85,Eukaryota,Chordata,Teleostei,Pleuronectiformes,Paralichthyidae,Citharichthys,0
Citharichthys stigmaeus,Speckled sanddab,species,motu81,motu81,ASV269,parent,61,Citharichthys stigmaeus,Speckled sanddab,species,100,1.73e-85,Eukaryota,Chordata,Teleostei,Pleuronectiformes,Paralichthyidae,Citharichthys,0
Citharichthys stigmaeus,Speckled sanddab,species,motu81,motu81,ASV346,parent,61,Citharichthys stigmaeus,Speckled sanddab,species,99.408,8.02e-84,Eukaryota,Chordata,Teleostei,Pleuronectiformes,Paralichthyidae,Citharichthys,0
Citharichthys stigmaeus,Speckled sanddab,species,motu81,motu81,ASV427,parent,61,Citharichthys stigmaeus,Speckled sanddab,species,100,1.73e-85,Eukaryota,Chordata,Teleostei,Pleuronectiformes,Paralichthyidae,Citharichthys,0
Clinocottus acuticeps,Sharpnose sculpin,species,motu62,motu62,ASV81,parent,53,Clinocottus acuticeps,Sharpnose sculpin,species,100,4.82e-86,Eukaryota,Chordata,Teleostei,Perciformes,Cottidae,Clinocottus,0
Clinocottus acuticeps,Sharpnose sculpin,species,motu62,motu62,ASV195,parent,53,Clinocottus acuticeps,Sharpnose sculpin,species,100,4.8600000000000005e-86,Eukaryota,Chordata,Teleostei,Perciformes,Cottidae,Clinocottus,0
Clinocottus acuticeps,Sharpnose sculpin,species,motu62,motu62,ASV262,parent,53,Clinocottus acuticeps,Sharpnose sculpin,species,99.412,2.24e-84,Eukaryota,Chordata,Teleostei,Perciformes,Cottidae,Clinocottus,0
Clupea pallasii,Pacific herring,species,motu4,motu4,ASV4,parent,3,Clupea pallasii,Pacific herring,species,100,3.7799999999999996e-87,Eukaryota,Chordata,Teleostei,Clupeiformes,Clupeidae,Clupea,0
Clupea pallasii,Pacific herring,species,motu4,motu4,ASV32,parent,3,Clupea pallasii,Pacific herring,species,100,3.7999999999999996e-87,Eukaryota,Chordata,Teleostei,Clupeiformes,Clupeidae,Clupea,0
Clupea pallasii,Pacific herring,species,motu4,motu4,ASV99,parent,3,Clupea pallasii,Pacific herring,species,100,3.7799999999999996e-87,Eukaryota,Chordata,Teleostei,Clupeiformes,Clupeidae,Clupea,0
Clupea pallasii,Pacific herring,species,motu4,motu4,ASV158,parent,3,Clupea pallasii,Pacific herring,species,99.419,1.76e-85,Eukaryota,Chordata,Teleostei,Clupeiformes,Clupeidae,Clupea,0
Clupea pallasii,Pacific herring,species,motu4,motu4,ASV185,parent,3,Clupea pallasii,Pacific herring,species,99.419,1.76e-85,Eukaryota,Chordata,Teleostei,Clupeiformes,Clupeidae,Clupea,0
Clupea pallasii,Pacific herring,species,motu4,motu4,ASV192,parent,3,Clupea pallasii,Pacific herring,species,99.419,1.76e-85,Eukaryota,Chordata,Teleostei,Clupeiformes,Clupeidae,Clupea,0
Clupea pallasii,Pacific herring,species,motu4,motu4,ASV200,parent,3,Clupea pallasii,Pacific herring,species,99.419,1.76e-85,Eukaryota,Chordata,Teleostei,Clupeiformes,Clupeidae,Clupea,0
Clupea pallasii,Pacific herring,species,motu4,motu4,ASV242,parent,3,Clupea pallasii,Pacific herring,species,99.419,1.76e-85,Eukaryota,Chordata,Teleostei,Clupeiformes,Clupeidae,Clupea,0
Clupea pallasii,Pacific herring,species,motu4,motu4,ASV286,parent,3,Clupea pallasii,Pacific herring,species,99.419,1.76e-85,Eukaryota,Chordata,Teleostei,Clupeiformes,Clupeidae,Clupea,0
Clupea pallasii,Pacific herring,species,motu4,motu4,ASV305,parent,3,Clupea pallasii,Pacific herring,species,100,3.7799999999999996e-87,Eukaryota,Chordata,Teleostei,Clupeiformes,Clupeidae,Clupea,0
Clupea pallasii,Pacific herring,species,motu4,motu4,ASV372,parent,3,Clupea pallasii,Pacific herring,species,99.419,1.76e-85,Eukaryota,Chordata,Teleostei,Clupeiformes,Clupeidae,Clupea,0
Clupea pallasii,Pacific herring,species,motu4,motu4,ASV386,parent,3,Clupea pallasii,Pacific herring,species,99.419,1.76e-85,Eukaryota,Chordata,Teleostei,Clupeiformes,Clupeidae,Clupea,0
Clupea pallasii,Pacific herring,species,motu4,motu4,ASV411,parent,3,Clupea pallasii,Pacific herring,species,99.419,1.76e-85,Eukaryota,Chordata,Teleostei,Clupeiformes,Clupeidae,Clupea,0
Clupea pallasii,Pacific herring,species,motu4,motu4,ASV415,parent,3,Clupea pallasii,Pacific herring,species,99.419,1.76e-85,Eukaryota,Chordata,Teleostei,Clupeiformes,Clupeidae,Clupea,0
Clupea pallasii,Pacific herring,species,motu4,motu4,ASV417,parent,3,Clupea pallasii,Pacific herring,species,99.419,1.76e-85,Eukaryota,Chordata,Teleostei,Clupeiformes,Clupeidae,Clupea,0
Clupea pallasii,Pacific herring,species,motu4,motu4,ASV466,parent,3,Clupea pallasii,Pacific herring,species,99.419,1.76e-85,Eukaryota,Chordata,Teleostei,Clupeiformes,Clupeidae,Clupea,0
Clupea pallasii,Pacific herring,species,motu4,motu4,ASV488,parent,3,Clupea pallasii,Pacific herring,species,99.419,1.76e-85,Eukaryota,Chordata,Teleostei,Clupeiformes,Clupeidae,Clupea,0
Clupea pallasii,Pacific herring,species,motu4,motu4,ASV540,parent,3,Clupea pallasii,Pacific herring,species,99.419,1.76e-85,Eukaryota,Chordata,Teleostei,Clupeiformes,Clupeidae,Clupea,0
Clupea pallasii,Pacific herring,species,motu4,motu4,ASV552,parent,3,Clupea pallasii,Pacific herring,species,99.419,1.76e-85,Eukaryota,Chordata,Teleostei,Clupeiformes,Clupeidae,Clupea,0
Clupea pallasii,Pacific herring,species,motu4,motu4,ASV618,parent,3,Clupea pallasii,Pacific herring,species,99.419,1.76e-85,Eukaryota,Chordata,Teleostei,Clupeiformes,Clupeidae,Clupea,0
Clupea pallasii,Pacific herring,species,motu4,motu4,ASV644,parent,3,Clupea pallasii,Pacific herring,species,99.419,1.76e-85,Eukaryota,Chordata,Teleostei,Clupeiformes,Clupeidae,Clupea,0
Clupea pallasii,Pacific herring,species,motu4,motu4,ASV665,parent,3,Clupea pallasii,Pacific herring,species,99.419,1.76e-85,Eukaryota,Chordata,Teleostei,Clupeiformes,Clupeidae,Clupea,0
Clupea pallasii,Pacific herring,species,motu4,motu4,ASV666,parent,3,Clupea pallasii,Pacific herring,species,99.419,1.76e-85,Eukaryota,Chordata,Teleostei,Clupeiformes,Clupeidae,Clupea,0
Clupea pallasii,Pacific herring,species,motu4,motu4,ASV724,parent,3,Clupea pallasii,Pacific herring,species,99.419,1.76e-85,Eukaryota,Chordata,Teleostei,Clupeiformes,Clupeidae,Clupea,0
Clupea pallasii,Pacific herring,species,motu4,motu4,ASV912,parent,3,Clupea pallasii,Pacific herring,species,99.419,1.76e-85,Eukaryota,Chordata,Teleostei,Clupeiformes,Clupeidae,Clupea,0
Clupea pallasii,Pacific herring,species,motu4,motu4,ASV990,parent,3,Clupea pallasii,Pacific herring,species,99.419,1.76e-85,Eukaryota,Chordata,Teleostei,Clupeiformes,Clupeidae,Clupea,0
Clupea pallasii,Pacific herring,species,motu4,motu4,ASV991,parent,3,Clupea pallasii,Pacific herring,species,99.419,1.76e-85,Eukaryota,Chordata,Teleostei,Clupeiformes,Clupeidae,Clupea,0
Clupea pallasii,Pacific herring,species,motu4,motu4,ASV996,parent,3,Clupea pallasii,Pacific herring,species,99.419,1.76e-85,Eukaryota,Chordata,Teleostei,Clupeiformes,Clupeidae,Clupea,0
Clupea pallasii,Pacific herring,species,motu4,motu4,ASV1047,parent,3,Clupea pallasii,Pacific herring,species,99.419,1.76e-85,Eukaryota,Chordata,Teleostei,Clupeiformes,Clupeidae,Clupea,0
Clupea pallasii,Pacific herring,species,motu4,motu4,ASV1064,parent,3,Clupea pallasii,Pacific herring,species,99.419,1.76e-85,Eukaryota,Chordata,Teleostei,Clupeiformes,Clupeidae,Clupea,0
Clupea pallasii,Pacific herring,species,motu4,motu4,ASV1070,parent,3,Clupea pallasii,Pacific herring,species,99.419,1.76e-85,Eukaryota,Chordata,Teleostei,Clupeiformes,Clupeidae,Clupea,0
Clupea pallasii,Pacific herring,species,motu4,motu4,ASV1083,parent,3,Clupea pallasii,Pacific herring,species,99.419,1.76e-85,Eukaryota,Chordata,Teleostei,Clupeiformes,Clupeidae,Clupea,0
Clupea pallasii,Pacific herring,species,motu4,motu4,ASV1146,parent,3,Clupea pallasii,Pacific herring,species,99.419,1.76e-85,Eukaryota,Chordata,Teleostei,Clupeiformes,Clupeidae,Clupea,0
Clupea pallasii,Pacific herring,species,motu4,motu4,ASV1179,parent,3,Clupea pallasii,Pacific herring,species,99.419,1.76e-85,Eukaryota,Chordata,Teleostei,Clupeiformes,Clupeidae,Clupea,0
Clupea pallasii,Pacific herring,species,motu4,motu4,ASV1237,parent,3,Clupea pallasii,Pacific herring,species,99.419,1.76e-85,Eukaryota,Chordata,Teleostei,Clupeiformes,Clupeidae,Clupea,0
Clupea pallasii,Pacific herring,species,motu4,motu4,ASV1246,parent,3,Clupea pallasii,Pacific herring,species,99.419,1.76e-85,Eukaryota,Chordata,Teleostei,Clupeiformes,Clupeidae,Clupea,0
Clupea pallasii,Pacific herring,species,motu4,motu4,ASV1293,parent,3,Clupea pallasii,Pacific herring,species,99.419,1.76e-85,Eukaryota,Chordata,Teleostei,Clupeiformes,Clupeidae,Clupea,0
Clupea pallasii,Pacific herring,species,motu4,motu4,ASV1321,parent,3,Clupea pallasii,Pacific herring,species,99.419,1.76e-85,Eukaryota,Chordata,Teleostei,Clupeiformes,Clupeidae,Clupea,0
Clupea pallasii,Pacific herring,species,motu4,motu4,ASV1458,parent,3,Clupea pallasii,Pacific herring,species,99.419,1.76e-85,Eukaryota,Chordata,Teleostei,Clupeiformes,Clupeidae,Clupea,0
Clupea pallasii,Pacific herring,species,motu4,motu4,ASV203,parent,3,Clupea pallasii,Pacific herring,species,99.419,1.77e-85,Eukaryota,Chordata,Teleostei,Clupeiformes,Clupeidae,Clupea,0
Clupea pallasii,Pacific herring,species,motu4,motu4,ASV238,parent,3,Clupea pallasii,Pacific herring,species,99.419,1.77e-85,Eukaryota,Chordata,Teleostei,Clupeiformes,Clupeidae,Clupea,0
Clupea pallasii,Pacific herring,species,motu4,motu4,ASV311,parent,3,Clupea pallasii,Pacific herring,species,100,3.7999999999999996e-87,Eukaryota,Chordata,Teleostei,Clupeiformes,Clupeidae,Clupea,0
Clupea pallasii,Pacific herring,species,motu4,motu4,ASV509,parent,3,Clupea pallasii,Pacific herring,species,99.419,1.77e-85,Eukaryota,Chordata,Teleostei,Clupeiformes,Clupeidae,Clupea,0
Clupea pallasii,Pacific herring,species,motu4,motu4,ASV589,parent,3,Clupea pallasii,Pacific herring,species,99.419,1.77e-85,Eukaryota,Chordata,Teleostei,Clupeiformes,Clupeidae,Clupea,0
Clupea pallasii,Pacific herring,species,motu4,motu4,ASV597,parent,3,Clupea pallasii,Pacific herring,species,99.419,1.76e-85,Eukaryota,Chordata,Teleostei,Clupeiformes,Clupeidae,Clupea,0
Clupea pallasii,Pacific herring,species,motu4,motu4,ASV606,parent,3,Clupea pallasii,Pacific herring,species,100,3.7999999999999996e-87,Eukaryota,Chordata,Teleostei,Clupeiformes,Clupeidae,Clupea,0
Clupea pallasii,Pacific herring,species,motu4,motu4,ASV620,parent,3,Clupea pallasii,Pacific herring,species,98.837,8.18e-84,Eukaryota,Chordata,Teleostei,Clupeiformes,Clupeidae,Clupea,0
Clupea pallasii,Pacific herring,species,motu4,motu4,ASV632,parent,3,Clupea pallasii,Pacific herring,species,99.419,1.76e-85,Eukaryota,Chordata,Teleostei,Clupeiformes,Clupeidae,Clupea,0
Clupea pallasii,Pacific herring,species,motu4,motu4,ASV658,parent,3,Clupea pallasii,Pacific herring,species,99.419,1.76e-85,Eukaryota,Chordata,Teleostei,Clupeiformes,Clupeidae,Clupea,0
Clupea pallasii,Pacific herring,species,motu4,motu4,ASV683,parent,3,Clupea pallasii,Pacific herring,species,99.419,1.77e-85,Eukaryota,Chordata,Teleostei,Clupeiformes,Clupeidae,Clupea,0
Clupea pallasii,Pacific herring,species,motu4,motu4,ASV959,parent,3,Clupea pallasii,Pacific herring,species,99.419,1.77e-85,Eukaryota,Chordata,Teleostei,Clupeiformes,Clupeidae,Clupea,0
Clupea pallasii,Pacific herring,species,motu4,motu4,ASV1286,parent,3,Clupea pallasii,Pacific herring,species,99.419,1.77e-85,Eukaryota,Chordata,Teleostei,Clupeiformes,Clupeidae,Clupea,0
Clupea pallasii,Pacific herring,species,motu4,motu4,ASV1315,parent,3,Clupea pallasii,Pacific herring,species,99.419,1.77e-85,Eukaryota,Chordata,Teleostei,Clupeiformes,Clupeidae,Clupea,0
Clupea pallasii,Pacific herring,species,motu97,motu97,ASV152,parent,110,Clupea pallasii,Pacific herring,species,98.837,8.18e-84,Eukaryota,Chordata,Teleostei,Clupeiformes,Clupeidae,Clupea,0
Clupea pallasii,Pacific herring,species,motu156,motu156,ASV325,parent,170,Clupea pallasii,Pacific herring,species,98.837,8.18e-84,Eukaryota,Chordata,Teleostei,Clupeiformes,Clupeidae,Clupea,0
Clupea pallasii,Pacific herring,species,motu391,motu391,ASV797,parent,408,Clupea pallasii,Pacific herring,species,98.837,8.18e-84,Eukaryota,Chordata,Teleostei,Clupeiformes,Clupeidae,Clupea,0
Clupea pallasii,Pacific herring,species,motu566,motu566,ASV1077,parent,590,Clupea pallasii,Pacific herring,species,98.824,1.06e-82,Eukaryota,Chordata,Teleostei,Clupeiformes,Clupeidae,Clupea,0
Clupea pallasii,Pacific herring,species,motu1471,motu1471,ASV2263,parent,1471,Clupea pallasii,Pacific herring,species,100,4.95e-87,Eukaryota,Chordata,Teleostei,Clupeiformes,Clupeidae,Clupea,0
Cottidae,Cottid sculpin,family,motu103,motu103,ASV160,parent,118,Cottidae,Cottid sculpin,family,95.181,2.31e-69,Eukaryota,Chordata,Teleostei,Perciformes,Cottidae,NA,0
Cottus,Cottus sculpin species,genus,motu38,motu38,ASV45,parent,30,Cottus,Cottus sculpin species,genus,100,1.72e-85,Eukaryota,Chordata,Teleostei,Perciformes,Cottidae,Cottus,1
Cottus,Cottus sculpin species,genus,motu38,motu38,ASV57,parent,30,Cottus,Cottus sculpin species,genus,100,1.72e-85,Eukaryota,Chordata,Teleostei,Perciformes,Cottidae,Cottus,1
Cottus,Cottus sculpin species,genus,motu38,motu38,ASV230,parent,30,Cottus,Cottus sculpin species,genus,100,1.73e-85,Eukaryota,Chordata,Teleostei,Perciformes,Cottidae,Cottus,1
Cottus,Cottus sculpin species,genus,motu38,motu38,ASV698,parent,30,Cottus,Cottus sculpin species,genus,99.408,8.02e-84,Eukaryota,Chordata,Teleostei,Perciformes,Cottidae,Cottus,1
Cottus,Cottus sculpin species,genus,motu38,motu38,ASV924,parent,30,Cottus,Cottus sculpin species,genus,99.408,8.02e-84,Eukaryota,Chordata,Teleostei,Perciformes,Cottidae,Cottus,1
Cottus,Cottus sculpin species,genus,motu38,motu38,ASV988,parent,30,Cottus,Cottus sculpin species,genus,99.408,8.02e-84,Eukaryota,Chordata,Teleostei,Perciformes,Cottidae,Cottus,1
Cottus,Cottus sculpin species,genus,motu38,motu38,ASV1113,parent,30,Cottus,Cottus sculpin species,genus,99.408,8.02e-84,Eukaryota,Chordata,Teleostei,Perciformes,Cottidae,Cottus,1
Cottus,Cottus sculpin species,genus,motu38,motu38,ASV1417,parent,30,Cottus,Cottus sculpin species,genus,99.408,8.02e-84,Eukaryota,Chordata,Teleostei,Perciformes,Cottidae,Cottus,1
Cottus,Cottus sculpin species,genus,motu38,motu38,ASV108,parent,30,Cottus,Cottus sculpin species,genus,100,1.73e-85,Eukaryota,Chordata,Teleostei,Perciformes,Cottidae,Cottus,1
Cryptacanthodes giganteus,Giant wrymouth,species,motu267,motu267,ASV570,parent,191,Cryptacanthodes giganteus,Giant wrymouth,species,100,1.72e-85,Eukaryota,Chordata,Teleostei,Perciformes,Cryptacanthodidae,Cryptacanthodes,0
Cryptacanthodes giganteus,Giant wrymouth,species,motu267,motu267,ASV592,parent,191,Cryptacanthodes giganteus,Giant wrymouth,species,100,1.73e-85,Eukaryota,Chordata,Teleostei,Perciformes,Cryptacanthodidae,Cryptacanthodes,0
Cyanobacteriota,Bacteria,outgroup,motu276,motu276,ASV596,parent,304,Cyanobacteriota,Bacteria,outgroup,95.652,1.1999999999999999e-113,Bacteria,Cyanobacteriota,NA,NA,NA,NA,NA
Bacteria,Bacteria,outgroup,motu293,motu293,ASV628,parent,250,Cyanobacteriota,Bacteria,outgroup,94.118,5.62e-107,Bacteria,Cyanobacteriota,NA,NA,NA,NA,NA
Cyanobacteriota,Bacteria,outgroup,motu306,motu306,ASV649,parent,330,Cyanobacteriota,Bacteria,outgroup,94.094,5.62e-107,Bacteria,Cyanobacteriota,NA,NA,NA,NA,NA
Cyanobacteriota,Bacteria,outgroup,motu408,motu408,ASV829,parent,429,Cyanobacteriota,Bacteria,outgroup,94.466,1.21e-108,Bacteria,Cyanobacteriota,NA,NA,NA,NA,NA
Cyanobacteriota,Bacteria,outgroup,motu482,motu482,ASV954,parent,504,Cyanobacteriota,Bacteria,outgroup,91.732,5.7e-97,Bacteria,Cyanobacteriota,NA,NA,NA,NA,NA
Cyanobacteriota,Bacteria,outgroup,motu494,motu494,ASV975,parent,515,Cyanobacteriota,Bacteria,outgroup,94.862,2.5999999999999996e-110,Bacteria,Cyanobacteriota,NA,NA,NA,NA,NA
Cyanobacteriota,Bacteria,outgroup,motu501,motu501,ASV993,parent,527,Cyanobacteriota,Bacteria,outgroup,92.126,1.2199999999999999e-98,Bacteria,Cyanobacteriota,NA,NA,NA,NA,NA
Cyanobacteriota,Bacteria,outgroup,motu606,motu606,ASV1133,parent,623,Cyanobacteriota,Bacteria,outgroup,95.257,5.579999999999999e-112,Bacteria,Cyanobacteriota,NA,NA,NA,NA,NA
Cyanobacteriota,Bacteria,outgroup,motu615,motu615,ASV1147,parent,631,Cyanobacteriota,Bacteria,outgroup,93.676,2.6100000000000002e-105,Bacteria,Cyanobacteriota,NA,NA,NA,NA,NA
Cyanobacteriota,Bacteria,outgroup,motu658,motu658,ASV1206,parent,677,Cyanobacteriota,Bacteria,outgroup,94.526,1.33e-118,Bacteria,Cyanobacteriota,NA,NA,NA,NA,NA
Cyanobacteriota,Bacteria,outgroup,motu666,motu666,ASV1217,parent,684,Cyanobacteriota,Bacteria,outgroup,95.652,1.1999999999999999e-113,Bacteria,Cyanobacteriota,NA,NA,NA,NA,NA
Cyanobacteriota,Bacteria,outgroup,motu778,motu778,ASV1378,parent,792,Cyanobacteriota,Bacteria,outgroup,95.652,1.1999999999999999e-113,Bacteria,Cyanobacteriota,NA,NA,NA,NA,NA
Cyanobacteriota,Bacteria,outgroup,motu825,motu825,ASV1442,parent,837,Cyanobacteriota,Bacteria,outgroup,94.882,2.5999999999999996e-110,Bacteria,Cyanobacteriota,NA,NA,NA,NA,NA
Cyanobacteriota,Bacteria,outgroup,motu868,motu868,ASV1503,parent,880,Cyanobacteriota,Bacteria,outgroup,94.071,5.62e-107,Bacteria,Cyanobacteriota,NA,NA,NA,NA,NA
Cyanobacteriota,Bacteria,outgroup,motu880,motu880,ASV1518,parent,893,Cyanobacteriota,Bacteria,outgroup,95.669,1.1999999999999999e-113,Bacteria,Cyanobacteriota,NA,NA,NA,NA,NA
Cymatogaster aggregata,Shiner perch,species,motu1,motu1,ASV1,parent,1,Cymatogaster aggregata,Shiner perch,species,100,6.150000000000001e-85,Eukaryota,Chordata,Teleostei,Ovalentaria incertae sedis,Embiotocidae,Cymatogaster,0
Cymatogaster aggregata,Shiner perch,species,motu1,motu1,ASV104,parent,1,Cymatogaster aggregata,Shiner perch,species,99.405,2.86e-83,Eukaryota,Chordata,Teleostei,Ovalentaria incertae sedis,Embiotocidae,Cymatogaster,0
Cymatogaster aggregata,Shiner perch,species,motu1,motu1,ASV148,parent,1,Cymatogaster aggregata,Shiner perch,species,99.405,2.86e-83,Eukaryota,Chordata,Teleostei,Ovalentaria incertae sedis,Embiotocidae,Cymatogaster,0
Cymatogaster aggregata,Shiner perch,species,motu1,motu1,ASV171,parent,1,Cymatogaster aggregata,Shiner perch,species,99.405,2.86e-83,Eukaryota,Chordata,Teleostei,Ovalentaria incertae sedis,Embiotocidae,Cymatogaster,0
Cymatogaster aggregata,Shiner perch,species,motu1,motu1,ASV189,parent,1,Cymatogaster aggregata,Shiner perch,species,99.405,2.86e-83,Eukaryota,Chordata,Teleostei,Ovalentaria incertae sedis,Embiotocidae,Cymatogaster,0
Cymatogaster aggregata,Shiner perch,species,motu1,motu1,ASV219,parent,1,Cymatogaster aggregata,Shiner perch,species,99.405,2.86e-83,Eukaryota,Chordata,Teleostei,Ovalentaria incertae sedis,Embiotocidae,Cymatogaster,0
Cymatogaster aggregata,Shiner perch,species,motu1,motu1,ASV220,parent,1,Cymatogaster aggregata,Shiner perch,species,99.405,2.86e-83,Eukaryota,Chordata,Teleostei,Ovalentaria incertae sedis,Embiotocidae,Cymatogaster,0
Cymatogaster aggregata,Shiner perch,species,motu1,motu1,ASV234,parent,1,Cymatogaster aggregata,Shiner perch,species,99.405,2.86e-83,Eukaryota,Chordata,Teleostei,Ovalentaria incertae sedis,Embiotocidae,Cymatogaster,0
Cymatogaster aggregata,Shiner perch,species,motu1,motu1,ASV252,parent,1,Cymatogaster aggregata,Shiner perch,species,99.405,2.86e-83,Eukaryota,Chordata,Teleostei,Ovalentaria incertae sedis,Embiotocidae,Cymatogaster,0
Cymatogaster aggregata,Shiner perch,species,motu1,motu1,ASV259,parent,1,Cymatogaster aggregata,Shiner perch,species,99.405,2.86e-83,Eukaryota,Chordata,Teleostei,Ovalentaria incertae sedis,Embiotocidae,Cymatogaster,0
Cymatogaster aggregata,Shiner perch,species,motu1,motu1,ASV261,parent,1,Cymatogaster aggregata,Shiner perch,species,99.405,2.86e-83,Eukaryota,Chordata,Teleostei,Ovalentaria incertae sedis,Embiotocidae,Cymatogaster,0
Cymatogaster aggregata,Shiner perch,species,motu1,motu1,ASV266,parent,1,Cymatogaster aggregata,Shiner perch,species,99.405,2.86e-83,Eukaryota,Chordata,Teleostei,Ovalentaria incertae sedis,Embiotocidae,Cymatogaster,0
Cymatogaster aggregata,Shiner perch,species,motu1,motu1,ASV277,parent,1,Cymatogaster aggregata,Shiner perch,species,99.405,2.86e-83,Eukaryota,Chordata,Teleostei,Ovalentaria incertae sedis,Embiotocidae,Cymatogaster,0
Cymatogaster aggregata,Shiner perch,species,motu1,motu1,ASV289,parent,1,Cymatogaster aggregata,Shiner perch,species,99.405,2.86e-83,Eukaryota,Chordata,Teleostei,Ovalentaria incertae sedis,Embiotocidae,Cymatogaster,0
Cymatogaster aggregata,Shiner perch,species,motu1,motu1,ASV301,parent,1,Cymatogaster aggregata,Shiner perch,species,99.405,2.86e-83,Eukaryota,Chordata,Teleostei,Ovalentaria incertae sedis,Embiotocidae,Cymatogaster,0
Cymatogaster aggregata,Shiner perch,species,motu1,motu1,ASV326,parent,1,Cymatogaster aggregata,Shiner perch,species,99.405,2.86e-83,Eukaryota,Chordata,Teleostei,Ovalentaria incertae sedis,Embiotocidae,Cymatogaster,0
Cymatogaster aggregata,Shiner perch,species,motu1,motu1,ASV327,parent,1,Cymatogaster aggregata,Shiner perch,species,99.405,2.86e-83,Eukaryota,Chordata,Teleostei,Ovalentaria incertae sedis,Embiotocidae,Cymatogaster,0
Cymatogaster aggregata,Shiner perch,species,motu1,motu1,ASV329,parent,1,Cymatogaster aggregata,Shiner perch,species,99.405,2.86e-83,Eukaryota,Chordata,Teleostei,Ovalentaria incertae sedis,Embiotocidae,Cymatogaster,0
Cymatogaster aggregata,Shiner perch,species,motu1,motu1,ASV341,parent,1,Cymatogaster aggregata,Shiner perch,species,99.405,2.86e-83,Eukaryota,Chordata,Teleostei,Ovalentaria incertae sedis,Embiotocidae,Cymatogaster,0
Cymatogaster aggregata,Shiner perch,species,motu1,motu1,ASV388,parent,1,Cymatogaster aggregata,Shiner perch,species,99.405,2.86e-83,Eukaryota,Chordata,Teleostei,Ovalentaria incertae sedis,Embiotocidae,Cymatogaster,0
Cymatogaster aggregata,Shiner perch,species,motu1,motu1,ASV400,parent,1,Cymatogaster aggregata,Shiner perch,species,99.405,2.86e-83,Eukaryota,Chordata,Teleostei,Ovalentaria incertae sedis,Embiotocidae,Cymatogaster,0
Cymatogaster aggregata,Shiner perch,species,motu1,motu1,ASV423,parent,1,Cymatogaster aggregata,Shiner perch,species,99.405,2.86e-83,Eukaryota,Chordata,Teleostei,Ovalentaria incertae sedis,Embiotocidae,Cymatogaster,0
Cymatogaster aggregata,Shiner perch,species,motu1,motu1,ASV426,parent,1,Cymatogaster aggregata,Shiner perch,species,99.405,2.86e-83,Eukaryota,Chordata,Teleostei,Ovalentaria incertae sedis,Embiotocidae,Cymatogaster,0
Cymatogaster aggregata,Shiner perch,species,motu1,motu1,ASV442,parent,1,Cymatogaster aggregata,Shiner perch,species,99.405,2.86e-83,Eukaryota,Chordata,Teleostei,Ovalentaria incertae sedis,Embiotocidae,Cymatogaster,0
Cymatogaster aggregata,Shiner perch,species,motu1,motu1,ASV454,parent,1,Cymatogaster aggregata,Shiner perch,species,99.405,2.86e-83,Eukaryota,Chordata,Teleostei,Ovalentaria incertae sedis,Embiotocidae,Cymatogaster,0
Cymatogaster aggregata,Shiner perch,species,motu1,motu1,ASV457,parent,1,Cymatogaster aggregata,Shiner perch,species,99.405,2.86e-83,Eukaryota,Chordata,Teleostei,Ovalentaria incertae sedis,Embiotocidae,Cymatogaster,0
Cymatogaster aggregata,Shiner perch,species,motu1,motu1,ASV459,parent,1,Cymatogaster aggregata,Shiner perch,species,99.405,2.86e-83,Eukaryota,Chordata,Teleostei,Ovalentaria incertae sedis,Embiotocidae,Cymatogaster,0
Cymatogaster aggregata,Shiner perch,species,motu1,motu1,ASV467,parent,1,Cymatogaster aggregata,Shiner perch,species,99.405,2.86e-83,Eukaryota,Chordata,Teleostei,Ovalentaria incertae sedis,Embiotocidae,Cymatogaster,0
Cymatogaster aggregata,Shiner perch,species,motu1,motu1,ASV468,parent,1,Cymatogaster aggregata,Shiner perch,species,99.405,2.86e-83,Eukaryota,Chordata,Teleostei,Ovalentaria incertae sedis,Embiotocidae,Cymatogaster,0
Cymatogaster aggregata,Shiner perch,species,motu1,motu1,ASV511,parent,1,Cymatogaster aggregata,Shiner perch,species,99.405,2.86e-83,Eukaryota,Chordata,Teleostei,Ovalentaria incertae sedis,Embiotocidae,Cymatogaster,0
Cymatogaster aggregata,Shiner perch,species,motu1,motu1,ASV520,parent,1,Cymatogaster aggregata,Shiner perch,species,99.405,2.86e-83,Eukaryota,Chordata,Teleostei,Ovalentaria incertae sedis,Embiotocidae,Cymatogaster,0
Cymatogaster aggregata,Shiner perch,species,motu1,motu1,ASV523,parent,1,Cymatogaster aggregata,Shiner perch,species,99.405,2.86e-83,Eukaryota,Chordata,Teleostei,Ovalentaria incertae sedis,Embiotocidae,Cymatogaster,0
Cymatogaster aggregata,Shiner perch,species,motu1,motu1,ASV528,parent,1,Cymatogaster aggregata,Shiner perch,species,99.405,2.86e-83,Eukaryota,Chordata,Teleostei,Ovalentaria incertae sedis,Embiotocidae,Cymatogaster,0
Cymatogaster aggregata,Shiner perch,species,motu1,motu1,ASV548,parent,1,Cymatogaster aggregata,Shiner perch,species,99.405,2.86e-83,Eukaryota,Chordata,Teleostei,Ovalentaria incertae sedis,Embiotocidae,Cymatogaster,0
Cymatogaster aggregata,Shiner perch,species,motu1,motu1,ASV554,parent,1,Cymatogaster aggregata,Shiner perch,species,99.405,2.86e-83,Eukaryota,Chordata,Teleostei,Ovalentaria incertae sedis,Embiotocidae,Cymatogaster,0
Cymatogaster aggregata,Shiner perch,species,motu1,motu1,ASV558,parent,1,Cymatogaster aggregata,Shiner perch,species,99.405,2.86e-83,Eukaryota,Chordata,Teleostei,Ovalentaria incertae sedis,Embiotocidae,Cymatogaster,0
Cymatogaster aggregata,Shiner perch,species,motu1,motu1,ASV591,parent,1,Cymatogaster aggregata,Shiner perch,species,99.405,2.86e-83,Eukaryota,Chordata,Teleostei,Ovalentaria incertae sedis,Embiotocidae,Cymatogaster,0
Cymatogaster aggregata,Shiner perch,species,motu1,motu1,ASV594,parent,1,Cymatogaster aggregata,Shiner perch,species,99.405,2.86e-83,Eukaryota,Chordata,Teleostei,Ovalentaria incertae sedis,Embiotocidae,Cymatogaster,0
Cymatogaster aggregata,Shiner perch,species,motu1,motu1,ASV603,parent,1,Cymatogaster aggregata,Shiner perch,species,99.405,2.86e-83,Eukaryota,Chordata,Teleostei,Ovalentaria incertae sedis,Embiotocidae,Cymatogaster,0
Cymatogaster aggregata,Shiner perch,species,motu1,motu1,ASV612,parent,1,Cymatogaster aggregata,Shiner perch,species,99.405,2.86e-83,Eukaryota,Chordata,Teleostei,Ovalentaria incertae sedis,Embiotocidae,Cymatogaster,0
Cymatogaster aggregata,Shiner perch,species,motu1,motu1,ASV656,parent,1,Cymatogaster aggregata,Shiner perch,species,99.405,2.86e-83,Eukaryota,Chordata,Teleostei,Ovalentaria incertae sedis,Embiotocidae,Cymatogaster,0
Cymatogaster aggregata,Shiner perch,species,motu1,motu1,ASV694,parent,1,Cymatogaster aggregata,Shiner perch,species,99.405,2.86e-83,Eukaryota,Chordata,Teleostei,Ovalentaria incertae sedis,Embiotocidae,Cymatogaster,0
Cymatogaster aggregata,Shiner perch,species,motu1,motu1,ASV710,parent,1,Cymatogaster aggregata,Shiner perch,species,99.405,2.86e-83,Eukaryota,Chordata,Teleostei,Ovalentaria incertae sedis,Embiotocidae,Cymatogaster,0
Cymatogaster aggregata,Shiner perch,species,motu1,motu1,ASV714,parent,1,Cymatogaster aggregata,Shiner perch,species,99.405,2.86e-83,Eukaryota,Chordata,Teleostei,Ovalentaria incertae sedis,Embiotocidae,Cymatogaster,0
Cymatogaster aggregata,Shiner perch,species,motu1,motu1,ASV718,parent,1,Cymatogaster aggregata,Shiner perch,species,99.405,2.86e-83,Eukaryota,Chordata,Teleostei,Ovalentaria incertae sedis,Embiotocidae,Cymatogaster,0
Cymatogaster aggregata,Shiner perch,species,motu1,motu1,ASV733,parent,1,Cymatogaster aggregata,Shiner perch,species,99.405,2.86e-83,Eukaryota,Chordata,Teleostei,Ovalentaria incertae sedis,Embiotocidae,Cymatogaster,0
Cymatogaster aggregata,Shiner perch,species,motu1,motu1,ASV756,parent,1,Cymatogaster aggregata,Shiner perch,species,99.405,2.86e-83,Eukaryota,Chordata,Teleostei,Ovalentaria incertae sedis,Embiotocidae,Cymatogaster,0
Cymatogaster aggregata,Shiner perch,species,motu1,motu1,ASV780,parent,1,Cymatogaster aggregata,Shiner perch,species,99.405,2.86e-83,Eukaryota,Chordata,Teleostei,Ovalentaria incertae sedis,Embiotocidae,Cymatogaster,0
Cymatogaster aggregata,Shiner perch,species,motu1,motu1,ASV786,parent,1,Cymatogaster aggregata,Shiner perch,species,99.405,2.86e-83,Eukaryota,Chordata,Teleostei,Ovalentaria incertae sedis,Embiotocidae,Cymatogaster,0
Cymatogaster aggregata,Shiner perch,species,motu1,motu1,ASV805,parent,1,Cymatogaster aggregata,Shiner perch,species,99.405,2.86e-83,Eukaryota,Chordata,Teleostei,Ovalentaria incertae sedis,Embiotocidae,Cymatogaster,0
Cymatogaster aggregata,Shiner perch,species,motu1,motu1,ASV806,parent,1,Cymatogaster aggregata,Shiner perch,species,99.405,2.86e-83,Eukaryota,Chordata,Teleostei,Ovalentaria incertae sedis,Embiotocidae,Cymatogaster,0
Cymatogaster aggregata,Shiner perch,species,motu1,motu1,ASV836,parent,1,Cymatogaster aggregata,Shiner perch,species,99.405,2.86e-83,Eukaryota,Chordata,Teleostei,Ovalentaria incertae sedis,Embiotocidae,Cymatogaster,0
Cymatogaster aggregata,Shiner perch,species,motu1,motu1,ASV855,parent,1,Cymatogaster aggregata,Shiner perch,species,99.405,2.86e-83,Eukaryota,Chordata,Teleostei,Ovalentaria incertae sedis,Embiotocidae,Cymatogaster,0
Cymatogaster aggregata,Shiner perch,species,motu1,motu1,ASV900,parent,1,Cymatogaster aggregata,Shiner perch,species,99.405,2.86e-83,Eukaryota,Chordata,Teleostei,Ovalentaria incertae sedis,Embiotocidae,Cymatogaster,0
Cymatogaster aggregata,Shiner perch,species,motu1,motu1,ASV981,parent,1,Cymatogaster aggregata,Shiner perch,species,99.405,2.86e-83,Eukaryota,Chordata,Teleostei,Ovalentaria incertae sedis,Embiotocidae,Cymatogaster,0
Cymatogaster aggregata,Shiner perch,species,motu1,motu1,ASV989,parent,1,Cymatogaster aggregata,Shiner perch,species,99.405,2.86e-83,Eukaryota,Chordata,Teleostei,Ovalentaria incertae sedis,Embiotocidae,Cymatogaster,0
Cymatogaster aggregata,Shiner perch,species,motu1,motu1,ASV1007,parent,1,Cymatogaster aggregata,Shiner perch,species,99.405,2.86e-83,Eukaryota,Chordata,Teleostei,Ovalentaria incertae sedis,Embiotocidae,Cymatogaster,0
Cymatogaster aggregata,Shiner perch,species,motu1,motu1,ASV1156,parent,1,Cymatogaster aggregata,Shiner perch,species,99.405,2.86e-83,Eukaryota,Chordata,Teleostei,Ovalentaria incertae sedis,Embiotocidae,Cymatogaster,0
Cymatogaster aggregata,Shiner perch,species,motu1,motu1,ASV1212,parent,1,Cymatogaster aggregata,Shiner perch,species,99.405,2.86e-83,Eukaryota,Chordata,Teleostei,Ovalentaria incertae sedis,Embiotocidae,Cymatogaster,0
Cymatogaster aggregata,Shiner perch,species,motu1,motu1,ASV1229,parent,1,Cymatogaster aggregata,Shiner perch,species,99.405,2.86e-83,Eukaryota,Chordata,Teleostei,Ovalentaria incertae sedis,Embiotocidae,Cymatogaster,0
Cymatogaster aggregata,Shiner perch,species,motu1,motu1,ASV1254,parent,1,Cymatogaster aggregata,Shiner perch,species,99.405,2.86e-83,Eukaryota,Chordata,Teleostei,Ovalentaria incertae sedis,Embiotocidae,Cymatogaster,0
Cymatogaster aggregata,Shiner perch,species,motu1,motu1,ASV1272,parent,1,Cymatogaster aggregata,Shiner perch,species,99.405,2.86e-83,Eukaryota,Chordata,Teleostei,Ovalentaria incertae sedis,Embiotocidae,Cymatogaster,0
Cymatogaster aggregata,Shiner perch,species,motu1,motu1,ASV1276,parent,1,Cymatogaster aggregata,Shiner perch,species,99.405,2.86e-83,Eukaryota,Chordata,Teleostei,Ovalentaria incertae sedis,Embiotocidae,Cymatogaster,0
Cymatogaster aggregata,Shiner perch,species,motu1,motu1,ASV1305,parent,1,Cymatogaster aggregata,Shiner perch,species,99.405,2.86e-83,Eukaryota,Chordata,Teleostei,Ovalentaria incertae sedis,Embiotocidae,Cymatogaster,0
Cymatogaster aggregata,Shiner perch,species,motu1,motu1,ASV590,parent,1,Cymatogaster aggregata,Shiner perch,species,98.81,1.33e-81,Eukaryota,Chordata,Teleostei,Ovalentaria incertae sedis,Embiotocidae,Cymatogaster,0
Cymatogaster aggregata,Shiner perch,species,motu944,motu944,ASV1599,parent,951,Cymatogaster aggregata,Shiner perch,species,100,1.0299999999999999e-82,Eukaryota,Chordata,Teleostei,Ovalentaria incertae sedis,Embiotocidae,Cymatogaster,0
Cymatogaster aggregata,Shiner perch,species,motu1376,motu1376,ASV2157,parent,1376,Cymatogaster aggregata,Shiner perch,species,100,8.12e-85,Eukaryota,Chordata,Teleostei,Ovalentaria incertae sedis,Embiotocidae,Cymatogaster,0
Embiotoca jacksoni,Black perch,species,motu31,motu31,ASV35,parent,31,Embiotoca jacksoni,Black perch,species,100,1.72e-85,Eukaryota,Chordata,Teleostei,Ovalentaria incertae sedis,Embiotocidae,Embiotoca,0
Embiotoca jacksoni,Black perch,species,motu31,motu31,ASV128,parent,31,Embiotoca jacksoni,Black perch,species,99.408,8.02e-84,Eukaryota,Chordata,Teleostei,Ovalentaria incertae sedis,Embiotocidae,Embiotoca,0
Embiotoca jacksoni,Black perch,species,motu31,motu31,ASV146,parent,31,Embiotoca jacksoni,Black perch,species,100,1.73e-85,Eukaryota,Chordata,Teleostei,Ovalentaria incertae sedis,Embiotocidae,Embiotoca,0
Embiotoca jacksoni,Black perch,species,motu31,motu31,ASV402,parent,31,Embiotoca jacksoni,Black perch,species,99.408,8.02e-84,Eukaryota,Chordata,Teleostei,Ovalentaria incertae sedis,Embiotocidae,Embiotoca,0
Embiotoca jacksoni,Black perch,species,motu799,motu799,ASV1404,parent,813,Embiotoca jacksoni,Black perch,species,97.041,3.76e-77,Eukaryota,Chordata,Teleostei,Ovalentaria incertae sedis,Embiotocidae,Embiotoca,0
Embiotoca lateralis,Striped seaperch,species,motu27,motu27,ASV30,parent,29,Embiotoca lateralis,Striped seaperch,species,100,6.150000000000001e-85,Eukaryota,Chordata,Teleostei,Ovalentaria incertae sedis,Embiotocidae,Embiotoca,0
Embiotoca lateralis,Striped seaperch,species,motu27,motu27,ASV445,parent,29,Embiotoca lateralis,Striped seaperch,species,99.405,2.86e-83,Eukaryota,Chordata,Teleostei,Ovalentaria incertae sedis,Embiotocidae,Embiotoca,0
Embiotocidae,Surfperch family,family,motu32,motu32,ASV169,parent,35,Embiotocidae,Surfperch family,family,100,6.150000000000001e-85,Eukaryota,Chordata,Teleostei,Ovalentaria incertae sedis,Embiotocidae,NA,0
Embiotocidae,Surfperch family,family,motu148,motu148,ASV297,parent,159,Embiotocidae,Surfperch family,family,100,6.150000000000001e-85,Eukaryota,Chordata,Teleostei,Ovalentaria incertae sedis,Embiotocidae,NA,0
Embiotocidae,Surfperch family,family,motu226,motu226,ASV483,parent,244,Embiotocidae,Surfperch family,family,94.643,6.290000000000001e-70,Eukaryota,Chordata,Teleostei,Ovalentaria incertae sedis,Embiotocidae,NA,0
Engraulis mordax,Californian anchovy,species,motu6,motu6,ASV6,parent,6,Engraulis mordax,Californian anchovy,species,100,1.0599999999999998e-87,Eukaryota,Chordata,Teleostei,Clupeiformes,Engraulidae,Engraulis,0
Engraulis mordax,Californian anchovy,species,motu6,motu6,ASV139,parent,6,Engraulis mordax,Californian anchovy,species,99.422,4.92e-86,Eukaryota,Chordata,Teleostei,Clupeiformes,Engraulidae,Engraulis,0
Engraulis mordax,Californian anchovy,species,motu6,motu6,ASV272,parent,6,Engraulis mordax,Californian anchovy,species,99.422,4.92e-86,Eukaryota,Chordata,Teleostei,Clupeiformes,Engraulidae,Engraulis,0
Engraulis mordax,Californian anchovy,species,motu6,motu6,ASV281,parent,6,Engraulis mordax,Californian anchovy,species,99.422,4.92e-86,Eukaryota,Chordata,Teleostei,Clupeiformes,Engraulidae,Engraulis,0
Engraulis mordax,Californian anchovy,species,motu6,motu6,ASV291,parent,6,Engraulis mordax,Californian anchovy,species,99.422,4.92e-86,Eukaryota,Chordata,Teleostei,Clupeiformes,Engraulidae,Engraulis,0
Engraulis mordax,Californian anchovy,species,motu6,motu6,ASV323,parent,6,Engraulis mordax,Californian anchovy,species,99.422,4.92e-86,Eukaryota,Chordata,Teleostei,Clupeiformes,Engraulidae,Engraulis,0
Engraulis mordax,Californian anchovy,species,motu6,motu6,ASV382,parent,6,Engraulis mordax,Californian anchovy,species,99.422,4.92e-86,Eukaryota,Chordata,Teleostei,Clupeiformes,Engraulidae,Engraulis,0
Engraulis mordax,Californian anchovy,species,motu6,motu6,ASV401,parent,6,Engraulis mordax,Californian anchovy,species,99.422,4.92e-86,Eukaryota,Chordata,Teleostei,Clupeiformes,Engraulidae,Engraulis,0
Engraulis mordax,Californian anchovy,species,motu6,motu6,ASV410,parent,6,Engraulis mordax,Californian anchovy,species,99.422,4.92e-86,Eukaryota,Chordata,Teleostei,Clupeiformes,Engraulidae,Engraulis,0
Engraulis mordax,Californian anchovy,species,motu6,motu6,ASV447,parent,6,Engraulis mordax,Californian anchovy,species,99.422,4.92e-86,Eukaryota,Chordata,Teleostei,Clupeiformes,Engraulidae,Engraulis,0
Engraulis mordax,Californian anchovy,species,motu6,motu6,ASV487,parent,6,Engraulis mordax,Californian anchovy,species,99.422,4.92e-86,Eukaryota,Chordata,Teleostei,Clupeiformes,Engraulidae,Engraulis,0
Engraulis mordax,Californian anchovy,species,motu6,motu6,ASV499,parent,6,Engraulis mordax,Californian anchovy,species,99.422,4.92e-86,Eukaryota,Chordata,Teleostei,Clupeiformes,Engraulidae,Engraulis,0
Engraulis mordax,Californian anchovy,species,motu6,motu6,ASV502,parent,6,Engraulis mordax,Californian anchovy,species,99.422,4.92e-86,Eukaryota,Chordata,Teleostei,Clupeiformes,Engraulidae,Engraulis,0
Engraulis mordax,Californian anchovy,species,motu6,motu6,ASV519,parent,6,Engraulis mordax,Californian anchovy,species,99.422,4.92e-86,Eukaryota,Chordata,Teleostei,Clupeiformes,Engraulidae,Engraulis,0
Engraulis mordax,Californian anchovy,species,motu6,motu6,ASV588,parent,6,Engraulis mordax,Californian anchovy,species,99.422,4.92e-86,Eukaryota,Chordata,Teleostei,Clupeiformes,Engraulidae,Engraulis,0
Engraulis mordax,Californian anchovy,species,motu6,motu6,ASV643,parent,6,Engraulis mordax,Californian anchovy,species,99.422,4.92e-86,Eukaryota,Chordata,Teleostei,Clupeiformes,Engraulidae,Engraulis,0
Engraulis mordax,Californian anchovy,species,motu6,motu6,ASV699,parent,6,Engraulis mordax,Californian anchovy,species,99.422,4.92e-86,Eukaryota,Chordata,Teleostei,Clupeiformes,Engraulidae,Engraulis,0
Engraulis mordax,Californian anchovy,species,motu6,motu6,ASV730,parent,6,Engraulis mordax,Californian anchovy,species,99.422,4.92e-86,Eukaryota,Chordata,Teleostei,Clupeiformes,Engraulidae,Engraulis,0
Engraulis mordax,Californian anchovy,species,motu6,motu6,ASV760,parent,6,Engraulis mordax,Californian anchovy,species,99.422,4.92e-86,Eukaryota,Chordata,Teleostei,Clupeiformes,Engraulidae,Engraulis,0
Engraulis mordax,Californian anchovy,species,motu6,motu6,ASV787,parent,6,Engraulis mordax,Californian anchovy,species,99.422,4.92e-86,Eukaryota,Chordata,Teleostei,Clupeiformes,Engraulidae,Engraulis,0
Engraulis mordax,Californian anchovy,species,motu6,motu6,ASV819,parent,6,Engraulis mordax,Californian anchovy,species,99.422,4.92e-86,Eukaryota,Chordata,Teleostei,Clupeiformes,Engraulidae,Engraulis,0
Engraulis mordax,Californian anchovy,species,motu6,motu6,ASV1031,parent,6,Engraulis mordax,Californian anchovy,species,99.425,4.95e-86,Eukaryota,Chordata,Teleostei,Clupeiformes,Engraulidae,Engraulis,0
Engraulis mordax,Californian anchovy,species,motu6,motu6,ASV1161,parent,6,Engraulis mordax,Californian anchovy,species,99.422,4.92e-86,Eukaryota,Chordata,Teleostei,Clupeiformes,Engraulidae,Engraulis,0
Engraulis mordax,Californian anchovy,species,motu6,motu6,ASV1167,parent,6,Engraulis mordax,Californian anchovy,species,99.425,4.95e-86,Eukaryota,Chordata,Teleostei,Clupeiformes,Engraulidae,Engraulis,0
Engraulis mordax,Californian anchovy,species,motu6,motu6,ASV1343,parent,6,Engraulis mordax,Californian anchovy,species,99.422,4.92e-86,Eukaryota,Chordata,Teleostei,Clupeiformes,Engraulidae,Engraulis,0
Engraulis mordax,Californian anchovy,species,motu6,motu6,ASV586,parent,6,Engraulis mordax,Californian anchovy,species,98.844,2.29e-84,Eukaryota,Chordata,Teleostei,Clupeiformes,Engraulidae,Engraulis,0
Engraulis mordax,Californian anchovy,species,motu6,motu6,ASV1484,parent,6,Engraulis mordax,Californian anchovy,species,98.851,2.3e-84,Eukaryota,Chordata,Teleostei,Clupeiformes,Engraulidae,Engraulis,0
Engraulis mordax,Californian anchovy,species,motu100,motu100,ASV156,parent,114,Engraulis mordax,Californian anchovy,species,99.425,5.1200000000000004e-86,Eukaryota,Chordata,Teleostei,Clupeiformes,Engraulidae,Engraulis,0
Engraulis mordax,Californian anchovy,species,motu200,motu200,ASV429,parent,215,Engraulis mordax,Californian anchovy,species,98.851,2.3e-84,Eukaryota,Chordata,Teleostei,Clupeiformes,Engraulidae,Engraulis,0
Enophrys,Enophrys sculpin species,genus,motu258,motu258,ASV550,parent,279,Enophrys,Enophrys sculpin species,genus,95.858,2.9200000000000004e-73,Eukaryota,Chordata,Teleostei,Perciformes,Cottidae,Enophrys,0
Enophrys bison,Buffalo sculpin,species,motu23,motu23,ASV25,parent,25,Enophrys bison,Buffalo sculpin,species,100,6.150000000000001e-85,Eukaryota,Chordata,Teleostei,Perciformes,Cottidae,Enophrys,0
Enophrys bison,Buffalo sculpin,species,motu23,motu23,ASV862,parent,25,Enophrys bison,Buffalo sculpin,species,99.405,2.86e-83,Eukaryota,Chordata,Teleostei,Perciformes,Cottidae,Enophrys,0
Enophrys bison,Buffalo sculpin,species,motu23,motu23,ASV1022,parent,25,Enophrys bison,Buffalo sculpin,species,99.405,2.86e-83,Eukaryota,Chordata,Teleostei,Perciformes,Cottidae,Enophrys,0
Enophrys bison,Buffalo sculpin,species,motu23,motu23,ASV1090,parent,25,Enophrys bison,Buffalo sculpin,species,99.405,2.86e-83,Eukaryota,Chordata,Teleostei,Perciformes,Cottidae,Enophrys,0
Enophrys bison,Buffalo sculpin,species,motu23,motu23,ASV1477,parent,25,Enophrys bison,Buffalo sculpin,species,99.405,2.86e-83,Eukaryota,Chordata,Teleostei,Perciformes,Cottidae,Enophrys,0
Enophrys diceraus,Antlered sculpin,species,motu216,motu216,ASV461,parent,234,Enophrys diceraus,Antlered sculpin,species,100,1.73e-85,Eukaryota,Chordata,Teleostei,Perciformes,Cottidae,Enophrys,0
Esox lucius,Northern pike invasive,species,motu489,motu489,ASV968,parent,510,Esox lucius,Northern pike invasive,species,100,6.150000000000001e-85,Eukaryota,Chordata,Teleostei,Esociformes,Esocidae,Esox,0
Eubalaena,Whale,outgroup,motu396,motu396,ASV803,parent,413,Eubalaena,Whale,outgroup,95.833,2.94e-73,Eukaryota,Chordata,Mammalia,Artiodactyla,Balaenidae,Eubalaena,NA
Eukaryota,Algae,NA,motu1407,motu1407,ASV2193,parent,1414,Eukaryota,Algae,NA,98.81,1.9599999999999997e-126,Eukaryota,NA,Bolidophyceae,Parmales,Triparmaceae,Bolidomonas,NA
Fundulus parvipinnis,California killifish,species,motu125,motu125,ASV210,parent,135,Fundulus parvipinnis,California killifish,species,100,6.150000000000001e-85,Eukaryota,Chordata,Teleostei,Cyprinodontiformes,Fundulidae,Fundulus,0
Microgadus proximus,Pacific tomcod,species,motu144,motu144,ASV1144,parent,131,Gadidae,Cod family,family,99.412,2.26e-84,Eukaryota,Chordata,Teleostei,Gadiformes,Gadidae,NA,0
Gadus,Gadus cod species,genus,motu74,motu74,ASV579,parent,71,Gadus,Gadus cod species,genus,100,1.72e-85,Eukaryota,Chordata,Teleostei,Gadiformes,Gadidae,Gadus,0
Gadus,Gadus cod species,genus,motu74,motu74,ASV749,parent,71,Gadus,Gadus cod species,genus,100,4.82e-86,Eukaryota,Chordata,Teleostei,Gadiformes,Gadidae,Gadus,0
Gadus,Gadus cod species,genus,motu155,motu155,ASV317,parent,167,Gadus,Gadus cod species,genus,99.408,8.02e-84,Eukaryota,Chordata,Teleostei,Gadiformes,Gadidae,Gadus,0
Gadus,Gadus cod species,genus,motu74,motu74,ASV101,parent,71,Gadus chalcogrammus,Alaska pollock,species,100,4.82e-86,Eukaryota,Chordata,Teleostei,Gadiformes,Gadidae,Gadus,0
Gadus chalcogrammus,Alaska pollock,species,motu117,motu117,ASV188,parent,104,Gadus chalcogrammus,Alaska pollock,species,100,1.78e-65,Eukaryota,Chordata,Teleostei,Gadiformes,Gadidae,Gadus,0
Gadus chalcogrammus,Alaska pollock,species,motu117,motu117,ASV1673,parent,104,Gadus chalcogrammus,Alaska pollock,species,99.248,8.300000000000001e-64,Eukaryota,Chordata,Teleostei,Gadiformes,Gadidae,Gadus,0
Gadus chalcogrammus,Alaska pollock,species,motu122,motu122,ASV205,parent,133,Gadus chalcogrammus,Alaska pollock,species,100,4.8600000000000005e-86,Eukaryota,Chordata,Teleostei,Gadiformes,Gadidae,Gadus,0
Gadus,Gadus cod species,genus,motu74,motu74,ASV969,parent,71,Gadus macrocephalus,Pacific cod,species,100,1.72e-85,Eukaryota,Chordata,Teleostei,Gadiformes,Gadidae,Gadus,0
Gaidropsaridae,NA,NA,motu96,motu96,ASV150,parent,108,Gaidropsaridae,NA,family,92.857,6.46e-65,Eukaryota,Chordata,Teleostei,Gadiformes,Gaidropsaridae,NA,0
Gambusia affinis,Mosquitofish invasive,species,motu174,motu174,ASV377,parent,189,Gambusia affinis,Mosquitofish invasive,species,100,3.7799999999999996e-87,Eukaryota,Chordata,Teleostei,Cyprinodontiformes,Poeciliidae,Gambusia,0
Gasterosteus aculeatus,Three-spined stickleback,species,motu8,motu8,ASV9,parent,7,Gasterosteus aculeatus,Three-spined stickleback,species,100,1.72e-85,Eukaryota,Chordata,Teleostei,Perciformes,Gasterosteidae,Gasterosteus,0
Gasterosteus aculeatus,Three-spined stickleback,species,motu8,motu8,ASV23,parent,7,Gasterosteus aculeatus,Three-spined stickleback,species,100,1.73e-85,Eukaryota,Chordata,Teleostei,Perciformes,Gasterosteidae,Gasterosteus,0
Gasterosteus aculeatus,Three-spined stickleback,species,motu8,motu8,ASV168,parent,7,Gasterosteus aculeatus,Three-spined stickleback,species,99.408,8.02e-84,Eukaryota,Chordata,Teleostei,Perciformes,Gasterosteidae,Gasterosteus,0
Gasterosteus aculeatus,Three-spined stickleback,species,motu8,motu8,ASV217,parent,7,Gasterosteus aculeatus,Three-spined stickleback,species,99.408,8.02e-84,Eukaryota,Chordata,Teleostei,Perciformes,Gasterosteidae,Gasterosteus,0
Gasterosteus aculeatus,Three-spined stickleback,species,motu8,motu8,ASV270,parent,7,Gasterosteus aculeatus,Three-spined stickleback,species,99.408,8.02e-84,Eukaryota,Chordata,Teleostei,Perciformes,Gasterosteidae,Gasterosteus,0
Gasterosteus aculeatus,Three-spined stickleback,species,motu8,motu8,ASV304,parent,7,Gasterosteus aculeatus,Three-spined stickleback,species,99.408,8.02e-84,Eukaryota,Chordata,Teleostei,Perciformes,Gasterosteidae,Gasterosteus,0
Gasterosteus aculeatus,Three-spined stickleback,species,motu8,motu8,ASV336,parent,7,Gasterosteus aculeatus,Three-spined stickleback,species,99.408,8.02e-84,Eukaryota,Chordata,Teleostei,Perciformes,Gasterosteidae,Gasterosteus,0
Gasterosteus aculeatus,Three-spined stickleback,species,motu8,motu8,ASV338,parent,7,Gasterosteus aculeatus,Three-spined stickleback,species,99.408,8.02e-84,Eukaryota,Chordata,Teleostei,Perciformes,Gasterosteidae,Gasterosteus,0
Gasterosteus aculeatus,Three-spined stickleback,species,motu8,motu8,ASV354,parent,7,Gasterosteus aculeatus,Three-spined stickleback,species,99.408,8.02e-84,Eukaryota,Chordata,Teleostei,Perciformes,Gasterosteidae,Gasterosteus,0
Gasterosteus aculeatus,Three-spined stickleback,species,motu8,motu8,ASV379,parent,7,Gasterosteus aculeatus,Three-spined stickleback,species,99.408,8.02e-84,Eukaryota,Chordata,Teleostei,Perciformes,Gasterosteidae,Gasterosteus,0
Gasterosteus aculeatus,Three-spined stickleback,species,motu8,motu8,ASV399,parent,7,Gasterosteus aculeatus,Three-spined stickleback,species,99.408,8.02e-84,Eukaryota,Chordata,Teleostei,Perciformes,Gasterosteidae,Gasterosteus,0
Gasterosteus aculeatus,Three-spined stickleback,species,motu8,motu8,ASV496,parent,7,Gasterosteus aculeatus,Three-spined stickleback,species,99.408,8.02e-84,Eukaryota,Chordata,Teleostei,Perciformes,Gasterosteidae,Gasterosteus,0
Gasterosteus aculeatus,Three-spined stickleback,species,motu8,motu8,ASV542,parent,7,Gasterosteus aculeatus,Three-spined stickleback,species,99.408,8.02e-84,Eukaryota,Chordata,Teleostei,Perciformes,Gasterosteidae,Gasterosteus,0
Gasterosteus aculeatus,Three-spined stickleback,species,motu8,motu8,ASV565,parent,7,Gasterosteus aculeatus,Three-spined stickleback,species,99.408,8.02e-84,Eukaryota,Chordata,Teleostei,Perciformes,Gasterosteidae,Gasterosteus,0
Gasterosteus aculeatus,Three-spined stickleback,species,motu8,motu8,ASV640,parent,7,Gasterosteus aculeatus,Three-spined stickleback,species,99.408,8.02e-84,Eukaryota,Chordata,Teleostei,Perciformes,Gasterosteidae,Gasterosteus,0
Gasterosteus aculeatus,Three-spined stickleback,species,motu8,motu8,ASV765,parent,7,Gasterosteus aculeatus,Three-spined stickleback,species,99.408,8.02e-84,Eukaryota,Chordata,Teleostei,Perciformes,Gasterosteidae,Gasterosteus,0
Gasterosteus aculeatus,Three-spined stickleback,species,motu8,motu8,ASV807,parent,7,Gasterosteus aculeatus,Three-spined stickleback,species,99.408,8.02e-84,Eukaryota,Chordata,Teleostei,Perciformes,Gasterosteidae,Gasterosteus,0
Gasterosteus aculeatus,Three-spined stickleback,species,motu8,motu8,ASV830,parent,7,Gasterosteus aculeatus,Three-spined stickleback,species,99.408,8.02e-84,Eukaryota,Chordata,Teleostei,Perciformes,Gasterosteidae,Gasterosteus,0
Gasterosteus aculeatus,Three-spined stickleback,species,motu8,motu8,ASV951,parent,7,Gasterosteus aculeatus,Three-spined stickleback,species,99.408,8.02e-84,Eukaryota,Chordata,Teleostei,Perciformes,Gasterosteidae,Gasterosteus,0
Gasterosteus aculeatus,Three-spined stickleback,species,motu8,motu8,ASV1092,parent,7,Gasterosteus aculeatus,Three-spined stickleback,species,99.408,8.02e-84,Eukaryota,Chordata,Teleostei,Perciformes,Gasterosteidae,Gasterosteus,0
Gasterosteus aculeatus,Three-spined stickleback,species,motu8,motu8,ASV1118,parent,7,Gasterosteus aculeatus,Three-spined stickleback,species,99.408,8.02e-84,Eukaryota,Chordata,Teleostei,Perciformes,Gasterosteidae,Gasterosteus,0
Gasterosteus aculeatus,Three-spined stickleback,species,motu8,motu8,ASV1132,parent,7,Gasterosteus aculeatus,Three-spined stickleback,species,99.408,8.02e-84,Eukaryota,Chordata,Teleostei,Perciformes,Gasterosteidae,Gasterosteus,0
Gasterosteus aculeatus,Three-spined stickleback,species,motu8,motu8,ASV1281,parent,7,Gasterosteus aculeatus,Three-spined stickleback,species,99.408,8.02e-84,Eukaryota,Chordata,Teleostei,Perciformes,Gasterosteidae,Gasterosteus,0
Gasterosteus aculeatus,Three-spined stickleback,species,motu8,motu8,ASV1285,parent,7,Gasterosteus aculeatus,Three-spined stickleback,species,99.408,8.02e-84,Eukaryota,Chordata,Teleostei,Perciformes,Gasterosteidae,Gasterosteus,0
Gasterosteus aculeatus,Three-spined stickleback,species,motu8,motu8,ASV1323,parent,7,Gasterosteus aculeatus,Three-spined stickleback,species,99.408,8.02e-84,Eukaryota,Chordata,Teleostei,Perciformes,Gasterosteidae,Gasterosteus,0
Gasterosteus aculeatus,Three-spined stickleback,species,motu8,motu8,ASV79,parent,7,Gasterosteus aculeatus,Three-spined stickleback,species,99.408,8.07e-84,Eukaryota,Chordata,Teleostei,Perciformes,Gasterosteidae,Gasterosteus,0
Gasterosteus aculeatus,Three-spined stickleback,species,motu8,motu8,ASV333,parent,7,Gasterosteus aculeatus,Three-spined stickleback,species,99.408,8.07e-84,Eukaryota,Chordata,Teleostei,Perciformes,Gasterosteidae,Gasterosteus,0
Gasterosteus aculeatus,Three-spined stickleback,species,motu8,motu8,ASV358,parent,7,Gasterosteus aculeatus,Three-spined stickleback,species,99.408,8.07e-84,Eukaryota,Chordata,Teleostei,Perciformes,Gasterosteidae,Gasterosteus,0
Gasterosteus aculeatus,Three-spined stickleback,species,motu8,motu8,ASV395,parent,7,Gasterosteus aculeatus,Three-spined stickleback,species,98.817,3.7299999999999996e-82,Eukaryota,Chordata,Teleostei,Perciformes,Gasterosteidae,Gasterosteus,0
Gasterosteus aculeatus,Three-spined stickleback,species,motu8,motu8,ASV546,parent,7,Gasterosteus aculeatus,Three-spined stickleback,species,99.408,8.07e-84,Eukaryota,Chordata,Teleostei,Perciformes,Gasterosteidae,Gasterosteus,0
Gasterosteus aculeatus,Three-spined stickleback,species,motu8,motu8,ASV708,parent,7,Gasterosteus aculeatus,Three-spined stickleback,species,99.408,8.07e-84,Eukaryota,Chordata,Teleostei,Perciformes,Gasterosteidae,Gasterosteus,0
Gasterosteus aculeatus,Three-spined stickleback,species,motu8,motu8,ASV813,parent,7,Gasterosteus aculeatus,Three-spined stickleback,species,99.408,8.07e-84,Eukaryota,Chordata,Teleostei,Perciformes,Gasterosteidae,Gasterosteus,0
Gasterosteus aculeatus,Three-spined stickleback,species,motu8,motu8,ASV828,parent,7,Gasterosteus aculeatus,Three-spined stickleback,species,99.408,8.07e-84,Eukaryota,Chordata,Teleostei,Perciformes,Gasterosteidae,Gasterosteus,0
Gasterosteus aculeatus,Three-spined stickleback,species,motu8,motu8,ASV844,parent,7,Gasterosteus aculeatus,Three-spined stickleback,species,99.408,8.07e-84,Eukaryota,Chordata,Teleostei,Perciformes,Gasterosteidae,Gasterosteus,0
Gasterosteus aculeatus,Three-spined stickleback,species,motu8,motu8,ASV890,parent,7,Gasterosteus aculeatus,Three-spined stickleback,species,98.817,3.7299999999999996e-82,Eukaryota,Chordata,Teleostei,Perciformes,Gasterosteidae,Gasterosteus,0
Gasterosteus aculeatus,Three-spined stickleback,species,motu8,motu8,ASV901,parent,7,Gasterosteus aculeatus,Three-spined stickleback,species,99.408,8.07e-84,Eukaryota,Chordata,Teleostei,Perciformes,Gasterosteidae,Gasterosteus,0
Gasterosteus aculeatus,Three-spined stickleback,species,motu8,motu8,ASV245,parent,7,Gasterosteus aculeatus,Three-spined stickleback,species,98.817,3.75e-82,Eukaryota,Chordata,Teleostei,Perciformes,Gasterosteidae,Gasterosteus,0
Gasterosteus aculeatus,Three-spined stickleback,species,motu135,motu135,ASV251,parent,111,Gasterosteus aculeatus,Three-spined stickleback,species,100,1.73e-85,Eukaryota,Chordata,Teleostei,Perciformes,Gasterosteidae,Gasterosteus,0
Gasterosteus aculeatus,Three-spined stickleback,species,motu135,motu135,ASV299,parent,111,Gasterosteus aculeatus,Three-spined stickleback,species,100,1.72e-85,Eukaryota,Chordata,Teleostei,Perciformes,Gasterosteidae,Gasterosteus,0
Gasterosteus aculeatus,Three-spined stickleback,species,motu135,motu135,ASV1013,parent,111,Gasterosteus aculeatus,Three-spined stickleback,species,100,1.72e-85,Eukaryota,Chordata,Teleostei,Perciformes,Gasterosteidae,Gasterosteus,0
Gasterosteus aculeatus,Three-spined stickleback,species,motu165,motu165,ASV353,parent,178,Gasterosteus aculeatus,Three-spined stickleback,species,99.408,2.86e-83,Eukaryota,Chordata,Teleostei,Perciformes,Gasterosteidae,Gasterosteus,0
Gasterosteus aculeatus,Three-spined stickleback,species,motu1003,motu1003,ASV1679,parent,1009,Gasterosteus aculeatus,Three-spined stickleback,species,100,2.88e-83,Eukaryota,Chordata,Teleostei,Perciformes,Gasterosteidae,Gasterosteus,0
Gavia immer,Bird,outgroup,motu519,motu519,ASV1017,parent,544,Gavia immer,Bird,outgroup,100,3.98e-92,Eukaryota,Chordata,Aves,Gaviiformes,Gaviidae,Gavia,NA
Gibbonsia montereyensis,Crevice kelpfish,species,motu179,motu179,ASV391,parent,198,Gibbonsia montereyensis,Crevice kelpfish,species,100,1.77e-65,Eukaryota,Chordata,Teleostei,Blenniiformes,Clinidae,Gibbonsia,0
Gillichthys mirabilis,Longjaw mudsucker,species,motu250,motu250,ASV533,parent,270,Gillichthys mirabilis,Longjaw mudsucker,species,100,6.150000000000001e-85,Eukaryota,Chordata,Teleostei,Gobiiformes,Gobiidae,Gillichthys,0
Girella nigricans,Rudderfish,species,motu63,motu63,ASV82,parent,85,Girella nigricans,Rudderfish,species,100,6.150000000000001e-85,Eukaryota,Chordata,Teleostei,Centrarchiformes,Kyphosidae,Girella,0
Girella nigricans,Rudderfish,species,motu84,motu84,ASV130,parent,102,Girella nigricans,Rudderfish,species,100,6.150000000000001e-85,Eukaryota,Chordata,Teleostei,Centrarchiformes,Kyphosidae,Girella,0
Gobiiformes,Goby order,order,motu33,motu33,ASV37,parent,24,Gobiiformes,Goby order,order,90,1.3799999999999998e-56,Eukaryota,Chordata,Teleostei,Gobiiformes,NA,NA,0
Gobiiformes,Goby order,order,motu33,motu33,ASV41,parent,24,Gobiiformes,Goby order,order,90,1.3799999999999998e-56,Eukaryota,Chordata,Teleostei,Gobiiformes,NA,NA,0
Gobiiformes,Goby order,order,motu33,motu33,ASV117,parent,24,Gobiiformes,Goby order,order,89.941,4.96e-56,Eukaryota,Chordata,Teleostei,Gobiiformes,NA,NA,0
Gobiiformes,Goby order,order,motu33,motu33,ASV206,parent,24,Gobiiformes,Goby order,order,89.412,6.4199999999999986e-55,Eukaryota,Chordata,Teleostei,Gobiiformes,NA,NA,0
Gobiiformes,Goby order,order,motu33,motu33,ASV344,parent,24,Gobiiformes,Goby order,order,90,1.3799999999999998e-56,Eukaryota,Chordata,Teleostei,Gobiiformes,NA,NA,0
Gobiiformes,Goby order,order,motu33,motu33,ASV482,parent,24,Gobiiformes,Goby order,order,89.412,6.4199999999999986e-55,Eukaryota,Chordata,Teleostei,Gobiiformes,NA,NA,0
Gobiiformes,Goby order,order,motu33,motu33,ASV111,parent,24,Gobiiformes,Goby order,order,89.412,6.4199999999999986e-55,Eukaryota,Chordata,Teleostei,Gobiiformes,NA,NA,0
Gobiiformes,Goby order,order,motu87,motu87,ASV135,parent,88,Gobiiformes,Goby order,order,89.697,6.4199999999999986e-55,Eukaryota,Chordata,Teleostei,Gobiiformes,NA,NA,0
Gobiiformes,Goby order,order,motu87,motu87,ASV627,parent,88,Gobiiformes,Goby order,order,89.091,2.99e-53,Eukaryota,Chordata,Teleostei,Gobiiformes,NA,NA,0
Gobiiformes,Goby order,order,motu181,motu181,ASV393,parent,199,Gobiiformes,Goby order,order,88.304,1.39e-51,Eukaryota,Chordata,Teleostei,Gobiiformes,NA,NA,0
Gobiiformes,Goby order,order,motu277,motu277,ASV599,parent,305,Gobiiformes,Goby order,order,89.412,6.4199999999999986e-55,Eukaryota,Chordata,Teleostei,Gobiiformes,NA,NA,0
Gobiiformes,Goby order,order,motu717,motu717,ASV1294,parent,733,Gobiiformes,Goby order,order,89.412,2.2899999999999998e-54,Eukaryota,Chordata,Teleostei,Gobiiformes,NA,NA,0
Halichoeres,Halichoeres wrasse,genus,motu167,motu167,ASV359,parent,142,Halichoeres,Halichoeres wrasse,genus,100,1.72e-85,Eukaryota,Chordata,Teleostei,Eupercaria incertae sedis,Labridae,Halichoeres,0
Halichoeres,Halichoeres wrasse,genus,motu167,motu167,ASV383,parent,142,Halichoeres,Halichoeres wrasse,genus,100,1.73e-85,Eukaryota,Chordata,Teleostei,Eupercaria incertae sedis,Labridae,Halichoeres,0
Hemilepidotus,Hemilepidotus Irish lord species,genus,motu233,motu233,ASV498,parent,252,Hemilepidotus,Hemilepidotus Irish lord species,genus,99.408,8.02e-84,Eukaryota,Chordata,Teleostei,Perciformes,Cottidae,Hemilepidotus,0
Hemilepidotus hemilepidotus,Red Irish lord,species,motu66,motu66,ASV89,parent,60,Hemilepidotus hemilepidotus,Red Irish lord,species,100,1.72e-85,Eukaryota,Chordata,Teleostei,Perciformes,Cottidae,Hemilepidotus,0
Hemilepidotus hemilepidotus,Red Irish lord,species,motu66,motu66,ASV221,parent,60,Hemilepidotus hemilepidotus,Red Irish lord,species,99.408,8.02e-84,Eukaryota,Chordata,Teleostei,Perciformes,Cottidae,Hemilepidotus,0
Hemilepidotus hemilepidotus,Red Irish lord,species,motu66,motu66,ASV425,parent,60,Hemilepidotus hemilepidotus,Red Irish lord,species,99.408,8.02e-84,Eukaryota,Chordata,Teleostei,Perciformes,Cottidae,Hemilepidotus,0
Heptageniidae,Arthropod,outgroup,motu172,motu172,ASV369,parent,187,Heptageniidae,Arthropod,outgroup,91.781,9.13e-53,Eukaryota,Arthropoda,Insecta,Ephemeroptera,Heptageniidae,NA,NA
Heptageniidae,Arthropod,outgroup,motu422,motu422,ASV857,parent,442,Heptageniidae,Arthropod,outgroup,91.667,1.18e-51,Eukaryota,Arthropoda,Insecta,Ephemeroptera,Heptageniidae,NA,NA
Heterostichus rostratus,Giant kelpfish,species,motu137,motu137,ASV255,parent,121,Heterostichus rostratus,Giant kelpfish,species,100,4.929999999999999e-66,Eukaryota,Chordata,Teleostei,Blenniiformes,Clinidae,Heterostichus,0
Heterostichus rostratus,Giant kelpfish,species,motu137,motu137,ASV572,parent,121,Heterostichus rostratus,Giant kelpfish,species,100,4.959999999999999e-66,Eukaryota,Chordata,Teleostei,Blenniiformes,Clinidae,Heterostichus,0
Heterostichus rostratus,Giant kelpfish,species,motu137,motu137,ASV802,parent,121,Heterostichus rostratus,Giant kelpfish,species,100,1.77e-65,Eukaryota,Chordata,Teleostei,Blenniiformes,Clinidae,Heterostichus,0
Hexagrammos,Hexagrammos kelp species,genus,motu70,motu70,ASV94,parent,63,Hexagrammos,Hexagrammos kelp species,genus,100,4.82e-86,Eukaryota,Chordata,Teleostei,Perciformes,Hexagrammidae,Hexagrammos,0
Hexagrammos,Hexagrammos kelp species,genus,motu70,motu70,ASV239,parent,63,Hexagrammos,Hexagrammos kelp species,genus,100,4.8600000000000005e-86,Eukaryota,Chordata,Teleostei,Perciformes,Hexagrammidae,Hexagrammos,0
Hexagrammos,Hexagrammos kelp species,genus,motu70,motu70,ASV1239,parent,63,Hexagrammos,Hexagrammos kelp species,genus,99.412,2.26e-84,Eukaryota,Chordata,Teleostei,Perciformes,Hexagrammidae,Hexagrammos,0
Hexagrammos decagrammus,Kelp greenling,species,motu34,motu34,ASV39,parent,33,Hexagrammos decagrammus,Kelp greenling,species,100,4.82e-86,Eukaryota,Chordata,Teleostei,Perciformes,Hexagrammidae,Hexagrammos,0
Hexagrammos decagrammus,Kelp greenling,species,motu34,motu34,ASV96,parent,33,Hexagrammos decagrammus,Kelp greenling,species,100,4.8600000000000005e-86,Eukaryota,Chordata,Teleostei,Perciformes,Hexagrammidae,Hexagrammos,0
Hexagrammos decagrammus,Kelp greenling,species,motu34,motu34,ASV686,parent,33,Hexagrammos decagrammus,Kelp greenling,species,99.412,2.24e-84,Eukaryota,Chordata,Teleostei,Perciformes,Hexagrammidae,Hexagrammos,0
Hexagrammos decagrammus,Kelp greenling,species,motu34,motu34,ASV534,parent,33,Hexagrammos decagrammus,Kelp greenling,species,99.412,2.26e-84,Eukaryota,Chordata,Teleostei,Perciformes,Hexagrammidae,Hexagrammos,0
Hexanchus griseus,Bluntnose sixgill shark,species,motu1400,motu1400,ASV2186,parent,1407,Hexanchus griseus,Bluntnose sixgill shark,species,100,8.71e-94,Eukaryota,Chordata,Elasmobranchii,Hexanchiformes,Hexanchidae,Hexanchus,0
Pleuronectidae,Flatfish family,family,motu54,motu54,ASV69,parent,41,Hippoglossus stenolepis,Pacific halibut,species,100,1.73e-85,Eukaryota,Chordata,Teleostei,Pleuronectiformes,Pleuronectidae,Hippoglossus,0
Pleuronectidae,Flatfish family,family,motu54,motu54,ASV87,parent,41,Hippoglossus stenolepis,Pacific halibut,species,100,1.72e-85,Eukaryota,Chordata,Teleostei,Pleuronectiformes,Pleuronectidae,Hippoglossus,0
Hirundo,Bird,outgroup,motu1530,motu1530,ASV2324,parent,1519,Hirundo,Bird,outgroup,93.889,4.1199999999999996e-72,Eukaryota,Chordata,Aves,Passeriformes,Hirundinidae,Hirundo,NA
Homo sapiens,Human,outgroup,motu39,motu39,ASV46,parent,37,Homo sapiens,Human,outgroup,100,1.3600000000000001e-86,Eukaryota,Chordata,Mammalia,Primates,Hominidae,Homo,NA
Homo sapiens,Human,outgroup,motu39,motu39,ASV85,parent,37,Homo sapiens,Human,outgroup,100,1.3500000000000001e-86,Eukaryota,Chordata,Mammalia,Primates,Hominidae,Homo,NA
Homo sapiens,Human,outgroup,motu39,motu39,ASV450,parent,37,Homo sapiens,Human,outgroup,99.415,6.32e-85,Eukaryota,Chordata,Mammalia,Primates,Hominidae,Homo,NA
Homo sapiens,Human,outgroup,motu39,motu39,ASV721,parent,37,Homo sapiens,Human,outgroup,99.415,6.32e-85,Eukaryota,Chordata,Mammalia,Primates,Hominidae,Homo,NA
Homo sapiens,Human,outgroup,motu39,motu39,ASV831,parent,37,Homo sapiens,Human,outgroup,99.415,6.32e-85,Eukaryota,Chordata,Mammalia,Primates,Hominidae,Homo,NA
Homo sapiens,Human,outgroup,motu39,motu39,ASV557,parent,37,Homo sapiens,Human,outgroup,99.415,6.28e-85,Eukaryota,Chordata,Mammalia,Primates,Hominidae,Homo,NA
Homo sapiens,Human,outgroup,motu39,motu39,ASV945,parent,37,Homo sapiens,Human,outgroup,99.415,6.28e-85,Eukaryota,Chordata,Mammalia,Primates,Hominidae,Homo,NA
Homo sapiens,Human,outgroup,motu39,motu39,ASV1684,parent,37,Homo sapiens,Human,outgroup,99.415,6.28e-85,Eukaryota,Chordata,Mammalia,Primates,Hominidae,Homo,NA
Homo sapiens,Human,outgroup,motu39,motu39,ASV2203,parent,37,Homo sapiens,Human,outgroup,100,1.3500000000000001e-86,Eukaryota,Chordata,Mammalia,Primates,Hominidae,Homo,NA
Homo sapiens,Human,outgroup,motu1675,motu1675,ASV2473,parent,1675,Homo sapiens,Human,outgroup,93.567,1.0699999999999999e-67,Eukaryota,Chordata,Mammalia,Primates,Hominidae,Homo,NA
Hydrolagus colliei,Spotted ratfish,species,motu123,motu123,ASV207,parent,134,Hydrolagus colliei,Spotted ratfish,species,100,1.11e-92,Eukaryota,Chordata,Holocephali,Chimaeriformes,Chimaeridae,Hydrolagus,0
Hypomesus,Surf smelt,genus,motu106,motu106,ASV167,parent,96,Hypomesus,Surf smelt,genus,100,6.150000000000001e-85,Eukaryota,Chordata,Teleostei,Osmeriformes,Osmeridae,Hypomesus,0
Hypomesus,Surf smelt,genus,motu106,motu106,ASV1097,parent,96,Hypomesus,Surf smelt,genus,99.405,2.86e-83,Eukaryota,Chordata,Teleostei,Osmeriformes,Osmeridae,Hypomesus,0
Hypomesus,Surf smelt,genus,motu243,motu243,ASV521,parent,262,Hypomesus,Surf smelt,genus,98.81,1.33e-81,Eukaryota,Chordata,Teleostei,Osmeriformes,Osmeridae,Hypomesus,0
Hypomesus,Surf smelt,genus,motu305,motu305,ASV648,parent,329,Hypomesus,Surf smelt,genus,98.81,1.33e-81,Eukaryota,Chordata,Teleostei,Osmeriformes,Osmeridae,Hypomesus,0
Hypomesus,Surf smelt,genus,motu510,motu510,ASV1004,parent,535,Hypomesus,Surf smelt,genus,98.81,1.33e-81,Eukaryota,Chordata,Teleostei,Osmeriformes,Osmeridae,Hypomesus,0
Hypsoblennius gentilis,Bay blenny,species,motu37,motu37,ASV44,parent,38,Hypsoblennius gentilis,Bay blenny,species,100,2.26e-64,Eukaryota,Chordata,Teleostei,Blenniiformes,Blenniidae,Hypsoblennius,0
Hypsoblennius gentilis,Bay blenny,species,motu37,motu37,ASV335,parent,38,Hypsoblennius gentilis,Bay blenny,species,99.237,1.05e-62,Eukaryota,Chordata,Teleostei,Blenniiformes,Blenniidae,Hypsoblennius,0
Hypsoblennius gentilis,Bay blenny,species,motu104,motu104,ASV162,parent,119,Hypsoblennius gentilis,Bay blenny,species,100,2.29e-64,Eukaryota,Chordata,Teleostei,Blenniiformes,Blenniidae,Hypsoblennius,0
Hypsoblennius jenkinsi,Mussel blenny,species,motu146,motu146,ASV293,parent,156,Hypsoblennius jenkinsi,Mussel blenny,species,100,6.150000000000001e-85,Eukaryota,Chordata,Teleostei,Blenniiformes,Blenniidae,Hypsoblennius,0
Icelinus borealis,Northern sculpin,species,motu1486,motu1486,ASV2279,parent,1484,Icelinus borealis,Northern sculpin,species,100,4.82e-86,Eukaryota,Chordata,Teleostei,Perciformes,Cottidae,Icelinus,0
Jordania zonope,Longfin sculpin,species,motu171,motu171,ASV368,parent,186,Jordania zonope,Longfin sculpin,species,100,1.72e-85,Eukaryota,Chordata,Teleostei,Perciformes,Jordaniidae,Jordania,0
Kyphosus azureus,Zebra-perch sea chub,species,motu158,motu158,ASV334,parent,171,Kyphosus azureus,Zebra-perch sea chub,species,99.419,1.76e-85,Eukaryota,Chordata,Teleostei,Centrarchiformes,Kyphosidae,Kyphosus,0
Lepidogobius lepidus,Bay goby,species,motu65,motu65,ASV86,parent,59,Lepidogobius lepidus,Bay goby,species,100,1.72e-85,Eukaryota,Chordata,Teleostei,Gobiiformes,Gobiidae,Lepidogobius,0
Lepidogobius lepidus,Bay goby,species,motu65,motu65,ASV253,parent,59,Lepidogobius lepidus,Bay goby,species,100,8.02e-84,Eukaryota,Chordata,Teleostei,Gobiiformes,Gobiidae,Lepidogobius,0
Lepidogobius lepidus,Bay goby,species,motu65,motu65,ASV332,parent,59,Lepidogobius lepidus,Bay goby,species,100,1.73e-85,Eukaryota,Chordata,Teleostei,Gobiiformes,Gobiidae,Lepidogobius,0
Lepidopsetta,Lepidopsetta sole species,genus,motu53,motu53,ASV68,parent,73,Lepidopsetta,Lepidopsetta sole species,genus,100,1.72e-85,Eukaryota,Chordata,Teleostei,Pleuronectiformes,Pleuronectidae,Lepidopsetta,0
Leptocottus armatus,Pacific staghorn sculpin,species,motu2,motu2,ASV2,parent,2,Leptocottus armatus,Pacific staghorn sculpin,species,100,4.82e-86,Eukaryota,Chordata,Teleostei,Perciformes,Cottidae,Leptocottus,0
Leptocottus armatus,Pacific staghorn sculpin,species,motu2,motu2,ASV7,parent,2,Leptocottus armatus,Pacific staghorn sculpin,species,100,1.3500000000000001e-86,Eukaryota,Chordata,Teleostei,Perciformes,Cottidae,Leptocottus,0
Leptocottus armatus,Pacific staghorn sculpin,species,motu2,motu2,ASV74,parent,2,Leptocottus armatus,Pacific staghorn sculpin,species,100,4.82e-86,Eukaryota,Chordata,Teleostei,Perciformes,Cottidae,Leptocottus,0
Leptocottus armatus,Pacific staghorn sculpin,species,motu2,motu2,ASV140,parent,2,Leptocottus armatus,Pacific staghorn sculpin,species,99.412,2.24e-84,Eukaryota,Chordata,Teleostei,Perciformes,Cottidae,Leptocottus,0
Leptocottus armatus,Pacific staghorn sculpin,species,motu2,motu2,ASV276,parent,2,Leptocottus armatus,Pacific staghorn sculpin,species,99.412,2.24e-84,Eukaryota,Chordata,Teleostei,Perciformes,Cottidae,Leptocottus,0
Leptocottus armatus,Pacific staghorn sculpin,species,motu2,motu2,ASV295,parent,2,Leptocottus armatus,Pacific staghorn sculpin,species,99.412,2.24e-84,Eukaryota,Chordata,Teleostei,Perciformes,Cottidae,Leptocottus,0
Leptocottus armatus,Pacific staghorn sculpin,species,motu2,motu2,ASV296,parent,2,Leptocottus armatus,Pacific staghorn sculpin,species,99.412,2.24e-84,Eukaryota,Chordata,Teleostei,Perciformes,Cottidae,Leptocottus,0
Leptocottus armatus,Pacific staghorn sculpin,species,motu2,motu2,ASV303,parent,2,Leptocottus armatus,Pacific staghorn sculpin,species,99.412,2.24e-84,Eukaryota,Chordata,Teleostei,Perciformes,Cottidae,Leptocottus,0
Leptocottus armatus,Pacific staghorn sculpin,species,motu2,motu2,ASV319,parent,2,Leptocottus armatus,Pacific staghorn sculpin,species,99.412,2.24e-84,Eukaryota,Chordata,Teleostei,Perciformes,Cottidae,Leptocottus,0
Leptocottus armatus,Pacific staghorn sculpin,species,motu2,motu2,ASV370,parent,2,Leptocottus armatus,Pacific staghorn sculpin,species,100,4.82e-86,Eukaryota,Chordata,Teleostei,Perciformes,Cottidae,Leptocottus,0
Leptocottus armatus,Pacific staghorn sculpin,species,motu2,motu2,ASV376,parent,2,Leptocottus armatus,Pacific staghorn sculpin,species,99.412,2.24e-84,Eukaryota,Chordata,Teleostei,Perciformes,Cottidae,Leptocottus,0
Leptocottus armatus,Pacific staghorn sculpin,species,motu2,motu2,ASV562,parent,2,Leptocottus armatus,Pacific staghorn sculpin,species,99.412,2.24e-84,Eukaryota,Chordata,Teleostei,Perciformes,Cottidae,Leptocottus,0
Leptocottus armatus,Pacific staghorn sculpin,species,motu2,motu2,ASV587,parent,2,Leptocottus armatus,Pacific staghorn sculpin,species,99.412,2.24e-84,Eukaryota,Chordata,Teleostei,Perciformes,Cottidae,Leptocottus,0
Leptocottus armatus,Pacific staghorn sculpin,species,motu2,motu2,ASV604,parent,2,Leptocottus armatus,Pacific staghorn sculpin,species,99.412,2.24e-84,Eukaryota,Chordata,Teleostei,Perciformes,Cottidae,Leptocottus,0
Leptocottus armatus,Pacific staghorn sculpin,species,motu2,motu2,ASV611,parent,2,Leptocottus armatus,Pacific staghorn sculpin,species,99.412,2.24e-84,Eukaryota,Chordata,Teleostei,Perciformes,Cottidae,Leptocottus,0
Leptocottus armatus,Pacific staghorn sculpin,species,motu2,motu2,ASV625,parent,2,Leptocottus armatus,Pacific staghorn sculpin,species,99.412,2.24e-84,Eukaryota,Chordata,Teleostei,Perciformes,Cottidae,Leptocottus,0
Leptocottus armatus,Pacific staghorn sculpin,species,motu2,motu2,ASV663,parent,2,Leptocottus armatus,Pacific staghorn sculpin,species,99.412,2.24e-84,Eukaryota,Chordata,Teleostei,Perciformes,Cottidae,Leptocottus,0
Leptocottus armatus,Pacific staghorn sculpin,species,motu2,motu2,ASV700,parent,2,Leptocottus armatus,Pacific staghorn sculpin,species,99.412,2.24e-84,Eukaryota,Chordata,Teleostei,Perciformes,Cottidae,Leptocottus,0
Leptocottus armatus,Pacific staghorn sculpin,species,motu2,motu2,ASV713,parent,2,Leptocottus armatus,Pacific staghorn sculpin,species,99.412,2.24e-84,Eukaryota,Chordata,Teleostei,Perciformes,Cottidae,Leptocottus,0
Leptocottus armatus,Pacific staghorn sculpin,species,motu2,motu2,ASV726,parent,2,Leptocottus armatus,Pacific staghorn sculpin,species,99.412,2.24e-84,Eukaryota,Chordata,Teleostei,Perciformes,Cottidae,Leptocottus,0
Leptocottus armatus,Pacific staghorn sculpin,species,motu2,motu2,ASV744,parent,2,Leptocottus armatus,Pacific staghorn sculpin,species,99.412,2.24e-84,Eukaryota,Chordata,Teleostei,Perciformes,Cottidae,Leptocottus,0
Leptocottus armatus,Pacific staghorn sculpin,species,motu2,motu2,ASV872,parent,2,Leptocottus armatus,Pacific staghorn sculpin,species,99.412,2.24e-84,Eukaryota,Chordata,Teleostei,Perciformes,Cottidae,Leptocottus,0
Leptocottus armatus,Pacific staghorn sculpin,species,motu2,motu2,ASV875,parent,2,Leptocottus armatus,Pacific staghorn sculpin,species,99.412,2.24e-84,Eukaryota,Chordata,Teleostei,Perciformes,Cottidae,Leptocottus,0
Leptocottus armatus,Pacific staghorn sculpin,species,motu2,motu2,ASV897,parent,2,Leptocottus armatus,Pacific staghorn sculpin,species,99.412,2.24e-84,Eukaryota,Chordata,Teleostei,Perciformes,Cottidae,Leptocottus,0
Leptocottus armatus,Pacific staghorn sculpin,species,motu2,motu2,ASV985,parent,2,Leptocottus armatus,Pacific staghorn sculpin,species,99.412,2.24e-84,Eukaryota,Chordata,Teleostei,Perciformes,Cottidae,Leptocottus,0
Leptocottus armatus,Pacific staghorn sculpin,species,motu2,motu2,ASV1019,parent,2,Leptocottus armatus,Pacific staghorn sculpin,species,99.412,2.24e-84,Eukaryota,Chordata,Teleostei,Perciformes,Cottidae,Leptocottus,0
Leptocottus armatus,Pacific staghorn sculpin,species,motu2,motu2,ASV1191,parent,2,Leptocottus armatus,Pacific staghorn sculpin,species,99.412,2.24e-84,Eukaryota,Chordata,Teleostei,Perciformes,Cottidae,Leptocottus,0
Leptocottus armatus,Pacific staghorn sculpin,species,motu2,motu2,ASV67,parent,2,Leptocottus armatus,Pacific staghorn sculpin,species,100,4.8600000000000005e-86,Eukaryota,Chordata,Teleostei,Perciformes,Cottidae,Leptocottus,0
Leptocottus armatus,Pacific staghorn sculpin,species,motu2,motu2,ASV174,parent,2,Leptocottus armatus,Pacific staghorn sculpin,species,99.415,6.28e-85,Eukaryota,Chordata,Teleostei,Perciformes,Cottidae,Leptocottus,0
Leptocottus armatus,Pacific staghorn sculpin,species,motu2,motu2,ASV352,parent,2,Leptocottus armatus,Pacific staghorn sculpin,species,99.415,6.28e-85,Eukaryota,Chordata,Teleostei,Perciformes,Cottidae,Leptocottus,0
Leptocottus armatus,Pacific staghorn sculpin,species,motu2,motu2,ASV406,parent,2,Leptocottus armatus,Pacific staghorn sculpin,species,99.415,6.28e-85,Eukaryota,Chordata,Teleostei,Perciformes,Cottidae,Leptocottus,0
Leptocottus armatus,Pacific staghorn sculpin,species,motu2,motu2,ASV545,parent,2,Leptocottus armatus,Pacific staghorn sculpin,species,99.415,6.28e-85,Eukaryota,Chordata,Teleostei,Perciformes,Cottidae,Leptocottus,0
Leptocottus armatus,Pacific staghorn sculpin,species,motu2,motu2,ASV681,parent,2,Leptocottus armatus,Pacific staghorn sculpin,species,99.415,6.28e-85,Eukaryota,Chordata,Teleostei,Perciformes,Cottidae,Leptocottus,0
Leptocottus armatus,Pacific staghorn sculpin,species,motu2,motu2,ASV707,parent,2,Leptocottus armatus,Pacific staghorn sculpin,species,99.415,6.28e-85,Eukaryota,Chordata,Teleostei,Perciformes,Cottidae,Leptocottus,0
Leptocottus armatus,Pacific staghorn sculpin,species,motu2,motu2,ASV757,parent,2,Leptocottus armatus,Pacific staghorn sculpin,species,99.415,6.28e-85,Eukaryota,Chordata,Teleostei,Perciformes,Cottidae,Leptocottus,0
Leptocottus armatus,Pacific staghorn sculpin,species,motu2,motu2,ASV850,parent,2,Leptocottus armatus,Pacific staghorn sculpin,species,99.415,6.28e-85,Eukaryota,Chordata,Teleostei,Perciformes,Cottidae,Leptocottus,0
Leptocottus armatus,Pacific staghorn sculpin,species,motu2,motu2,ASV882,parent,2,Leptocottus armatus,Pacific staghorn sculpin,species,99.415,6.28e-85,Eukaryota,Chordata,Teleostei,Perciformes,Cottidae,Leptocottus,0
Leptocottus armatus,Pacific staghorn sculpin,species,motu2,motu2,ASV955,parent,2,Leptocottus armatus,Pacific staghorn sculpin,species,98.824,1.0399999999999999e-82,Eukaryota,Chordata,Teleostei,Perciformes,Cottidae,Leptocottus,0
Leptocottus armatus,Pacific staghorn sculpin,species,motu2,motu2,ASV960,parent,2,Leptocottus armatus,Pacific staghorn sculpin,species,99.415,6.28e-85,Eukaryota,Chordata,Teleostei,Perciformes,Cottidae,Leptocottus,0
Leptocottus armatus,Pacific staghorn sculpin,species,motu2,motu2,ASV987,parent,2,Leptocottus armatus,Pacific staghorn sculpin,species,99.415,6.28e-85,Eukaryota,Chordata,Teleostei,Perciformes,Cottidae,Leptocottus,0
Leptocottus armatus,Pacific staghorn sculpin,species,motu2,motu2,ASV1234,parent,2,Leptocottus armatus,Pacific staghorn sculpin,species,99.415,6.28e-85,Eukaryota,Chordata,Teleostei,Perciformes,Cottidae,Leptocottus,0
Leptocottus armatus,Pacific staghorn sculpin,species,motu2,motu2,ASV1463,parent,2,Leptocottus armatus,Pacific staghorn sculpin,species,99.415,6.28e-85,Eukaryota,Chordata,Teleostei,Perciformes,Cottidae,Leptocottus,0
Leptocottus armatus,Pacific staghorn sculpin,species,motu255,motu255,ASV543,parent,275,Leptocottus armatus,Pacific staghorn sculpin,species,100,1.43e-65,Eukaryota,Chordata,Teleostei,Perciformes,Cottidae,Leptocottus,0
Leptocottus armatus,Pacific staghorn sculpin,species,motu451,motu451,ASV899,parent,475,Leptocottus armatus,Pacific staghorn sculpin,species,98.83,2.9199999999999998e-83,Eukaryota,Chordata,Teleostei,Perciformes,Cottidae,Leptocottus,0
Leptocottus armatus,Pacific staghorn sculpin,species,motu816,motu816,ASV1428,parent,828,Leptocottus armatus,Pacific staghorn sculpin,species,98.235,4.8599999999999995e-81,Eukaryota,Chordata,Teleostei,Perciformes,Cottidae,Leptocottus,0
Leptocottus armatus,Pacific staghorn sculpin,species,motu917,motu917,ASV1563,parent,707,Leptocottus armatus,Pacific staghorn sculpin,species,100,8.07e-84,Eukaryota,Chordata,Teleostei,Perciformes,Cottidae,Leptocottus,0
Leptocottus armatus,Pacific staghorn sculpin,species,motu917,motu917,ASV1641,parent,707,Leptocottus armatus,Pacific staghorn sculpin,species,99.398,3.75e-82,Eukaryota,Chordata,Teleostei,Perciformes,Cottidae,Leptocottus,0
Leptocottus armatus,Pacific staghorn sculpin,species,motu1079,motu1079,ASV1784,parent,1085,Leptocottus armatus,Pacific staghorn sculpin,species,100,1.54e-81,Eukaryota,Chordata,Teleostei,Perciformes,Cottidae,Leptocottus,0
Leuresthes tenuis,California grunion,species,motu77,motu77,ASV105,parent,72,Leuresthes tenuis,California grunion,species,100,6.150000000000001e-85,Eukaryota,Chordata,Teleostei,Atheriniformes,Atherinopsidae,Leuresthes,0
Leuresthes tenuis,California grunion,species,motu77,motu77,ASV747,parent,72,Leuresthes tenuis,California grunion,species,99.405,2.86e-83,Eukaryota,Chordata,Teleostei,Atheriniformes,Atherinopsidae,Leuresthes,0
Leuresthes tenuis,California grunion,species,motu77,motu77,ASV1462,parent,72,Leuresthes tenuis,California grunion,species,99.405,2.86e-83,Eukaryota,Chordata,Teleostei,Atheriniformes,Atherinopsidae,Leuresthes,0
Liparidae,Snailfish family,family,motu129,motu129,ASV224,parent,112,Liparidae,Snailfish family,family,94.048,2.94e-68,Eukaryota,Chordata,Teleostei,Perciformes,Liparidae,NA,0
Liparidae,Snailfish family,family,motu129,motu129,ASV2328,parent,112,Liparis,Snailfish species,genus,94.643,6.33e-70,Eukaryota,Chordata,Teleostei,Perciformes,Liparidae,Liparis,0
Liparis cyclopus,Ribbon snailfish,species,motu72,motu72,ASV98,parent,69,Liparis cyclopus,Ribbon snailfish,species,100,1.72e-85,Eukaryota,Chordata,Teleostei,Perciformes,Liparidae,Liparis,0
Liparis cyclopus,Ribbon snailfish,species,motu72,motu72,ASV2427,parent,69,Liparis cyclopus,Ribbon snailfish,species,98.817,3.7299999999999996e-82,Eukaryota,Chordata,Teleostei,Perciformes,Liparidae,Liparis,0
Liparis cyclopus,Ribbon snailfish,species,motu114,motu114,ASV184,parent,126,Liparis cyclopus,Ribbon snailfish,species,99.408,8.07e-84,Eukaryota,Chordata,Teleostei,Perciformes,Liparidae,Liparis,0
Liparis florae,Tidepool snailfish,species,motu99,motu99,ASV155,parent,113,Liparis florae,Tidepool snailfish,species,100,4.82e-86,Eukaryota,Chordata,Teleostei,Perciformes,Liparidae,Liparis,0
Liparis greeni,Lobefin snailfish,species,motu60,motu60,ASV78,parent,52,Liparis greeni,Lobefin snailfish,species,98.824,1.0399999999999999e-82,Eukaryota,Chordata,Teleostei,Perciformes,Liparidae,Polypera,0
Liparis greeni,Lobefin snailfish,species,motu60,motu60,ASV218,parent,52,Liparis greeni,Lobefin snailfish,species,98.802,4.8599999999999995e-81,Eukaryota,Chordata,Teleostei,Perciformes,Liparidae,Polypera,0
Liparis greeni,Lobefin snailfish,species,motu60,motu60,ASV314,parent,52,Liparis greeni,Lobefin snailfish,species,98.824,1.0499999999999999e-82,Eukaryota,Chordata,Teleostei,Perciformes,Liparidae,Polypera,0
Liparis greeni,Lobefin snailfish,species,motu110,motu110,ASV176,parent,92,Liparis greeni,Lobefin snailfish,species,100,4.82e-86,Eukaryota,Chordata,Teleostei,Perciformes,Liparidae,Polypera,0
Liparis greeni,Lobefin snailfish,species,motu110,motu110,ASV213,parent,92,Liparis greeni,Lobefin snailfish,species,100,4.8600000000000005e-86,Eukaryota,Chordata,Teleostei,Perciformes,Liparidae,Polypera,0
Liparis mucosus,Slimy snailfish,species,motu162,motu162,ASV348,parent,176,Liparis mucosus,Slimy snailfish,species,100,1.72e-85,Eukaryota,Chordata,Teleostei,Perciformes,Liparidae,Liparis,0
Liparis pulchellus,Showy snailfish,species,motu342,motu342,ASV716,parent,363,Liparis pulchellus,Showy snailfish,species,100,1.73e-85,Eukaryota,Chordata,Teleostei,Perciformes,Liparidae,Liparis,0
Lumpenus sagitta,Snake prickleback,species,motu20,motu20,ASV21,parent,21,Lumpenus sagitta,Snake prickleback,species,100,1.72e-85,Eukaryota,Chordata,Teleostei,Perciformes,Lumpenidae,Lumpenus,0
Lumpenus sagitta,Snake prickleback,species,motu20,motu20,ASV84,parent,21,Lumpenus sagitta,Snake prickleback,species,100,1.73e-85,Eukaryota,Chordata,Teleostei,Perciformes,Lumpenidae,Lumpenus,0
Lumpenus sagitta,Snake prickleback,species,motu20,motu20,ASV598,parent,21,Lumpenus sagitta,Snake prickleback,species,99.408,8.02e-84,Eukaryota,Chordata,Teleostei,Perciformes,Lumpenidae,Lumpenus,0
Lumpenus sagitta,Snake prickleback,species,motu20,motu20,ASV1003,parent,21,Lumpenus sagitta,Snake prickleback,species,99.408,8.02e-84,Eukaryota,Chordata,Teleostei,Perciformes,Lumpenidae,Lumpenus,0
Lumpenus sagitta,Snake prickleback,species,motu20,motu20,ASV888,parent,21,Lumpenus sagitta,Snake prickleback,species,99.408,8.07e-84,Eukaryota,Chordata,Teleostei,Perciformes,Lumpenidae,Lumpenus,0
Lycodes brevipes,Shortfin eelpout,species,motu452,motu452,ASV902,parent,476,Lycodes brevipes,Shortfin eelpout,species,97.619,2.88e-78,Eukaryota,Chordata,Teleostei,Perciformes,Zoarcidae,Lycodes,0
Lycodes diapterus,Black eelpout,species,motu404,motu404,ASV820,parent,421,Lycodes diapterus,Black eelpout,species,100,6.150000000000001e-85,Eukaryota,Chordata,Teleostei,Perciformes,Zoarcidae,Lycodes,0
Mallotus villosus,Capelin,species,motu116,motu116,ASV187,parent,128,Mallotus villosus,Capelin,species,100,6.150000000000001e-85,Eukaryota,Chordata,Teleostei,Osmeriformes,Osmeridae,Mallotus,0
Megaptera novaeangliae,Whale,outgroup,motu130,motu130,ASV232,parent,139,Megaptera novaeangliae,Whale,outgroup,100,4.82e-86,Eukaryota,Chordata,Mammalia,Artiodactyla,Balaenopteridae,Megaptera,NA
Menticirrhus undulatus,California kingcroaker,species,motu64,motu64,ASV83,parent,87,Menticirrhus undulatus,California kingcroaker,species,100,1.72e-85,Eukaryota,Chordata,Teleostei,Eupercaria incertae sedis,Sciaenidae,Menticirrhus,0
Mergus merganser,Bird,outgroup,motu203,motu203,ASV437,parent,221,Mergus merganser,Bird,outgroup,100,1.17e-97,Eukaryota,Chordata,Aves,Anseriformes,Anatidae,Mergus,NA
Merluccius productus,North Pacific hake,species,motu11,motu11,ASV12,parent,11,Merluccius productus,North Pacific hake,species,100,4.82e-86,Eukaryota,Chordata,Teleostei,Gadiformes,Merlucciidae,Merluccius,0
Merluccius productus,North Pacific hake,species,motu11,motu11,ASV43,parent,11,Merluccius productus,North Pacific hake,species,100,1.3500000000000001e-86,Eukaryota,Chordata,Teleostei,Gadiformes,Merlucciidae,Merluccius,0
Merluccius productus,North Pacific hake,species,motu11,motu11,ASV226,parent,11,Merluccius productus,North Pacific hake,species,99.412,2.24e-84,Eukaryota,Chordata,Teleostei,Gadiformes,Merlucciidae,Merluccius,0
Merluccius productus,North Pacific hake,species,motu11,motu11,ASV384,parent,11,Merluccius productus,North Pacific hake,species,99.412,2.24e-84,Eukaryota,Chordata,Teleostei,Gadiformes,Merlucciidae,Merluccius,0
Merluccius productus,North Pacific hake,species,motu11,motu11,ASV751,parent,11,Merluccius productus,North Pacific hake,species,99.412,2.24e-84,Eukaryota,Chordata,Teleostei,Gadiformes,Merlucciidae,Merluccius,0
Merluccius productus,North Pacific hake,species,motu11,motu11,ASV753,parent,11,Merluccius productus,North Pacific hake,species,99.412,2.24e-84,Eukaryota,Chordata,Teleostei,Gadiformes,Merlucciidae,Merluccius,0
Merluccius productus,North Pacific hake,species,motu11,motu11,ASV1106,parent,11,Merluccius productus,North Pacific hake,species,99.412,2.24e-84,Eukaryota,Chordata,Teleostei,Gadiformes,Merlucciidae,Merluccius,0
Merluccius productus,North Pacific hake,species,motu11,motu11,ASV1160,parent,11,Merluccius productus,North Pacific hake,species,99.412,2.24e-84,Eukaryota,Chordata,Teleostei,Gadiformes,Merlucciidae,Merluccius,0
Merluccius productus,North Pacific hake,species,motu11,motu11,ASV1183,parent,11,Merluccius productus,North Pacific hake,species,99.412,2.24e-84,Eukaryota,Chordata,Teleostei,Gadiformes,Merlucciidae,Merluccius,0
Merluccius productus,North Pacific hake,species,motu11,motu11,ASV1227,parent,11,Merluccius productus,North Pacific hake,species,99.412,2.24e-84,Eukaryota,Chordata,Teleostei,Gadiformes,Merlucciidae,Merluccius,0
Merluccius productus,North Pacific hake,species,motu11,motu11,ASV1602,parent,11,Merluccius productus,North Pacific hake,species,99.412,2.24e-84,Eukaryota,Chordata,Teleostei,Gadiformes,Merlucciidae,Merluccius,0
Merluccius productus,North Pacific hake,species,motu30,motu30,ASV34,parent,32,Merluccius productus,North Pacific hake,species,100,1.72e-85,Eukaryota,Chordata,Teleostei,Gadiformes,Merlucciidae,Merluccius,0
Merluccius productus,North Pacific hake,species,motu30,motu30,ASV237,parent,32,Merluccius productus,North Pacific hake,species,99.412,8.07e-84,Eukaryota,Chordata,Teleostei,Gadiformes,Merlucciidae,Merluccius,0
Merluccius productus,North Pacific hake,species,motu30,motu30,ASV720,parent,32,Merluccius productus,North Pacific hake,species,99.408,8.02e-84,Eukaryota,Chordata,Teleostei,Gadiformes,Merlucciidae,Merluccius,0
Merluccius productus,North Pacific hake,species,motu30,motu30,ASV917,parent,32,Merluccius productus,North Pacific hake,species,100,4.82e-86,Eukaryota,Chordata,Teleostei,Gadiformes,Merlucciidae,Merluccius,0
Merluccius productus,North Pacific hake,species,motu30,motu30,ASV1235,parent,32,Merluccius productus,North Pacific hake,species,99.408,8.02e-84,Eukaryota,Chordata,Teleostei,Gadiformes,Merlucciidae,Merluccius,0
Merluccius productus,North Pacific hake,species,motu670,motu670,ASV1221,parent,688,Merluccius productus,North Pacific hake,species,98.83,1.0499999999999999e-82,Eukaryota,Chordata,Teleostei,Gadiformes,Merlucciidae,Merluccius,0
Microgadus proximus,Pacific tomcod,species,motu144,motu144,ASV284,parent,131,Microgadus proximus,Pacific tomcod,species,100,4.8600000000000005e-86,Eukaryota,Chordata,Teleostei,Gadiformes,Gadidae,Microgadus,0
Micrometrus minimus,Dwarf perch,species,motu124,motu124,ASV208,parent,101,Micrometrus minimus,Dwarf perch,species,99.408,2.86e-83,Eukaryota,Chordata,Teleostei,Ovalentaria incertae sedis,Embiotocidae,Micrometrus,0
Micrometrus minimus,Dwarf perch,species,motu124,motu124,ASV374,parent,101,Micrometrus minimus,Dwarf perch,species,100,1.72e-85,Eukaryota,Chordata,Teleostei,Ovalentaria incertae sedis,Embiotocidae,Micrometrus,0
Micrometrus minimus,Dwarf perch,species,motu124,motu124,ASV448,parent,101,Micrometrus minimus,Dwarf perch,species,100,1.73e-85,Eukaryota,Chordata,Teleostei,Ovalentaria incertae sedis,Embiotocidae,Micrometrus,0
Micrometrus minimus,Dwarf perch,species,motu124,motu124,ASV824,parent,101,Micrometrus minimus,Dwarf perch,species,99.408,8.02e-84,Eukaryota,Chordata,Teleostei,Ovalentaria incertae sedis,Embiotocidae,Micrometrus,0
Morone saxatilis,Striped bass invasive,species,motu76,motu76,ASV103,parent,65,Morone saxatilis,Striped bass invasive,species,100,3.7799999999999996e-87,Eukaryota,Chordata,Teleostei,Eupercaria incertae sedis,Moronidae,Morone,0
Morone saxatilis,Striped bass invasive,species,motu76,motu76,ASV164,parent,65,Morone saxatilis,Striped bass invasive,species,100,1.0599999999999998e-87,Eukaryota,Chordata,Teleostei,Eupercaria incertae sedis,Moronidae,Morone,0
Mugil cephalus,Flathead grey mullet,species,motu35,motu35,ASV40,parent,34,Mugil cephalus,Flathead grey mullet,species,100,1.3500000000000001e-86,Eukaryota,Chordata,Teleostei,Mugiliformes,Mugilidae,Mugil,0
Mugil cephalus,Flathead grey mullet,species,motu35,motu35,ASV107,parent,34,Mugil cephalus,Flathead grey mullet,species,100,1.3600000000000001e-86,Eukaryota,Chordata,Teleostei,Mugiliformes,Mugilidae,Mugil,0
Mugil cephalus,Flathead grey mullet,species,motu35,motu35,ASV288,parent,34,Mugil cephalus,Flathead grey mullet,species,99.415,6.28e-85,Eukaryota,Chordata,Teleostei,Mugiliformes,Mugilidae,Mugil,0
Mugil cephalus,Flathead grey mullet,species,motu35,motu35,ASV517,parent,34,Mugil cephalus,Flathead grey mullet,species,99.415,6.28e-85,Eukaryota,Chordata,Teleostei,Mugiliformes,Mugilidae,Mugil,0
Mugil cephalus,Flathead grey mullet,species,motu35,motu35,ASV1376,parent,34,Mugil cephalus,Flathead grey mullet,species,99.415,6.28e-85,Eukaryota,Chordata,Teleostei,Mugiliformes,Mugilidae,Mugil,0
Mugil cephalus,Flathead grey mullet,species,motu35,motu35,ASV287,parent,34,Mugil cephalus,Flathead grey mullet,species,99.415,6.32e-85,Eukaryota,Chordata,Teleostei,Mugiliformes,Mugilidae,Mugil,0
Myliobatis californica,Bat ray,species,motu1553,motu1553,ASV2348,parent,1541,Myliobatis californica,Bat ray,species,100,3.98e-92,Eukaryota,Chordata,Elasmobranchii,Myliobatiformes,Myliobatidae,Myliobatis,0
Myoxocephalus,Myoxocephalus sculpin species,genus,motu19,motu19,ASV20,parent,17,Myoxocephalus,Myoxocephalus sculpin species,genus,100,1.72e-85,Eukaryota,Chordata,Teleostei,Perciformes,Cottidae,Myoxocephalus,0
Myoxocephalus,Myoxocephalus sculpin species,genus,motu19,motu19,ASV47,parent,17,Myoxocephalus,Myoxocephalus sculpin species,genus,100,1.73e-85,Eukaryota,Chordata,Teleostei,Perciformes,Cottidae,Myoxocephalus,0
Myoxocephalus,Myoxocephalus sculpin species,genus,motu19,motu19,ASV430,parent,17,Myoxocephalus,Myoxocephalus sculpin species,genus,99.408,8.02e-84,Eukaryota,Chordata,Teleostei,Perciformes,Cottidae,Myoxocephalus,0
Myoxocephalus,Myoxocephalus sculpin species,genus,motu19,motu19,ASV453,parent,17,Myoxocephalus,Myoxocephalus sculpin species,genus,99.408,8.02e-84,Eukaryota,Chordata,Teleostei,Perciformes,Cottidae,Myoxocephalus,0
Myoxocephalus,Myoxocephalus sculpin species,genus,motu19,motu19,ASV566,parent,17,Myoxocephalus,Myoxocephalus sculpin species,genus,99.408,8.02e-84,Eukaryota,Chordata,Teleostei,Perciformes,Cottidae,Myoxocephalus,0
Myoxocephalus,Myoxocephalus sculpin species,genus,motu79,motu79,ASV115,parent,77,Myoxocephalus,Myoxocephalus sculpin species,genus,98.817,3.75e-82,Eukaryota,Chordata,Teleostei,Perciformes,Cottidae,Myoxocephalus,0
Myoxocephalus,Myoxocephalus sculpin species,genus,motu79,motu79,ASV331,parent,77,Myoxocephalus,Myoxocephalus sculpin species,genus,98.817,3.7299999999999996e-82,Eukaryota,Chordata,Teleostei,Perciformes,Cottidae,Myoxocephalus,0
Myoxocephalus stelleri,Steller's sculpin,species,motu134,motu134,ASV250,parent,144,Myoxocephalus stelleri,Steller's sculpin,species,99.408,8.02e-84,Eukaryota,Chordata,Teleostei,Perciformes,Cottidae,Myoxocephalus,0
Myoxocephalus stelleri,Steller's sculpin,species,motu290,motu290,ASV623,parent,316,Myoxocephalus stelleri,Steller's sculpin,species,98.817,3.7299999999999996e-82,Eukaryota,Chordata,Teleostei,Perciformes,Cottidae,Myoxocephalus,0
Oligocottus,Oligocottus sculpin species,genus,motu10,motu10,ASV11,parent,10,Oligocottus,Oligocottus sculpin species,genus,100,6.150000000000001e-85,Eukaryota,Chordata,Teleostei,Perciformes,Cottidae,Oligocottus,0
Oligocottus,Oligocottus sculpin species,genus,motu10,motu10,ASV127,parent,10,Oligocottus,Oligocottus sculpin species,genus,99.405,2.86e-83,Eukaryota,Chordata,Teleostei,Perciformes,Cottidae,Oligocottus,0
Oligocottus,Oligocottus sculpin species,genus,motu10,motu10,ASV212,parent,10,Oligocottus,Oligocottus sculpin species,genus,99.405,2.86e-83,Eukaryota,Chordata,Teleostei,Perciformes,Cottidae,Oligocottus,0
Oligocottus,Oligocottus sculpin species,genus,motu10,motu10,ASV436,parent,10,Oligocottus,Oligocottus sculpin species,genus,99.405,2.86e-83,Eukaryota,Chordata,Teleostei,Perciformes,Cottidae,Oligocottus,0
Oligocottus,Oligocottus sculpin species,genus,motu10,motu10,ASV451,parent,10,Oligocottus,Oligocottus sculpin species,genus,99.405,2.86e-83,Eukaryota,Chordata,Teleostei,Perciformes,Cottidae,Oligocottus,0
Oligocottus,Oligocottus sculpin species,genus,motu10,motu10,ASV605,parent,10,Oligocottus,Oligocottus sculpin species,genus,99.405,2.86e-83,Eukaryota,Chordata,Teleostei,Perciformes,Cottidae,Oligocottus,0
Oligocottus,Oligocottus sculpin species,genus,motu10,motu10,ASV659,parent,10,Oligocottus,Oligocottus sculpin species,genus,99.405,2.86e-83,Eukaryota,Chordata,Teleostei,Perciformes,Cottidae,Oligocottus,0
Oligocottus,Oligocottus sculpin species,genus,motu1514,motu1514,ASV2308,parent,1511,Oligocottus,Oligocottus sculpin species,genus,100,8.12e-85,Eukaryota,Chordata,Teleostei,Perciformes,Cottidae,Oligocottus,0
Oligocottus snyderi,Fluffy sculpin,species,motu289,motu289,ASV621,parent,220,Oligocottus snyderi,Fluffy sculpin,species,100,4.8600000000000005e-86,Eukaryota,Chordata,Teleostei,Perciformes,Cottidae,Oligocottus,0
Oligocottus snyderi,Fluffy sculpin,species,motu289,motu289,ASV915,parent,220,Oligocottus snyderi,Fluffy sculpin,species,100,4.82e-86,Eukaryota,Chordata,Teleostei,Perciformes,Cottidae,Oligocottus,0
Oligocottus snyderi,Fluffy sculpin,species,motu289,motu289,ASV937,parent,220,Oligocottus snyderi,Fluffy sculpin,species,99.412,2.24e-84,Eukaryota,Chordata,Teleostei,Perciformes,Cottidae,Oligocottus,0
Oncorhynchus,Salmon species,genus,motu292,motu292,ASV626,parent,318,Oncorhynchus,Salmon species,genus,100,4.82e-86,Eukaryota,Chordata,Teleostei,Salmoniformes,Salmonidae,Oncorhynchus,0
Oncorhynchus clarkii,Cutthroat trout,species,motu80,motu80,ASV116,parent,70,Oncorhynchus clarkii,Cutthroat trout,species,100,4.82e-86,Eukaryota,Chordata,Teleostei,Salmoniformes,Salmonidae,Oncorhynchus,0
Oncorhynchus clarkii,Cutthroat trout,species,motu80,motu80,ASV161,parent,70,Oncorhynchus clarkii,Cutthroat trout,species,100,4.8600000000000005e-86,Eukaryota,Chordata,Teleostei,Salmoniformes,Salmonidae,Oncorhynchus,0
Oncorhynchus clarkii,Cutthroat trout,species,motu80,motu80,ASV816,parent,70,Oncorhynchus clarkii,Cutthroat trout,species,99.412,2.24e-84,Eukaryota,Chordata,Teleostei,Salmoniformes,Salmonidae,Oncorhynchus,0
Oncorhynchus gorbuscha,Pink salmon,species,motu21,motu21,ASV22,parent,22,Oncorhynchus gorbuscha,Pink salmon,species,100,4.82e-86,Eukaryota,Chordata,Teleostei,Salmoniformes,Salmonidae,Oncorhynchus,0
Oncorhynchus gorbuscha,Pink salmon,species,motu21,motu21,ASV75,parent,22,Oncorhynchus gorbuscha,Pink salmon,species,100,4.8600000000000005e-86,Eukaryota,Chordata,Teleostei,Salmoniformes,Salmonidae,Oncorhynchus,0
Oncorhynchus gorbuscha,Pink salmon,species,motu21,motu21,ASV573,parent,22,Oncorhynchus gorbuscha,Pink salmon,species,99.412,2.24e-84,Eukaryota,Chordata,Teleostei,Salmoniformes,Salmonidae,Oncorhynchus,0
Oncorhynchus gorbuscha,Pink salmon,species,motu21,motu21,ASV949,parent,22,Oncorhynchus gorbuscha,Pink salmon,species,99.412,2.24e-84,Eukaryota,Chordata,Teleostei,Salmoniformes,Salmonidae,Oncorhynchus,0
Oncorhynchus gorbuscha,Pink salmon,species,motu21,motu21,ASV983,parent,22,Oncorhynchus gorbuscha,Pink salmon,species,99.412,2.24e-84,Eukaryota,Chordata,Teleostei,Salmoniformes,Salmonidae,Oncorhynchus,0
Oncorhynchus gorbuscha,Pink salmon,species,motu21,motu21,ASV1303,parent,22,Oncorhynchus gorbuscha,Pink salmon,species,99.412,2.24e-84,Eukaryota,Chordata,Teleostei,Salmoniformes,Salmonidae,Oncorhynchus,0
Oncorhynchus gorbuscha,Pink salmon,species,motu21,motu21,ASV2245,parent,22,Oncorhynchus gorbuscha,Pink salmon,species,99.412,2.24e-84,Eukaryota,Chordata,Teleostei,Salmoniformes,Salmonidae,Oncorhynchus,0
Oncorhynchus gorbuscha,Pink salmon,species,motu21,motu21,ASV469,parent,22,Oncorhynchus gorbuscha,Pink salmon,species,99.412,2.26e-84,Eukaryota,Chordata,Teleostei,Salmoniformes,Salmonidae,Oncorhynchus,0
Oncorhynchus gorbuscha,Pink salmon,species,motu21,motu21,ASV873,parent,22,Oncorhynchus gorbuscha,Pink salmon,species,99.412,2.26e-84,Eukaryota,Chordata,Teleostei,Salmoniformes,Salmonidae,Oncorhynchus,0
Oncorhynchus keta,Chum salmon,species,motu15,motu15,ASV16,parent,13,Oncorhynchus keta,Chum salmon,species,100,1.72e-85,Eukaryota,Chordata,Teleostei,Salmoniformes,Salmonidae,Oncorhynchus,0
Oncorhynchus keta,Chum salmon,species,motu15,motu15,ASV48,parent,13,Oncorhynchus keta,Chum salmon,species,100,1.73e-85,Eukaryota,Chordata,Teleostei,Salmoniformes,Salmonidae,Oncorhynchus,0
Oncorhynchus keta,Chum salmon,species,motu15,motu15,ASV166,parent,13,Oncorhynchus keta,Chum salmon,species,99.408,8.02e-84,Eukaryota,Chordata,Teleostei,Salmoniformes,Salmonidae,Oncorhynchus,0
Oncorhynchus keta,Chum salmon,species,motu15,motu15,ASV263,parent,13,Oncorhynchus keta,Chum salmon,species,99.408,8.02e-84,Eukaryota,Chordata,Teleostei,Salmoniformes,Salmonidae,Oncorhynchus,0
Oncorhynchus keta,Chum salmon,species,motu15,motu15,ASV345,parent,13,Oncorhynchus keta,Chum salmon,species,99.408,8.02e-84,Eukaryota,Chordata,Teleostei,Salmoniformes,Salmonidae,Oncorhynchus,0
Oncorhynchus keta,Chum salmon,species,motu15,motu15,ASV464,parent,13,Oncorhynchus keta,Chum salmon,species,99.408,8.02e-84,Eukaryota,Chordata,Teleostei,Salmoniformes,Salmonidae,Oncorhynchus,0
Oncorhynchus keta,Chum salmon,species,motu15,motu15,ASV500,parent,13,Oncorhynchus keta,Chum salmon,species,99.408,8.02e-84,Eukaryota,Chordata,Teleostei,Salmoniformes,Salmonidae,Oncorhynchus,0
Oncorhynchus keta,Chum salmon,species,motu15,motu15,ASV522,parent,13,Oncorhynchus keta,Chum salmon,species,99.408,8.02e-84,Eukaryota,Chordata,Teleostei,Salmoniformes,Salmonidae,Oncorhynchus,0
Oncorhynchus keta,Chum salmon,species,motu15,motu15,ASV610,parent,13,Oncorhynchus keta,Chum salmon,species,99.408,8.02e-84,Eukaryota,Chordata,Teleostei,Salmoniformes,Salmonidae,Oncorhynchus,0
Oncorhynchus keta,Chum salmon,species,motu15,motu15,ASV790,parent,13,Oncorhynchus keta,Chum salmon,species,99.408,8.02e-84,Eukaryota,Chordata,Teleostei,Salmoniformes,Salmonidae,Oncorhynchus,0
Oncorhynchus keta,Chum salmon,species,motu15,motu15,ASV832,parent,13,Oncorhynchus keta,Chum salmon,species,99.408,8.02e-84,Eukaryota,Chordata,Teleostei,Salmoniformes,Salmonidae,Oncorhynchus,0
Oncorhynchus keta,Chum salmon,species,motu15,motu15,ASV874,parent,13,Oncorhynchus keta,Chum salmon,species,99.408,8.02e-84,Eukaryota,Chordata,Teleostei,Salmoniformes,Salmonidae,Oncorhynchus,0
Oncorhynchus keta,Chum salmon,species,motu15,motu15,ASV921,parent,13,Oncorhynchus keta,Chum salmon,species,99.408,8.02e-84,Eukaryota,Chordata,Teleostei,Salmoniformes,Salmonidae,Oncorhynchus,0
Oncorhynchus keta,Chum salmon,species,motu15,motu15,ASV928,parent,13,Oncorhynchus keta,Chum salmon,species,99.408,8.02e-84,Eukaryota,Chordata,Teleostei,Salmoniformes,Salmonidae,Oncorhynchus,0
Oncorhynchus keta,Chum salmon,species,motu15,motu15,ASV1056,parent,13,Oncorhynchus keta,Chum salmon,species,99.408,8.02e-84,Eukaryota,Chordata,Teleostei,Salmoniformes,Salmonidae,Oncorhynchus,0
Oncorhynchus keta,Chum salmon,species,motu15,motu15,ASV1196,parent,13,Oncorhynchus keta,Chum salmon,species,99.408,8.02e-84,Eukaryota,Chordata,Teleostei,Salmoniformes,Salmonidae,Oncorhynchus,0
Oncorhynchus keta,Chum salmon,species,motu15,motu15,ASV1348,parent,13,Oncorhynchus keta,Chum salmon,species,99.408,8.02e-84,Eukaryota,Chordata,Teleostei,Salmoniformes,Salmonidae,Oncorhynchus,0
Oncorhynchus keta,Chum salmon,species,motu15,motu15,ASV1393,parent,13,Oncorhynchus keta,Chum salmon,species,99.408,8.02e-84,Eukaryota,Chordata,Teleostei,Salmoniformes,Salmonidae,Oncorhynchus,0
Oncorhynchus keta,Chum salmon,species,motu15,motu15,ASV318,parent,13,Oncorhynchus keta,Chum salmon,species,99.408,8.07e-84,Eukaryota,Chordata,Teleostei,Salmoniformes,Salmonidae,Oncorhynchus,0
Oncorhynchus keta,Chum salmon,species,motu15,motu15,ASV356,parent,13,Oncorhynchus keta,Chum salmon,species,99.408,8.07e-84,Eukaryota,Chordata,Teleostei,Salmoniformes,Salmonidae,Oncorhynchus,0
Oncorhynchus keta,Chum salmon,species,motu15,motu15,ASV470,parent,13,Oncorhynchus keta,Chum salmon,species,99.408,8.07e-84,Eukaryota,Chordata,Teleostei,Salmoniformes,Salmonidae,Oncorhynchus,0
Oncorhynchus keta,Chum salmon,species,motu15,motu15,ASV515,parent,13,Oncorhynchus keta,Chum salmon,species,99.408,8.07e-84,Eukaryota,Chordata,Teleostei,Salmoniformes,Salmonidae,Oncorhynchus,0
Oncorhynchus keta,Chum salmon,species,motu15,motu15,ASV547,parent,13,Oncorhynchus keta,Chum salmon,species,99.408,8.07e-84,Eukaryota,Chordata,Teleostei,Salmoniformes,Salmonidae,Oncorhynchus,0
Oncorhynchus keta,Chum salmon,species,motu15,motu15,ASV704,parent,13,Oncorhynchus keta,Chum salmon,species,99.408,8.07e-84,Eukaryota,Chordata,Teleostei,Salmoniformes,Salmonidae,Oncorhynchus,0
Oncorhynchus keta,Chum salmon,species,motu15,motu15,ASV782,parent,13,Oncorhynchus keta,Chum salmon,species,99.408,8.07e-84,Eukaryota,Chordata,Teleostei,Salmoniformes,Salmonidae,Oncorhynchus,0
Oncorhynchus keta,Chum salmon,species,motu15,motu15,ASV825,parent,13,Oncorhynchus keta,Chum salmon,species,99.408,8.07e-84,Eukaryota,Chordata,Teleostei,Salmoniformes,Salmonidae,Oncorhynchus,0
Oncorhynchus keta,Chum salmon,species,motu15,motu15,ASV843,parent,13,Oncorhynchus keta,Chum salmon,species,99.408,8.07e-84,Eukaryota,Chordata,Teleostei,Salmoniformes,Salmonidae,Oncorhynchus,0
Oncorhynchus keta,Chum salmon,species,motu15,motu15,ASV1020,parent,13,Oncorhynchus keta,Chum salmon,species,99.408,8.07e-84,Eukaryota,Chordata,Teleostei,Salmoniformes,Salmonidae,Oncorhynchus,0
Oncorhynchus keta,Chum salmon,species,motu57,motu57,ASV73,parent,79,Oncorhynchus keta,Chum salmon,species,98.817,3.7299999999999996e-82,Eukaryota,Chordata,Teleostei,Salmoniformes,Salmonidae,Oncorhynchus,0
Oncorhynchus keta,Chum salmon,species,motu369,motu369,ASV763,parent,385,Oncorhynchus keta,Chum salmon,species,98.817,3.75e-82,Eukaryota,Chordata,Teleostei,Salmoniformes,Salmonidae,Oncorhynchus,0
Oncorhynchus kisutch,Coho salmon,species,motu40,motu40,ASV49,parent,39,Oncorhynchus kisutch,Coho salmon,species,100,4.82e-86,Eukaryota,Chordata,Teleostei,Salmoniformes,Salmonidae,Oncorhynchus,0
Oncorhynchus kisutch,Coho salmon,species,motu40,motu40,ASV106,parent,39,Oncorhynchus kisutch,Coho salmon,species,100,4.8600000000000005e-86,Eukaryota,Chordata,Teleostei,Salmoniformes,Salmonidae,Oncorhynchus,0
Oncorhynchus kisutch,Coho salmon,species,motu40,motu40,ASV307,parent,39,Oncorhynchus kisutch,Coho salmon,species,99.412,2.24e-84,Eukaryota,Chordata,Teleostei,Salmoniformes,Salmonidae,Oncorhynchus,0
Oncorhynchus nerka,Sockeye salmon,species,motu336,motu336,ASV702,parent,358,Oncorhynchus nerka,Sockeye salmon,species,99.412,8.07e-84,Eukaryota,Chordata,Teleostei,Salmoniformes,Salmonidae,Oncorhynchus,0
Oncorhynchus nerka,Sockeye salmon,species,motu600,motu600,ASV1125,parent,425,Oncorhynchus nerka,Sockeye salmon,species,99.408,8.07e-84,Eukaryota,Chordata,Teleostei,Salmoniformes,Salmonidae,Oncorhynchus,0
Oncorhynchus nerka,Sockeye salmon,species,motu600,motu600,ASV1208,parent,425,Oncorhynchus nerka,Sockeye salmon,species,99.408,8.02e-84,Eukaryota,Chordata,Teleostei,Salmoniformes,Salmonidae,Oncorhynchus,0
Oncorhynchus tshawytscha,Chinook salmon,species,motu36,motu36,ASV42,parent,36,Oncorhynchus tshawytscha,Chinook salmon,species,100,4.82e-86,Eukaryota,Chordata,Teleostei,Salmoniformes,Salmonidae,Oncorhynchus,0
Oncorhynchus tshawytscha,Chinook salmon,species,motu36,motu36,ASV112,parent,36,Oncorhynchus tshawytscha,Chinook salmon,species,100,4.8600000000000005e-86,Eukaryota,Chordata,Teleostei,Salmoniformes,Salmonidae,Oncorhynchus,0
Oncorhynchus tshawytscha,Chinook salmon,species,motu36,motu36,ASV198,parent,36,Oncorhynchus tshawytscha,Chinook salmon,species,99.412,2.24e-84,Eukaryota,Chordata,Teleostei,Salmoniformes,Salmonidae,Oncorhynchus,0
Oncorhynchus tshawytscha,Chinook salmon,species,motu36,motu36,ASV1006,parent,36,Oncorhynchus tshawytscha,Chinook salmon,species,99.412,2.24e-84,Eukaryota,Chordata,Teleostei,Salmoniformes,Salmonidae,Oncorhynchus,0
Oncorhynchus tshawytscha,Chinook salmon,species,motu36,motu36,ASV1347,parent,36,Oncorhynchus tshawytscha,Chinook salmon,species,99.412,2.24e-84,Eukaryota,Chordata,Teleostei,Salmoniformes,Salmonidae,Oncorhynchus,0
Oncorhynchus tshawytscha,Chinook salmon,species,motu36,motu36,ASV495,parent,36,Oncorhynchus tshawytscha,Chinook salmon,species,99.412,2.26e-84,Eukaryota,Chordata,Teleostei,Salmoniformes,Salmonidae,Oncorhynchus,0
Oncorhynchus tshawytscha,Chinook salmon,species,motu36,motu36,ASV561,parent,36,Oncorhynchus tshawytscha,Chinook salmon,species,99.412,2.26e-84,Eukaryota,Chordata,Teleostei,Salmoniformes,Salmonidae,Oncorhynchus,0
Ophiodon elongatus,Lingcod,species,motu86,motu86,ASV132,parent,74,Ophiodon elongatus,Lingcod,species,100,1.73e-85,Eukaryota,Chordata,Teleostei,Perciformes,Hexagrammidae,Ophiodon,0
Ophiodon elongatus,Lingcod,species,motu86,motu86,ASV133,parent,74,Ophiodon elongatus,Lingcod,species,100,1.72e-85,Eukaryota,Chordata,Teleostei,Perciformes,Hexagrammidae,Ophiodon,0
Oreochromis,Oreochromis cichlid species,genus,motu113,motu113,ASV182,parent,100,Oreochromis,Oreochromis cichlid species,genus,99.405,2.86e-83,Eukaryota,Chordata,Teleostei,Cichliformes,Cichlidae,Oreochromis,0
Oreochromis,Oreochromis cichlid species,genus,motu113,motu113,ASV1061,parent,100,Oreochromis,Oreochromis cichlid species,genus,98.81,1.33e-81,Eukaryota,Chordata,Teleostei,Cichliformes,Cichlidae,Oreochromis,0
Paralabrax,Paralabrax sea bass species,genus,motu7,motu7,ASV8,parent,8,Paralabrax,Paralabrax sea bass species,genus,93.491,3.8099999999999995e-67,Eukaryota,Chordata,Teleostei,Perciformes,Serranidae,Paralabrax,0
Paralabrax,Paralabrax sea bass species,genus,motu7,motu7,ASV50,parent,8,Paralabrax,Paralabrax sea bass species,genus,93.491,3.84e-67,Eukaryota,Chordata,Teleostei,Perciformes,Serranidae,Paralabrax,0
Paralabrax clathratus,Kelp bass,species,motu254,motu254,ASV541,parent,274,Paralabrax clathratus,Kelp bass,species,100,1.72e-85,Eukaryota,Chordata,Teleostei,Perciformes,Serranidae,Paralabrax,0
Paralabrax nebulifer,Barred sand bass,species,motu119,motu119,ASV196,parent,93,Paralabrax nebulifer,Barred sand bass,species,100,1.73e-85,Eukaryota,Chordata,Teleostei,Perciformes,Serranidae,Paralabrax,0
Paralabrax nebulifer,Barred sand bass,species,motu119,motu119,ASV244,parent,93,Paralabrax nebulifer,Barred sand bass,species,100,1.72e-85,Eukaryota,Chordata,Teleostei,Perciformes,Serranidae,Paralabrax,0
Paralabrax nebulifer,Barred sand bass,species,motu119,motu119,ASV282,parent,93,Paralabrax nebulifer,Barred sand bass,species,99.408,8.02e-84,Eukaryota,Chordata,Teleostei,Perciformes,Serranidae,Paralabrax,0
Paralichthys californicus,California halibut,species,motu98,motu98,ASV153,parent,84,Paralichthys californicus,California halibut,species,100,1.73e-85,Eukaryota,Chordata,Teleostei,Pleuronectiformes,Paralichthyidae,Paralichthys,0
Paralichthys californicus,California halibut,species,motu98,motu98,ASV181,parent,84,Paralichthys californicus,California halibut,species,100,1.72e-85,Eukaryota,Chordata,Teleostei,Pleuronectiformes,Paralichthyidae,Paralichthys,0
Peprilus simillimus,Pacific pompano,species,motu193,motu193,ASV414,parent,209,Peprilus simillimus,Pacific pompano,species,100,6.150000000000001e-85,Eukaryota,Chordata,Teleostei,Scombriformes,Stromateidae,Peprilus,0
Perciformes,Perciformes order,order,motu92,motu92,ASV142,parent,106,Perciformes,Perciformes order,order,94.675,6.290000000000001e-70,Eukaryota,Chordata,Teleostei,Perciformes,NA,NA,0
Perciformes,Perciformes order,order,motu94,motu94,ASV147,parent,107,Perciformes,Perciformes order,order,90.588,8.47e-59,Eukaryota,Chordata,Teleostei,Perciformes,NA,NA,0
Perciformes,Perciformes order,order,motu1001,motu1001,ASV1677,parent,1010,Perciformes,Perciformes order,order,94.675,1.76e-70,Eukaryota,Chordata,Teleostei,Perciformes,NA,NA,0
Embiotocidae,Surfperch family,family,motu32,motu32,ASV36,parent,35,Phanerodon vacca,Pile perch,species,100,6.150000000000001e-85,Eukaryota,Chordata,Teleostei,Ovalentaria incertae sedis,Embiotocidae,Phanerodon,0
Embiotocidae,Surfperch family,family,motu32,motu32,ASV1396,parent,35,Phanerodon vacca,Pile perch,species,99.405,2.86e-83,Eukaryota,Chordata,Teleostei,Ovalentaria incertae sedis,Embiotocidae,Phanerodon,0
Phoca,Seal,outgroup,motu393,motu393,ASV799,parent,410,Phoca,Seal,outgroup,100,6.150000000000001e-85,Eukaryota,Chordata,Mammalia,Carnivora,Phocidae,Phoca,NA
Pholis laeta,Crescent gunnel,species,motu5,motu5,ASV493,parent,5,Pholis,Gunnel species,genus,99.405,2.86e-83,Eukaryota,Chordata,Teleostei,Perciformes,Pholidae,Pholis,0
Pholis ornata,Saddleback gunnel,species,motu9,motu9,ASV258,parent,9,Pholis,Gunnel species,genus,99.405,2.86e-83,Eukaryota,Chordata,Teleostei,Perciformes,Pholidae,Pholis,0
Pholis laeta,Crescent gunnel,species,motu5,motu5,ASV5,parent,5,Pholis laeta,Crescent gunnel,species,100,6.150000000000001e-85,Eukaryota,Chordata,Teleostei,Perciformes,Pholidae,Pholis,0
Pholis laeta,Crescent gunnel,species,motu5,motu5,ASV300,parent,5,Pholis laeta,Crescent gunnel,species,99.405,2.86e-83,Eukaryota,Chordata,Teleostei,Perciformes,Pholidae,Pholis,0
Pholis laeta,Crescent gunnel,species,motu5,motu5,ASV337,parent,5,Pholis laeta,Crescent gunnel,species,99.405,2.86e-83,Eukaryota,Chordata,Teleostei,Perciformes,Pholidae,Pholis,0
Pholis laeta,Crescent gunnel,species,motu5,motu5,ASV357,parent,5,Pholis laeta,Crescent gunnel,species,99.405,2.86e-83,Eukaryota,Chordata,Teleostei,Perciformes,Pholidae,Pholis,0
Pholis laeta,Crescent gunnel,species,motu5,motu5,ASV364,parent,5,Pholis laeta,Crescent gunnel,species,99.405,2.86e-83,Eukaryota,Chordata,Teleostei,Perciformes,Pholidae,Pholis,0
Pholis laeta,Crescent gunnel,species,motu5,motu5,ASV431,parent,5,Pholis laeta,Crescent gunnel,species,99.405,2.86e-83,Eukaryota,Chordata,Teleostei,Perciformes,Pholidae,Pholis,0
Pholis laeta,Crescent gunnel,species,motu5,motu5,ASV433,parent,5,Pholis laeta,Crescent gunnel,species,99.405,2.86e-83,Eukaryota,Chordata,Teleostei,Perciformes,Pholidae,Pholis,0
Pholis laeta,Crescent gunnel,species,motu5,motu5,ASV505,parent,5,Pholis laeta,Crescent gunnel,species,99.405,2.86e-83,Eukaryota,Chordata,Teleostei,Perciformes,Pholidae,Pholis,0
Pholis laeta,Crescent gunnel,species,motu5,motu5,ASV508,parent,5,Pholis laeta,Crescent gunnel,species,99.405,2.86e-83,Eukaryota,Chordata,Teleostei,Perciformes,Pholidae,Pholis,0
Pholis laeta,Crescent gunnel,species,motu5,motu5,ASV647,parent,5,Pholis laeta,Crescent gunnel,species,99.405,2.86e-83,Eukaryota,Chordata,Teleostei,Perciformes,Pholidae,Pholis,0
Pholis laeta,Crescent gunnel,species,motu5,motu5,ASV655,parent,5,Pholis laeta,Crescent gunnel,species,99.405,2.86e-83,Eukaryota,Chordata,Teleostei,Perciformes,Pholidae,Pholis,0
Pholis laeta,Crescent gunnel,species,motu5,motu5,ASV684,parent,5,Pholis laeta,Crescent gunnel,species,99.405,2.86e-83,Eukaryota,Chordata,Teleostei,Perciformes,Pholidae,Pholis,0
Pholis laeta,Crescent gunnel,species,motu5,motu5,ASV688,parent,5,Pholis laeta,Crescent gunnel,species,99.405,2.86e-83,Eukaryota,Chordata,Teleostei,Perciformes,Pholidae,Pholis,0
Pholis laeta,Crescent gunnel,species,motu5,motu5,ASV781,parent,5,Pholis laeta,Crescent gunnel,species,99.405,2.86e-83,Eukaryota,Chordata,Teleostei,Perciformes,Pholidae,Pholis,0
Pholis laeta,Crescent gunnel,species,motu5,motu5,ASV1151,parent,5,Pholis laeta,Crescent gunnel,species,99.405,2.86e-83,Eukaryota,Chordata,Teleostei,Perciformes,Pholidae,Pholis,0
Pholis laeta,Crescent gunnel,species,motu5,motu5,ASV1288,parent,5,Pholis laeta,Crescent gunnel,species,99.405,2.86e-83,Eukaryota,Chordata,Teleostei,Perciformes,Pholidae,Pholis,0
Pholis laeta,Crescent gunnel,species,motu1420,motu1420,ASV2208,parent,1417,Pholis laeta,Crescent gunnel,species,100,8.12e-85,Eukaryota,Chordata,Teleostei,Perciformes,Pholidae,Pholis,0
Pholis ornata,Saddleback gunnel,species,motu9,motu9,ASV10,parent,9,Pholis ornata,Saddleback gunnel,species,100,6.150000000000001e-85,Eukaryota,Chordata,Teleostei,Perciformes,Pholidae,Pholis,0
Pholis ornata,Saddleback gunnel,species,motu9,motu9,ASV38,parent,9,Pholis ornata,Saddleback gunnel,species,100,6.150000000000001e-85,Eukaryota,Chordata,Teleostei,Perciformes,Pholidae,Pholis,0
Pholis ornata,Saddleback gunnel,species,motu9,motu9,ASV173,parent,9,Pholis ornata,Saddleback gunnel,species,99.405,2.86e-83,Eukaryota,Chordata,Teleostei,Perciformes,Pholidae,Pholis,0
Pholis ornata,Saddleback gunnel,species,motu9,motu9,ASV199,parent,9,Pholis ornata,Saddleback gunnel,species,99.405,2.86e-83,Eukaryota,Chordata,Teleostei,Perciformes,Pholidae,Pholis,0
Pholis ornata,Saddleback gunnel,species,motu9,motu9,ASV202,parent,9,Pholis ornata,Saddleback gunnel,species,99.405,2.86e-83,Eukaryota,Chordata,Teleostei,Perciformes,Pholidae,Pholis,0
Pholis ornata,Saddleback gunnel,species,motu9,motu9,ASV324,parent,9,Pholis ornata,Saddleback gunnel,species,99.405,2.86e-83,Eukaryota,Chordata,Teleostei,Perciformes,Pholidae,Pholis,0
Pholis ornata,Saddleback gunnel,species,motu9,motu9,ASV375,parent,9,Pholis ornata,Saddleback gunnel,species,99.405,2.86e-83,Eukaryota,Chordata,Teleostei,Perciformes,Pholidae,Pholis,0
Pholis ornata,Saddleback gunnel,species,motu9,motu9,ASV563,parent,9,Pholis ornata,Saddleback gunnel,species,99.405,2.86e-83,Eukaryota,Chordata,Teleostei,Perciformes,Pholidae,Pholis,0
Pholis ornata,Saddleback gunnel,species,motu9,motu9,ASV696,parent,9,Pholis ornata,Saddleback gunnel,species,99.405,2.86e-83,Eukaryota,Chordata,Teleostei,Perciformes,Pholidae,Pholis,0
Pholis ornata,Saddleback gunnel,species,motu9,motu9,ASV910,parent,9,Pholis ornata,Saddleback gunnel,species,99.405,2.86e-83,Eukaryota,Chordata,Teleostei,Perciformes,Pholidae,Pholis,0
Pholis ornata,Saddleback gunnel,species,motu9,motu9,ASV178,parent,9,Pholis ornata,Saddleback gunnel,species,99.405,1.0199999999999999e-82,Eukaryota,Chordata,Teleostei,Perciformes,Pholidae,Pholis,0
Pholis ornata,Saddleback gunnel,species,motu9,motu9,ASV320,parent,9,Pholis ornata,Saddleback gunnel,species,99.405,2.86e-83,Eukaryota,Chordata,Teleostei,Perciformes,Pholidae,Pholis,0
Pholis ornata,Saddleback gunnel,species,motu9,motu9,ASV485,parent,9,Pholis ornata,Saddleback gunnel,species,99.405,2.86e-83,Eukaryota,Chordata,Teleostei,Perciformes,Pholidae,Pholis,0
Pholis ornata,Saddleback gunnel,species,motu138,motu138,ASV267,parent,148,Pholis ornata,Saddleback gunnel,species,98.81,1.33e-81,Eukaryota,Chordata,Teleostei,Perciformes,Pholidae,Pholis,0
Pholis ornata,Saddleback gunnel,species,motu198,motu198,ASV424,parent,212,Pholis ornata,Saddleback gunnel,species,98.81,1.33e-81,Eukaryota,Chordata,Teleostei,Perciformes,Pholidae,Pholis,0
Phoxinus,Minnow species,genus,motu128,motu128,ASV222,parent,138,Phoxinus,Minnow species,genus,100,8.28e-89,Eukaryota,Chordata,Teleostei,Cypriniformes,Leuciscidae,Phoxinus,NA
Phycisphaeraceae,Bacteria,outgroup,motu1260,motu1260,ASV2022,parent,1260,Phycisphaeraceae,Bacteria,outgroup,95.257,5.579999999999999e-112,Bacteria,Planctomycetota,Phycisphaerae,Phycisphaerales,Phycisphaeraceae,NA,NA
Phytichthys chirus,Ribbon prickleback,species,motu78,motu78,ASV114,parent,95,Phytichthys chirus,Ribbon prickleback,species,100,1.72e-85,Eukaryota,Chordata,Teleostei,Perciformes,Stichaeidae,Phytichthys,0
Planoglabratella opercularis,Foraminifera,outgroup,motu261,motu261,ASV556,parent,214,Planoglabratella opercularis,Foraminifera,outgroup,100,1.9499999999999998e-131,Eukaryota,Foraminifera,NA,Rotaliida,Glabratellidae,Planoglabratella,NA
Planoglabratella opercularis,Foraminifera,outgroup,motu261,motu261,ASV1534,parent,214,Planoglabratella opercularis,Foraminifera,outgroup,99.603,9.079999999999999e-130,Eukaryota,Foraminifera,NA,Rotaliida,Glabratellidae,Planoglabratella,NA
Pleuronectidae,Flatfish family,family,motu22,motu22,ASV24,parent,14,Pleuronectidae,Flatfish family,family,100,1.72e-85,Eukaryota,Chordata,Teleostei,Pleuronectiformes,Pleuronectidae,NA,0
Pleuronectidae,Flatfish family,family,motu22,motu22,ASV28,parent,14,Pleuronectidae,Flatfish family,family,100,1.72e-85,Eukaryota,Chordata,Teleostei,Pleuronectiformes,Pleuronectidae,NA,0
Pleuronectidae,Flatfish family,family,motu22,motu22,ASV65,parent,14,Pleuronectidae,Flatfish family,family,100,1.73e-85,Eukaryota,Chordata,Teleostei,Pleuronectiformes,Pleuronectidae,NA,0
Pleuronectidae,Flatfish family,family,motu22,motu22,ASV290,parent,14,Pleuronectidae,Flatfish family,family,99.408,8.02e-84,Eukaryota,Chordata,Teleostei,Pleuronectiformes,Pleuronectidae,NA,0
Pleuronectidae,Flatfish family,family,motu22,motu22,ASV349,parent,14,Pleuronectidae,Flatfish family,family,99.408,8.02e-84,Eukaryota,Chordata,Teleostei,Pleuronectiformes,Pleuronectidae,NA,0
Pleuronectidae,Flatfish family,family,motu22,motu22,ASV880,parent,14,Pleuronectidae,Flatfish family,family,99.408,8.02e-84,Eukaryota,Chordata,Teleostei,Pleuronectiformes,Pleuronectidae,NA,0
Pleuronectidae,Flatfish family,family,motu22,motu22,ASV962,parent,14,Pleuronectidae,Flatfish family,family,99.408,8.02e-84,Eukaryota,Chordata,Teleostei,Pleuronectiformes,Pleuronectidae,NA,0
Pleuronectidae,Flatfish family,family,motu22,motu22,ASV1278,parent,14,Pleuronectidae,Flatfish family,family,99.408,8.02e-84,Eukaryota,Chordata,Teleostei,Pleuronectiformes,Pleuronectidae,NA,0
Pleuronectidae,Flatfish family,family,motu22,motu22,ASV1336,parent,14,Pleuronectidae,Flatfish family,family,99.408,8.02e-84,Eukaryota,Chordata,Teleostei,Pleuronectiformes,Pleuronectidae,NA,0
Pleuronectidae,Flatfish family,family,motu22,motu22,ASV1414,parent,14,Pleuronectidae,Flatfish family,family,99.408,8.02e-84,Eukaryota,Chordata,Teleostei,Pleuronectiformes,Pleuronectidae,NA,0
Pleuronectidae,Flatfish family,family,motu22,motu22,ASV60,parent,14,Pleuronectidae,Flatfish family,family,100,1.73e-85,Eukaryota,Chordata,Teleostei,Pleuronectiformes,Pleuronectidae,NA,0
Pleuronectidae,Flatfish family,family,motu22,motu22,ASV163,parent,14,Pleuronectidae,Flatfish family,family,99.408,8.07e-84,Eukaryota,Chordata,Teleostei,Pleuronectiformes,Pleuronectidae,NA,0
Pleuronectidae,Flatfish family,family,motu22,motu22,ASV228,parent,14,Pleuronectidae,Flatfish family,family,99.408,8.02e-84,Eukaryota,Chordata,Teleostei,Pleuronectiformes,Pleuronectidae,NA,0
Pleuronectidae,Flatfish family,family,motu22,motu22,ASV236,parent,14,Pleuronectidae,Flatfish family,family,99.408,8.02e-84,Eukaryota,Chordata,Teleostei,Pleuronectiformes,Pleuronectidae,NA,0
Pleuronectidae,Flatfish family,family,motu22,motu22,ASV373,parent,14,Pleuronectidae,Flatfish family,family,99.408,8.02e-84,Eukaryota,Chordata,Teleostei,Pleuronectiformes,Pleuronectidae,NA,0
Pleuronectidae,Flatfish family,family,motu22,motu22,ASV580,parent,14,Pleuronectidae,Flatfish family,family,99.408,8.07e-84,Eukaryota,Chordata,Teleostei,Pleuronectiformes,Pleuronectidae,NA,0
Pleuronectidae,Flatfish family,family,motu22,motu22,ASV600,parent,14,Pleuronectidae,Flatfish family,family,99.408,8.07e-84,Eukaryota,Chordata,Teleostei,Pleuronectiformes,Pleuronectidae,NA,0
Pleuronectidae,Flatfish family,family,motu54,motu54,ASV129,parent,41,Pleuronectidae,Flatfish family,family,100,1.73e-85,Eukaryota,Chordata,Teleostei,Pleuronectiformes,Pleuronectidae,NA,0
Pleuronectidae,Flatfish family,family,motu54,motu54,ASV97,parent,41,Pleuronectidae,Flatfish family,family,100,1.72e-85,Eukaryota,Chordata,Teleostei,Pleuronectiformes,Pleuronectidae,NA,0
Pleuronectidae,Flatfish family,family,motu54,motu54,ASV1143,parent,41,Pleuronectidae,Flatfish family,family,99.408,8.07e-84,Eukaryota,Chordata,Teleostei,Pleuronectiformes,Pleuronectidae,NA,0
Pleuronectidae,Flatfish family,family,motu54,motu54,ASV963,parent,41,Pleuronectidae,Flatfish family,family,99.408,8.02e-84,Eukaryota,Chordata,Teleostei,Pleuronectiformes,Pleuronectidae,NA,0
Pleuronichthys coenosus,C-O sole,species,motu49,motu49,ASV62,parent,46,Pleuronichthys coenosus,C-O sole,species,100,1.72e-85,Eukaryota,Chordata,Teleostei,Pleuronectiformes,Pleuronectidae,Pleuronichthys,0
Pleuronichthys coenosus,C-O sole,species,motu49,motu49,ASV134,parent,46,Pleuronichthys coenosus,C-O sole,species,100,1.73e-85,Eukaryota,Chordata,Teleostei,Pleuronectiformes,Pleuronectidae,Pleuronichthys,0
Pleuronichthys decurrens,Curlfin sole,species,motu702,motu702,ASV1268,parent,717,Pleuronichthys decurrens,Curlfin sole,species,100,1.3500000000000001e-86,Eukaryota,Chordata,Teleostei,Pleuronectiformes,Pleuronectidae,Pleuronichthys,0
Pleuronichthys guttulatus,Diamond turbot,species,motu152,motu152,ASV310,parent,124,Pleuronichthys guttulatus,Diamond turbot,species,100,1.72e-85,Eukaryota,Chordata,Teleostei,Pleuronectiformes,Pleuronectidae,Hypsopsetta,0
Pleuronichthys guttulatus,Diamond turbot,species,motu152,motu152,ASV361,parent,124,Pleuronichthys guttulatus,Diamond turbot,species,99.408,8.02e-84,Eukaryota,Chordata,Teleostei,Pleuronectiformes,Pleuronectidae,Hypsopsetta,0
Pleuronichthys guttulatus,Diamond turbot,species,motu152,motu152,ASV387,parent,124,Pleuronichthys guttulatus,Diamond turbot,species,100,1.73e-85,Eukaryota,Chordata,Teleostei,Pleuronectiformes,Pleuronectidae,Hypsopsetta,0
Pogonichthys macrolepidotus,Sacramento splittail,species,motu151,motu151,ASV309,parent,161,Pogonichthys macrolepidotus,Sacramento splittail,species,100,2.32e-89,Eukaryota,Chordata,Teleostei,Cypriniformes,Cyprinidae,Pogonichthys,0
Pseudomonadota,Bacteria,outgroup,motu729,motu729,ASV1309,parent,746,Pseudomonadota,Bacteria,outgroup,100,5.4199999999999993e-132,Bacteria,Pseudomonadota,NA,Alteromonadales,Psychromonadaceae,Psychromonas,NA
Psychrolutes paradoxus,Tadpole sculpin,species,motu112,motu112,ASV180,parent,89,Psychrolutes paradoxus,Tadpole sculpin,species,100,1.73e-85,Eukaryota,Chordata,Teleostei,Perciformes,Psychrolutidae,Psychrolutes,0
Psychrolutes paradoxus,Tadpole sculpin,species,motu112,motu112,ASV191,parent,89,Psychrolutes paradoxus,Tadpole sculpin,species,100,1.72e-85,Eukaryota,Chordata,Teleostei,Perciformes,Psychrolutidae,Psychrolutes,0
Psychrolutes paradoxus,Tadpole sculpin,species,motu112,motu112,ASV273,parent,89,Psychrolutes paradoxus,Tadpole sculpin,species,100,1.72e-85,Eukaryota,Chordata,Teleostei,Perciformes,Psychrolutidae,Psychrolutes,0
Psychrolutes paradoxus,Tadpole sculpin,species,motu112,motu112,ASV360,parent,89,Psychrolutes paradoxus,Tadpole sculpin,species,99.408,8.02e-84,Eukaryota,Chordata,Teleostei,Perciformes,Psychrolutidae,Psychrolutes,0
Ptychocheilus oregonensis,Northern pikeminnow,species,motu286,motu286,ASV616,parent,313,Ptychocheilus oregonensis,Northern pikeminnow,species,100,8.28e-89,Eukaryota,Chordata,Teleostei,Cypriniformes,Cyprinidae,Ptychocheilus,1
Quietula y-cauda,American shadow goby,species,motu18,motu18,ASV19,parent,20,Quietula y-cauda,American shadow goby,species,100,6.150000000000001e-85,Eukaryota,Chordata,Teleostei,Gobiiformes,Gobiidae,Quietula,0
Quietula y-cauda,American shadow goby,species,motu18,motu18,ASV144,parent,20,Quietula y-cauda,American shadow goby,species,99.405,2.86e-83,Eukaryota,Chordata,Teleostei,Gobiiformes,Gobiidae,Quietula,0
Quietula y-cauda,American shadow goby,species,motu18,motu18,ASV183,parent,20,Quietula y-cauda,American shadow goby,species,99.405,2.86e-83,Eukaryota,Chordata,Teleostei,Gobiiformes,Gobiidae,Quietula,0
Quietula y-cauda,American shadow goby,species,motu18,motu18,ASV229,parent,20,Quietula y-cauda,American shadow goby,species,99.405,2.86e-83,Eukaryota,Chordata,Teleostei,Gobiiformes,Gobiidae,Quietula,0
Quietula y-cauda,American shadow goby,species,motu18,motu18,ASV231,parent,20,Quietula y-cauda,American shadow goby,species,99.405,2.86e-83,Eukaryota,Chordata,Teleostei,Gobiiformes,Gobiidae,Quietula,0
Quietula y-cauda,American shadow goby,species,motu18,motu18,ASV583,parent,20,Quietula y-cauda,American shadow goby,species,99.405,2.86e-83,Eukaryota,Chordata,Teleostei,Gobiiformes,Gobiidae,Quietula,0
Rimicola muscarum,Kelp clingfish,species,motu90,motu90,ASV138,parent,105,Rimicola muscarum,Kelp clingfish,species,100,6.150000000000001e-85,Eukaryota,Chordata,Teleostei,Gobiesociformes,Gobiesocidae,Rimicola,0
Roncador stearnsii,Spotfin croaker,species,motu120,motu120,ASV197,parent,98,Roncador stearnsii,Spotfin croaker,species,100,6.150000000000001e-85,Eukaryota,Chordata,Teleostei,Eupercaria incertae sedis,Sciaenidae,Roncador,0
Roncador stearnsii,Spotfin croaker,species,motu120,motu120,ASV285,parent,98,Roncador stearnsii,Spotfin croaker,species,99.405,2.86e-83,Eukaryota,Chordata,Teleostei,Eupercaria incertae sedis,Sciaenidae,Roncador,0
Salmo salar,Atlantic salmon,species,motu107,motu107,ASV170,parent,94,Salmo salar,Atlantic salmon,species,99.412,2.24e-84,Eukaryota,Chordata,Teleostei,Salmoniformes,Salmonidae,Salmo,0
Salmo salar,Atlantic salmon,species,motu107,motu107,ASV241,parent,94,Salmo salar,Atlantic salmon,species,100,4.82e-86,Eukaryota,Chordata,Teleostei,Salmoniformes,Salmonidae,Salmo,0
Salmo salar,Atlantic salmon,species,motu107,motu107,ASV2164,parent,94,Salmo salar,Atlantic salmon,species,99.408,8.02e-84,Eukaryota,Chordata,Teleostei,Salmoniformes,Salmonidae,Salmo,0
Salmo salar,Atlantic salmon,species,motu107,motu107,ASV2165,parent,94,Salmo salar,Atlantic salmon,species,99.412,2.24e-84,Eukaryota,Chordata,Teleostei,Salmoniformes,Salmonidae,Salmo,0
Salmo salar,Atlantic salmon,species,motu131,motu131,ASV233,parent,115,Salmo salar,Atlantic salmon,species,100,4.8600000000000005e-86,Eukaryota,Chordata,Teleostei,Salmoniformes,Salmonidae,Salmo,0
Salmo salar,Atlantic salmon,species,motu131,motu131,ASV510,parent,115,Salmo salar,Atlantic salmon,species,100,4.82e-86,Eukaryota,Chordata,Teleostei,Salmoniformes,Salmonidae,Salmo,0
Salvelinus,Char species,genus,motu219,motu219,ASV471,parent,180,Salvelinus,Char species,genus,100,4.82e-86,Eukaryota,Chordata,Teleostei,Salmoniformes,Salmonidae,Salvelinus,0
Salvelinus,Char species,genus,motu219,motu219,ASV982,parent,180,Salvelinus,Char species,genus,100,4.8600000000000005e-86,Eukaryota,Chordata,Teleostei,Salmoniformes,Salmonidae,Salvelinus,0
Salvelinus malma,Dolly varden,species,motu56,motu56,ASV71,parent,50,Salvelinus malma,Dolly varden,species,100,4.82e-86,Eukaryota,Chordata,Teleostei,Salmoniformes,Salmonidae,Salvelinus,0
Salvelinus malma,Dolly varden,species,motu56,motu56,ASV898,parent,50,Salvelinus malma,Dolly varden,species,100,4.8600000000000005e-86,Eukaryota,Chordata,Teleostei,Salmoniformes,Salmonidae,Salvelinus,0
Salvelinus malma,Dolly varden,species,motu56,motu56,ASV1107,parent,50,Salvelinus malma,Dolly varden,species,99.412,2.24e-84,Eukaryota,Chordata,Teleostei,Salmoniformes,Salmonidae,Salvelinus,0
Salvelinus malma,Dolly varden,species,motu56,motu56,ASV1357,parent,50,Salvelinus malma,Dolly varden,species,99.412,2.26e-84,Eukaryota,Chordata,Teleostei,Salmoniformes,Salmonidae,Salvelinus,0
Sardinops sagax,South American pilchard,species,motu29,motu29,ASV33,parent,28,Sardinops sagax,South American pilchard,species,100,1.0599999999999998e-87,Eukaryota,Chordata,Teleostei,Clupeiformes,Alosidae,Sardinops,0
Sardinops sagax,South American pilchard,species,motu29,motu29,ASV120,parent,28,Sardinops sagax,South American pilchard,species,99.422,4.92e-86,Eukaryota,Chordata,Teleostei,Clupeiformes,Alosidae,Sardinops,0
Sardinops sagax,South American pilchard,species,motu29,motu29,ASV416,parent,28,Sardinops sagax,South American pilchard,species,99.422,4.92e-86,Eukaryota,Chordata,Teleostei,Clupeiformes,Alosidae,Sardinops,0
Sardinops sagax,South American pilchard,species,motu29,motu29,ASV420,parent,28,Sardinops sagax,South American pilchard,species,99.422,4.92e-86,Eukaryota,Chordata,Teleostei,Clupeiformes,Alosidae,Sardinops,0
Sardinops sagax,South American pilchard,species,motu29,motu29,ASV507,parent,28,Sardinops sagax,South American pilchard,species,99.422,4.92e-86,Eukaryota,Chordata,Teleostei,Clupeiformes,Alosidae,Sardinops,0
Sardinops sagax,South American pilchard,species,motu29,motu29,ASV551,parent,28,Sardinops sagax,South American pilchard,species,99.422,4.92e-86,Eukaryota,Chordata,Teleostei,Clupeiformes,Alosidae,Sardinops,0
Sardinops sagax,South American pilchard,species,motu29,motu29,ASV564,parent,28,Sardinops sagax,South American pilchard,species,99.422,4.92e-86,Eukaryota,Chordata,Teleostei,Clupeiformes,Alosidae,Sardinops,0
Sardinops sagax,South American pilchard,species,motu29,motu29,ASV674,parent,28,Sardinops sagax,South American pilchard,species,99.422,4.92e-86,Eukaryota,Chordata,Teleostei,Clupeiformes,Alosidae,Sardinops,0
Sardinops sagax,South American pilchard,species,motu29,motu29,ASV479,parent,28,Sardinops sagax,South American pilchard,species,98.844,2.29e-84,Eukaryota,Chordata,Teleostei,Clupeiformes,Alosidae,Sardinops,0
Sardinops sagax,South American pilchard,species,motu29,motu29,ASV810,parent,28,Sardinops sagax,South American pilchard,species,98.844,2.29e-84,Eukaryota,Chordata,Teleostei,Clupeiformes,Alosidae,Sardinops,0
Sardinops sagax,South American pilchard,species,motu118,motu118,ASV193,parent,97,Sardinops sagax,South American pilchard,species,100,1.0599999999999998e-87,Eukaryota,Chordata,Teleostei,Clupeiformes,Alosidae,Sardinops,0
Sardinops sagax,South American pilchard,species,motu118,motu118,ASV306,parent,97,Sardinops sagax,South American pilchard,species,99.422,4.92e-86,Eukaryota,Chordata,Teleostei,Clupeiformes,Alosidae,Sardinops,0
Sardinops sagax,South American pilchard,species,motu118,motu118,ASV654,parent,97,Sardinops sagax,South American pilchard,species,99.422,4.92e-86,Eukaryota,Chordata,Teleostei,Clupeiformes,Alosidae,Sardinops,0
Sardinops sagax,South American pilchard,species,motu118,motu118,ASV695,parent,97,Sardinops sagax,South American pilchard,species,99.422,4.92e-86,Eukaryota,Chordata,Teleostei,Clupeiformes,Alosidae,Sardinops,0
Sardinops sagax,South American pilchard,species,motu246,motu246,ASV529,parent,266,Sardinops sagax,South American pilchard,species,98.844,2.29e-84,Eukaryota,Chordata,Teleostei,Clupeiformes,Alosidae,Sardinops,0
Sardinops sagax,South American pilchard,species,motu280,motu280,ASV607,parent,308,Sardinops sagax,South American pilchard,species,98.844,2.29e-84,Eukaryota,Chordata,Teleostei,Clupeiformes,Alosidae,Sardinops,0
Scomber japonicus,Chub mackerel,species,motu141,motu141,ASV278,parent,129,Scomber japonicus,Chub mackerel,species,100,1.72e-85,Eukaryota,Chordata,Teleostei,Scombriformes,Scombridae,Scomber,0
Scomber japonicus,Chub mackerel,species,motu141,motu141,ASV637,parent,129,Scomber japonicus,Chub mackerel,species,100,1.73e-85,Eukaryota,Chordata,Teleostei,Scombriformes,Scombridae,Scomber,0
Scombridae,NA,NA,motu69,motu69,ASV93,parent,66,Scombridae,NA,family,94.675,1.77e-70,Eukaryota,Chordata,Teleostei,Scombriformes,Scombridae,NA,0
Scombridae,NA,NA,motu69,motu69,ASV739,parent,66,Scombridae,NA,family,94.083,8.239999999999999e-69,Eukaryota,Chordata,Teleostei,Scombriformes,Scombridae,NA,0
Scorpaenichthys marmoratus,Cabezon,species,motu59,motu59,ASV77,parent,83,Scorpaenichthys marmoratus,Cabezon,species,100,6.150000000000001e-85,Eukaryota,Chordata,Teleostei,Perciformes,Jordaniidae,Scorpaenichthys,0
Sebastes,Rockfish species,genus,motu14,motu14,ASV15,parent,16,Sebastes,Rockfish species,genus,100,6.150000000000001e-85,Eukaryota,Chordata,Teleostei,Perciformes,Sebastidae,Sebastes,0
Sebastes,Rockfish species,genus,motu14,motu14,ASV978,parent,16,Sebastes,Rockfish species,genus,100,6.150000000000001e-85,Eukaryota,Chordata,Teleostei,Perciformes,Sebastidae,Sebastes,0
Sebastes,Rockfish species,genus,motu24,motu24,ASV26,parent,42,Sebastes,Rockfish species,genus,100,6.150000000000001e-85,Eukaryota,Chordata,Teleostei,Perciformes,Sebastidae,Sebastes,0
Sebastes entomelas,Widow rockfish,species,motu58,motu58,ASV764,parent,54,Sebastes,Rockfish species,genus,99.405,2.86e-83,Eukaryota,Chordata,Teleostei,Perciformes,Sebastidae,Sebastes,0
Sebastes,Rockfish species,genus,motu1472,motu1472,ASV2264,parent,1472,Sebastes,Rockfish species,genus,100,8.12e-85,Eukaryota,Chordata,Teleostei,Perciformes,Sebastidae,Sebastes,0
Sebastes entomelas,Widow rockfish,species,motu58,motu58,ASV76,parent,54,Sebastes entomelas,Widow rockfish,species,100,6.150000000000001e-85,Eukaryota,Chordata,Teleostei,Perciformes,Sebastidae,Sebastes,0
Sebastes entomelas,Widow rockfish,species,motu58,motu58,ASV347,parent,54,Sebastes entomelas,Widow rockfish,species,99.405,2.86e-83,Eukaryota,Chordata,Teleostei,Perciformes,Sebastidae,Sebastes,0
Sebastes paucispinis,Bocaccio rockfish,species,motu364,motu364,ASV755,parent,382,Sebastes paucispinis,Bocaccio rockfish,species,100,6.150000000000001e-85,Eukaryota,Chordata,Teleostei,Perciformes,Sebastidae,Sebastes,0
Seriola lalandi,Yellowtail amberjack,species,motu95,motu95,ASV149,parent,91,Seriola lalandi,Yellowtail amberjack,species,100,1.72e-85,Eukaryota,Chordata,Teleostei,Carangiformes,Carangidae,Seriola,0
Seriola lalandi,Yellowtail amberjack,species,motu95,motu95,ASV497,parent,91,Seriola lalandi,Yellowtail amberjack,species,99.408,8.02e-84,Eukaryota,Chordata,Teleostei,Carangiformes,Carangidae,Seriola,0
Seriphus politus,Queenfish,species,motu136,motu136,ASV254,parent,146,Seriphus politus,Queenfish,species,100,6.150000000000001e-85,Eukaryota,Chordata,Teleostei,Eupercaria incertae sedis,Sciaenidae,Seriphus,0
Serratia,Bacteria,outgroup,motu279,motu279,ASV602,parent,307,Serratia,Bacteria,outgroup,100,1.17e-92,Bacteria,Pseudomonadota,Gammaproteobacteria,Enterobacterales,Yersiniaceae,Serratia,NA
Strongylura exilis,Californian needlefish,species,motu201,motu201,ASV434,parent,216,Strongylura exilis,Californian needlefish,species,100,1.73e-85,Eukaryota,Chordata,Teleostei,Beloniformes,Belonidae,Strongylura,0
Sus scrofa,Pig family,outgroup,motu88,motu88,ASV136,parent,75,Sus scrofa,Pig family,outgroup,100,4.82e-86,Eukaryota,Chordata,Mammalia,Artiodactyla,Suidae,Sus,NA
Sus scrofa,Pig family,outgroup,motu88,motu88,ASV154,parent,75,Sus scrofa,Pig family,outgroup,100,4.82e-86,Eukaryota,Chordata,Mammalia,Artiodactyla,Suidae,Sus,NA
Sus scrofa,Pig family,outgroup,motu88,motu88,ASV463,parent,75,Sus scrofa,Pig family,outgroup,100,1.72e-85,Eukaryota,Chordata,Mammalia,Artiodactyla,Suidae,Sus,NA
Sus scrofa,Pig family,outgroup,motu88,motu88,ASV909,parent,75,Sus scrofa,Pig family,outgroup,100,1.3500000000000001e-86,Eukaryota,Chordata,Mammalia,Artiodactyla,Suidae,Sus,NA
Sus scrofa,Pig family,outgroup,motu88,motu88,ASV405,parent,75,Sus scrofa,Pig family,outgroup,100,1.72e-85,Eukaryota,Chordata,Mammalia,Artiodactyla,Suidae,Sus,NA
Sus scrofa,Pig family,outgroup,motu88,motu88,ASV657,parent,75,Sus scrofa,Pig family,outgroup,100,4.8600000000000005e-86,Eukaryota,Chordata,Mammalia,Artiodactyla,Suidae,Sus,NA
Sus scrofa,Pig family,outgroup,motu88,motu88,ASV526,parent,75,Sus scrofa,Pig family,outgroup,100,1.73e-85,Eukaryota,Chordata,Mammalia,Artiodactyla,Suidae,Sus,NA
Syngnathiformes,Bay pipefish,order,motu133,motu133,ASV249,parent,143,Syngnathiformes,Bay pipefish,order,85.799,2.33e-44,Eukaryota,Chordata,Teleostei,Syngnathiformes,NA,NA,0
Syngnathus,Pipefish species,genus,motu12,motu12,ASV13,parent,12,Syngnathus,Pipefish species,genus,100,2.2e-84,Eukaryota,Chordata,Teleostei,Syngnathiformes,Syngnathidae,Syngnathus,0
Syngnathus,Pipefish species,genus,motu12,motu12,ASV316,parent,12,Syngnathus,Pipefish species,genus,99.401,1.0199999999999999e-82,Eukaryota,Chordata,Teleostei,Syngnathiformes,Syngnathidae,Syngnathus,0
Syngnathus,Pipefish species,genus,motu12,motu12,ASV322,parent,12,Syngnathus,Pipefish species,genus,99.401,1.0199999999999999e-82,Eukaryota,Chordata,Teleostei,Syngnathiformes,Syngnathidae,Syngnathus,0
Syngnathus,Pipefish species,genus,motu16,motu16,ASV17,parent,19,Syngnathus,Pipefish species,genus,100,2.23e-84,Eukaryota,Chordata,Teleostei,Syngnathiformes,Syngnathidae,Syngnathus,0
Syngnathus,Pipefish species,genus,motu16,motu16,ASV822,parent,19,Syngnathus,Pipefish species,genus,99.401,1.0399999999999999e-82,Eukaryota,Chordata,Teleostei,Syngnathiformes,Syngnathidae,Syngnathus,0
Syngnathus auliscus,Barred pipefish,species,motu140,motu140,ASV275,parent,150,Syngnathus auliscus,Barred pipefish,species,100,2.2e-84,Eukaryota,Chordata,Teleostei,Syngnathiformes,Syngnathidae,Syngnathus,0
Syngnathus,Pipefish species,genus,motu12,motu12,ASV110,parent,12,Syngnathus californiensis,Bay pipefish,species,100,2.2e-84,Eukaryota,Chordata,Teleostei,Syngnathiformes,Syngnathidae,Syngnathus,0
Syngnathus,Pipefish species,genus,motu12,motu12,ASV818,parent,12,Syngnathus californiensis,Bay pipefish,species,99.401,1.0199999999999999e-82,Eukaryota,Chordata,Teleostei,Syngnathiformes,Syngnathidae,Syngnathus,0
Syngnathus,Pipefish species,genus,motu12,motu12,ASV216,parent,12,Syngnathus exilis,Barcheek pipefish,species,100,2.2e-84,Eukaryota,Chordata,Teleostei,Syngnathiformes,Syngnathidae,Syngnathus,0
Tautogolabrus adspersus,Cunner no records,species,motu52,motu52,ASV66,parent,43,Tautogolabrus adspersus,Cunner no records,species,100,4.82e-86,Eukaryota,Chordata,Teleostei,Eupercaria incertae sedis,Labridae,Tautogolabrus,0
Tautogolabrus adspersus,Cunner no records,species,motu52,motu52,ASV72,parent,43,Tautogolabrus adspersus,Cunner no records,species,100,4.8600000000000005e-86,Eukaryota,Chordata,Teleostei,Eupercaria incertae sedis,Labridae,Tautogolabrus,0
Tautogolabrus adspersus,Cunner no records,species,motu52,motu52,ASV727,parent,43,Tautogolabrus adspersus,Cunner no records,species,99.412,2.26e-84,Eukaryota,Chordata,Teleostei,Eupercaria incertae sedis,Labridae,Tautogolabrus,0
Teleostei,Unknown fish,class,motu139,motu139,ASV271,parent,120,Teleostei,Unknown fish,class,86.62,1.1099999999999998e-37,Eukaryota,Chordata,Teleostei,NA,Percidae,Perca,0
Teleostei,Unknown fish,class,motu139,motu139,ASV328,parent,120,Teleostei,Unknown fish,class,86.62,1.12e-37,Eukaryota,Chordata,Teleostei,NA,Percidae,Perca,0
Acanthuriformes,Acanthuriform order,order,motu150,motu150,ASV308,parent,137,Teleostei,Unknown fish,class,85.294,8.480000000000001e-44,Eukaryota,Chordata,Teleostei,NA,Gobiesocidae,Gobiesox,0
Thalassiosira sp.,Diatom,outgroup,motu390,motu390,ASV795,parent,407,Thalassiosira sp.,Diatom,outgroup,100,1.9499999999999998e-131,Eukaryota,Bacillariophyta,Coscinodiscophyceae,Thalassiosirales,Thalassiosiraceae,Thalassiosira,NA
Thaleichthys pacificus,Eulachon,species,motu244,motu244,ASV524,parent,263,Thaleichthys pacificus,Eulachon,species,100,6.150000000000001e-85,Eukaryota,Chordata,Teleostei,Osmeriformes,Osmeridae,Thaleichthys,0
Thunnus,Tuna species,genus,motu61,motu61,ASV80,parent,55,Thunnus,Tuna species,genus,100,6.150000000000001e-85,Eukaryota,Chordata,Teleostei,Scombriformes,Scombridae,Thunnus,0
Thunnus,Tuna species,genus,motu61,motu61,ASV385,parent,55,Thunnus,Tuna species,genus,99.405,2.86e-83,Eukaryota,Chordata,Teleostei,Scombriformes,Scombridae,Thunnus,0
Trachurus symmetricus,Pacific jack mackerel,species,motu161,motu161,ASV342,parent,173,Trachurus symmetricus,Pacific jack mackerel,species,100,4.8600000000000005e-86,Eukaryota,Chordata,Teleostei,Carangiformes,Carangidae,Trachurus,0
Tridentiger trigonocephalus,Chameleon goby invasive,species,motu132,motu132,ASV240,parent,140,Tridentiger trigonocephalus,Chameleon goby invasive,species,100,6.150000000000001e-85,Eukaryota,Chordata,Teleostei,Gobiiformes,Gobiidae,Tridentiger,0
Typhlogobius californiensis,Blind goby,species,motu225,motu225,ASV481,parent,243,Typhlogobius californiensis,Blind goby,species,100,6.150000000000001e-85,Eukaryota,Chordata,Teleostei,Gobiiformes,Gobiidae,Typhlogobius,0
Umbrina roncador,Yellowfin drum,species,motu51,motu51,ASV64,parent,49,Umbrina roncador,Yellowfin drum,species,100,1.72e-85,Eukaryota,Chordata,Teleostei,Eupercaria incertae sedis,Sciaenidae,Umbrina,0
Umbrina roncador,Yellowfin drum,species,motu51,motu51,ASV246,parent,49,Umbrina roncador,Yellowfin drum,species,100,1.73e-85,Eukaryota,Chordata,Teleostei,Eupercaria incertae sedis,Sciaenidae,Umbrina,0
Unknown organism,Unknown organism,outgroup,motu75,motu75,ASV102,parent,57,Unknown organism,Unknown organism,outgroup,100,5.4199999999999993e-132,NA,NA,NA,NA,NA,NA,NA
Unknown organism,Unknown organism,outgroup,motu75,motu75,ASV145,parent,57,Unknown organism,Unknown organism,outgroup,100,5.4199999999999993e-132,NA,NA,NA,NA,NA,NA,NA
Unknown organism,Unknown organism,outgroup,motu75,motu75,ASV1718,parent,57,Unknown organism,Unknown organism,outgroup,99.605,2.5199999999999995e-130,NA,NA,NA,NA,NA,NA,NA
Unknown organism,Unknown organism,outgroup,motu75,motu75,ASV1947,parent,57,Unknown organism,Unknown organism,outgroup,99.605,2.5199999999999995e-130,NA,NA,NA,NA,NA,NA,NA
Unknown organism,Unknown organism,outgroup,motu75,motu75,ASV227,parent,57,Unknown organism,Unknown organism,outgroup,100,5.4199999999999993e-132,NA,NA,NA,NA,NA,NA,NA
Unknown organism,Unknown organism,outgroup,motu75,motu75,ASV845,parent,57,Unknown organism,Unknown organism,outgroup,99.605,2.5199999999999995e-130,NA,NA,NA,NA,NA,NA,NA
Unknown organism,Unknown organism,outgroup,motu75,motu75,ASV1142,parent,57,Unknown organism,Unknown organism,outgroup,100,5.4199999999999993e-132,NA,NA,NA,NA,NA,NA,NA
Unknown organism,Unknown organism,outgroup,motu75,motu75,ASV1483,parent,57,Unknown organism,Unknown organism,outgroup,99.605,2.5199999999999995e-130,NA,NA,NA,NA,NA,NA,NA
Unknown organism,Unknown organism,outgroup,motu75,motu75,ASV1226,parent,57,Unknown organism,Unknown organism,outgroup,99.605,2.5199999999999995e-130,NA,NA,NA,NA,NA,NA,NA
Unknown organism,Unknown organism,outgroup,motu75,motu75,ASV1646,parent,57,Unknown organism,Unknown organism,outgroup,100,5.4199999999999993e-132,NA,NA,NA,NA,NA,NA,NA
Unknown organism,Unknown organism,outgroup,motu127,motu127,ASV215,parent,136,Unknown organism,Unknown organism,outgroup,98.425,2.54e-125,NA,NA,NA,NA,NA,NA,NA
Unknown organism,Unknown organism,outgroup,motu142,motu142,ASV279,parent,151,Unknown organism,Unknown organism,outgroup,100,1.9499999999999998e-131,NA,NA,NA,NA,NA,NA,NA
Unknown organism,Unknown organism,outgroup,motu143,motu143,ASV283,parent,132,Unknown organism,Unknown organism,outgroup,97.222,9.21e-120,NA,NA,NA,NA,NA,NA,NA
Unknown organism,Unknown organism,outgroup,motu153,motu153,ASV312,parent,162,Unknown organism,Unknown organism,outgroup,100,1.9499999999999998e-131,NA,NA,NA,NA,NA,NA,NA
Unknown organism,Unknown organism,outgroup,motu163,motu163,ASV350,parent,177,Unknown organism,Unknown organism,outgroup,100,5.4199999999999993e-132,NA,NA,NA,NA,NA,NA,NA
Unknown organism,Unknown organism,outgroup,motu164,motu164,ASV351,parent,149,Unknown organism,Unknown organism,outgroup,100,5.4199999999999993e-132,NA,NA,NA,NA,NA,NA,NA
Unknown organism,Unknown organism,outgroup,motu164,motu164,ASV1649,parent,149,Unknown organism,Unknown organism,outgroup,99.605,2.5199999999999995e-130,NA,NA,NA,NA,NA,NA,NA
Unknown organism,Unknown organism,outgroup,motu169,motu169,ASV366,parent,154,Unknown organism,Unknown organism,outgroup,95.652,1.1999999999999999e-113,NA,NA,NA,NA,NA,NA,NA
Unknown organism,Unknown organism,outgroup,motu169,motu169,ASV2034,parent,154,Unknown organism,Unknown organism,outgroup,95.257,5.579999999999999e-112,NA,NA,NA,NA,NA,NA,NA
Unknown organism,Unknown organism,outgroup,motu173,motu173,ASV371,parent,188,Unknown organism,Unknown organism,outgroup,100,5.4199999999999993e-132,NA,NA,NA,NA,NA,NA,NA
Unknown organism,Unknown organism,outgroup,motu177,motu177,ASV389,parent,196,Unknown organism,Unknown organism,outgroup,100,5.4199999999999993e-132,NA,NA,NA,NA,NA,NA,NA
Unknown organism,Unknown organism,outgroup,motu183,motu183,ASV396,parent,201,Unknown organism,Unknown organism,outgroup,100,1.9499999999999998e-131,NA,NA,NA,NA,NA,NA,NA
Unknown organism,Unknown organism,outgroup,motu186,motu186,ASV403,parent,155,Unknown organism,Unknown organism,outgroup,100,1.9499999999999998e-131,NA,NA,NA,NA,NA,NA,NA
Unknown organism,Unknown organism,outgroup,motu186,motu186,ASV538,parent,155,Unknown organism,Unknown organism,outgroup,100,1.9499999999999998e-131,NA,NA,NA,NA,NA,NA,NA
Unknown organism,Unknown organism,outgroup,motu186,motu186,ASV835,parent,155,Unknown organism,Unknown organism,outgroup,99.603,9.079999999999999e-130,NA,NA,NA,NA,NA,NA,NA
Unknown organism,Unknown organism,outgroup,motu186,motu186,ASV1621,parent,155,Unknown organism,Unknown organism,outgroup,99.603,9.079999999999999e-130,NA,NA,NA,NA,NA,NA,NA
Unknown organism,Unknown organism,outgroup,motu186,motu186,ASV1997,parent,155,Unknown organism,Unknown organism,outgroup,99.603,9.079999999999999e-130,NA,NA,NA,NA,NA,NA,NA
Unknown organism,Unknown organism,outgroup,motu186,motu186,ASV2221,parent,155,Unknown organism,Unknown organism,outgroup,99.603,9.079999999999999e-130,NA,NA,NA,NA,NA,NA,NA
Bacteria,Bacteria,outgroup,motu189,motu189,ASV796,parent,166,Unknown organism,Unknown organism,outgroup,99.603,9.079999999999999e-130,NA,NA,NA,NA,NA,NA,NA
Unknown organism,Unknown organism,outgroup,motu190,motu190,ASV409,parent,206,Unknown organism,Unknown organism,outgroup,97.628,5.5e-122,NA,NA,NA,NA,NA,NA,NA
Unknown organism,Unknown organism,outgroup,motu191,motu191,ASV412,parent,169,Unknown organism,Unknown organism,outgroup,100,5.4199999999999993e-132,NA,NA,NA,NA,NA,NA,NA
Unknown organism,Unknown organism,outgroup,motu191,motu191,ASV1320,parent,169,Unknown organism,Unknown organism,outgroup,99.605,2.5199999999999995e-130,NA,NA,NA,NA,NA,NA,NA
Unknown organism,Unknown organism,outgroup,motu191,motu191,ASV1450,parent,169,Unknown organism,Unknown organism,outgroup,99.605,2.5199999999999995e-130,NA,NA,NA,NA,NA,NA,NA
Unknown organism,Unknown organism,outgroup,motu191,motu191,ASV1551,parent,169,Unknown organism,Unknown organism,outgroup,99.605,2.5199999999999995e-130,NA,NA,NA,NA,NA,NA,NA
Unknown organism,Unknown organism,outgroup,motu191,motu191,ASV1606,parent,169,Unknown organism,Unknown organism,outgroup,99.605,2.5199999999999995e-130,NA,NA,NA,NA,NA,NA,NA
Unknown organism,Unknown organism,outgroup,motu192,motu192,ASV413,parent,208,Unknown organism,Unknown organism,outgroup,100,1.9499999999999998e-131,NA,NA,NA,NA,NA,NA,NA
Unknown organism,Unknown organism,outgroup,motu195,motu195,ASV419,parent,164,Unknown organism,Unknown organism,outgroup,100,1.9499999999999998e-131,NA,NA,NA,NA,NA,NA,NA
Unknown organism,Unknown organism,outgroup,motu195,motu195,ASV631,parent,164,Unknown organism,Unknown organism,outgroup,100,5.4199999999999993e-132,NA,NA,NA,NA,NA,NA,NA
Unknown organism,Unknown organism,outgroup,motu195,motu195,ASV1579,parent,164,Unknown organism,Unknown organism,outgroup,100,1.9499999999999998e-131,NA,NA,NA,NA,NA,NA,NA
Unknown organism,Unknown organism,outgroup,motu197,motu197,ASV422,parent,168,Unknown organism,Unknown organism,outgroup,100,5.4199999999999993e-132,NA,NA,NA,NA,NA,NA,NA
Unknown organism,Unknown organism,outgroup,motu197,motu197,ASV729,parent,168,Unknown organism,Unknown organism,outgroup,100,1.9499999999999998e-131,NA,NA,NA,NA,NA,NA,NA
Unknown organism,Unknown organism,outgroup,motu197,motu197,ASV1207,parent,168,Unknown organism,Unknown organism,outgroup,99.605,2.5199999999999995e-130,NA,NA,NA,NA,NA,NA,NA
Unknown organism,Unknown organism,outgroup,motu197,motu197,ASV1446,parent,168,Unknown organism,Unknown organism,outgroup,100,1.9499999999999998e-131,NA,NA,NA,NA,NA,NA,NA
Unknown organism,Unknown organism,outgroup,motu202,motu202,ASV435,parent,218,Unknown organism,Unknown organism,outgroup,100,1.9499999999999998e-131,NA,NA,NA,NA,NA,NA,NA
Unknown organism,Unknown organism,outgroup,motu204,motu204,ASV438,parent,163,Unknown organism,Unknown organism,outgroup,100,1.9499999999999998e-131,NA,NA,NA,NA,NA,NA,NA
Unknown organism,Unknown organism,outgroup,motu204,motu204,ASV527,parent,163,Unknown organism,Unknown organism,outgroup,100,5.4199999999999993e-132,NA,NA,NA,NA,NA,NA,NA
Unknown organism,Unknown organism,outgroup,motu207,motu207,ASV443,parent,225,Unknown organism,Unknown organism,outgroup,98.81,1.9599999999999997e-126,NA,NA,NA,NA,NA,NA,NA
Unknown organism,Unknown organism,outgroup,motu220,motu220,ASV472,parent,174,Unknown organism,Unknown organism,outgroup,100,5.4199999999999993e-132,NA,NA,NA,NA,NA,NA,NA
Unknown organism,Unknown organism,outgroup,motu220,motu220,ASV642,parent,174,Unknown organism,Unknown organism,outgroup,100,5.4199999999999993e-132,NA,NA,NA,NA,NA,NA,NA
Unknown organism,Unknown organism,outgroup,motu221,motu221,ASV473,parent,239,Unknown organism,Unknown organism,outgroup,93.469,7.419999999999999e-101,NA,NA,NA,NA,NA,NA,NA
Unknown organism,Unknown organism,outgroup,motu222,motu222,ASV474,parent,240,Unknown organism,Unknown organism,outgroup,94.466,1.21e-108,NA,NA,NA,NA,NA,NA,NA
Unknown organism,Unknown organism,outgroup,motu228,motu228,ASV486,parent,185,Unknown organism,Unknown organism,outgroup,94.094,5.62e-107,NA,NA,NA,NA,NA,NA,NA
Unknown organism,Unknown organism,outgroup,motu228,motu228,ASV1613,parent,185,Unknown organism,Unknown organism,outgroup,94.118,5.62e-107,NA,NA,NA,NA,NA,NA,NA
Unknown organism,Unknown organism,outgroup,motu228,motu228,ASV2039,parent,185,Unknown organism,Unknown organism,outgroup,93.701,2.6100000000000002e-105,NA,NA,NA,NA,NA,NA,NA
Unknown organism,Unknown organism,outgroup,motu230,motu230,ASV491,parent,247,Unknown organism,Unknown organism,outgroup,85.714,2.75e-70,NA,NA,NA,NA,NA,NA,NA
Unknown organism,Unknown organism,outgroup,motu231,motu231,ASV492,parent,248,Unknown organism,Unknown organism,outgroup,100,5.4199999999999993e-132,NA,NA,NA,NA,NA,NA,NA
Unknown organism,Unknown organism,outgroup,motu241,motu241,ASV516,parent,190,Unknown organism,Unknown organism,outgroup,100,1.9499999999999998e-131,NA,NA,NA,NA,NA,NA,NA
Unknown organism,Unknown organism,outgroup,motu241,motu241,ASV992,parent,190,Unknown organism,Unknown organism,outgroup,100,1.9499999999999998e-131,NA,NA,NA,NA,NA,NA,NA
Unknown organism,Unknown organism,outgroup,motu252,motu252,ASV536,parent,172,Unknown organism,Unknown organism,outgroup,100,1.9499999999999998e-131,NA,NA,NA,NA,NA,NA,NA
Unknown organism,Unknown organism,outgroup,motu252,motu252,ASV584,parent,172,Unknown organism,Unknown organism,outgroup,100,5.4199999999999993e-132,NA,NA,NA,NA,NA,NA,NA
Unknown organism,Unknown organism,outgroup,motu252,motu252,ASV622,parent,172,Unknown organism,Unknown organism,outgroup,100,5.4199999999999993e-132,NA,NA,NA,NA,NA,NA,NA
Unknown organism,Unknown organism,outgroup,motu252,motu252,ASV1018,parent,172,Unknown organism,Unknown organism,outgroup,100,5.4199999999999993e-132,NA,NA,NA,NA,NA,NA,NA
Unknown organism,Unknown organism,outgroup,motu256,motu256,ASV544,parent,276,Unknown organism,Unknown organism,outgroup,100,1.9499999999999998e-131,NA,NA,NA,NA,NA,NA,NA
Unknown organism,Unknown organism,outgroup,motu285,motu285,ASV615,parent,237,Unknown organism,Unknown organism,outgroup,100,5.4199999999999993e-132,NA,NA,NA,NA,NA,NA,NA
Unknown organism,Unknown organism,outgroup,motu285,motu285,ASV1605,parent,237,Unknown organism,Unknown organism,outgroup,100,5.4199999999999993e-132,NA,NA,NA,NA,NA,NA,NA
Unknown organism,Unknown organism,outgroup,motu296,motu296,ASV633,parent,322,Unknown organism,Unknown organism,outgroup,99.603,9.079999999999999e-130,NA,NA,NA,NA,NA,NA,NA
Unknown organism,Unknown organism,outgroup,motu297,motu297,ASV634,parent,254,Unknown organism,Unknown organism,outgroup,99.605,2.5199999999999995e-130,NA,NA,NA,NA,NA,NA,NA
Unknown organism,Unknown organism,outgroup,motu297,motu297,ASV1821,parent,254,Unknown organism,Unknown organism,outgroup,100,5.4199999999999993e-132,NA,NA,NA,NA,NA,NA,NA
Bacteria,Bacteria,outgroup,motu298,motu298,ASV911,parent,222,Unknown organism,Unknown organism,outgroup,100,5.4199999999999993e-132,NA,NA,NA,NA,NA,NA,NA
Unknown organism,Unknown organism,outgroup,motu299,motu299,ASV636,parent,323,Unknown organism,Unknown organism,outgroup,100,1.9499999999999998e-131,NA,NA,NA,NA,NA,NA,NA
Unknown organism,Unknown organism,outgroup,motu302,motu302,ASV641,parent,326,Unknown organism,Unknown organism,outgroup,92.369,7.369999999999999e-96,NA,NA,NA,NA,NA,NA,NA
Unknown organism,Unknown organism,outgroup,motu307,motu307,ASV650,parent,331,Unknown organism,Unknown organism,outgroup,100,5.4199999999999993e-132,NA,NA,NA,NA,NA,NA,NA
Unknown organism,Unknown organism,outgroup,motu308,motu308,ASV651,parent,251,Unknown organism,Unknown organism,outgroup,100,5.4199999999999993e-132,NA,NA,NA,NA,NA,NA,NA
Unknown organism,Unknown organism,outgroup,motu308,motu308,ASV1284,parent,251,Unknown organism,Unknown organism,outgroup,99.605,2.5199999999999995e-130,NA,NA,NA,NA,NA,NA,NA
Unknown organism,Unknown organism,outgroup,motu308,motu308,ASV1431,parent,251,Unknown organism,Unknown organism,outgroup,99.605,2.5199999999999995e-130,NA,NA,NA,NA,NA,NA,NA
Unknown organism,Unknown organism,outgroup,motu310,motu310,ASV653,parent,333,Unknown organism,Unknown organism,outgroup,100,1.9499999999999998e-131,NA,NA,NA,NA,NA,NA,NA
Unknown organism,Unknown organism,outgroup,motu313,motu313,ASV664,parent,335,Unknown organism,Unknown organism,outgroup,100,1.9499999999999998e-131,NA,NA,NA,NA,NA,NA,NA
Unknown organism,Unknown organism,outgroup,motu314,motu314,ASV667,parent,336,Unknown organism,Unknown organism,outgroup,100,1.9499999999999998e-131,NA,NA,NA,NA,NA,NA,NA
Unknown organism,Unknown organism,outgroup,motu317,motu317,ASV670,parent,339,Unknown organism,Unknown organism,outgroup,88.889,9.67e-85,NA,NA,NA,NA,NA,NA,NA
Unknown organism,Unknown organism,outgroup,motu320,motu320,ASV673,parent,343,Unknown organism,Unknown organism,outgroup,99.603,9.079999999999999e-130,NA,NA,NA,NA,NA,NA,NA
Unknown organism,Unknown organism,outgroup,motu323,motu323,ASV678,parent,347,Unknown organism,Unknown organism,outgroup,100,1.9499999999999998e-131,NA,NA,NA,NA,NA,NA,NA
Unknown organism,Unknown organism,outgroup,motu325,motu325,ASV680,parent,349,Unknown organism,Unknown organism,outgroup,99.206,4.2199999999999997e-128,NA,NA,NA,NA,NA,NA,NA
Unknown organism,Unknown organism,outgroup,motu326,motu326,ASV682,parent,271,Unknown organism,Unknown organism,outgroup,100,1.9499999999999998e-131,NA,NA,NA,NA,NA,NA,NA
Unknown organism,Unknown organism,outgroup,motu326,motu326,ASV1969,parent,271,Unknown organism,Unknown organism,outgroup,99.603,9.079999999999999e-130,NA,NA,NA,NA,NA,NA,NA
Unknown organism,Unknown organism,outgroup,motu332,motu332,ASV692,parent,355,Unknown organism,Unknown organism,outgroup,100,1.9499999999999998e-131,NA,NA,NA,NA,NA,NA,NA
Unknown organism,Unknown organism,outgroup,motu338,motu338,ASV705,parent,360,Unknown organism,Unknown organism,outgroup,99.209,1.1699999999999998e-128,NA,NA,NA,NA,NA,NA,NA
Unknown organism,Unknown organism,outgroup,motu341,motu341,ASV712,parent,261,Unknown organism,Unknown organism,outgroup,100,5.4199999999999993e-132,NA,NA,NA,NA,NA,NA,NA
Unknown organism,Unknown organism,outgroup,motu341,motu341,ASV971,parent,261,Unknown organism,Unknown organism,outgroup,100,5.4199999999999993e-132,NA,NA,NA,NA,NA,NA,NA
Unknown organism,Unknown organism,outgroup,motu341,motu341,ASV1223,parent,261,Unknown organism,Unknown organism,outgroup,100,1.9499999999999998e-131,NA,NA,NA,NA,NA,NA,NA
Unknown organism,Unknown organism,outgroup,motu344,motu344,ASV719,parent,366,Unknown organism,Unknown organism,outgroup,90.476,3.79e-99,NA,NA,NA,NA,NA,NA,NA
Unknown organism,Unknown organism,outgroup,motu348,motu348,ASV728,parent,370,Unknown organism,Unknown organism,outgroup,98.024,1.18e-123,NA,NA,NA,NA,NA,NA,NA
Unknown organism,Unknown organism,outgroup,motu351,motu351,ASV735,parent,373,Unknown organism,Unknown organism,outgroup,95.951,5.579999999999999e-112,NA,NA,NA,NA,NA,NA,NA
Unknown organism,Unknown organism,outgroup,motu358,motu358,ASV745,parent,377,Unknown organism,Unknown organism,outgroup,100,1.28e-143,NA,NA,NA,NA,NA,NA,NA
Unknown organism,Unknown organism,outgroup,motu362,motu362,ASV752,parent,380,Unknown organism,Unknown organism,outgroup,99.605,2.5199999999999995e-130,NA,NA,NA,NA,NA,NA,NA
Unknown organism,Unknown organism,outgroup,motu363,motu363,ASV754,parent,381,Unknown organism,Unknown organism,outgroup,99.605,2.5199999999999995e-130,NA,NA,NA,NA,NA,NA,NA
Unknown organism,Unknown organism,outgroup,motu365,motu365,ASV758,parent,383,Unknown organism,Unknown organism,outgroup,100,5.4199999999999993e-132,NA,NA,NA,NA,NA,NA,NA
Unknown organism,Unknown organism,outgroup,motu368,motu368,ASV762,parent,301,Unknown organism,Unknown organism,outgroup,100,1.5099999999999997e-132,NA,NA,NA,NA,NA,NA,NA
Unknown organism,Unknown organism,outgroup,motu368,motu368,ASV1740,parent,301,Unknown organism,Unknown organism,outgroup,100,1.5099999999999997e-132,NA,NA,NA,NA,NA,NA,NA
Unknown organism,Unknown organism,outgroup,motu372,motu372,ASV768,parent,388,Unknown organism,Unknown organism,outgroup,95.918,7.22e-111,NA,NA,NA,NA,NA,NA,NA
Unknown organism,Unknown organism,outgroup,motu376,motu376,ASV772,parent,391,Unknown organism,Unknown organism,outgroup,95.238,2.01e-111,NA,NA,NA,NA,NA,NA,NA
Unknown organism,Unknown organism,outgroup,motu382,motu382,ASV779,parent,397,Unknown organism,Unknown organism,outgroup,100,1.9499999999999998e-131,NA,NA,NA,NA,NA,NA,NA
Unknown organism,Unknown organism,outgroup,motu384,motu384,ASV784,parent,400,Unknown organism,Unknown organism,outgroup,94.466,1.21e-108,NA,NA,NA,NA,NA,NA,NA
Unknown organism,Unknown organism,outgroup,motu388,motu388,ASV793,parent,404,Unknown organism,Unknown organism,outgroup,100,1.9499999999999998e-131,NA,NA,NA,NA,NA,NA,NA
Unknown organism,Unknown organism,outgroup,motu389,motu389,ASV794,parent,298,Unknown organism,Unknown organism,outgroup,92.126,1.2199999999999999e-98,NA,NA,NA,NA,NA,NA,NA
Unknown organism,Unknown organism,outgroup,motu389,motu389,ASV1109,parent,298,Unknown organism,Unknown organism,outgroup,92.52,7.349999999999998e-101,NA,NA,NA,NA,NA,NA,NA
Unknown organism,Unknown organism,outgroup,motu389,motu389,ASV1559,parent,298,Unknown organism,Unknown organism,outgroup,92.126,3.4199999999999996e-99,NA,NA,NA,NA,NA,NA,NA
Unknown organism,Unknown organism,outgroup,motu395,motu395,ASV801,parent,412,Unknown organism,Unknown organism,outgroup,98.024,1.18e-123,NA,NA,NA,NA,NA,NA,NA
Unknown organism,Unknown organism,outgroup,motu397,motu397,ASV804,parent,317,Unknown organism,Unknown organism,outgroup,100,1.9499999999999998e-131,NA,NA,NA,NA,NA,NA,NA
Unknown organism,Unknown organism,outgroup,motu397,motu397,ASV1666,parent,317,Unknown organism,Unknown organism,outgroup,99.603,9.079999999999999e-130,NA,NA,NA,NA,NA,NA,NA
Unknown organism,Unknown organism,outgroup,motu407,motu407,ASV827,parent,428,Unknown organism,Unknown organism,outgroup,99.605,2.5199999999999995e-130,NA,NA,NA,NA,NA,NA,NA
Unknown organism,Unknown organism,outgroup,motu409,motu409,ASV833,parent,430,Unknown organism,Unknown organism,outgroup,99.634,2.14e-141,NA,NA,NA,NA,NA,NA,NA
Unknown organism,Unknown organism,outgroup,motu412,motu412,ASV840,parent,432,Unknown organism,Unknown organism,outgroup,100,1.9499999999999998e-131,NA,NA,NA,NA,NA,NA,NA
Unknown organism,Unknown organism,outgroup,motu413,motu413,ASV841,parent,434,Unknown organism,Unknown organism,outgroup,98.413,9.139999999999999e-125,NA,NA,NA,NA,NA,NA,NA
Unknown organism,Unknown organism,outgroup,motu424,motu424,ASV859,parent,445,Unknown organism,Unknown organism,outgroup,100,4.599999999999999e-143,NA,NA,NA,NA,NA,NA,NA
Unknown organism,Unknown organism,outgroup,motu431,motu431,ASV868,parent,450,Unknown organism,Unknown organism,outgroup,92.095,1.2199999999999999e-98,NA,NA,NA,NA,NA,NA,NA
Unknown organism,Unknown organism,outgroup,motu432,motu432,ASV869,parent,451,Unknown organism,Unknown organism,outgroup,100,1.9499999999999998e-131,NA,NA,NA,NA,NA,NA,NA
Unknown organism,Unknown organism,outgroup,motu437,motu437,ASV878,parent,457,Unknown organism,Unknown organism,outgroup,92.857,7.319999999999999e-101,NA,NA,NA,NA,NA,NA,NA
Unknown organism,Unknown organism,outgroup,motu439,motu439,ASV883,parent,459,Unknown organism,Unknown organism,outgroup,85.433,2.75e-70,NA,NA,NA,NA,NA,NA,NA
Unknown organism,Unknown organism,outgroup,motu446,motu446,ASV892,parent,469,Unknown organism,Unknown organism,outgroup,99.603,9.079999999999999e-130,NA,NA,NA,NA,NA,NA,NA
Unknown organism,Unknown organism,outgroup,motu448,motu448,ASV894,parent,471,Unknown organism,Unknown organism,outgroup,95.547,2.5999999999999996e-110,NA,NA,NA,NA,NA,NA,NA
Unknown organism,Unknown organism,outgroup,motu466,motu466,ASV925,parent,490,Unknown organism,Unknown organism,outgroup,100,1.9499999999999998e-131,NA,NA,NA,NA,NA,NA,NA
Unknown organism,Unknown organism,outgroup,motu469,motu469,ASV933,parent,493,Unknown organism,Unknown organism,outgroup,99.605,2.5199999999999995e-130,NA,NA,NA,NA,NA,NA,NA
Unknown organism,Unknown organism,outgroup,motu472,motu472,ASV939,parent,496,Unknown organism,Unknown organism,outgroup,92.4,1.2199999999999999e-98,NA,NA,NA,NA,NA,NA,NA
Bacteria,Bacteria,outgroup,motu473,motu473,ASV941,parent,364,Unknown organism,Unknown organism,outgroup,90.588,5.74e-92,NA,NA,NA,NA,NA,NA,NA
Unknown organism,Unknown organism,outgroup,motu474,motu474,ASV942,parent,497,Unknown organism,Unknown organism,outgroup,88.163,3.5e-79,NA,NA,NA,NA,NA,NA,NA
Unknown organism,Unknown organism,outgroup,motu476,motu476,ASV944,parent,499,Unknown organism,Unknown organism,outgroup,95.142,1.22e-108,NA,NA,NA,NA,NA,NA,NA
Unknown organism,Unknown organism,outgroup,motu490,motu490,ASV970,parent,511,Unknown organism,Unknown organism,outgroup,100,5.4199999999999993e-132,NA,NA,NA,NA,NA,NA,NA
Unknown organism,Unknown organism,outgroup,motu492,motu492,ASV973,parent,513,Unknown organism,Unknown organism,outgroup,89.062,5.859999999999999e-87,NA,NA,NA,NA,NA,NA,NA
Unknown organism,Unknown organism,outgroup,motu497,motu497,ASV979,parent,520,Unknown organism,Unknown organism,outgroup,100,1.9499999999999998e-131,NA,NA,NA,NA,NA,NA,NA
Unknown organism,Unknown organism,outgroup,motu500,motu500,ASV986,parent,526,Unknown organism,Unknown organism,outgroup,95.257,5.579999999999999e-112,NA,NA,NA,NA,NA,NA,NA
Unknown organism,Unknown organism,outgroup,motu504,motu504,ASV997,parent,530,Unknown organism,Unknown organism,outgroup,100,5.4199999999999993e-132,NA,NA,NA,NA,NA,NA,NA
Unknown organism,Unknown organism,outgroup,motu528,motu528,ASV1030,parent,551,Unknown organism,Unknown organism,outgroup,99.605,2.5199999999999995e-130,NA,NA,NA,NA,NA,NA,NA
Unknown organism,Unknown organism,outgroup,motu561,motu561,ASV1072,parent,585,Unknown organism,Unknown organism,outgroup,93.6,1.22e-103,NA,NA,NA,NA,NA,NA,NA
Unknown organism,Unknown organism,outgroup,motu562,motu562,ASV1073,parent,586,Unknown organism,Unknown organism,outgroup,90.65,3.4499999999999995e-89,NA,NA,NA,NA,NA,NA,NA
Unknown organism,Unknown organism,outgroup,motu567,motu567,ASV1078,parent,591,Unknown organism,Unknown organism,outgroup,99.184,3.2899999999999996e-124,NA,NA,NA,NA,NA,NA,NA
Unknown organism,Unknown organism,outgroup,motu574,motu574,ASV1086,parent,599,Unknown organism,Unknown organism,outgroup,99.605,2.5199999999999995e-130,NA,NA,NA,NA,NA,NA,NA
Unknown organism,Unknown organism,outgroup,motu576,motu576,ASV1089,parent,601,Unknown organism,Unknown organism,outgroup,100,5.4199999999999993e-132,NA,NA,NA,NA,NA,NA,NA
Unknown organism,Unknown organism,outgroup,motu580,motu580,ASV1095,parent,606,Unknown organism,Unknown organism,outgroup,99.206,4.2199999999999997e-128,NA,NA,NA,NA,NA,NA,NA
Unknown organism,Unknown organism,outgroup,motu581,motu581,ASV1096,parent,605,Unknown organism,Unknown organism,outgroup,95.181,9.339999999999999e-110,NA,NA,NA,NA,NA,NA,NA
Unknown organism,Unknown organism,outgroup,motu599,motu599,ASV1124,parent,419,Unknown organism,Unknown organism,outgroup,100,5.4199999999999993e-132,NA,NA,NA,NA,NA,NA,NA
Unknown organism,Unknown organism,outgroup,motu599,motu599,ASV1164,parent,419,Unknown organism,Unknown organism,outgroup,100,1.9499999999999998e-131,NA,NA,NA,NA,NA,NA,NA
Unknown organism,Unknown organism,outgroup,motu604,motu604,ASV1130,parent,468,Unknown organism,Unknown organism,outgroup,100,5.4199999999999993e-132,NA,NA,NA,NA,NA,NA,NA
Unknown organism,Unknown organism,outgroup,motu604,motu604,ASV1590,parent,468,Unknown organism,Unknown organism,outgroup,100,1.9499999999999998e-131,NA,NA,NA,NA,NA,NA,NA
Unknown organism,Unknown organism,outgroup,motu624,motu624,ASV1159,parent,643,Unknown organism,Unknown organism,outgroup,100,5.4199999999999993e-132,NA,NA,NA,NA,NA,NA,NA
Unknown organism,Unknown organism,outgroup,motu630,motu630,ASV1169,parent,649,Unknown organism,Unknown organism,outgroup,100,1.9499999999999998e-131,NA,NA,NA,NA,NA,NA,NA
Unknown organism,Unknown organism,outgroup,motu631,motu631,ASV1170,parent,650,Unknown organism,Unknown organism,outgroup,100,1.9499999999999998e-131,NA,NA,NA,NA,NA,NA,NA
Unknown organism,Unknown organism,outgroup,motu632,motu632,ASV1171,parent,651,Unknown organism,Unknown organism,outgroup,99.603,9.079999999999999e-130,NA,NA,NA,NA,NA,NA,NA
Unknown organism,Unknown organism,outgroup,motu637,motu637,ASV1176,parent,657,Unknown organism,Unknown organism,outgroup,100,1.9499999999999998e-131,NA,NA,NA,NA,NA,NA,NA
Unknown organism,Unknown organism,outgroup,motu639,motu639,ASV1180,parent,659,Unknown organism,Unknown organism,outgroup,98.814,5.46e-127,NA,NA,NA,NA,NA,NA,NA
Unknown organism,Unknown organism,outgroup,motu641,motu641,ASV1182,parent,466,Unknown organism,Unknown organism,outgroup,100,1.9499999999999998e-131,NA,NA,NA,NA,NA,NA,NA
Unknown organism,Unknown organism,outgroup,motu641,motu641,ASV1497,parent,466,Unknown organism,Unknown organism,outgroup,99.603,9.079999999999999e-130,NA,NA,NA,NA,NA,NA,NA
Unknown organism,Unknown organism,outgroup,motu641,motu641,ASV1608,parent,466,Unknown organism,Unknown organism,outgroup,99.206,4.2199999999999997e-128,NA,NA,NA,NA,NA,NA,NA
Unknown organism,Unknown organism,outgroup,motu661,motu661,ASV1211,parent,679,Unknown organism,Unknown organism,outgroup,94.094,1.5699999999999998e-107,NA,NA,NA,NA,NA,NA,NA
Unknown organism,Unknown organism,outgroup,motu662,motu662,ASV1213,parent,680,Unknown organism,Unknown organism,outgroup,94.048,2.0199999999999996e-106,NA,NA,NA,NA,NA,NA,NA
Unknown organism,Unknown organism,outgroup,motu664,motu664,ASV1215,parent,682,Unknown organism,Unknown organism,outgroup,94.332,2.6100000000000002e-105,NA,NA,NA,NA,NA,NA,NA
Unknown organism,Unknown organism,outgroup,motu667,motu667,ASV1218,parent,685,Unknown organism,Unknown organism,outgroup,99.206,4.2199999999999997e-128,NA,NA,NA,NA,NA,NA,NA
Unknown organism,Unknown organism,outgroup,motu669,motu669,ASV1220,parent,687,Unknown organism,Unknown organism,outgroup,100,5.4199999999999993e-132,NA,NA,NA,NA,NA,NA,NA
Unknown organism,Unknown organism,outgroup,motu673,motu673,ASV1228,parent,691,Unknown organism,Unknown organism,outgroup,100,1.28e-143,NA,NA,NA,NA,NA,NA,NA
Unknown organism,Unknown organism,outgroup,motu684,motu684,ASV1245,parent,519,Unknown organism,Unknown organism,outgroup,98.776,1.53e-122,NA,NA,NA,NA,NA,NA,NA
Unknown organism,Unknown organism,outgroup,motu692,motu692,ASV1256,parent,708,Unknown organism,Unknown organism,outgroup,94.672,2.6000000000000003e-105,NA,NA,NA,NA,NA,NA,NA
Unknown organism,Unknown organism,outgroup,motu693,motu693,ASV1257,parent,709,Unknown organism,Unknown organism,outgroup,94.862,2.5999999999999996e-110,NA,NA,NA,NA,NA,NA,NA
Unknown organism,Unknown organism,outgroup,motu698,motu698,ASV1264,parent,714,Unknown organism,Unknown organism,outgroup,99.573,9.21e-120,NA,NA,NA,NA,NA,NA,NA
Unknown organism,Unknown organism,outgroup,motu705,motu705,ASV1273,parent,720,Unknown organism,Unknown organism,outgroup,99.203,1.52e-127,NA,NA,NA,NA,NA,NA,NA
Unknown organism,Unknown organism,outgroup,motu718,motu718,ASV1295,parent,734,Unknown organism,Unknown organism,outgroup,100,5.4199999999999993e-132,NA,NA,NA,NA,NA,NA,NA
Unknown organism,Unknown organism,outgroup,motu721,motu721,ASV1298,parent,737,Unknown organism,Unknown organism,outgroup,100,5.4199999999999993e-132,NA,NA,NA,NA,NA,NA,NA
Unknown organism,Unknown organism,outgroup,motu726,motu726,ASV1306,parent,742,Unknown organism,Unknown organism,outgroup,92.52,2.64e-100,NA,NA,NA,NA,NA,NA,NA
Unknown organism,Unknown organism,outgroup,motu743,motu743,ASV1329,parent,761,Unknown organism,Unknown organism,outgroup,91.498,1.23e-93,NA,NA,NA,NA,NA,NA,NA
Unknown organism,Unknown organism,outgroup,motu744,motu744,ASV1330,parent,760,Unknown organism,Unknown organism,outgroup,90.945,1.23e-93,NA,NA,NA,NA,NA,NA,NA
Unknown organism,Unknown organism,outgroup,motu747,motu747,ASV1333,parent,763,Unknown organism,Unknown organism,outgroup,93.333,1.22e-103,NA,NA,NA,NA,NA,NA,NA
Unknown organism,Unknown organism,outgroup,motu748,motu748,ASV1334,parent,764,Unknown organism,Unknown organism,outgroup,90.476,2.06e-91,NA,NA,NA,NA,NA,NA,NA
Unknown organism,Unknown organism,outgroup,motu754,motu754,ASV1346,parent,770,Unknown organism,Unknown organism,outgroup,88.976,2.69e-85,NA,NA,NA,NA,NA,NA,NA
Unknown organism,Unknown organism,outgroup,motu760,motu760,ASV1354,parent,775,Unknown organism,Unknown organism,outgroup,100,5.4199999999999993e-132,NA,NA,NA,NA,NA,NA,NA
Unknown organism,Unknown organism,outgroup,motu766,motu766,ASV1363,parent,782,Unknown organism,Unknown organism,outgroup,100,5.4199999999999993e-132,NA,NA,NA,NA,NA,NA,NA
Unknown organism,Unknown organism,outgroup,motu768,motu768,ASV1365,parent,546,Unknown organism,Unknown organism,outgroup,100,1.1799999999999999e-133,NA,NA,NA,NA,NA,NA,NA
Unknown organism,Unknown organism,outgroup,motu768,motu768,ASV1529,parent,546,Unknown organism,Unknown organism,outgroup,100,1.1799999999999999e-133,NA,NA,NA,NA,NA,NA,NA
Unknown organism,Unknown organism,outgroup,motu768,motu768,ASV1835,parent,546,Unknown organism,Unknown organism,outgroup,100,1.1799999999999999e-133,NA,NA,NA,NA,NA,NA,NA
Unknown organism,Unknown organism,outgroup,motu775,motu775,ASV1374,parent,790,Unknown organism,Unknown organism,outgroup,86.22,1.27e-73,NA,NA,NA,NA,NA,NA,NA
Unknown organism,Unknown organism,outgroup,motu787,motu787,ASV1388,parent,801,Unknown organism,Unknown organism,outgroup,100,5.4199999999999993e-132,NA,NA,NA,NA,NA,NA,NA
Unknown organism,Unknown organism,outgroup,motu788,motu788,ASV2084,parent,641,Unknown organism,Unknown organism,outgroup,99.603,9.079999999999999e-130,NA,NA,NA,NA,NA,NA,NA
Unknown organism,Unknown organism,outgroup,motu789,motu789,ASV1391,parent,803,Unknown organism,Unknown organism,outgroup,99.592,7.07e-126,NA,NA,NA,NA,NA,NA,NA
Unknown organism,Unknown organism,outgroup,motu794,motu794,ASV1399,parent,808,Unknown organism,Unknown organism,outgroup,99.605,2.5199999999999995e-130,NA,NA,NA,NA,NA,NA,NA
Unknown organism,Unknown organism,outgroup,motu807,motu807,ASV1412,parent,821,Unknown organism,Unknown organism,outgroup,93.676,2.6100000000000002e-105,NA,NA,NA,NA,NA,NA,NA
Unknown organism,Unknown organism,outgroup,motu814,motu814,ASV1424,parent,825,Unknown organism,Unknown organism,outgroup,96.327,1.5499999999999997e-112,NA,NA,NA,NA,NA,NA,NA
Unknown organism,Unknown organism,outgroup,motu817,motu817,ASV1429,parent,829,Unknown organism,Unknown organism,outgroup,100,5.4199999999999993e-132,NA,NA,NA,NA,NA,NA,NA
Unknown organism,Unknown organism,outgroup,motu822,motu822,ASV1439,parent,835,Unknown organism,Unknown organism,outgroup,91.732,1.59e-97,NA,NA,NA,NA,NA,NA,NA
uncultured prokaryote,Unknown organism,outgroup,motu823,motu823,ASV1581,parent,612,Unknown organism,Unknown organism,outgroup,98.77,5.5e-122,NA,NA,NA,NA,NA,NA,NA
Unknown organism,Unknown organism,outgroup,motu835,motu835,ASV1457,parent,848,Unknown organism,Unknown organism,outgroup,88.211,9.780000000000001e-80,NA,NA,NA,NA,NA,NA,NA
Unknown organism,Unknown organism,outgroup,motu839,motu839,ASV1464,parent,851,Unknown organism,Unknown organism,outgroup,92.623,5.75e-97,NA,NA,NA,NA,NA,NA,NA
Unknown organism,Unknown organism,outgroup,motu857,motu857,ASV1490,parent,869,Unknown organism,Unknown organism,outgroup,96.429,1.9899999999999998e-116,NA,NA,NA,NA,NA,NA,NA
Unknown organism,Unknown organism,outgroup,motu867,motu867,ASV1502,parent,879,Unknown organism,Unknown organism,outgroup,100,1.9499999999999998e-131,NA,NA,NA,NA,NA,NA,NA
Unknown organism,Unknown organism,outgroup,motu869,motu869,ASV1504,parent,882,Unknown organism,Unknown organism,outgroup,90.909,1.23e-93,NA,NA,NA,NA,NA,NA,NA
Unknown organism,Unknown organism,outgroup,motu887,motu887,ASV1525,parent,901,Unknown organism,Unknown organism,outgroup,96.457,1.55e-117,NA,NA,NA,NA,NA,NA,NA
Unknown organism,Unknown organism,outgroup,motu892,motu892,ASV1531,parent,904,Unknown organism,Unknown organism,outgroup,94.51,3.3899999999999996e-109,NA,NA,NA,NA,NA,NA,NA
Unknown organism,Unknown organism,outgroup,motu900,motu900,ASV1540,parent,912,Unknown organism,Unknown organism,outgroup,100,5.4199999999999993e-132,NA,NA,NA,NA,NA,NA,NA
Unknown organism,Unknown organism,outgroup,motu902,motu902,ASV1542,parent,913,Unknown organism,Unknown organism,outgroup,94.488,1.21e-108,NA,NA,NA,NA,NA,NA,NA
Unknown organism,Unknown organism,outgroup,motu903,motu903,ASV1543,parent,914,Unknown organism,Unknown organism,outgroup,92.549,2.63e-100,NA,NA,NA,NA,NA,NA,NA
Unknown organism,Unknown organism,outgroup,motu908,motu908,ASV1550,parent,920,Unknown organism,Unknown organism,outgroup,90.476,2.67e-90,NA,NA,NA,NA,NA,NA,NA
Unknown organism,Unknown organism,outgroup,motu910,motu910,ASV1553,parent,748,Unknown organism,Unknown organism,outgroup,96.774,7.169999999999999e-116,NA,NA,NA,NA,NA,NA,NA
Unknown organism,Unknown organism,outgroup,motu910,motu910,ASV1927,parent,748,Unknown organism,Unknown organism,outgroup,96.371,3.33e-114,NA,NA,NA,NA,NA,NA,NA
Unknown organism,Unknown organism,outgroup,motu912,motu912,ASV1555,parent,923,Unknown organism,Unknown organism,outgroup,93.281,1.22e-103,NA,NA,NA,NA,NA,NA,NA
Unknown organism,Unknown organism,outgroup,motu914,motu914,ASV1557,parent,924,Unknown organism,Unknown organism,outgroup,99.209,1.1699999999999998e-128,NA,NA,NA,NA,NA,NA,NA
Unknown organism,Unknown organism,outgroup,motu921,motu921,ASV1568,parent,931,Unknown organism,Unknown organism,outgroup,98.413,9.139999999999999e-125,NA,NA,NA,NA,NA,NA,NA
Unknown organism,Unknown organism,outgroup,motu933,motu933,ASV1586,parent,942,Unknown organism,Unknown organism,outgroup,91.373,7.399999999999999e-96,NA,NA,NA,NA,NA,NA,NA
Unknown organism,Unknown organism,outgroup,motu936,motu936,ASV1589,parent,945,Unknown organism,Unknown organism,outgroup,100,1.52e-127,NA,NA,NA,NA,NA,NA,NA
Unknown organism,Unknown organism,outgroup,motu938,motu938,ASV1592,parent,948,Unknown organism,Unknown organism,outgroup,95.2,2.5999999999999996e-110,NA,NA,NA,NA,NA,NA,NA
Unknown organism,Unknown organism,outgroup,motu941,motu941,ASV1596,parent,950,Unknown organism,Unknown organism,outgroup,93.927,1.57e-102,NA,NA,NA,NA,NA,NA,NA
Unknown organism,Unknown organism,outgroup,motu942,motu942,ASV1597,parent,952,Unknown organism,Unknown organism,outgroup,99.592,7.07e-126,NA,NA,NA,NA,NA,NA,NA
Unknown organism,Unknown organism,outgroup,motu943,motu943,ASV1598,parent,953,Unknown organism,Unknown organism,outgroup,90.545,1.05e-99,NA,NA,NA,NA,NA,NA,NA
Unknown organism,Unknown organism,outgroup,motu958,motu958,ASV1622,parent,968,Unknown organism,Unknown organism,outgroup,89.494,1.26e-88,NA,NA,NA,NA,NA,NA,NA
Unknown organism,Unknown organism,outgroup,motu968,motu968,ASV1633,parent,979,Unknown organism,Unknown organism,outgroup,90.842,2.2699999999999995e-101,NA,NA,NA,NA,NA,NA,NA
Unknown organism,Unknown organism,outgroup,motu979,motu979,ASV1648,parent,988,Unknown organism,Unknown organism,outgroup,99.209,1.1699999999999998e-128,NA,NA,NA,NA,NA,NA,NA
Unknown organism,Unknown organism,outgroup,motu998,motu998,ASV1672,parent,1008,Unknown organism,Unknown organism,outgroup,100,4.25e-133,NA,NA,NA,NA,NA,NA,NA
Unknown organism,Unknown organism,outgroup,motu1004,motu1004,ASV1680,parent,1012,Unknown organism,Unknown organism,outgroup,88.755,5.819999999999999e-82,NA,NA,NA,NA,NA,NA,NA
Unknown organism,Unknown organism,outgroup,motu1007,motu1007,ASV1683,parent,1014,Unknown organism,Unknown organism,outgroup,93.307,1.22e-103,NA,NA,NA,NA,NA,NA,NA
Unknown organism,Unknown organism,outgroup,motu1013,motu1013,ASV1691,parent,1021,Unknown organism,Unknown organism,outgroup,93.676,2.6100000000000002e-105,NA,NA,NA,NA,NA,NA,NA
Unknown organism,Unknown organism,outgroup,motu1016,motu1016,ASV1696,parent,1023,Unknown organism,Unknown organism,outgroup,91.6,2.65e-95,NA,NA,NA,NA,NA,NA,NA
Unknown organism,Unknown organism,outgroup,motu1037,motu1037,ASV1724,parent,1042,Unknown organism,Unknown organism,outgroup,100,5.4199999999999993e-132,NA,NA,NA,NA,NA,NA,NA
Unknown organism,Unknown organism,outgroup,motu1044,motu1044,ASV1732,parent,1049,Unknown organism,Unknown organism,outgroup,91.406,5.77e-97,NA,NA,NA,NA,NA,NA,NA
Unknown organism,Unknown organism,outgroup,motu1046,motu1046,ASV1734,parent,1053,Unknown organism,Unknown organism,outgroup,98.819,5.46e-127,NA,NA,NA,NA,NA,NA,NA
Unknown organism,Unknown organism,outgroup,motu1047,motu1047,ASV1735,parent,1051,Unknown organism,Unknown organism,outgroup,98.444,5.53e-127,NA,NA,NA,NA,NA,NA,NA
Unknown organism,Unknown organism,outgroup,motu1053,motu1053,ASV1745,parent,1059,Unknown organism,Unknown organism,outgroup,99.184,3.2899999999999996e-124,NA,NA,NA,NA,NA,NA,NA
Unknown organism,Unknown organism,outgroup,motu1055,motu1055,ASV1747,parent,1060,Unknown organism,Unknown organism,outgroup,94.488,1.21e-108,NA,NA,NA,NA,NA,NA,NA
Unknown organism,Unknown organism,outgroup,motu1057,motu1057,ASV1751,parent,1063,Unknown organism,Unknown organism,outgroup,95.885,9.339999999999999e-110,NA,NA,NA,NA,NA,NA,NA
Unknown organism,Unknown organism,outgroup,motu1076,motu1076,ASV1779,parent,1081,Unknown organism,Unknown organism,outgroup,96.838,1.19e-118,NA,NA,NA,NA,NA,NA,NA
Unknown organism,Unknown organism,outgroup,motu1081,motu1081,ASV1786,parent,1086,Unknown organism,Unknown organism,outgroup,99.209,1.1699999999999998e-128,NA,NA,NA,NA,NA,NA,NA
Unknown organism,Unknown organism,outgroup,motu1093,motu1093,ASV1802,parent,1098,Unknown organism,Unknown organism,outgroup,100,5.4199999999999993e-132,NA,NA,NA,NA,NA,NA,NA
Unknown organism,Unknown organism,outgroup,motu1106,motu1106,ASV1820,parent,1110,Unknown organism,Unknown organism,outgroup,100,5.4199999999999993e-132,NA,NA,NA,NA,NA,NA,NA
Unknown organism,Unknown organism,outgroup,motu1107,motu1107,ASV1822,parent,1112,Unknown organism,Unknown organism,outgroup,85.039,5.949999999999999e-67,NA,NA,NA,NA,NA,NA,NA
Unknown organism,Unknown organism,outgroup,motu1109,motu1109,ASV1824,parent,919,Unknown organism,Unknown organism,outgroup,86.667,2.73e-75,NA,NA,NA,NA,NA,NA,NA
Unknown organism,Unknown organism,outgroup,motu1109,motu1109,ASV1943,parent,919,Unknown organism,Unknown organism,outgroup,87.607,4.56e-73,NA,NA,NA,NA,NA,NA,NA
Unknown organism,Unknown organism,outgroup,motu1112,motu1112,ASV1831,parent,1115,Unknown organism,Unknown organism,outgroup,93.676,2.6100000000000002e-105,NA,NA,NA,NA,NA,NA,NA
Unknown organism,Unknown organism,outgroup,motu1120,motu1120,ASV1845,parent,1123,Unknown organism,Unknown organism,outgroup,93.281,1.22e-103,NA,NA,NA,NA,NA,NA,NA
Unknown organism,Unknown organism,outgroup,motu1125,motu1125,ASV1855,parent,1126,Unknown organism,Unknown organism,outgroup,99.605,2.5199999999999995e-130,NA,NA,NA,NA,NA,NA,NA
Unknown organism,Unknown organism,outgroup,motu1128,motu1128,ASV1861,parent,1130,Unknown organism,Unknown organism,outgroup,93.469,7.319999999999999e-101,NA,NA,NA,NA,NA,NA,NA
Unknown organism,Unknown organism,outgroup,motu1134,motu1134,ASV1871,parent,1136,Unknown organism,Unknown organism,outgroup,94.51,3.3699999999999996e-109,NA,NA,NA,NA,NA,NA,NA
Unknown organism,Unknown organism,outgroup,motu1139,motu1139,ASV1879,parent,1141,Unknown organism,Unknown organism,outgroup,100,1.9499999999999998e-131,NA,NA,NA,NA,NA,NA,NA
Unknown organism,Unknown organism,outgroup,motu1144,motu1144,ASV1884,parent,1145,Unknown organism,Unknown organism,outgroup,100,4.25e-133,NA,NA,NA,NA,NA,NA,NA
Unknown organism,Unknown organism,outgroup,motu1145,motu1145,ASV1885,parent,1147,Unknown organism,Unknown organism,outgroup,90.323,1.2399999999999998e-88,NA,NA,NA,NA,NA,NA,NA
Unknown organism,Unknown organism,outgroup,motu1153,motu1153,ASV1894,parent,1153,Unknown organism,Unknown organism,outgroup,99.605,2.5199999999999995e-130,NA,NA,NA,NA,NA,NA,NA
Unknown organism,Unknown organism,outgroup,motu1155,motu1155,ASV1896,parent,1157,Unknown organism,Unknown organism,outgroup,95.219,7.22e-111,NA,NA,NA,NA,NA,NA,NA
Unknown organism,Unknown organism,outgroup,motu1157,motu1157,ASV1898,parent,1159,Unknown organism,Unknown organism,outgroup,100,5.4199999999999993e-132,NA,NA,NA,NA,NA,NA,NA
Unknown organism,Unknown organism,outgroup,motu1159,motu1159,ASV1901,parent,1154,Unknown organism,Unknown organism,outgroup,98.81,1.9599999999999997e-126,NA,NA,NA,NA,NA,NA,NA
Unknown organism,Unknown organism,outgroup,motu1166,motu1166,ASV1914,parent,1168,Unknown organism,Unknown organism,outgroup,94.071,5.62e-107,NA,NA,NA,NA,NA,NA,NA
Unknown organism,Unknown organism,outgroup,motu1167,motu1167,ASV1915,parent,1166,Unknown organism,Unknown organism,outgroup,100,1.1799999999999999e-133,NA,NA,NA,NA,NA,NA,NA
Unknown organism,Unknown organism,outgroup,motu1168,motu1168,ASV1916,parent,1170,Unknown organism,Unknown organism,outgroup,100,5.4199999999999993e-132,NA,NA,NA,NA,NA,NA,NA
Unknown organism,Unknown organism,outgroup,motu1170,motu1170,ASV1918,parent,1171,Unknown organism,Unknown organism,outgroup,89.062,5.859999999999999e-87,NA,NA,NA,NA,NA,NA,NA
Unknown organism,Unknown organism,outgroup,motu1177,motu1177,ASV1926,parent,1178,Unknown organism,Unknown organism,outgroup,94.526,1.72e-117,NA,NA,NA,NA,NA,NA,NA
Unknown organism,Unknown organism,outgroup,motu1190,motu1190,ASV1942,parent,1190,Unknown organism,Unknown organism,outgroup,96.4,2.58e-115,NA,NA,NA,NA,NA,NA,NA
Unknown organism,Unknown organism,outgroup,motu1192,motu1192,ASV1945,parent,1192,Unknown organism,Unknown organism,outgroup,100,1.1799999999999999e-133,NA,NA,NA,NA,NA,NA,NA
Unknown organism,Unknown organism,outgroup,motu1193,motu1193,ASV1946,parent,1194,Unknown organism,Unknown organism,outgroup,96.443,5.54e-117,NA,NA,NA,NA,NA,NA,NA
Unknown organism,Unknown organism,outgroup,motu1196,motu1196,ASV1952,parent,1195,Unknown organism,Unknown organism,outgroup,98.77,1.98e-121,NA,NA,NA,NA,NA,NA,NA
Unknown organism,Unknown organism,outgroup,motu1207,motu1207,ASV1965,parent,1209,Unknown organism,Unknown organism,outgroup,94.51,3.3899999999999996e-109,NA,NA,NA,NA,NA,NA,NA
Unknown organism,Unknown organism,outgroup,motu1213,motu1213,ASV1972,parent,1215,Unknown organism,Unknown organism,outgroup,100,4.25e-133,NA,NA,NA,NA,NA,NA,NA
Unknown organism,Unknown organism,outgroup,motu1220,motu1220,ASV1979,parent,1221,Unknown organism,Unknown organism,outgroup,97.233,2.5599999999999998e-120,NA,NA,NA,NA,NA,NA,NA
Unknown organism,Unknown organism,outgroup,motu1224,motu1224,ASV1983,parent,1225,Unknown organism,Unknown organism,outgroup,100,4.25e-133,NA,NA,NA,NA,NA,NA,NA
Unknown organism,Unknown organism,outgroup,motu1237,motu1237,ASV1996,parent,1236,Unknown organism,Unknown organism,outgroup,100,1.1799999999999999e-133,NA,NA,NA,NA,NA,NA,NA
Unknown organism,Unknown organism,outgroup,motu1249,motu1249,ASV2011,parent,1250,Unknown organism,Unknown organism,outgroup,96.429,1.9899999999999998e-116,NA,NA,NA,NA,NA,NA,NA
Unknown organism,Unknown organism,outgroup,motu1273,motu1273,ASV2036,parent,1271,Unknown organism,Unknown organism,outgroup,100,4.25e-133,NA,NA,NA,NA,NA,NA,NA
Unknown organism,Unknown organism,outgroup,motu1276,motu1276,ASV2040,parent,1276,Unknown organism,Unknown organism,outgroup,90.157,2.67e-90,NA,NA,NA,NA,NA,NA,NA
Unknown organism,Unknown organism,outgroup,motu1287,motu1287,ASV2052,parent,1282,Unknown organism,Unknown organism,outgroup,92.188,2.67e-100,NA,NA,NA,NA,NA,NA,NA
Unknown organism,Unknown organism,outgroup,motu1288,motu1288,ASV2053,parent,1283,Unknown organism,Unknown organism,outgroup,98.81,1.9599999999999997e-126,NA,NA,NA,NA,NA,NA,NA
Unknown organism,Unknown organism,outgroup,motu1290,motu1290,ASV2055,parent,1290,Unknown organism,Unknown organism,outgroup,100,1.9499999999999998e-131,NA,NA,NA,NA,NA,NA,NA
Unknown organism,Unknown organism,outgroup,motu1305,motu1305,ASV2071,parent,1304,Unknown organism,Unknown organism,outgroup,91.373,2.66e-95,NA,NA,NA,NA,NA,NA,NA
Unknown organism,Unknown organism,outgroup,motu1307,motu1307,ASV2073,parent,1306,Unknown organism,Unknown organism,outgroup,100,1.1799999999999999e-133,NA,NA,NA,NA,NA,NA,NA
Unknown organism,Unknown organism,outgroup,motu1312,motu1312,ASV2078,parent,1312,Unknown organism,Unknown organism,outgroup,99.219,2.5599999999999996e-130,NA,NA,NA,NA,NA,NA,NA
Unknown organism,Unknown organism,outgroup,motu1316,motu1316,ASV2082,parent,1314,Unknown organism,Unknown organism,outgroup,87.952,1.26e-78,NA,NA,NA,NA,NA,NA,NA
Unknown organism,Unknown organism,outgroup,motu1319,motu1319,ASV2087,parent,1317,Unknown organism,Unknown organism,outgroup,100,5.4199999999999993e-132,NA,NA,NA,NA,NA,NA,NA
Unknown organism,Unknown organism,outgroup,motu1325,motu1325,ASV2096,parent,1325,Unknown organism,Unknown organism,outgroup,94.862,2.5999999999999996e-110,NA,NA,NA,NA,NA,NA,NA
Unknown organism,Unknown organism,outgroup,motu1329,motu1329,ASV2100,parent,1330,Unknown organism,Unknown organism,outgroup,86.923,5.9400000000000005e-77,NA,NA,NA,NA,NA,NA,NA
Unknown organism,Unknown organism,outgroup,motu1331,motu1331,ASV2103,parent,1328,Unknown organism,Unknown organism,outgroup,98.81,1.9599999999999997e-126,NA,NA,NA,NA,NA,NA,NA
Unknown organism,Unknown organism,outgroup,motu1336,motu1336,ASV2109,parent,1335,Unknown organism,Unknown organism,outgroup,93.145,2.63e-100,NA,NA,NA,NA,NA,NA,NA
Unknown organism,Unknown organism,outgroup,motu1342,motu1342,ASV2115,parent,1338,Unknown organism,Unknown organism,outgroup,97.255,2e-121,NA,NA,NA,NA,NA,NA,NA
Unknown organism,Unknown organism,outgroup,motu1348,motu1348,ASV2126,parent,1346,Unknown organism,Unknown organism,outgroup,100,4.599999999999999e-143,NA,NA,NA,NA,NA,NA,NA
Unknown organism,Unknown organism,outgroup,motu1352,motu1352,ASV2130,parent,1353,Unknown organism,Unknown organism,outgroup,99.597,1.53e-127,NA,NA,NA,NA,NA,NA,NA
Unknown organism,Unknown organism,outgroup,motu1359,motu1359,ASV2138,parent,1350,Unknown organism,Unknown organism,outgroup,100,1.1799999999999999e-133,NA,NA,NA,NA,NA,NA,NA
Unknown organism,Unknown organism,outgroup,motu1365,motu1365,ASV2145,parent,1364,Unknown organism,Unknown organism,outgroup,100,4.25e-133,NA,NA,NA,NA,NA,NA,NA
Unknown organism,Unknown organism,outgroup,motu1367,motu1367,ASV2147,parent,1373,Unknown organism,Unknown organism,outgroup,100,4.25e-133,NA,NA,NA,NA,NA,NA,NA
Unknown organism,Unknown organism,outgroup,motu1369,motu1369,ASV2149,parent,1365,Unknown organism,Unknown organism,outgroup,100,4.25e-133,NA,NA,NA,NA,NA,NA,NA
Unknown organism,Unknown organism,outgroup,motu1371,motu1371,ASV2151,parent,1366,Unknown organism,Unknown organism,outgroup,92.095,1.2199999999999999e-98,NA,NA,NA,NA,NA,NA,NA
Unknown organism,Unknown organism,outgroup,motu1392,motu1392,ASV2178,parent,1392,Unknown organism,Unknown organism,outgroup,91.473,5.77e-97,NA,NA,NA,NA,NA,NA,NA
Unknown organism,Unknown organism,outgroup,motu1426,motu1426,ASV2214,parent,1426,Unknown organism,Unknown organism,outgroup,97.6,2.59e-120,NA,NA,NA,NA,NA,NA,NA
Unknown organism,Unknown organism,outgroup,motu1427,motu1427,ASV2215,parent,1427,Unknown organism,Unknown organism,outgroup,100,1.1799999999999999e-133,NA,NA,NA,NA,NA,NA,NA
Unknown organism,Unknown organism,outgroup,motu1436,motu1436,ASV2226,parent,1435,Unknown organism,Unknown organism,outgroup,95.547,2.6199999999999998e-110,NA,NA,NA,NA,NA,NA,NA
Unknown organism,Unknown organism,outgroup,motu1440,motu1440,ASV2230,parent,1436,Unknown organism,Unknown organism,outgroup,100,4.25e-133,NA,NA,NA,NA,NA,NA,NA
Unknown organism,Unknown organism,outgroup,motu1451,motu1451,ASV2241,parent,1450,Unknown organism,Unknown organism,outgroup,92.126,1.2199999999999999e-98,NA,NA,NA,NA,NA,NA,NA
Unknown organism,Unknown organism,outgroup,motu1462,motu1462,ASV2253,parent,1453,Unknown organism,Unknown organism,outgroup,96.471,4.34e-118,NA,NA,NA,NA,NA,NA,NA
Unknown organism,Unknown organism,outgroup,motu1466,motu1466,ASV2257,parent,1454,Unknown organism,Unknown organism,outgroup,92.885,5.66e-102,NA,NA,NA,NA,NA,NA,NA
Unknown organism,Unknown organism,outgroup,motu1467,motu1467,ASV2258,parent,1467,Unknown organism,Unknown organism,outgroup,92.49,2.63e-100,NA,NA,NA,NA,NA,NA,NA
Unknown organism,Unknown organism,outgroup,motu1468,motu1468,ASV2259,parent,1468,Unknown organism,Unknown organism,outgroup,88.446,5.9e-82,NA,NA,NA,NA,NA,NA,NA
Unknown organism,Unknown organism,outgroup,motu1473,motu1473,ASV2265,parent,1473,Unknown organism,Unknown organism,outgroup,93.281,1.22e-103,NA,NA,NA,NA,NA,NA,NA
Unknown organism,Unknown organism,outgroup,motu1513,motu1513,ASV2307,parent,1510,Unknown organism,Unknown organism,outgroup,96.443,5.54e-117,NA,NA,NA,NA,NA,NA,NA
Unknown organism,Unknown organism,outgroup,motu1516,motu1516,ASV2310,parent,1513,Unknown organism,Unknown organism,outgroup,94.118,1.5799999999999997e-107,NA,NA,NA,NA,NA,NA,NA
Unknown organism,Unknown organism,outgroup,motu1517,motu1517,ASV2311,parent,1514,Unknown organism,Unknown organism,outgroup,85.882,5.9e-72,NA,NA,NA,NA,NA,NA,NA
Unknown organism,Unknown organism,outgroup,motu1539,motu1539,ASV2334,parent,1538,Unknown organism,Unknown organism,outgroup,86.166,1.27e-73,NA,NA,NA,NA,NA,NA,NA
Unknown organism,Unknown organism,outgroup,motu1540,motu1540,ASV2335,parent,1539,Unknown organism,Unknown organism,outgroup,93.676,2.6100000000000002e-105,NA,NA,NA,NA,NA,NA,NA
Unknown organism,Unknown organism,outgroup,motu1542,motu1542,ASV2337,parent,1543,Unknown organism,Unknown organism,outgroup,99.209,1.1699999999999998e-128,NA,NA,NA,NA,NA,NA,NA
Unknown organism,Unknown organism,outgroup,motu1543,motu1543,ASV2338,parent,1544,Unknown organism,Unknown organism,outgroup,94.862,2.5999999999999996e-110,NA,NA,NA,NA,NA,NA,NA
Unknown organism,Unknown organism,outgroup,motu1591,motu1591,ASV2387,parent,1591,Unknown organism,Unknown organism,outgroup,100,5.4199999999999993e-132,NA,NA,NA,NA,NA,NA,NA
Unknown organism,Unknown organism,outgroup,motu1592,motu1592,ASV2388,parent,1592,Unknown organism,Unknown organism,outgroup,98.047,2.5699999999999997e-125,NA,NA,NA,NA,NA,NA,NA
Unknown organism,Unknown organism,outgroup,motu1676,motu1676,ASV2474,parent,1676,Unknown organism,Unknown organism,outgroup,99.605,2.7899999999999997e-130,NA,NA,NA,NA,NA,NA,NA
Verrucomicrobiota,Bacteria,outgroup,motu1381,motu1381,ASV2162,parent,1382,Verrucomicrobiota,Bacteria,outgroup,99.267,9.959999999999999e-140,Bacteria,Verrucomicrobiota,NA,NA,NA,NA,NA
Xiphister,Prickleback species,genus,motu26,motu26,ASV29,parent,26,Xiphister,Prickleback species,genus,100,1.72e-85,Eukaryota,Chordata,Teleostei,Perciformes,Stichaeidae,Xiphister,0
Xiphister,Prickleback species,genus,motu26,motu26,ASV124,parent,26,Xiphister,Prickleback species,genus,100,1.73e-85,Eukaryota,Chordata,Teleostei,Perciformes,Stichaeidae,Xiphister,0
Xiphister,Prickleback species,genus,motu26,motu26,ASV194,parent,26,Xiphister,Prickleback species,genus,99.408,8.02e-84,Eukaryota,Chordata,Teleostei,Perciformes,Stichaeidae,Xiphister,0
Xiphister,Prickleback species,genus,motu26,motu26,ASV214,parent,26,Xiphister,Prickleback species,genus,99.408,8.02e-84,Eukaryota,Chordata,Teleostei,Perciformes,Stichaeidae,Xiphister,0
Xiphister,Prickleback species,genus,motu26,motu26,ASV660,parent,26,Xiphister,Prickleback species,genus,99.408,8.02e-84,Eukaryota,Chordata,Teleostei,Perciformes,Stichaeidae,Xiphister,0
Xiphister,Prickleback species,genus,motu26,motu26,ASV256,parent,26,Xiphister,Prickleback species,genus,98.817,3.7299999999999996e-82,Eukaryota,Chordata,Teleostei,Perciformes,Stichaeidae,Xiphister,0
Xiphister,Prickleback species,genus,motu26,motu26,ASV476,parent,26,Xiphister,Prickleback species,genus,99.408,8.07e-84,Eukaryota,Chordata,Teleostei,Perciformes,Stichaeidae,Xiphister,0
Yersiniaceae,Bacteria,outgroup,motu427,motu427,ASV864,parent,448,Yersiniaceae,Bacteria,outgroup,100,5.4199999999999993e-132,Bacteria,Pseudomonadota,Gammaproteobacteria,Enterobacterales,Yersiniaceae,NA,NA
uncultured Gammaproteobacteria bacterium,Bacteria,outgroup,motu278,motu278,ASV601,parent,306,uncultured Gammaproteobacteria bacterium,Bacteria,outgroup,99.605,2.5199999999999995e-130,Bacteria,Pseudomonadota,Gammaproteobacteria,NA,NA,NA,NA
uncultured Gammaproteobacteria bacterium,Bacteria,outgroup,motu1095,motu1095,ASV1804,parent,1099,uncultured Gammaproteobacteria bacterium,Bacteria,outgroup,99.609,5.489999999999999e-132,Bacteria,Pseudomonadota,Gammaproteobacteria,NA,NA,NA,NA
uncultured Gammaproteobacteria bacterium,Bacteria,outgroup,motu1626,motu1626,ASV2422,parent,1626,uncultured Gammaproteobacteria bacterium,Bacteria,outgroup,98.276,6.92e-53,Bacteria,Pseudomonadota,Gammaproteobacteria,NA,NA,NA,NA
uncultured Microgenomates group bacterium,Bacteria,outgroup,motu301,motu301,ASV639,parent,325,uncultured Microgenomates group bacterium,Bacteria,outgroup,100,1.5099999999999997e-132,Bacteria,NA,NA,NA,NA,NA,NA
Unknown organism,Unknown organism,outgroup,motu143,motu143,ASV2009,parent,132,uncultured Parcubacteria group bacterium,Bacteria,outgroup,97.143,2.58e-115,Bacteria,NA,NA,NA,NA,NA,NA
uncultured Parcubacteria group bacterium,Bacteria,outgroup,motu210,motu210,ASV449,parent,175,uncultured Parcubacteria group bacterium,Bacteria,outgroup,98.047,2.5699999999999997e-125,Bacteria,NA,NA,NA,NA,NA,NA
uncultured Parcubacteria group bacterium,Bacteria,outgroup,motu210,motu210,ASV1184,parent,175,uncultured Parcubacteria group bacterium,Bacteria,outgroup,98.438,5.53e-127,Bacteria,NA,NA,NA,NA,NA,NA
uncultured Parcubacteria group bacterium,Bacteria,outgroup,motu210,motu210,ASV2301,parent,175,uncultured Parcubacteria group bacterium,Bacteria,outgroup,98.047,2.5699999999999997e-125,Bacteria,NA,NA,NA,NA,NA,NA
uncultured Parcubacteria group bacterium,Bacteria,outgroup,motu249,motu249,ASV532,parent,269,uncultured Parcubacteria group bacterium,Bacteria,outgroup,97.143,7.169999999999999e-116,Bacteria,NA,NA,NA,NA,NA,NA
uncultured Parcubacteria group bacterium,Bacteria,outgroup,motu436,motu436,ASV877,parent,456,uncultured Parcubacteria group bacterium,Bacteria,outgroup,96.234,3.3599999999999996e-109,Bacteria,NA,NA,NA,NA,NA,NA
uncultured Parcubacteria group bacterium,Bacteria,outgroup,motu470,motu470,ASV936,parent,494,uncultured Parcubacteria group bacterium,Bacteria,outgroup,97.046,2.01e-111,Bacteria,NA,NA,NA,NA,NA,NA
uncultured Parcubacteria group bacterium,Bacteria,outgroup,motu477,motu477,ASV946,parent,501,uncultured Parcubacteria group bacterium,Bacteria,outgroup,96.875,2.59e-120,Bacteria,NA,NA,NA,NA,NA,NA
uncultured Parcubacteria group bacterium,Bacteria,outgroup,motu520,motu520,ASV1021,parent,545,uncultured Parcubacteria group bacterium,Bacteria,outgroup,99.6,1.19e-128,Bacteria,NA,NA,NA,NA,NA,NA
uncultured Parcubacteria group bacterium,Bacteria,outgroup,motu526,motu526,ASV1028,parent,398,uncultured Parcubacteria group bacterium,Bacteria,outgroup,99.592,7.16e-126,Bacteria,NA,NA,NA,NA,NA,NA
uncultured Parcubacteria group bacterium,Bacteria,outgroup,motu526,motu526,ASV1292,parent,398,uncultured Parcubacteria group bacterium,Bacteria,outgroup,99.184,3.3299999999999997e-124,Bacteria,NA,NA,NA,NA,NA,NA
uncultured Parcubacteria group bacterium,Bacteria,outgroup,motu592,motu592,ASV1116,parent,615,uncultured Parcubacteria group bacterium,Bacteria,outgroup,98.438,5.53e-127,Bacteria,NA,NA,NA,NA,NA,NA
uncultured Parcubacteria group bacterium,Bacteria,outgroup,motu783,motu783,ASV1384,parent,798,uncultured Parcubacteria group bacterium,Bacteria,outgroup,96.875,2.59e-120,Bacteria,NA,NA,NA,NA,NA,NA
uncultured Parcubacteria group bacterium,Bacteria,outgroup,motu801,motu801,ASV1406,parent,815,uncultured Parcubacteria group bacterium,Bacteria,outgroup,96.624,9.339999999999999e-110,Bacteria,NA,NA,NA,NA,NA,NA
uncultured Parcubacteria group bacterium,Bacteria,outgroup,motu813,motu813,ASV1420,parent,573,uncultured Parcubacteria group bacterium,Bacteria,outgroup,97.266,5.57e-122,Bacteria,NA,NA,NA,NA,NA,NA
uncultured Parcubacteria group bacterium,Bacteria,outgroup,motu813,motu813,ASV1423,parent,573,uncultured Parcubacteria group bacterium,Bacteria,outgroup,97.656,1.2000000000000002e-123,Bacteria,NA,NA,NA,NA,NA,NA
uncultured Parcubacteria group bacterium,Bacteria,outgroup,motu834,motu834,ASV1455,parent,847,uncultured Parcubacteria group bacterium,Bacteria,outgroup,100,5.4199999999999993e-132,Bacteria,NA,NA,NA,NA,NA,NA
uncultured Parcubacteria group bacterium,Bacteria,outgroup,motu875,motu875,ASV1510,parent,886,uncultured Parcubacteria group bacterium,Bacteria,outgroup,96.203,4.34e-108,Bacteria,NA,NA,NA,NA,NA,NA
uncultured Parcubacteria group bacterium,Bacteria,outgroup,motu882,motu882,ASV1520,parent,895,uncultured Parcubacteria group bacterium,Bacteria,outgroup,97.89,9.269999999999999e-115,Bacteria,NA,NA,NA,NA,NA,NA
uncultured Parcubacteria group bacterium,Bacteria,outgroup,motu884,motu884,ASV1522,parent,897,uncultured Parcubacteria group bacterium,Bacteria,outgroup,97.071,1.5499999999999997e-112,Bacteria,NA,NA,NA,NA,NA,NA
uncultured Parcubacteria group bacterium,Bacteria,outgroup,motu970,motu970,ASV1637,parent,978,uncultured Parcubacteria group bacterium,Bacteria,outgroup,97.046,2.01e-111,Bacteria,NA,NA,NA,NA,NA,NA
uncultured Parcubacteria group bacterium,Bacteria,outgroup,motu1065,motu1065,ASV1763,parent,1071,uncultured Parcubacteria group bacterium,Bacteria,outgroup,96.203,4.34e-108,Bacteria,NA,NA,NA,NA,NA,NA
uncultured Parcubacteria group bacterium,Bacteria,outgroup,motu1185,motu1185,ASV1936,parent,1186,uncultured Parcubacteria group bacterium,Bacteria,outgroup,98.745,3.309999999999999e-119,Bacteria,NA,NA,NA,NA,NA,NA
uncultured Parcubacteria group bacterium,Bacteria,outgroup,motu1257,motu1257,ASV2019,parent,1257,uncultured Parcubacteria group bacterium,Bacteria,outgroup,96.203,4.34e-108,Bacteria,NA,NA,NA,NA,NA,NA
uncultured Parcubacteria group bacterium,Bacteria,outgroup,motu1302,motu1302,ASV2068,parent,1301,uncultured Parcubacteria group bacterium,Bacteria,outgroup,96.203,4.34e-108,Bacteria,NA,NA,NA,NA,NA,NA
uncultured Parcubacteria group bacterium,Bacteria,outgroup,motu1382,motu1382,ASV2163,parent,1383,uncultured Parcubacteria group bacterium,Bacteria,outgroup,96.234,3.3599999999999996e-109,Bacteria,NA,NA,NA,NA,NA,NA
uncultured bacterium,Bacteria,outgroup,motu154,motu154,ASV315,parent,165,uncultured bacterium,Bacteria,outgroup,96.311,5.649999999999999e-112,Bacteria,NA,NA,NA,NA,NA,NA
uncultured bacterium,Bacteria,outgroup,motu157,motu157,ASV330,parent,141,uncultured bacterium,Bacteria,outgroup,99.18,1.2000000000000002e-123,Bacteria,NA,NA,NA,NA,NA,NA
uncultured bacterium,Bacteria,outgroup,motu157,motu157,ASV736,parent,141,uncultured bacterium,Bacteria,outgroup,99.59,2.5699999999999997e-125,Bacteria,NA,NA,NA,NA,NA,NA
uncultured bacterium,Bacteria,outgroup,motu157,motu157,ASV957,parent,141,uncultured bacterium,Bacteria,outgroup,99.18,1.2000000000000002e-123,Bacteria,NA,NA,NA,NA,NA,NA
uncultured bacterium,Bacteria,outgroup,motu159,motu159,ASV339,parent,145,uncultured bacterium,Bacteria,outgroup,97.266,5.57e-122,Bacteria,NA,NA,NA,NA,NA,NA
uncultured bacterium,Bacteria,outgroup,motu159,motu159,ASV817,parent,145,uncultured bacterium,Bacteria,outgroup,96.875,2.59e-120,Bacteria,NA,NA,NA,NA,NA,NA
uncultured bacterium,Bacteria,outgroup,motu159,motu159,ASV931,parent,145,uncultured bacterium,Bacteria,outgroup,96.875,2.59e-120,Bacteria,NA,NA,NA,NA,NA,NA
uncultured bacterium,Bacteria,outgroup,motu159,motu159,ASV1199,parent,145,uncultured bacterium,Bacteria,outgroup,96.875,2.59e-120,Bacteria,NA,NA,NA,NA,NA,NA
uncultured bacterium,Bacteria,outgroup,motu159,motu159,ASV1434,parent,145,uncultured bacterium,Bacteria,outgroup,96.875,2.59e-120,Bacteria,NA,NA,NA,NA,NA,NA
uncultured bacterium,Bacteria,outgroup,motu159,motu159,ASV1569,parent,145,uncultured bacterium,Bacteria,outgroup,96.875,2.59e-120,Bacteria,NA,NA,NA,NA,NA,NA
uncultured bacterium,Bacteria,outgroup,motu159,motu159,ASV1703,parent,145,uncultured bacterium,Bacteria,outgroup,96.875,2.59e-120,Bacteria,NA,NA,NA,NA,NA,NA
uncultured marine bacterium,Bacteria,outgroup,motu160,motu160,ASV1636,parent,147,uncultured bacterium,Bacteria,outgroup,97.656,1.2000000000000002e-123,Bacteria,NA,NA,NA,NA,NA,NA
uncultured bacterium,Bacteria,outgroup,motu170,motu170,ASV367,parent,157,uncultured bacterium,Bacteria,outgroup,96.838,1.19e-118,Bacteria,NA,NA,NA,NA,NA,NA
uncultured bacterium,Bacteria,outgroup,motu170,motu170,ASV1830,parent,157,uncultured bacterium,Bacteria,outgroup,96.443,5.54e-117,Bacteria,NA,NA,NA,NA,NA,NA
uncultured bacterium,Bacteria,outgroup,motu178,motu178,ASV390,parent,197,uncultured bacterium,Bacteria,outgroup,98.776,1.5500000000000002e-122,Bacteria,NA,NA,NA,NA,NA,NA
uncultured bacterium,Bacteria,outgroup,motu180,motu180,ASV392,parent,153,uncultured bacterium,Bacteria,outgroup,98.367,7.209999999999999e-121,Bacteria,NA,NA,NA,NA,NA,NA
uncultured bacterium,Bacteria,outgroup,motu180,motu180,ASV537,parent,153,uncultured bacterium,Bacteria,outgroup,97.959,3.349999999999999e-119,Bacteria,NA,NA,NA,NA,NA,NA
uncultured bacterium,Bacteria,outgroup,motu185,motu185,ASV398,parent,203,uncultured bacterium,Bacteria,outgroup,96.721,1.21e-113,Bacteria,NA,NA,NA,NA,NA,NA
uncultured bacterium,Bacteria,outgroup,motu199,motu199,ASV428,parent,213,uncultured bacterium,Bacteria,outgroup,100,5.4199999999999993e-132,Bacteria,NA,NA,NA,NA,NA,NA
uncultured bacterium,Bacteria,outgroup,motu209,motu209,ASV446,parent,227,uncultured bacterium,Bacteria,outgroup,99.18,1.2000000000000002e-123,Bacteria,NA,NA,NA,NA,NA,NA
uncultured bacterium,Bacteria,outgroup,motu223,motu223,ASV478,parent,241,uncultured bacterium,Bacteria,outgroup,98.024,1.18e-123,Bacteria,NA,NA,NA,NA,NA,NA
uncultured bacterium,Bacteria,outgroup,motu238,motu238,ASV512,parent,184,uncultured bacterium,Bacteria,outgroup,100,5.53e-127,Bacteria,NA,NA,NA,NA,NA,NA
uncultured bacterium,Bacteria,outgroup,motu238,motu238,ASV791,parent,184,uncultured bacterium,Bacteria,outgroup,99.59,2.5699999999999997e-125,Bacteria,NA,NA,NA,NA,NA,NA
uncultured bacterium,Bacteria,outgroup,motu238,motu238,ASV1205,parent,184,uncultured bacterium,Bacteria,outgroup,99.59,2.5699999999999997e-125,Bacteria,NA,NA,NA,NA,NA,NA
uncultured bacterium,Bacteria,outgroup,motu239,motu239,ASV513,parent,259,uncultured bacterium,Bacteria,outgroup,97.61,7.149999999999999e-121,Bacteria,NA,NA,NA,NA,NA,NA
uncultured bacterium,Bacteria,outgroup,motu253,motu253,ASV539,parent,273,uncultured bacterium,Bacteria,outgroup,97.647,4.31e-123,Bacteria,NA,NA,NA,NA,NA,NA
uncultured bacterium,Bacteria,outgroup,motu257,motu257,ASV549,parent,278,uncultured bacterium,Bacteria,outgroup,97.628,5.5e-122,Bacteria,NA,NA,NA,NA,NA,NA
uncultured bacterium,Bacteria,outgroup,motu263,motu263,ASV560,parent,217,uncultured bacterium,Bacteria,outgroup,100,1.52e-127,Bacteria,NA,NA,NA,NA,NA,NA
uncultured bacterium,Bacteria,outgroup,motu263,motu263,ASV2206,parent,217,uncultured bacterium,Bacteria,outgroup,100,5.4199999999999993e-132,Bacteria,NA,NA,NA,NA,NA,NA
uncultured bacterium,Bacteria,outgroup,motu264,motu264,ASV567,parent,207,uncultured bacterium,Bacteria,outgroup,98.419,2.54e-125,Bacteria,NA,NA,NA,NA,NA,NA
uncultured bacterium,Bacteria,outgroup,motu264,motu264,ASV940,parent,207,uncultured bacterium,Bacteria,outgroup,99.592,7.07e-126,Bacteria,NA,NA,NA,NA,NA,NA
uncultured bacterium,Bacteria,outgroup,motu264,motu264,ASV2424,parent,207,uncultured bacterium,Bacteria,outgroup,98.024,1.18e-123,Bacteria,NA,NA,NA,NA,NA,NA
uncultured bacterium,Bacteria,outgroup,motu264,motu264,ASV1361,parent,207,uncultured bacterium,Bacteria,outgroup,100,1.52e-127,Bacteria,NA,NA,NA,NA,NA,NA
uncultured bacterium,Bacteria,outgroup,motu268,motu268,ASV571,parent,289,uncultured bacterium,Bacteria,outgroup,98.828,1.19e-128,Bacteria,NA,NA,NA,NA,NA,NA
uncultured bacterium,Bacteria,outgroup,motu270,motu270,ASV575,parent,293,uncultured bacterium,Bacteria,outgroup,98.024,1.18e-123,Bacteria,NA,NA,NA,NA,NA,NA
uncultured bacterium,Bacteria,outgroup,motu275,motu275,ASV595,parent,303,uncultured bacterium,Bacteria,outgroup,100,1.9499999999999998e-131,Bacteria,NA,NA,NA,NA,NA,NA
uncultured bacterium,Bacteria,outgroup,motu284,motu284,ASV614,parent,312,uncultured bacterium,Bacteria,outgroup,96.443,1.5400000000000001e-117,Bacteria,NA,NA,NA,NA,NA,NA
uncultured bacterium,Bacteria,outgroup,motu287,motu287,ASV617,parent,238,uncultured bacterium,Bacteria,outgroup,98.047,2.5699999999999997e-125,Bacteria,NA,NA,NA,NA,NA,NA
uncultured bacterium,Bacteria,outgroup,motu287,motu287,ASV1438,parent,238,uncultured bacterium,Bacteria,outgroup,98.438,5.53e-127,Bacteria,NA,NA,NA,NA,NA,NA
uncultured bacterium,Bacteria,outgroup,motu287,motu287,ASV2168,parent,238,uncultured bacterium,Bacteria,outgroup,98.438,5.53e-127,Bacteria,NA,NA,NA,NA,NA,NA
uncultured bacterium,Bacteria,outgroup,motu304,motu304,ASV646,parent,328,uncultured bacterium,Bacteria,outgroup,99.18,1.2000000000000002e-123,Bacteria,NA,NA,NA,NA,NA,NA
uncultured bacterium,Bacteria,outgroup,motu309,motu309,ASV652,parent,253,uncultured bacterium,Bacteria,outgroup,97.143,7.26e-116,Bacteria,NA,NA,NA,NA,NA,NA
uncultured bacterium,Bacteria,outgroup,motu309,motu309,ASV1231,parent,253,uncultured bacterium,Bacteria,outgroup,96.735,3.38e-114,Bacteria,NA,NA,NA,NA,NA,NA
uncultured bacterium,Bacteria,outgroup,motu309,motu309,ASV1753,parent,253,uncultured bacterium,Bacteria,outgroup,97.551,1.56e-117,Bacteria,NA,NA,NA,NA,NA,NA
uncultured bacterium,Bacteria,outgroup,motu311,motu311,ASV661,parent,229,uncultured bacterium,Bacteria,outgroup,96.484,1.2099999999999998e-118,Bacteria,NA,NA,NA,NA,NA,NA
uncultured bacterium,Bacteria,outgroup,motu311,motu311,ASV773,parent,229,uncultured bacterium,Bacteria,outgroup,96.875,2.59e-120,Bacteria,NA,NA,NA,NA,NA,NA
uncultured bacterium,Bacteria,outgroup,motu311,motu311,ASV1389,parent,229,uncultured bacterium,Bacteria,outgroup,96.094,5.61e-117,Bacteria,NA,NA,NA,NA,NA,NA
uncultured bacterium,Bacteria,outgroup,motu311,motu311,ASV1421,parent,229,uncultured bacterium,Bacteria,outgroup,97.266,5.57e-122,Bacteria,NA,NA,NA,NA,NA,NA
uncultured bacterium,Bacteria,outgroup,motu312,motu312,ASV662,parent,334,uncultured bacterium,Bacteria,outgroup,100,1.5099999999999997e-132,Bacteria,NA,NA,NA,NA,NA,NA
uncultured bacterium,Bacteria,outgroup,motu315,motu315,ASV668,parent,337,uncultured bacterium,Bacteria,outgroup,99.18,1.2000000000000002e-123,Bacteria,NA,NA,NA,NA,NA,NA
uncultured bacterium,Bacteria,outgroup,motu316,motu316,ASV669,parent,338,uncultured bacterium,Bacteria,outgroup,100,1.52e-127,Bacteria,NA,NA,NA,NA,NA,NA
uncultured bacterium,Bacteria,outgroup,motu319,motu319,ASV672,parent,342,uncultured bacterium,Bacteria,outgroup,100,1.5099999999999997e-132,Bacteria,NA,NA,NA,NA,NA,NA
uncultured bacterium,Bacteria,outgroup,motu329,motu329,ASV689,parent,352,uncultured bacterium,Bacteria,outgroup,96.875,2.59e-120,Bacteria,NA,NA,NA,NA,NA,NA
uncultured bacterium,Bacteria,outgroup,motu331,motu331,ASV691,parent,354,uncultured bacterium,Bacteria,outgroup,97.561,1.5400000000000001e-117,Bacteria,NA,NA,NA,NA,NA,NA
uncultured bacterium,Bacteria,outgroup,motu334,motu334,ASV697,parent,357,uncultured bacterium,Bacteria,outgroup,97.98,9.54e-95,Bacteria,NA,NA,NA,NA,NA,NA
Bacteria,Bacteria,outgroup,motu335,motu335,ASV2132,parent,277,uncultured bacterium,Bacteria,outgroup,96.047,2.58e-115,Bacteria,NA,NA,NA,NA,NA,NA
uncultured bacterium,Bacteria,outgroup,motu337,motu337,ASV703,parent,359,uncultured bacterium,Bacteria,outgroup,96.094,5.61e-117,Bacteria,NA,NA,NA,NA,NA,NA
uncultured bacterium,Bacteria,outgroup,motu340,motu340,ASV711,parent,362,uncultured bacterium,Bacteria,outgroup,99.18,1.18e-123,Bacteria,NA,NA,NA,NA,NA,NA
uncultured bacterium,Bacteria,outgroup,motu345,motu345,ASV722,parent,368,uncultured bacterium,Bacteria,outgroup,99.209,1.1699999999999998e-128,Bacteria,NA,NA,NA,NA,NA,NA
uncultured bacterium,Bacteria,outgroup,motu346,motu346,ASV723,parent,281,uncultured bacterium,Bacteria,outgroup,98.837,1.25e-83,Bacteria,NA,NA,NA,NA,NA,NA
uncultured bacterium,Bacteria,outgroup,motu346,motu346,ASV1427,parent,281,uncultured bacterium,Bacteria,outgroup,99.419,2.69e-85,Bacteria,NA,NA,NA,NA,NA,NA
uncultured bacterium,Bacteria,outgroup,motu347,motu347,ASV725,parent,369,uncultured bacterium,Bacteria,outgroup,97.959,3.309999999999999e-119,Bacteria,NA,NA,NA,NA,NA,NA
uncultured bacterium,Bacteria,outgroup,motu349,motu349,ASV731,parent,371,uncultured bacterium,Bacteria,outgroup,97.233,2.5599999999999998e-120,Bacteria,NA,NA,NA,NA,NA,NA
Bacteria,Bacteria,outgroup,motu354,motu354,ASV740,parent,283,uncultured bacterium,Bacteria,outgroup,96.094,5.61e-117,Bacteria,NA,NA,NA,NA,NA,NA
uncultured bacterium,Bacteria,outgroup,motu357,motu357,ASV743,parent,295,uncultured bacterium,Bacteria,outgroup,99.592,7.07e-126,Bacteria,NA,NA,NA,NA,NA,NA
uncultured bacterium,Bacteria,outgroup,motu357,motu357,ASV1962,parent,295,uncultured bacterium,Bacteria,outgroup,100,1.52e-127,Bacteria,NA,NA,NA,NA,NA,NA
uncultured bacterium,Bacteria,outgroup,motu360,motu360,ASV748,parent,265,uncultured bacterium,Bacteria,outgroup,97.951,1.2099999999999998e-118,Bacteria,NA,NA,NA,NA,NA,NA
uncultured bacterium,Bacteria,outgroup,motu360,motu360,ASV821,parent,265,uncultured bacterium,Bacteria,outgroup,97.541,5.61e-117,Bacteria,NA,NA,NA,NA,NA,NA
uncultured bacterium,Bacteria,outgroup,motu361,motu361,ASV750,parent,379,uncultured bacterium,Bacteria,outgroup,99.502,2.0599999999999996e-101,Bacteria,NA,NA,NA,NA,NA,NA
uncultured bacterium,Bacteria,outgroup,motu373,motu373,ASV769,parent,389,uncultured bacterium,Bacteria,outgroup,97.656,1.2000000000000002e-123,Bacteria,NA,NA,NA,NA,NA,NA
uncultured bacterium,Bacteria,outgroup,motu374,motu374,ASV770,parent,299,uncultured bacterium,Bacteria,outgroup,99.209,1.1699999999999998e-128,Bacteria,NA,NA,NA,NA,NA,NA
uncultured bacterium,Bacteria,outgroup,motu374,motu374,ASV1548,parent,299,uncultured bacterium,Bacteria,outgroup,98.814,5.46e-127,Bacteria,NA,NA,NA,NA,NA,NA
uncultured bacterium,Bacteria,outgroup,motu374,motu374,ASV1549,parent,299,uncultured bacterium,Bacteria,outgroup,98.419,2.54e-125,Bacteria,NA,NA,NA,NA,NA,NA
uncultured bacterium,Bacteria,outgroup,motu375,motu375,ASV771,parent,390,uncultured bacterium,Bacteria,outgroup,98.361,2.59e-120,Bacteria,NA,NA,NA,NA,NA,NA
uncultured bacterium,Bacteria,outgroup,motu377,motu377,ASV774,parent,392,uncultured bacterium,Bacteria,outgroup,100,1.52e-127,Bacteria,NA,NA,NA,NA,NA,NA
uncultured bacterium,Bacteria,outgroup,motu385,motu385,ASV785,parent,401,uncultured bacterium,Bacteria,outgroup,97.628,5.5e-122,Bacteria,NA,NA,NA,NA,NA,NA
uncultured bacterium,Bacteria,outgroup,motu387,motu387,ASV792,parent,403,uncultured bacterium,Bacteria,outgroup,98.031,1.18e-123,Bacteria,NA,NA,NA,NA,NA,NA
uncultured bacterium,Bacteria,outgroup,motu402,motu402,ASV814,parent,291,uncultured bacterium,Bacteria,outgroup,98.361,2.59e-120,Bacteria,NA,NA,NA,NA,NA,NA
uncultured bacterium,Bacteria,outgroup,motu402,motu402,ASV1186,parent,291,uncultured bacterium,Bacteria,outgroup,97.951,1.2099999999999998e-118,Bacteria,NA,NA,NA,NA,NA,NA
uncultured bacterium,Bacteria,outgroup,motu402,motu402,ASV1269,parent,291,uncultured bacterium,Bacteria,outgroup,97.951,1.2099999999999998e-118,Bacteria,NA,NA,NA,NA,NA,NA
uncultured bacterium,Bacteria,outgroup,motu402,motu402,ASV1671,parent,291,uncultured bacterium,Bacteria,outgroup,97.951,1.2099999999999998e-118,Bacteria,NA,NA,NA,NA,NA,NA
uncultured bacterium,Bacteria,outgroup,motu402,motu402,ASV1433,parent,291,uncultured bacterium,Bacteria,outgroup,97.541,5.61e-117,Bacteria,NA,NA,NA,NA,NA,NA
uncultured bacterium,Bacteria,outgroup,motu406,motu406,ASV826,parent,427,uncultured bacterium,Bacteria,outgroup,97.071,1.5499999999999997e-112,Bacteria,NA,NA,NA,NA,NA,NA
uncultured bacterium,Bacteria,outgroup,motu410,motu410,ASV834,parent,431,uncultured bacterium,Bacteria,outgroup,96.735,3.33e-114,Bacteria,NA,NA,NA,NA,NA,NA
uncultured bacterium,Bacteria,outgroup,motu411,motu411,ASV839,parent,332,uncultured bacterium,Bacteria,outgroup,97.541,5.61e-117,Bacteria,NA,NA,NA,NA,NA,NA
uncultured bacterium,Bacteria,outgroup,motu411,motu411,ASV1767,parent,332,uncultured bacterium,Bacteria,outgroup,97.131,2.61e-115,Bacteria,NA,NA,NA,NA,NA,NA
uncultured bacterium,Bacteria,outgroup,motu420,motu420,ASV854,parent,440,uncultured bacterium,Bacteria,outgroup,97.541,5.61e-117,Bacteria,NA,NA,NA,NA,NA,NA
uncultured bacterium,Bacteria,outgroup,motu423,motu423,ASV858,parent,444,uncultured bacterium,Bacteria,outgroup,97.551,1.5400000000000001e-117,Bacteria,NA,NA,NA,NA,NA,NA
uncultured bacterium,Bacteria,outgroup,motu428,motu428,ASV865,parent,346,uncultured bacterium,Bacteria,outgroup,100,1.52e-127,Bacteria,NA,NA,NA,NA,NA,NA
uncultured bacterium,Bacteria,outgroup,motu428,motu428,ASV1865,parent,346,uncultured bacterium,Bacteria,outgroup,99.592,7.07e-126,Bacteria,NA,NA,NA,NA,NA,NA
uncultured bacterium,Bacteria,outgroup,motu429,motu429,ASV866,parent,449,uncultured bacterium,Bacteria,outgroup,100,4.599999999999999e-143,Bacteria,NA,NA,NA,NA,NA,NA
uncultured bacterium,Bacteria,outgroup,motu433,motu433,ASV870,parent,452,uncultured bacterium,Bacteria,outgroup,97.551,1.5400000000000001e-117,Bacteria,NA,NA,NA,NA,NA,NA
uncultured bacterium,Bacteria,outgroup,motu440,motu440,ASV884,parent,460,uncultured bacterium,Bacteria,outgroup,99.18,1.2000000000000002e-123,Bacteria,NA,NA,NA,NA,NA,NA
uncultured bacterium,Bacteria,outgroup,motu441,motu441,ASV885,parent,461,uncultured bacterium,Bacteria,outgroup,98.047,2.5699999999999997e-125,Bacteria,NA,NA,NA,NA,NA,NA
uncultured bacterium,Bacteria,outgroup,motu445,motu445,ASV891,parent,467,uncultured bacterium,Bacteria,outgroup,97.321,2.63e-105,Bacteria,NA,NA,NA,NA,NA,NA
uncultured bacterium,Bacteria,outgroup,motu447,motu447,ASV893,parent,470,uncultured bacterium,Bacteria,outgroup,98.814,5.46e-127,Bacteria,NA,NA,NA,NA,NA,NA
uncultured bacterium,Bacteria,outgroup,motu450,motu450,ASV896,parent,474,uncultured bacterium,Bacteria,outgroup,100,1.52e-127,Bacteria,NA,NA,NA,NA,NA,NA
uncultured bacterium,Bacteria,outgroup,motu454,motu454,ASV904,parent,477,uncultured bacterium,Bacteria,outgroup,97.959,3.309999999999999e-119,Bacteria,NA,NA,NA,NA,NA,NA
uncultured bacterium,Bacteria,outgroup,motu455,motu455,ASV905,parent,479,uncultured bacterium,Bacteria,outgroup,98.024,1.18e-123,Bacteria,NA,NA,NA,NA,NA,NA
uncultured bacterium,Bacteria,outgroup,motu458,motu458,ASV908,parent,482,uncultured bacterium,Bacteria,outgroup,98.814,5.46e-127,Bacteria,NA,NA,NA,NA,NA,NA
uncultured bacterium,Bacteria,outgroup,motu460,motu460,ASV914,parent,486,uncultured bacterium,Bacteria,outgroup,99.209,1.1699999999999998e-128,Bacteria,NA,NA,NA,NA,NA,NA
uncultured bacterium,Bacteria,outgroup,motu462,motu462,ASV918,parent,488,uncultured bacterium,Bacteria,outgroup,98.024,1.18e-123,Bacteria,NA,NA,NA,NA,NA,NA
uncultured bacterium,Bacteria,outgroup,motu468,motu468,ASV930,parent,492,uncultured bacterium,Bacteria,outgroup,99.605,2.5199999999999995e-130,Bacteria,NA,NA,NA,NA,NA,NA
uncultured bacterium,Bacteria,outgroup,motu478,motu478,ASV947,parent,341,uncultured bacterium,Bacteria,outgroup,97.475,4.44e-93,Bacteria,NA,NA,NA,NA,NA,NA
uncultured bacterium,Bacteria,outgroup,motu478,motu478,ASV1099,parent,341,uncultured bacterium,Bacteria,outgroup,97.98,9.54e-95,Bacteria,NA,NA,NA,NA,NA,NA
uncultured bacterium,Bacteria,outgroup,motu478,motu478,ASV1422,parent,341,uncultured bacterium,Bacteria,outgroup,98.485,2.0499999999999997e-96,Bacteria,NA,NA,NA,NA,NA,NA
uncultured bacterium,Bacteria,outgroup,motu479,motu479,ASV948,parent,340,uncultured bacterium,Bacteria,outgroup,98.367,7.119999999999999e-121,Bacteria,NA,NA,NA,NA,NA,NA
uncultured bacterium,Bacteria,outgroup,motu479,motu479,ASV1157,parent,340,uncultured bacterium,Bacteria,outgroup,98.776,1.53e-122,Bacteria,NA,NA,NA,NA,NA,NA
uncultured bacterium,Bacteria,outgroup,motu479,motu479,ASV1340,parent,340,uncultured bacterium,Bacteria,outgroup,98.367,7.119999999999999e-121,Bacteria,NA,NA,NA,NA,NA,NA
uncultured bacterium,Bacteria,outgroup,motu479,motu479,ASV1899,parent,340,uncultured bacterium,Bacteria,outgroup,98.367,7.119999999999999e-121,Bacteria,NA,NA,NA,NA,NA,NA
uncultured bacterium,Bacteria,outgroup,motu484,motu484,ASV958,parent,506,uncultured bacterium,Bacteria,outgroup,97.233,2.5599999999999998e-120,Bacteria,NA,NA,NA,NA,NA,NA
uncultured bacterium,Bacteria,outgroup,motu486,motu486,ASV965,parent,509,uncultured bacterium,Bacteria,outgroup,98.814,5.46e-127,Bacteria,NA,NA,NA,NA,NA,NA
Bacteria,Bacteria,outgroup,motu488,motu488,ASV967,parent,384,uncultured bacterium,Bacteria,outgroup,96.327,1.5699999999999998e-112,Bacteria,NA,NA,NA,NA,NA,NA
uncultured bacterium,Bacteria,outgroup,motu495,motu495,ASV976,parent,517,uncultured bacterium,Bacteria,outgroup,97.143,7.169999999999999e-116,Bacteria,NA,NA,NA,NA,NA,NA
uncultured bacterium,Bacteria,outgroup,motu496,motu496,ASV977,parent,518,uncultured bacterium,Bacteria,outgroup,97.266,5.57e-122,Bacteria,NA,NA,NA,NA,NA,NA
uncultured bacterium,Bacteria,outgroup,motu507,motu507,ASV999,parent,532,uncultured bacterium,Bacteria,outgroup,99.592,7.07e-126,Bacteria,NA,NA,NA,NA,NA,NA
uncultured bacterium,Bacteria,outgroup,motu508,motu508,ASV1001,parent,534,uncultured bacterium,Bacteria,outgroup,98.419,2.54e-125,Bacteria,NA,NA,NA,NA,NA,NA
uncultured bacterium,Bacteria,outgroup,motu512,motu512,ASV1009,parent,537,uncultured bacterium,Bacteria,outgroup,100,1.1799999999999999e-133,Bacteria,NA,NA,NA,NA,NA,NA
uncultured bacterium,Bacteria,outgroup,motu515,motu515,ASV1012,parent,420,uncultured bacterium,Bacteria,outgroup,97.131,2.61e-115,Bacteria,NA,NA,NA,NA,NA,NA
uncultured bacterium,Bacteria,outgroup,motu515,motu515,ASV1826,parent,420,uncultured bacterium,Bacteria,outgroup,97.541,5.61e-117,Bacteria,NA,NA,NA,NA,NA,NA
uncultured bacterium,Bacteria,outgroup,motu515,motu515,ASV2121,parent,420,uncultured bacterium,Bacteria,outgroup,97.131,2.61e-115,Bacteria,NA,NA,NA,NA,NA,NA
uncultured bacterium,Bacteria,outgroup,motu517,motu517,ASV1015,parent,542,uncultured bacterium,Bacteria,outgroup,98.361,2.59e-120,Bacteria,NA,NA,NA,NA,NA,NA
uncultured bacterium,Bacteria,outgroup,motu522,motu522,ASV1024,parent,426,uncultured bacterium,Bacteria,outgroup,97.656,1.2000000000000002e-123,Bacteria,NA,NA,NA,NA,NA,NA
uncultured bacterium,Bacteria,outgroup,motu522,motu522,ASV1764,parent,426,uncultured bacterium,Bacteria,outgroup,97.266,5.57e-122,Bacteria,NA,NA,NA,NA,NA,NA
uncultured bacterium,Bacteria,outgroup,motu527,motu527,ASV1029,parent,405,uncultured bacterium,Bacteria,outgroup,98.367,7.119999999999999e-121,Bacteria,NA,NA,NA,NA,NA,NA
uncultured bacterium,Bacteria,outgroup,motu527,motu527,ASV1466,parent,405,uncultured bacterium,Bacteria,outgroup,97.959,3.309999999999999e-119,Bacteria,NA,NA,NA,NA,NA,NA
uncultured bacterium,Bacteria,outgroup,motu527,motu527,ASV1819,parent,405,uncultured bacterium,Bacteria,outgroup,97.959,3.309999999999999e-119,Bacteria,NA,NA,NA,NA,NA,NA
uncultured bacterium,Bacteria,outgroup,motu529,motu529,ASV1032,parent,552,uncultured bacterium,Bacteria,outgroup,98.419,2.54e-125,Bacteria,NA,NA,NA,NA,NA,NA
uncultured bacterium,Bacteria,outgroup,motu531,motu531,ASV1035,parent,554,uncultured bacterium,Bacteria,outgroup,96.311,5.649999999999999e-112,Bacteria,NA,NA,NA,NA,NA,NA
uncultured bacterium,Bacteria,outgroup,motu533,motu533,ASV1037,parent,556,uncultured bacterium,Bacteria,outgroup,96.047,2.58e-115,Bacteria,NA,NA,NA,NA,NA,NA
uncultured bacterium,Bacteria,outgroup,motu534,motu534,ASV1038,parent,557,uncultured bacterium,Bacteria,outgroup,97.266,5.57e-122,Bacteria,NA,NA,NA,NA,NA,NA
uncultured bacterium,Bacteria,outgroup,motu540,motu540,ASV1044,parent,562,uncultured bacterium,Bacteria,outgroup,100,1.52e-127,Bacteria,NA,NA,NA,NA,NA,NA
uncultured bacterium,Bacteria,outgroup,motu542,motu542,ASV1046,parent,564,uncultured bacterium,Bacteria,outgroup,99.267,9.919999999999999e-140,Bacteria,NA,NA,NA,NA,NA,NA
uncultured bacterium,Bacteria,outgroup,motu543,motu543,ASV1048,parent,565,uncultured bacterium,Bacteria,outgroup,98.438,5.53e-127,Bacteria,NA,NA,NA,NA,NA,NA
uncultured bacterium,Bacteria,outgroup,motu545,motu545,ASV1050,parent,568,uncultured bacterium,Bacteria,outgroup,96.85,3.329999999999999e-119,Bacteria,NA,NA,NA,NA,NA,NA
uncultured bacterium,Bacteria,outgroup,motu546,motu546,ASV1051,parent,567,uncultured bacterium,Bacteria,outgroup,97.951,1.2099999999999998e-118,Bacteria,NA,NA,NA,NA,NA,NA
uncultured bacterium,Bacteria,outgroup,motu553,motu553,ASV1060,parent,576,uncultured bacterium,Bacteria,outgroup,97.131,2.61e-115,Bacteria,NA,NA,NA,NA,NA,NA
uncultured bacterium,Bacteria,outgroup,motu557,motu557,ASV1066,parent,581,uncultured bacterium,Bacteria,outgroup,97.143,7.26e-116,Bacteria,NA,NA,NA,NA,NA,NA
uncultured bacterium,Bacteria,outgroup,motu559,motu559,ASV1069,parent,583,uncultured bacterium,Bacteria,outgroup,98.047,2.5699999999999997e-125,Bacteria,NA,NA,NA,NA,NA,NA
uncultured bacterium,Bacteria,outgroup,motu563,motu563,ASV1074,parent,587,uncultured bacterium,Bacteria,outgroup,97.551,1.5400000000000001e-117,Bacteria,NA,NA,NA,NA,NA,NA
uncultured bacterium,Bacteria,outgroup,motu565,motu565,ASV1076,parent,589,uncultured bacterium,Bacteria,outgroup,98.814,5.46e-127,Bacteria,NA,NA,NA,NA,NA,NA
uncultured bacterium,Bacteria,outgroup,motu569,motu569,ASV1080,parent,592,uncultured bacterium,Bacteria,outgroup,99.184,3.3299999999999997e-124,Bacteria,NA,NA,NA,NA,NA,NA
uncultured bacterium,Bacteria,outgroup,motu575,motu575,ASV1087,parent,600,uncultured bacterium,Bacteria,outgroup,100,1.52e-127,Bacteria,NA,NA,NA,NA,NA,NA
uncultured bacterium,Bacteria,outgroup,motu582,motu582,ASV1098,parent,462,uncultured bacterium,Bacteria,outgroup,99.219,2.5599999999999996e-130,Bacteria,NA,NA,NA,NA,NA,NA
uncultured bacterium,Bacteria,outgroup,motu582,motu582,ASV1957,parent,462,uncultured bacterium,Bacteria,outgroup,98.828,1.19e-128,Bacteria,NA,NA,NA,NA,NA,NA
uncultured bacterium,Bacteria,outgroup,motu587,motu587,ASV1108,parent,472,uncultured bacterium,Bacteria,outgroup,98.431,1.9899999999999998e-126,Bacteria,NA,NA,NA,NA,NA,NA
uncultured bacterium,Bacteria,outgroup,motu587,motu587,ASV2083,parent,472,uncultured bacterium,Bacteria,outgroup,98.039,9.259999999999999e-125,Bacteria,NA,NA,NA,NA,NA,NA
uncultured bacterium,Bacteria,outgroup,motu589,motu589,ASV1112,parent,613,uncultured bacterium,Bacteria,outgroup,98.047,2.5699999999999997e-125,Bacteria,NA,NA,NA,NA,NA,NA
uncultured bacterium,Bacteria,outgroup,motu593,motu593,ASV1117,parent,422,uncultured bacterium,Bacteria,outgroup,97.951,1.2099999999999998e-118,Bacteria,NA,NA,NA,NA,NA,NA
uncultured bacterium,Bacteria,outgroup,motu593,motu593,ASV1512,parent,422,uncultured bacterium,Bacteria,outgroup,98.361,2.59e-120,Bacteria,NA,NA,NA,NA,NA,NA
uncultured bacterium,Bacteria,outgroup,motu593,motu593,ASV1516,parent,422,uncultured bacterium,Bacteria,outgroup,97.951,1.2099999999999998e-118,Bacteria,NA,NA,NA,NA,NA,NA
uncultured bacterium,Bacteria,outgroup,motu593,motu593,ASV1593,parent,422,uncultured bacterium,Bacteria,outgroup,98.361,2.59e-120,Bacteria,NA,NA,NA,NA,NA,NA
uncultured bacterium,Bacteria,outgroup,motu595,motu595,ASV1120,parent,406,uncultured bacterium,Bacteria,outgroup,96.443,5.54e-117,Bacteria,NA,NA,NA,NA,NA,NA
uncultured bacterium,Bacteria,outgroup,motu595,motu595,ASV1129,parent,406,uncultured bacterium,Bacteria,outgroup,96.047,2.58e-115,Bacteria,NA,NA,NA,NA,NA,NA
uncultured bacterium,Bacteria,outgroup,motu595,motu595,ASV1948,parent,406,uncultured bacterium,Bacteria,outgroup,96.838,1.19e-118,Bacteria,NA,NA,NA,NA,NA,NA
uncultured bacterium,Bacteria,outgroup,motu596,motu596,ASV1121,parent,616,uncultured bacterium,Bacteria,outgroup,97.561,4.299999999999999e-118,Bacteria,NA,NA,NA,NA,NA,NA
uncultured bacterium,Bacteria,outgroup,motu597,motu597,ASV1122,parent,617,uncultured bacterium,Bacteria,outgroup,97.266,5.57e-122,Bacteria,NA,NA,NA,NA,NA,NA
uncultured bacterium,Bacteria,outgroup,motu598,motu598,ASV1123,parent,618,uncultured bacterium,Bacteria,outgroup,98.406,3.2899999999999996e-124,Bacteria,NA,NA,NA,NA,NA,NA
uncultured bacterium,Bacteria,outgroup,motu601,motu601,ASV1126,parent,619,uncultured bacterium,Bacteria,outgroup,98.361,2.59e-120,Bacteria,NA,NA,NA,NA,NA,NA
uncultured bacterium,Bacteria,outgroup,motu602,motu602,ASV1127,parent,620,uncultured bacterium,Bacteria,outgroup,97.628,5.5e-122,Bacteria,NA,NA,NA,NA,NA,NA
uncultured bacterium,Bacteria,outgroup,motu607,motu607,ASV1134,parent,624,uncultured bacterium,Bacteria,outgroup,100,5.4199999999999993e-132,Bacteria,NA,NA,NA,NA,NA,NA
uncultured bacterium,Bacteria,outgroup,motu608,motu608,ASV1135,parent,625,uncultured bacterium,Bacteria,outgroup,97.638,1.5400000000000002e-122,Bacteria,NA,NA,NA,NA,NA,NA
uncultured bacterium,Bacteria,outgroup,motu609,motu609,ASV1136,parent,626,uncultured bacterium,Bacteria,outgroup,99.213,3.28e-129,Bacteria,NA,NA,NA,NA,NA,NA
uncultured bacterium,Bacteria,outgroup,motu613,motu613,ASV1140,parent,629,uncultured bacterium,Bacteria,outgroup,98.814,5.46e-127,Bacteria,NA,NA,NA,NA,NA,NA
uncultured bacterium,Bacteria,outgroup,motu614,motu614,ASV1145,parent,630,uncultured bacterium,Bacteria,outgroup,100,5.4199999999999993e-132,Bacteria,NA,NA,NA,NA,NA,NA
uncultured bacterium,Bacteria,outgroup,motu640,motu640,ASV1181,parent,660,uncultured bacterium,Bacteria,outgroup,96.887,7.239999999999999e-121,Bacteria,NA,NA,NA,NA,NA,NA
uncultured bacterium,Bacteria,outgroup,motu642,motu642,ASV1185,parent,661,uncultured bacterium,Bacteria,outgroup,97.908,7.169999999999999e-116,Bacteria,NA,NA,NA,NA,NA,NA
uncultured bacterium,Bacteria,outgroup,motu644,motu644,ASV1188,parent,663,uncultured bacterium,Bacteria,outgroup,97.551,1.5400000000000001e-117,Bacteria,NA,NA,NA,NA,NA,NA
uncultured bacterium,Bacteria,outgroup,motu645,motu645,ASV1189,parent,664,uncultured bacterium,Bacteria,outgroup,98.419,2.54e-125,Bacteria,NA,NA,NA,NA,NA,NA
uncultured bacterium,Bacteria,outgroup,motu648,motu648,ASV1193,parent,667,uncultured bacterium,Bacteria,outgroup,100,1.9499999999999998e-131,Bacteria,NA,NA,NA,NA,NA,NA
uncultured bacterium,Bacteria,outgroup,motu651,motu651,ASV1197,parent,670,uncultured bacterium,Bacteria,outgroup,97.959,3.309999999999999e-119,Bacteria,NA,NA,NA,NA,NA,NA
uncultured bacterium,Bacteria,outgroup,motu654,motu654,ASV1201,parent,673,uncultured bacterium,Bacteria,outgroup,100,5.4199999999999993e-132,Bacteria,NA,NA,NA,NA,NA,NA
uncultured bacterium,Bacteria,outgroup,motu668,motu668,ASV1219,parent,686,uncultured bacterium,Bacteria,outgroup,98.361,2.59e-120,Bacteria,NA,NA,NA,NA,NA,NA
uncultured bacterium,Bacteria,outgroup,motu671,motu671,ASV1222,parent,689,uncultured bacterium,Bacteria,outgroup,100,9.119999999999999e-130,Bacteria,NA,NA,NA,NA,NA,NA
uncultured bacterium,Bacteria,outgroup,motu672,motu672,ASV1225,parent,690,uncultured bacterium,Bacteria,outgroup,100,1.52e-127,Bacteria,NA,NA,NA,NA,NA,NA
uncultured bacterium,Bacteria,outgroup,motu675,motu675,ASV1232,parent,693,uncultured bacterium,Bacteria,outgroup,100,1.9499999999999998e-131,Bacteria,NA,NA,NA,NA,NA,NA
uncultured bacterium,Bacteria,outgroup,motu679,motu679,ASV1240,parent,696,uncultured bacterium,Bacteria,outgroup,97.131,2.61e-115,Bacteria,NA,NA,NA,NA,NA,NA
uncultured bacterium,Bacteria,outgroup,motu683,motu683,ASV1244,parent,700,uncultured bacterium,Bacteria,outgroup,99.605,2.5199999999999995e-130,Bacteria,NA,NA,NA,NA,NA,NA
Unknown organism,Unknown organism,outgroup,motu684,motu684,ASV1694,parent,519,uncultured bacterium,Bacteria,outgroup,98.776,1.53e-122,Bacteria,NA,NA,NA,NA,NA,NA
uncultured bacterium,Bacteria,outgroup,motu687,motu687,ASV1249,parent,702,uncultured bacterium,Bacteria,outgroup,97.115,5.77e-97,Bacteria,NA,NA,NA,NA,NA,NA
uncultured bacterium,Bacteria,outgroup,motu688,motu688,ASV1250,parent,703,uncultured bacterium,Bacteria,outgroup,99.213,3.28e-129,Bacteria,NA,NA,NA,NA,NA,NA
uncultured bacterium,Bacteria,outgroup,motu689,motu689,ASV1251,parent,704,uncultured bacterium,Bacteria,outgroup,97.628,5.5e-122,Bacteria,NA,NA,NA,NA,NA,NA
uncultured bacterium,Bacteria,outgroup,motu690,motu690,ASV1252,parent,705,uncultured bacterium,Bacteria,outgroup,97.638,5.5e-122,Bacteria,NA,NA,NA,NA,NA,NA
uncultured bacterium,Bacteria,outgroup,motu699,motu699,ASV1265,parent,715,uncultured bacterium,Bacteria,outgroup,100,4.24e-128,Bacteria,NA,NA,NA,NA,NA,NA
uncultured bacterium,Bacteria,outgroup,motu703,motu703,ASV1270,parent,718,uncultured bacterium,Bacteria,outgroup,99.605,2.5199999999999995e-130,Bacteria,NA,NA,NA,NA,NA,NA
uncultured bacterium,Bacteria,outgroup,motu706,motu706,ASV1274,parent,721,uncultured bacterium,Bacteria,outgroup,100,1.52e-127,Bacteria,NA,NA,NA,NA,NA,NA
uncultured bacterium,Bacteria,outgroup,motu707,motu707,ASV1275,parent,723,uncultured bacterium,Bacteria,outgroup,96.063,7.2e-116,Bacteria,NA,NA,NA,NA,NA,NA
uncultured bacterium,Bacteria,outgroup,motu709,motu709,ASV1279,parent,725,uncultured bacterium,Bacteria,outgroup,99.605,2.5199999999999995e-130,Bacteria,NA,NA,NA,NA,NA,NA
uncultured bacterium,Bacteria,outgroup,motu710,motu710,ASV1280,parent,726,uncultured bacterium,Bacteria,outgroup,97.951,1.2099999999999998e-118,Bacteria,NA,NA,NA,NA,NA,NA
Bacteria,Bacteria,outgroup,motu716,motu716,ASV1291,parent,523,uncultured bacterium,Bacteria,outgroup,96.094,5.61e-117,Bacteria,NA,NA,NA,NA,NA,NA
uncultured bacterium,Bacteria,outgroup,motu731,motu731,ASV1311,parent,747,uncultured bacterium,Bacteria,outgroup,97.266,5.57e-122,Bacteria,NA,NA,NA,NA,NA,NA
uncultured bacterium,Bacteria,outgroup,motu735,motu735,ASV1317,parent,751,uncultured bacterium,Bacteria,outgroup,98.024,1.18e-123,Bacteria,NA,NA,NA,NA,NA,NA
uncultured bacterium,Bacteria,outgroup,motu737,motu737,ASV1322,parent,754,uncultured bacterium,Bacteria,outgroup,98.425,7.1e-126,Bacteria,NA,NA,NA,NA,NA,NA
uncultured bacterium,Bacteria,outgroup,motu745,motu745,ASV1331,parent,762,uncultured bacterium,Bacteria,outgroup,98.507,4.46e-98,Bacteria,NA,NA,NA,NA,NA,NA
uncultured bacterium,Bacteria,outgroup,motu746,motu746,ASV1332,parent,579,uncultured bacterium,Bacteria,outgroup,97.967,9.25e-120,Bacteria,NA,NA,NA,NA,NA,NA
uncultured bacterium,Bacteria,outgroup,motu746,motu746,ASV1781,parent,579,uncultured bacterium,Bacteria,outgroup,98.374,1.9899999999999997e-121,Bacteria,NA,NA,NA,NA,NA,NA
uncultured bacterium,Bacteria,outgroup,motu757,motu757,ASV1351,parent,772,uncultured bacterium,Bacteria,outgroup,99.209,1.1699999999999998e-128,Bacteria,NA,NA,NA,NA,NA,NA
uncultured bacterium,Bacteria,outgroup,motu759,motu759,ASV1353,parent,774,uncultured bacterium,Bacteria,outgroup,98.024,1.18e-123,Bacteria,NA,NA,NA,NA,NA,NA
uncultured bacterium,Bacteria,outgroup,motu761,motu761,ASV1355,parent,777,uncultured bacterium,Bacteria,outgroup,98.419,2.54e-125,Bacteria,NA,NA,NA,NA,NA,NA
uncultured bacterium,Bacteria,outgroup,motu771,motu771,ASV1368,parent,786,uncultured bacterium,Bacteria,outgroup,98.347,3.309999999999999e-119,Bacteria,NA,NA,NA,NA,NA,NA
uncultured bacterium,Bacteria,outgroup,motu776,motu776,ASV1375,parent,791,uncultured bacterium,Bacteria,outgroup,100,1.9499999999999998e-131,Bacteria,NA,NA,NA,NA,NA,NA
uncultured bacterium,Bacteria,outgroup,motu780,motu780,ASV1381,parent,796,uncultured bacterium,Bacteria,outgroup,98.031,3.3e-124,Bacteria,NA,NA,NA,NA,NA,NA
uncultured bacterium,Bacteria,outgroup,motu790,motu790,ASV1392,parent,804,uncultured bacterium,Bacteria,outgroup,98.419,2.54e-125,Bacteria,NA,NA,NA,NA,NA,NA
uncultured bacterium,Bacteria,outgroup,motu791,motu791,ASV1394,parent,805,uncultured bacterium,Bacteria,outgroup,98.425,7.1e-126,Bacteria,NA,NA,NA,NA,NA,NA
uncultured bacterium,Bacteria,outgroup,motu796,motu796,ASV1401,parent,810,uncultured bacterium,Bacteria,outgroup,98.438,5.53e-127,Bacteria,NA,NA,NA,NA,NA,NA
uncultured bacterium,Bacteria,outgroup,motu798,motu798,ASV1403,parent,812,uncultured bacterium,Bacteria,outgroup,98.438,5.53e-127,Bacteria,NA,NA,NA,NA,NA,NA
uncultured bacterium,Bacteria,outgroup,motu800,motu800,ASV1405,parent,814,uncultured bacterium,Bacteria,outgroup,98.419,2.54e-125,Bacteria,NA,NA,NA,NA,NA,NA
uncultured bacterium,Bacteria,outgroup,motu803,motu803,ASV1408,parent,652,uncultured bacterium,Bacteria,outgroup,100,5.4199999999999993e-132,Bacteria,NA,NA,NA,NA,NA,NA
uncultured bacterium,Bacteria,outgroup,motu803,motu803,ASV2063,parent,652,uncultured bacterium,Bacteria,outgroup,99.605,2.5199999999999995e-130,Bacteria,NA,NA,NA,NA,NA,NA
uncultured bacterium,Bacteria,outgroup,motu805,motu805,ASV1410,parent,818,uncultured bacterium,Bacteria,outgroup,98.77,5.57e-122,Bacteria,NA,NA,NA,NA,NA,NA
uncultured bacterium,Bacteria,outgroup,motu806,motu806,ASV1411,parent,820,uncultured bacterium,Bacteria,outgroup,96.047,2.58e-115,Bacteria,NA,NA,NA,NA,NA,NA
uncultured bacterium,Bacteria,outgroup,motu815,motu815,ASV1426,parent,827,uncultured bacterium,Bacteria,outgroup,97.61,7.119999999999999e-121,Bacteria,NA,NA,NA,NA,NA,NA
uncultured bacterium,Bacteria,outgroup,motu826,motu826,ASV1443,parent,838,uncultured bacterium,Bacteria,outgroup,97.119,9.269999999999999e-115,Bacteria,NA,NA,NA,NA,NA,NA
uncultured bacterium,Bacteria,outgroup,motu829,motu829,ASV1447,parent,843,uncultured bacterium,Bacteria,outgroup,96.443,5.54e-117,Bacteria,NA,NA,NA,NA,NA,NA
uncultured bacterium,Bacteria,outgroup,motu830,motu830,ASV1448,parent,842,uncultured bacterium,Bacteria,outgroup,99.18,1.2000000000000002e-123,Bacteria,NA,NA,NA,NA,NA,NA
uncultured bacterium,Bacteria,outgroup,motu832,motu832,ASV1451,parent,845,uncultured bacterium,Bacteria,outgroup,99.163,7.119999999999999e-121,Bacteria,NA,NA,NA,NA,NA,NA
uncultured bacterium,Bacteria,outgroup,motu840,motu840,ASV1465,parent,853,uncultured bacterium,Bacteria,outgroup,97.222,9.21e-120,Bacteria,NA,NA,NA,NA,NA,NA
uncultured bacterium,Bacteria,outgroup,motu844,motu844,ASV1471,parent,856,uncultured bacterium,Bacteria,outgroup,100,5.4199999999999993e-132,Bacteria,NA,NA,NA,NA,NA,NA
uncultured bacterium,Bacteria,outgroup,motu845,motu845,ASV1473,parent,857,uncultured bacterium,Bacteria,outgroup,98.776,1.53e-122,Bacteria,NA,NA,NA,NA,NA,NA
uncultured bacterium,Bacteria,outgroup,motu846,motu846,ASV1475,parent,858,uncultured bacterium,Bacteria,outgroup,96.838,1.19e-118,Bacteria,NA,NA,NA,NA,NA,NA
uncultured bacterium,Bacteria,outgroup,motu847,motu847,ASV1476,parent,859,uncultured bacterium,Bacteria,outgroup,97.222,9.21e-120,Bacteria,NA,NA,NA,NA,NA,NA
uncultured bacterium,Bacteria,outgroup,motu848,motu848,ASV1478,parent,860,uncultured bacterium,Bacteria,outgroup,98.419,2.54e-125,Bacteria,NA,NA,NA,NA,NA,NA
uncultured bacterium,Bacteria,outgroup,motu849,motu849,ASV1479,parent,861,uncultured bacterium,Bacteria,outgroup,98.419,2.54e-125,Bacteria,NA,NA,NA,NA,NA,NA
uncultured bacterium,Bacteria,outgroup,motu852,motu852,ASV1482,parent,864,uncultured bacterium,Bacteria,outgroup,97.426,7.81e-131,Bacteria,NA,NA,NA,NA,NA,NA
uncultured bacterium,Bacteria,outgroup,motu853,motu853,ASV1485,parent,710,uncultured bacterium,Bacteria,outgroup,97.951,1.2099999999999998e-118,Bacteria,NA,NA,NA,NA,NA,NA
uncultured bacterium,Bacteria,outgroup,motu853,motu853,ASV2117,parent,710,uncultured bacterium,Bacteria,outgroup,98.361,2.59e-120,Bacteria,NA,NA,NA,NA,NA,NA
uncultured bacterium,Bacteria,outgroup,motu856,motu856,ASV1489,parent,867,uncultured bacterium,Bacteria,outgroup,96.735,3.33e-114,Bacteria,NA,NA,NA,NA,NA,NA
uncultured bacterium,Bacteria,outgroup,motu858,motu858,ASV1491,parent,870,uncultured bacterium,Bacteria,outgroup,99.209,1.1699999999999998e-128,Bacteria,NA,NA,NA,NA,NA,NA
uncultured bacterium,Bacteria,outgroup,motu859,motu859,ASV1492,parent,871,uncultured bacterium,Bacteria,outgroup,100,5.4199999999999993e-132,Bacteria,NA,NA,NA,NA,NA,NA
uncultured bacterium,Bacteria,outgroup,motu862,motu862,ASV1496,parent,875,uncultured bacterium,Bacteria,outgroup,97.6,2.5599999999999998e-120,Bacteria,NA,NA,NA,NA,NA,NA
uncultured bacterium,Bacteria,outgroup,motu863,motu863,ASV1498,parent,874,uncultured bacterium,Bacteria,outgroup,98.819,1.53e-127,Bacteria,NA,NA,NA,NA,NA,NA
uncultured bacterium,Bacteria,outgroup,motu872,motu872,ASV1507,parent,885,uncultured bacterium,Bacteria,outgroup,98.425,2.54e-125,Bacteria,NA,NA,NA,NA,NA,NA
uncultured bacterium,Bacteria,outgroup,motu873,motu873,ASV1508,parent,887,uncultured bacterium,Bacteria,outgroup,98.438,5.53e-127,Bacteria,NA,NA,NA,NA,NA,NA
uncultured bacterium,Bacteria,outgroup,motu874,motu874,ASV1509,parent,888,uncultured bacterium,Bacteria,outgroup,98.419,2.54e-125,Bacteria,NA,NA,NA,NA,NA,NA
uncultured bacterium,Bacteria,outgroup,motu877,motu877,ASV1514,parent,890,uncultured bacterium,Bacteria,outgroup,98.419,9.139999999999999e-125,Bacteria,NA,NA,NA,NA,NA,NA
uncultured bacterium,Bacteria,outgroup,motu878,motu878,ASV1515,parent,891,uncultured bacterium,Bacteria,outgroup,97.551,1.5400000000000001e-117,Bacteria,NA,NA,NA,NA,NA,NA
uncultured bacterium,Bacteria,outgroup,motu885,motu885,ASV1523,parent,898,uncultured bacterium,Bacteria,outgroup,96.653,7.22e-111,Bacteria,NA,NA,NA,NA,NA,NA
uncultured bacterium,Bacteria,outgroup,motu890,motu890,ASV1528,parent,903,uncultured bacterium,Bacteria,outgroup,97.233,2.5599999999999998e-120,Bacteria,NA,NA,NA,NA,NA,NA
uncultured bacterium,Bacteria,outgroup,motu894,motu894,ASV1533,parent,906,uncultured bacterium,Bacteria,outgroup,100,1.52e-127,Bacteria,NA,NA,NA,NA,NA,NA
uncultured bacterium,Bacteria,outgroup,motu895,motu895,ASV1535,parent,907,uncultured bacterium,Bacteria,outgroup,98.419,2.54e-125,Bacteria,NA,NA,NA,NA,NA,NA
uncultured bacterium,Bacteria,outgroup,motu896,motu896,ASV1536,parent,908,uncultured bacterium,Bacteria,outgroup,98.78,4.2700000000000004e-123,Bacteria,NA,NA,NA,NA,NA,NA
uncultured bacterium,Bacteria,outgroup,motu899,motu899,ASV1539,parent,911,uncultured bacterium,Bacteria,outgroup,98.367,7.119999999999999e-121,Bacteria,NA,NA,NA,NA,NA,NA
Bacteria,Bacteria,outgroup,motu901,motu901,ASV1541,parent,722,uncultured bacterium,Bacteria,outgroup,96.327,1.5499999999999997e-112,Bacteria,NA,NA,NA,NA,NA,NA
uncultured bacterium,Bacteria,outgroup,motu904,motu904,ASV1544,parent,915,uncultured bacterium,Bacteria,outgroup,97.959,3.309999999999999e-119,Bacteria,NA,NA,NA,NA,NA,NA
uncultured bacterium,Bacteria,outgroup,motu905,motu905,ASV1545,parent,917,uncultured bacterium,Bacteria,outgroup,98.77,5.57e-122,Bacteria,NA,NA,NA,NA,NA,NA
uncultured bacterium,Bacteria,outgroup,motu907,motu907,ASV1547,parent,918,uncultured bacterium,Bacteria,outgroup,100,5.4199999999999993e-132,Bacteria,NA,NA,NA,NA,NA,NA
uncultured bacterium,Bacteria,outgroup,motu916,motu916,ASV1562,parent,928,uncultured bacterium,Bacteria,outgroup,98.814,5.46e-127,Bacteria,NA,NA,NA,NA,NA,NA
uncultured bacterium,Bacteria,outgroup,motu920,motu920,ASV1566,parent,929,uncultured bacterium,Bacteria,outgroup,100,5.4199999999999993e-132,Bacteria,NA,NA,NA,NA,NA,NA
uncultured bacterium,Bacteria,outgroup,motu925,motu925,ASV1575,parent,934,uncultured bacterium,Bacteria,outgroup,97.143,7.169999999999999e-116,Bacteria,NA,NA,NA,NA,NA,NA
uncultured bacterium,Bacteria,outgroup,motu928,motu928,ASV1578,parent,937,uncultured bacterium,Bacteria,outgroup,98.419,2.54e-125,Bacteria,NA,NA,NA,NA,NA,NA
uncultured bacterium,Bacteria,outgroup,motu929,motu929,ASV1580,parent,938,uncultured bacterium,Bacteria,outgroup,100,5.4199999999999993e-132,Bacteria,NA,NA,NA,NA,NA,NA
uncultured bacterium,Bacteria,outgroup,motu930,motu930,ASV1582,parent,939,uncultured bacterium,Bacteria,outgroup,98.047,2.5699999999999997e-125,Bacteria,NA,NA,NA,NA,NA,NA
uncultured bacterium,Bacteria,outgroup,motu932,motu932,ASV1585,parent,941,uncultured bacterium,Bacteria,outgroup,100,5.4199999999999993e-132,Bacteria,NA,NA,NA,NA,NA,NA
uncultured bacterium,Bacteria,outgroup,motu935,motu935,ASV1588,parent,944,uncultured bacterium,Bacteria,outgroup,96.443,5.54e-117,Bacteria,NA,NA,NA,NA,NA,NA
uncultured bacterium,Bacteria,outgroup,motu939,motu939,ASV1594,parent,949,uncultured bacterium,Bacteria,outgroup,98.367,7.119999999999999e-121,Bacteria,NA,NA,NA,NA,NA,NA
uncultured bacterium,Bacteria,outgroup,motu945,motu945,ASV1600,parent,956,uncultured bacterium,Bacteria,outgroup,96.047,2.58e-115,Bacteria,NA,NA,NA,NA,NA,NA
uncultured bacterium,Bacteria,outgroup,motu946,motu946,ASV1601,parent,955,uncultured bacterium,Bacteria,outgroup,100,1.52e-127,Bacteria,NA,NA,NA,NA,NA,NA
uncultured bacterium,Bacteria,outgroup,motu948,motu948,ASV1607,parent,958,uncultured bacterium,Bacteria,outgroup,98.047,2.5699999999999997e-125,Bacteria,NA,NA,NA,NA,NA,NA
uncultured bacterium,Bacteria,outgroup,motu951,motu951,ASV1611,parent,961,uncultured bacterium,Bacteria,outgroup,98.814,5.46e-127,Bacteria,NA,NA,NA,NA,NA,NA
uncultured bacterium,Bacteria,outgroup,motu953,motu953,ASV1614,parent,963,uncultured bacterium,Bacteria,outgroup,99.592,7.16e-126,Bacteria,NA,NA,NA,NA,NA,NA
uncultured bacterium,Bacteria,outgroup,motu956,motu956,ASV1618,parent,966,uncultured bacterium,Bacteria,outgroup,98.326,1.5400000000000001e-117,Bacteria,NA,NA,NA,NA,NA,NA
uncultured bacterium,Bacteria,outgroup,motu957,motu957,ASV1619,parent,965,uncultured bacterium,Bacteria,outgroup,99.419,2.69e-85,Bacteria,NA,NA,NA,NA,NA,NA
uncultured bacterium,Bacteria,outgroup,motu959,motu959,ASV1623,parent,969,uncultured bacterium,Bacteria,outgroup,97.628,5.5e-122,Bacteria,NA,NA,NA,NA,NA,NA
uncultured bacterium,Bacteria,outgroup,motu961,motu961,ASV1625,parent,972,uncultured bacterium,Bacteria,outgroup,98.024,1.18e-123,Bacteria,NA,NA,NA,NA,NA,NA
uncultured bacterium,Bacteria,outgroup,motu963,motu963,ASV1627,parent,971,uncultured bacterium,Bacteria,outgroup,96.825,1.55e-117,Bacteria,NA,NA,NA,NA,NA,NA
uncultured bacterium,Bacteria,outgroup,motu964,motu964,ASV1629,parent,974,uncultured bacterium,Bacteria,outgroup,98.419,2.54e-125,Bacteria,NA,NA,NA,NA,NA,NA
uncultured bacterium,Bacteria,outgroup,motu965,motu965,ASV1630,parent,975,uncultured bacterium,Bacteria,outgroup,98.047,2.5699999999999997e-125,Bacteria,NA,NA,NA,NA,NA,NA
uncultured bacterium,Bacteria,outgroup,motu966,motu966,ASV1631,parent,977,uncultured bacterium,Bacteria,outgroup,98.024,1.18e-123,Bacteria,NA,NA,NA,NA,NA,NA
uncultured bacterium,Bacteria,outgroup,motu972,motu972,ASV1639,parent,983,uncultured bacterium,Bacteria,outgroup,98.024,1.18e-123,Bacteria,NA,NA,NA,NA,NA,NA
uncultured bacterium,Bacteria,outgroup,motu978,motu978,ASV1647,parent,987,uncultured bacterium,Bacteria,outgroup,96.748,9.31e-115,Bacteria,NA,NA,NA,NA,NA,NA
uncultured bacterium,Bacteria,outgroup,motu982,motu982,ASV1652,parent,991,uncultured bacterium,Bacteria,outgroup,100,1.52e-127,Bacteria,NA,NA,NA,NA,NA,NA
uncultured bacterium,Bacteria,outgroup,motu992,motu992,ASV1664,parent,1001,uncultured bacterium,Bacteria,outgroup,100,5.4199999999999993e-132,Bacteria,NA,NA,NA,NA,NA,NA
uncultured bacterium,Bacteria,outgroup,motu999,motu999,ASV1674,parent,1006,uncultured bacterium,Bacteria,outgroup,97.153,3.6499999999999997e-134,Bacteria,NA,NA,NA,NA,NA,NA
uncultured bacterium,Bacteria,outgroup,motu1005,motu1005,ASV1681,parent,1013,uncultured bacterium,Bacteria,outgroup,99.587,3.2899999999999996e-124,Bacteria,NA,NA,NA,NA,NA,NA
uncultured bacterium,Bacteria,outgroup,motu1009,motu1009,ASV1686,parent,1017,uncultured bacterium,Bacteria,outgroup,100,5.4199999999999993e-132,Bacteria,NA,NA,NA,NA,NA,NA
uncultured bacterium,Bacteria,outgroup,motu1012,motu1012,ASV1689,parent,1020,uncultured bacterium,Bacteria,outgroup,96.327,1.5499999999999997e-112,Bacteria,NA,NA,NA,NA,NA,NA
uncultured bacterium,Bacteria,outgroup,motu1019,motu1019,ASV1700,parent,1027,uncultured bacterium,Bacteria,outgroup,98.438,5.53e-127,Bacteria,NA,NA,NA,NA,NA,NA
uncultured bacterium,Bacteria,outgroup,motu1020,motu1020,ASV1701,parent,1028,uncultured bacterium,Bacteria,outgroup,99.184,3.2899999999999996e-124,Bacteria,NA,NA,NA,NA,NA,NA
uncultured bacterium,Bacteria,outgroup,motu1022,motu1022,ASV1704,parent,1030,uncultured bacterium,Bacteria,outgroup,99.609,5.489999999999999e-132,Bacteria,NA,NA,NA,NA,NA,NA
uncultured bacterium,Bacteria,outgroup,motu1023,motu1023,ASV1705,parent,830,uncultured bacterium,Bacteria,outgroup,100,5.4199999999999993e-132,Bacteria,NA,NA,NA,NA,NA,NA
uncultured bacterium,Bacteria,outgroup,motu1023,motu1023,ASV1840,parent,830,uncultured bacterium,Bacteria,outgroup,99.605,2.5199999999999995e-130,Bacteria,NA,NA,NA,NA,NA,NA
uncultured bacterium,Bacteria,outgroup,motu1025,motu1025,ASV1707,parent,1032,uncultured bacterium,Bacteria,outgroup,97.959,3.309999999999999e-119,Bacteria,NA,NA,NA,NA,NA,NA
uncultured bacterium,Bacteria,outgroup,motu1026,motu1026,ASV1709,parent,1033,uncultured bacterium,Bacteria,outgroup,96.094,5.61e-117,Bacteria,NA,NA,NA,NA,NA,NA
uncultured bacterium,Bacteria,outgroup,motu1027,motu1027,ASV1710,parent,1034,uncultured bacterium,Bacteria,outgroup,100,5.4199999999999993e-132,Bacteria,NA,NA,NA,NA,NA,NA
uncultured bacterium,Bacteria,outgroup,motu1031,motu1031,ASV1715,parent,1039,uncultured bacterium,Bacteria,outgroup,98.374,1.9899999999999997e-121,Bacteria,NA,NA,NA,NA,NA,NA
uncultured bacterium,Bacteria,outgroup,motu1032,motu1032,ASV1716,parent,1040,uncultured bacterium,Bacteria,outgroup,96.875,2.59e-120,Bacteria,NA,NA,NA,NA,NA,NA
uncultured bacterium,Bacteria,outgroup,motu1040,motu1040,ASV1727,parent,877,uncultured bacterium,Bacteria,outgroup,98.326,1.5400000000000001e-117,Bacteria,NA,NA,NA,NA,NA,NA
uncultured bacterium,Bacteria,outgroup,motu1040,motu1040,ASV2102,parent,877,uncultured bacterium,Bacteria,outgroup,97.908,7.169999999999999e-116,Bacteria,NA,NA,NA,NA,NA,NA
uncultured bacterium,Bacteria,outgroup,motu1058,motu1058,ASV1752,parent,1064,uncultured bacterium,Bacteria,outgroup,97.233,2.5599999999999998e-120,Bacteria,NA,NA,NA,NA,NA,NA
uncultured bacterium,Bacteria,outgroup,motu1061,motu1061,ASV1757,parent,1067,uncultured bacterium,Bacteria,outgroup,96.047,2.58e-115,Bacteria,NA,NA,NA,NA,NA,NA
uncultured bacterium,Bacteria,outgroup,motu1062,motu1062,ASV1758,parent,1068,uncultured bacterium,Bacteria,outgroup,96.838,1.19e-118,Bacteria,NA,NA,NA,NA,NA,NA
uncultured bacterium,Bacteria,outgroup,motu1063,motu1063,ASV1760,parent,1069,uncultured bacterium,Bacteria,outgroup,99.592,7.07e-126,Bacteria,NA,NA,NA,NA,NA,NA
uncultured bacterium,Bacteria,outgroup,motu1072,motu1072,ASV1773,parent,1077,uncultured bacterium,Bacteria,outgroup,96.708,4.31e-113,Bacteria,NA,NA,NA,NA,NA,NA
uncultured bacterium,Bacteria,outgroup,motu1073,motu1073,ASV1774,parent,1078,uncultured bacterium,Bacteria,outgroup,97.49,3.33e-114,Bacteria,NA,NA,NA,NA,NA,NA
uncultured bacterium,Bacteria,outgroup,motu1074,motu1074,ASV1775,parent,1079,uncultured bacterium,Bacteria,outgroup,99.184,3.2899999999999996e-124,Bacteria,NA,NA,NA,NA,NA,NA
uncultured bacterium,Bacteria,outgroup,motu1084,motu1084,ASV1791,parent,1090,uncultured bacterium,Bacteria,outgroup,99.605,2.5199999999999995e-130,Bacteria,NA,NA,NA,NA,NA,NA
uncultured bacterium,Bacteria,outgroup,motu1085,motu1085,ASV1792,parent,1088,uncultured bacterium,Bacteria,outgroup,96.484,1.2099999999999998e-118,Bacteria,NA,NA,NA,NA,NA,NA
uncultured bacterium,Bacteria,outgroup,motu1091,motu1091,ASV1798,parent,1096,uncultured bacterium,Bacteria,outgroup,100,3.2899999999999996e-124,Bacteria,NA,NA,NA,NA,NA,NA
uncultured bacterium,Bacteria,outgroup,motu1092,motu1092,ASV1801,parent,1100,uncultured bacterium,Bacteria,outgroup,99.605,7.02e-131,Bacteria,NA,NA,NA,NA,NA,NA
uncultured bacterium,Bacteria,outgroup,motu1094,motu1094,ASV1803,parent,1097,uncultured bacterium,Bacteria,outgroup,97.628,5.5e-122,Bacteria,NA,NA,NA,NA,NA,NA
uncultured bacterium,Bacteria,outgroup,motu1098,motu1098,ASV1808,parent,1108,uncultured bacterium,Bacteria,outgroup,98.361,2.59e-120,Bacteria,NA,NA,NA,NA,NA,NA
uncultured bacterium,Bacteria,outgroup,motu1099,motu1099,ASV1809,parent,1103,uncultured bacterium,Bacteria,outgroup,97.551,1.5400000000000001e-117,Bacteria,NA,NA,NA,NA,NA,NA
uncultured bacterium,Bacteria,outgroup,motu1101,motu1101,ASV1811,parent,1106,uncultured bacterium,Bacteria,outgroup,98.413,9.139999999999999e-125,Bacteria,NA,NA,NA,NA,NA,NA
uncultured bacterium,Bacteria,outgroup,motu1102,motu1102,ASV1812,parent,1105,uncultured bacterium,Bacteria,outgroup,100,5.4199999999999993e-132,Bacteria,NA,NA,NA,NA,NA,NA
uncultured bacterium,Bacteria,outgroup,motu1103,motu1103,ASV1813,parent,1107,uncultured bacterium,Bacteria,outgroup,96.443,5.54e-117,Bacteria,NA,NA,NA,NA,NA,NA
uncultured bacterium,Bacteria,outgroup,motu1110,motu1110,ASV1825,parent,1114,uncultured bacterium,Bacteria,outgroup,97.541,5.61e-117,Bacteria,NA,NA,NA,NA,NA,NA
uncultured bacterium,Bacteria,outgroup,motu1122,motu1122,ASV1850,parent,1127,uncultured bacterium,Bacteria,outgroup,98.047,2.5699999999999997e-125,Bacteria,NA,NA,NA,NA,NA,NA
uncultured bacterium,Bacteria,outgroup,motu1124,motu1124,ASV1852,parent,1125,uncultured bacterium,Bacteria,outgroup,98.367,7.119999999999999e-121,Bacteria,NA,NA,NA,NA,NA,NA
uncultured bacterium,Bacteria,outgroup,motu1133,motu1133,ASV1870,parent,1135,uncultured bacterium,Bacteria,outgroup,98.354,9.21e-120,Bacteria,NA,NA,NA,NA,NA,NA
uncultured bacterium,Bacteria,outgroup,motu1135,motu1135,ASV1872,parent,1134,uncultured bacterium,Bacteria,outgroup,98.367,7.119999999999999e-121,Bacteria,NA,NA,NA,NA,NA,NA
uncultured bacterium,Bacteria,outgroup,motu1136,motu1136,ASV1873,parent,1137,uncultured bacterium,Bacteria,outgroup,96.047,2.58e-115,Bacteria,NA,NA,NA,NA,NA,NA
uncultured bacterium,Bacteria,outgroup,motu1140,motu1140,ASV1880,parent,1142,uncultured bacterium,Bacteria,outgroup,99.593,1.97e-126,Bacteria,NA,NA,NA,NA,NA,NA
uncultured bacterium,Bacteria,outgroup,motu1142,motu1142,ASV1882,parent,1143,uncultured bacterium,Bacteria,outgroup,96.311,5.649999999999999e-112,Bacteria,NA,NA,NA,NA,NA,NA
uncultured bacterium,Bacteria,outgroup,motu1143,motu1143,ASV1883,parent,1146,uncultured bacterium,Bacteria,outgroup,98.024,1.18e-123,Bacteria,NA,NA,NA,NA,NA,NA
uncultured bacterium,Bacteria,outgroup,motu1147,motu1147,ASV1888,parent,1149,uncultured bacterium,Bacteria,outgroup,98.814,5.46e-127,Bacteria,NA,NA,NA,NA,NA,NA
uncultured bacterium,Bacteria,outgroup,motu1148,motu1148,ASV1889,parent,1150,uncultured bacterium,Bacteria,outgroup,97.233,2.5599999999999998e-120,Bacteria,NA,NA,NA,NA,NA,NA
uncultured bacterium,Bacteria,outgroup,motu1149,motu1149,ASV1890,parent,1151,uncultured bacterium,Bacteria,outgroup,97.551,1.56e-117,Bacteria,NA,NA,NA,NA,NA,NA
uncultured bacterium,Bacteria,outgroup,motu1152,motu1152,ASV1893,parent,1155,uncultured bacterium,Bacteria,outgroup,96.735,3.33e-114,Bacteria,NA,NA,NA,NA,NA,NA
uncultured bacterium,Bacteria,outgroup,motu1154,motu1154,ASV1895,parent,1156,uncultured bacterium,Bacteria,outgroup,100,4.24e-128,Bacteria,NA,NA,NA,NA,NA,NA
uncultured bacterium,Bacteria,outgroup,motu1162,motu1162,ASV1908,parent,1164,uncultured bacterium,Bacteria,outgroup,99.184,3.2899999999999996e-124,Bacteria,NA,NA,NA,NA,NA,NA
uncultured bacterium,Bacteria,outgroup,motu1165,motu1165,ASV1912,parent,1167,uncultured bacterium,Bacteria,outgroup,99.209,1.1799999999999999e-128,Bacteria,NA,NA,NA,NA,NA,NA
uncultured bacterium,Bacteria,outgroup,motu1173,motu1173,ASV1922,parent,1173,uncultured bacterium,Bacteria,outgroup,96.863,9.33e-120,Bacteria,NA,NA,NA,NA,NA,NA
uncultured bacterium,Bacteria,outgroup,motu1175,motu1175,ASV1924,parent,1176,uncultured bacterium,Bacteria,outgroup,97.233,2.5599999999999998e-120,Bacteria,NA,NA,NA,NA,NA,NA
uncultured bacterium,Bacteria,outgroup,motu1178,motu1178,ASV1928,parent,1179,uncultured bacterium,Bacteria,outgroup,96.875,2.59e-120,Bacteria,NA,NA,NA,NA,NA,NA
uncultured bacterium,Bacteria,outgroup,motu1181,motu1181,ASV1931,parent,1182,uncultured bacterium,Bacteria,outgroup,97.154,7.2e-116,Bacteria,NA,NA,NA,NA,NA,NA
uncultured bacterium,Bacteria,outgroup,motu1184,motu1184,ASV1935,parent,1185,uncultured bacterium,Bacteria,outgroup,96.721,1.21e-113,Bacteria,NA,NA,NA,NA,NA,NA
uncultured bacterium,Bacteria,outgroup,motu1186,motu1186,ASV1937,parent,1187,uncultured bacterium,Bacteria,outgroup,98.024,1.18e-123,Bacteria,NA,NA,NA,NA,NA,NA
uncultured bacterium,Bacteria,outgroup,motu1199,motu1199,ASV1955,parent,1198,uncultured bacterium,Bacteria,outgroup,96.047,2.58e-115,Bacteria,NA,NA,NA,NA,NA,NA
uncultured bacterium,Bacteria,outgroup,motu1202,motu1202,ASV1959,parent,1203,uncultured bacterium,Bacteria,outgroup,99.592,7.07e-126,Bacteria,NA,NA,NA,NA,NA,NA
uncultured bacterium,Bacteria,outgroup,motu1203,motu1203,ASV1960,parent,1204,uncultured bacterium,Bacteria,outgroup,97.143,7.169999999999999e-116,Bacteria,NA,NA,NA,NA,NA,NA
uncultured bacterium,Bacteria,outgroup,motu1205,motu1205,ASV1963,parent,1207,uncultured bacterium,Bacteria,outgroup,98.024,1.18e-123,Bacteria,NA,NA,NA,NA,NA,NA
uncultured bacterium,Bacteria,outgroup,motu1211,motu1211,ASV1970,parent,1212,uncultured bacterium,Bacteria,outgroup,100,3.2899999999999996e-124,Bacteria,NA,NA,NA,NA,NA,NA
uncultured bacterium,Bacteria,outgroup,motu1215,motu1215,ASV1974,parent,1217,uncultured bacterium,Bacteria,outgroup,100,1.52e-127,Bacteria,NA,NA,NA,NA,NA,NA
uncultured bacterium,Bacteria,outgroup,motu1216,motu1216,ASV1975,parent,1218,uncultured bacterium,Bacteria,outgroup,98.367,7.119999999999999e-121,Bacteria,NA,NA,NA,NA,NA,NA
uncultured bacterium,Bacteria,outgroup,motu1221,motu1221,ASV1980,parent,1222,uncultured bacterium,Bacteria,outgroup,97.628,5.5e-122,Bacteria,NA,NA,NA,NA,NA,NA
uncultured bacterium,Bacteria,outgroup,motu1223,motu1223,ASV1982,parent,1224,uncultured bacterium,Bacteria,outgroup,100,5.4199999999999993e-132,Bacteria,NA,NA,NA,NA,NA,NA
uncultured bacterium,Bacteria,outgroup,motu1227,motu1227,ASV1986,parent,1228,uncultured bacterium,Bacteria,outgroup,98.814,5.46e-127,Bacteria,NA,NA,NA,NA,NA,NA
uncultured bacterium,Bacteria,outgroup,motu1228,motu1228,ASV1987,parent,1229,uncultured bacterium,Bacteria,outgroup,100,5.4199999999999993e-132,Bacteria,NA,NA,NA,NA,NA,NA
uncultured bacterium,Bacteria,outgroup,motu1229,motu1229,ASV1988,parent,1230,uncultured bacterium,Bacteria,outgroup,97.628,5.5e-122,Bacteria,NA,NA,NA,NA,NA,NA
uncultured bacterium,Bacteria,outgroup,motu1230,motu1230,ASV1989,parent,1231,uncultured bacterium,Bacteria,outgroup,99.609,5.489999999999999e-132,Bacteria,NA,NA,NA,NA,NA,NA
uncultured bacterium,Bacteria,outgroup,motu1231,motu1231,ASV1990,parent,1232,uncultured bacterium,Bacteria,outgroup,97.628,5.5e-122,Bacteria,NA,NA,NA,NA,NA,NA
uncultured bacterium,Bacteria,outgroup,motu1233,motu1233,ASV1992,parent,1234,uncultured bacterium,Bacteria,outgroup,96.016,3.33e-114,Bacteria,NA,NA,NA,NA,NA,NA
uncultured bacterium,Bacteria,outgroup,motu1238,motu1238,ASV1998,parent,1239,uncultured bacterium,Bacteria,outgroup,97.233,2.5599999999999998e-120,Bacteria,NA,NA,NA,NA,NA,NA
uncultured bacterium,Bacteria,outgroup,motu1239,motu1239,ASV1999,parent,1240,uncultured bacterium,Bacteria,outgroup,97.628,5.5e-122,Bacteria,NA,NA,NA,NA,NA,NA
uncultured bacterium,Bacteria,outgroup,motu1240,motu1240,ASV2000,parent,1241,uncultured bacterium,Bacteria,outgroup,98.78,4.2700000000000004e-123,Bacteria,NA,NA,NA,NA,NA,NA
uncultured bacterium,Bacteria,outgroup,motu1247,motu1247,ASV2008,parent,1247,uncultured bacterium,Bacteria,outgroup,97.959,3.309999999999999e-119,Bacteria,NA,NA,NA,NA,NA,NA
uncultured bacterium,Bacteria,outgroup,motu1248,motu1248,ASV2010,parent,1248,uncultured bacterium,Bacteria,outgroup,98.419,2.54e-125,Bacteria,NA,NA,NA,NA,NA,NA
uncultured bacterium,Bacteria,outgroup,motu1251,motu1251,ASV2013,parent,1252,uncultured bacterium,Bacteria,outgroup,97.959,3.309999999999999e-119,Bacteria,NA,NA,NA,NA,NA,NA
uncultured bacterium,Bacteria,outgroup,motu1252,motu1252,ASV2014,parent,1251,uncultured bacterium,Bacteria,outgroup,100,1.5099999999999997e-132,Bacteria,NA,NA,NA,NA,NA,NA
uncultured bacterium,Bacteria,outgroup,motu1253,motu1253,ASV2015,parent,1254,uncultured bacterium,Bacteria,outgroup,96.838,1.19e-118,Bacteria,NA,NA,NA,NA,NA,NA
uncultured bacterium,Bacteria,outgroup,motu1258,motu1258,ASV2020,parent,1258,uncultured bacterium,Bacteria,outgroup,98.031,3.3e-124,Bacteria,NA,NA,NA,NA,NA,NA
uncultured bacterium,Bacteria,outgroup,motu1263,motu1263,ASV2025,parent,1262,uncultured bacterium,Bacteria,outgroup,100,5.4199999999999993e-132,Bacteria,NA,NA,NA,NA,NA,NA
uncultured bacterium,Bacteria,outgroup,motu1264,motu1264,ASV2026,parent,1263,uncultured bacterium,Bacteria,outgroup,97.143,7.169999999999999e-116,Bacteria,NA,NA,NA,NA,NA,NA
uncultured bacterium,Bacteria,outgroup,motu1266,motu1266,ASV2028,parent,1265,uncultured bacterium,Bacteria,outgroup,96.838,1.19e-118,Bacteria,NA,NA,NA,NA,NA,NA
uncultured bacterium,Bacteria,outgroup,motu1268,motu1268,ASV2030,parent,1267,uncultured bacterium,Bacteria,outgroup,98.419,2.54e-125,Bacteria,NA,NA,NA,NA,NA,NA
uncultured bacterium,Bacteria,outgroup,motu1270,motu1270,ASV2032,parent,1269,uncultured bacterium,Bacteria,outgroup,97.222,9.21e-120,Bacteria,NA,NA,NA,NA,NA,NA
uncultured bacterium,Bacteria,outgroup,motu1271,motu1271,ASV2033,parent,1270,uncultured bacterium,Bacteria,outgroup,97.143,7.169999999999999e-116,Bacteria,NA,NA,NA,NA,NA,NA
uncultured bacterium,Bacteria,outgroup,motu1277,motu1277,ASV2041,parent,1284,uncultured bacterium,Bacteria,outgroup,96.327,5.579999999999999e-112,Bacteria,NA,NA,NA,NA,NA,NA
uncultured bacterium,Bacteria,outgroup,motu1281,motu1281,ASV2045,parent,1280,uncultured bacterium,Bacteria,outgroup,97.951,1.2099999999999998e-118,Bacteria,NA,NA,NA,NA,NA,NA
uncultured bacterium,Bacteria,outgroup,motu1299,motu1299,ASV2065,parent,1297,uncultured bacterium,Bacteria,outgroup,96.875,2.59e-120,Bacteria,NA,NA,NA,NA,NA,NA
uncultured bacterium,Bacteria,outgroup,motu1311,motu1311,ASV2077,parent,1309,uncultured bacterium,Bacteria,outgroup,96.327,5.579999999999999e-112,Bacteria,NA,NA,NA,NA,NA,NA
uncultured bacterium,Bacteria,outgroup,motu1314,motu1314,ASV2080,parent,1316,uncultured bacterium,Bacteria,outgroup,98.419,2.54e-125,Bacteria,NA,NA,NA,NA,NA,NA
uncultured bacterium,Bacteria,outgroup,motu1318,motu1318,ASV2086,parent,1319,uncultured bacterium,Bacteria,outgroup,98.776,1.53e-122,Bacteria,NA,NA,NA,NA,NA,NA
uncultured bacterium,Bacteria,outgroup,motu1321,motu1321,ASV2090,parent,1321,uncultured bacterium,Bacteria,outgroup,97.628,5.5e-122,Bacteria,NA,NA,NA,NA,NA,NA
uncultured bacterium,Bacteria,outgroup,motu1333,motu1333,ASV2105,parent,1333,uncultured bacterium,Bacteria,outgroup,98.814,5.46e-127,Bacteria,NA,NA,NA,NA,NA,NA
uncultured bacterium,Bacteria,outgroup,motu1334,motu1334,ASV2106,parent,1332,uncultured bacterium,Bacteria,outgroup,99.605,2.5199999999999995e-130,Bacteria,NA,NA,NA,NA,NA,NA
uncultured bacterium,Bacteria,outgroup,motu1335,motu1335,ASV2108,parent,1334,uncultured bacterium,Bacteria,outgroup,100,5.4199999999999993e-132,Bacteria,NA,NA,NA,NA,NA,NA
uncultured bacterium,Bacteria,outgroup,motu1350,motu1350,ASV2128,parent,1351,uncultured bacterium,Bacteria,outgroup,100,1.52e-127,Bacteria,NA,NA,NA,NA,NA,NA
uncultured bacterium,Bacteria,outgroup,motu1351,motu1351,ASV2129,parent,1352,uncultured bacterium,Bacteria,outgroup,99.197,1.97e-126,Bacteria,NA,NA,NA,NA,NA,NA
uncultured bacterium,Bacteria,outgroup,motu1354,motu1354,ASV2133,parent,1355,uncultured bacterium,Bacteria,outgroup,97.49,3.33e-114,Bacteria,NA,NA,NA,NA,NA,NA
uncultured bacterium,Bacteria,outgroup,motu1361,motu1361,ASV2140,parent,1361,uncultured bacterium,Bacteria,outgroup,100,1.52e-127,Bacteria,NA,NA,NA,NA,NA,NA
uncultured bacterium,Bacteria,outgroup,motu1386,motu1386,ASV2172,parent,1386,uncultured bacterium,Bacteria,outgroup,99.603,9.079999999999999e-130,Bacteria,NA,NA,NA,NA,NA,NA
uncultured bacterium,Bacteria,outgroup,motu1389,motu1389,ASV2175,parent,1389,uncultured bacterium,Bacteria,outgroup,100,5.4199999999999993e-132,Bacteria,NA,NA,NA,NA,NA,NA
uncultured bacterium,Bacteria,outgroup,motu1393,motu1393,ASV2179,parent,1393,uncultured bacterium,Bacteria,outgroup,99.592,7.07e-126,Bacteria,NA,NA,NA,NA,NA,NA
uncultured bacterium,Bacteria,outgroup,motu1395,motu1395,ASV2181,parent,1398,uncultured bacterium,Bacteria,outgroup,96.875,2.59e-120,Bacteria,NA,NA,NA,NA,NA,NA
uncultured bacterium,Bacteria,outgroup,motu1397,motu1397,ASV2183,parent,1400,uncultured bacterium,Bacteria,outgroup,96.838,1.19e-118,Bacteria,NA,NA,NA,NA,NA,NA
uncultured bacterium,Bacteria,outgroup,motu1398,motu1398,ASV2184,parent,1401,uncultured bacterium,Bacteria,outgroup,99.209,3.26e-129,Bacteria,NA,NA,NA,NA,NA,NA
uncultured bacterium,Bacteria,outgroup,motu1410,motu1410,ASV2196,parent,1397,uncultured bacterium,Bacteria,outgroup,98.367,7.119999999999999e-121,Bacteria,NA,NA,NA,NA,NA,NA
uncultured bacterium,Bacteria,outgroup,motu1411,motu1411,ASV2197,parent,1403,uncultured bacterium,Bacteria,outgroup,98.361,2.59e-120,Bacteria,NA,NA,NA,NA,NA,NA
uncultured bacterium,Bacteria,outgroup,motu1415,motu1415,ASV2201,parent,1415,uncultured bacterium,Bacteria,outgroup,98.413,9.139999999999999e-125,Bacteria,NA,NA,NA,NA,NA,NA
uncultured bacterium,Bacteria,outgroup,motu1417,motu1417,ASV2204,parent,1418,uncultured bacterium,Bacteria,outgroup,99.184,3.2899999999999996e-124,Bacteria,NA,NA,NA,NA,NA,NA
uncultured bacterium,Bacteria,outgroup,motu1419,motu1419,ASV2207,parent,1421,uncultured bacterium,Bacteria,outgroup,99.209,1.1699999999999998e-128,Bacteria,NA,NA,NA,NA,NA,NA
uncultured bacterium,Bacteria,outgroup,motu1430,motu1430,ASV2218,parent,1430,uncultured bacterium,Bacteria,outgroup,97.07,1.01e-129,Bacteria,NA,NA,NA,NA,NA,NA
uncultured bacterium,Bacteria,outgroup,motu1439,motu1439,ASV2229,parent,1433,uncultured bacterium,Bacteria,outgroup,98.031,3.3e-124,Bacteria,NA,NA,NA,NA,NA,NA
uncultured bacterium,Bacteria,outgroup,motu1442,motu1442,ASV2232,parent,1443,uncultured bacterium,Bacteria,outgroup,96.39,1.32e-128,Bacteria,NA,NA,NA,NA,NA,NA
uncultured bacterium,Bacteria,outgroup,motu1444,motu1444,ASV2234,parent,1444,uncultured bacterium,Bacteria,outgroup,99.209,1.1699999999999998e-128,Bacteria,NA,NA,NA,NA,NA,NA
uncultured bacterium,Bacteria,outgroup,motu1448,motu1448,ASV2238,parent,1447,uncultured bacterium,Bacteria,outgroup,98.828,1.19e-128,Bacteria,NA,NA,NA,NA,NA,NA
uncultured bacterium,Bacteria,outgroup,motu1531,motu1531,ASV2325,parent,1520,uncultured bacterium,Bacteria,outgroup,98.814,5.46e-127,Bacteria,NA,NA,NA,NA,NA,NA
uncultured bacterium,Bacteria,outgroup,motu1537,motu1537,ASV2332,parent,1536,uncultured bacterium,Bacteria,outgroup,97.959,3.309999999999999e-119,Bacteria,NA,NA,NA,NA,NA,NA
uncultured bacterium,Bacteria,outgroup,motu1558,motu1558,ASV2353,parent,1558,uncultured bacterium,Bacteria,outgroup,99.145,4.279999999999999e-118,Bacteria,NA,NA,NA,NA,NA,NA
uncultured bacterium,Bacteria,outgroup,motu1631,motu1631,ASV2429,parent,1631,uncultured bacterium,Bacteria,outgroup,99.213,3.28e-129,Bacteria,NA,NA,NA,NA,NA,NA
uncultured bacterium,Bacteria,outgroup,motu1639,motu1639,ASV2437,parent,1639,uncultured bacterium,Bacteria,outgroup,98.047,2.5699999999999997e-125,Bacteria,NA,NA,NA,NA,NA,NA
uncultured cyanobacterium,Bacteria,outgroup,motu523,motu523,ASV1025,parent,548,uncultured cyanobacterium,Bacteria,outgroup,96.047,2.58e-115,Bacteria,Cyanobacteriota,NA,NA,NA,NA,NA
uncultured cyanobacterium,Bacteria,outgroup,motu524,motu524,ASV1026,parent,549,uncultured cyanobacterium,Bacteria,outgroup,96.047,2.58e-115,Bacteria,Cyanobacteriota,NA,NA,NA,NA,NA
uncultured cyanobacterium,Bacteria,outgroup,motu555,motu555,ASV1063,parent,578,uncultured cyanobacterium,Bacteria,outgroup,98.81,1.9599999999999997e-126,Bacteria,Cyanobacteriota,NA,NA,NA,NA,NA
uncultured cyanobacterium,Bacteria,outgroup,motu1033,motu1033,ASV1717,parent,1036,uncultured cyanobacterium,Bacteria,outgroup,96.047,2.58e-115,Bacteria,Cyanobacteriota,NA,NA,NA,NA,NA
uncultured cyanobacterium,Bacteria,outgroup,motu1463,motu1463,ASV2254,parent,1464,uncultured cyanobacterium,Bacteria,outgroup,96.471,5.54e-117,Bacteria,Cyanobacteriota,NA,NA,NA,NA,NA
uncultured diatom,Diatom,outgroup,motu109,motu109,ASV175,parent,123,uncultured diatom,Diatom,outgroup,99.603,9.079999999999999e-130,Eukaryota,Bacillariophyta,NA,NA,NA,NA,NA
uncultured diatom,Diatom,outgroup,motu989,motu989,ASV1661,parent,1000,uncultured diatom,Diatom,outgroup,99.608,1.98e-131,Eukaryota,Bacillariophyta,NA,NA,NA,NA,NA
uncultured diatom,Diatom,outgroup,motu1432,motu1432,ASV2222,parent,1432,uncultured diatom,Diatom,outgroup,100,5.46e-127,Eukaryota,Bacillariophyta,NA,NA,NA,NA,NA
uncultured eukaryote,Unknown eukaryote,outgroup,motu224,motu224,ASV480,parent,242,uncultured eukaryote,Unknown eukaryote,outgroup,100,1.9499999999999998e-131,Eukaryota,NA,NA,NA,NA,NA,NA
uncultured marine bacterium,Bacteria,outgroup,motu160,motu160,ASV340,parent,147,uncultured marine bacterium,Bacteria,outgroup,98.828,1.19e-128,Bacteria,NA,NA,NA,NA,NA,NA
uncultured marine bacterium,Bacteria,outgroup,motu160,motu160,ASV1739,parent,147,uncultured marine bacterium,Bacteria,outgroup,99.219,2.5599999999999996e-130,Bacteria,NA,NA,NA,NA,NA,NA
uncultured marine bacterium,Bacteria,outgroup,motu160,motu160,ASV2156,parent,147,uncultured marine bacterium,Bacteria,outgroup,98.828,1.19e-128,Bacteria,NA,NA,NA,NA,NA,NA
uncultured marine bacterium,Bacteria,outgroup,motu229,motu229,ASV490,parent,183,uncultured marine bacterium,Bacteria,outgroup,97.665,1.2000000000000002e-123,Bacteria,NA,NA,NA,NA,NA,NA
uncultured marine bacterium,Bacteria,outgroup,motu229,motu229,ASV929,parent,183,uncultured marine bacterium,Bacteria,outgroup,97.276,5.57e-122,Bacteria,NA,NA,NA,NA,NA,NA
uncultured marine bacterium,Bacteria,outgroup,motu380,motu380,ASV777,parent,395,uncultured marine bacterium,Bacteria,outgroup,97.266,5.57e-122,Bacteria,NA,NA,NA,NA,NA,NA
uncultured marine bacterium,Bacteria,outgroup,motu505,motu505,ASV998,parent,531,uncultured marine bacterium,Bacteria,outgroup,96.484,1.2099999999999998e-118,Bacteria,NA,NA,NA,NA,NA,NA
uncultured marine bacterium,Bacteria,outgroup,motu538,motu538,ASV1042,parent,560,uncultured marine bacterium,Bacteria,outgroup,98.438,5.53e-127,Bacteria,NA,NA,NA,NA,NA,NA
uncultured marine bacterium,Bacteria,outgroup,motu603,motu603,ASV1128,parent,621,uncultured marine bacterium,Bacteria,outgroup,99.609,5.489999999999999e-132,Bacteria,NA,NA,NA,NA,NA,NA
uncultured marine bacterium,Bacteria,outgroup,motu634,motu634,ASV1173,parent,654,uncultured marine bacterium,Bacteria,outgroup,97.656,1.2000000000000002e-123,Bacteria,NA,NA,NA,NA,NA,NA
uncultured marine bacterium,Bacteria,outgroup,motu676,motu676,ASV1233,parent,522,uncultured marine bacterium,Bacteria,outgroup,98.828,1.19e-128,Bacteria,NA,NA,NA,NA,NA,NA
uncultured marine bacterium,Bacteria,outgroup,motu676,motu676,ASV1856,parent,522,uncultured marine bacterium,Bacteria,outgroup,98.438,5.53e-127,Bacteria,NA,NA,NA,NA,NA,NA
uncultured marine bacterium,Bacteria,outgroup,motu831,motu831,ASV1449,parent,844,uncultured marine bacterium,Bacteria,outgroup,98.444,5.53e-127,Bacteria,NA,NA,NA,NA,NA,NA
uncultured marine bacterium,Bacteria,outgroup,motu1182,motu1182,ASV1933,parent,1183,uncultured marine bacterium,Bacteria,outgroup,99.609,5.489999999999999e-132,Bacteria,NA,NA,NA,NA,NA,NA
Unknown organism,Unknown organism,outgroup,motu788,motu788,ASV1390,parent,641,uncultured marine eukaryote,Unknown eukaryote,outgroup,100,1.9499999999999998e-131,Eukaryota,NA,NA,NA,NA,NA,NA
uncultured microorganism,Unknown organism,outgroup,motu370,motu370,ASV766,parent,386,uncultured microorganism,Unknown organism,outgroup,96.838,1.19e-118,NA,NA,NA,NA,NA,NA,NA
uncultured microorganism,Unknown organism,outgroup,motu493,motu493,ASV974,parent,514,uncultured microorganism,Unknown organism,outgroup,96.838,1.19e-118,NA,NA,NA,NA,NA,NA,NA
uncultured microorganism,Unknown organism,outgroup,motu1324,motu1324,ASV2095,parent,1324,uncultured microorganism,Unknown organism,outgroup,96.047,2.58e-115,NA,NA,NA,NA,NA,NA,NA
uncultured organism,Unknown organism,outgroup,motu322,motu322,ASV676,parent,345,uncultured organism,Unknown organism,outgroup,96.356,1.1999999999999999e-113,NA,NA,NA,NA,NA,NA,NA
uncultured organism,Unknown organism,outgroup,motu572,motu572,ASV1084,parent,597,uncultured organism,Unknown organism,outgroup,99.267,9.959999999999999e-140,NA,NA,NA,NA,NA,NA,NA
uncultured organism,Unknown organism,outgroup,motu838,motu838,ASV1461,parent,633,uncultured organism,Unknown organism,outgroup,99.19,2.54e-125,NA,NA,NA,NA,NA,NA,NA
uncultured organism,Unknown organism,outgroup,motu838,motu838,ASV1567,parent,633,uncultured organism,Unknown organism,outgroup,99.595,5.46e-127,NA,NA,NA,NA,NA,NA,NA
uncultured organism,Unknown organism,outgroup,motu924,motu924,ASV1574,parent,933,uncultured organism,Unknown organism,outgroup,96.761,2.58e-115,NA,NA,NA,NA,NA,NA,NA
uncultured organism,Unknown organism,outgroup,motu949,motu949,ASV1609,parent,960,uncultured organism,Unknown organism,outgroup,97.177,1.9899999999999998e-116,NA,NA,NA,NA,NA,NA,NA
uncultured organism,Unknown organism,outgroup,motu983,motu983,ASV1653,parent,992,uncultured organism,Unknown organism,outgroup,100,5.4400000000000004e-127,NA,NA,NA,NA,NA,NA,NA
uncultured organism,Unknown organism,outgroup,motu1052,motu1052,ASV1744,parent,1058,uncultured organism,Unknown organism,outgroup,97.942,4.279999999999999e-118,NA,NA,NA,NA,NA,NA,NA
uncultured organism,Unknown organism,outgroup,motu1212,motu1212,ASV1971,parent,1214,uncultured organism,Unknown organism,outgroup,97.166,5.54e-117,NA,NA,NA,NA,NA,NA,NA
uncultured prokaryote,Unknown organism,outgroup,motu467,motu467,ASV926,parent,491,uncultured prokaryote,Unknown organism,outgroup,96.443,5.54e-117,NA,NA,NA,NA,NA,NA,NA
uncultured prokaryote,Unknown organism,outgroup,motu656,motu656,ASV1203,parent,675,uncultured prokaryote,Unknown organism,outgroup,98.016,4.2500000000000004e-123,NA,NA,NA,NA,NA,NA,NA
uncultured prokaryote,Unknown organism,outgroup,motu823,motu823,ASV1440,parent,612,uncultured prokaryote,Unknown organism,outgroup,99.18,1.18e-123,NA,NA,NA,NA,NA,NA,NA
uncultured prokaryote,Unknown organism,outgroup,motu823,motu823,ASV1932,parent,612,uncultured prokaryote,Unknown organism,outgroup,99.59,2.54e-125,NA,NA,NA,NA,NA,NA,NA
uncultured prokaryote,Unknown organism,outgroup,motu952,motu952,ASV1612,parent,962,uncultured prokaryote,Unknown organism,outgroup,99.184,3.2899999999999996e-124,NA,NA,NA,NA,NA,NA,NA
uncultured prokaryote,Unknown organism,outgroup,motu1015,motu1015,ASV1695,parent,1022,uncultured prokaryote,Unknown organism,outgroup,96.443,5.54e-117,NA,NA,NA,NA,NA,NA,NA
uncultured prokaryote,Unknown organism,outgroup,motu1470,motu1470,ASV2262,parent,1470,uncultured prokaryote,Unknown organism,outgroup,98.016,4.2500000000000004e-123,NA,NA,NA,NA,NA,NA,NA
