found_taxa,common_name,rank,motu,motu_swarm,asv,curated,lulu_rank,found_taxa_asv,common_name_asv,rank_asv,identity_percentage,evalue,kingdom,phylum,class,order,family,genus,freshwater_only
Acanthogobius flavimanus,Yellowfin goby,species,motu90,motu90,ASV137,parent,80,Acanthogobius flavimanus,Yellowfin goby,species,100,2.2e-84,Eukaryota,Chordata,Teleostei,Gobiiformes,Gobiidae,Acanthogobius,0
Acanthogobius flavimanus,Yellowfin goby,species,motu90,motu90,ASV154,parent,80,Acanthogobius flavimanus,Yellowfin goby,species,100,2.2e-84,Eukaryota,Chordata,Teleostei,Gobiiformes,Gobiidae,Acanthogobius,0
Acipenser,White sturgeon,genus,motu191,motu191,ASV369,parent,207,Acipenser,White sturgeon,genus,100,1.4200000000000001e-91,Eukaryota,Chordata,Chondrostei,Acipenseriformes,Acipenseridae,Acipenser,0
Acipenser transmontanus,White sturgeon,species,motu155,motu155,ASV305,parent,168,Acipenser transmontanus,White sturgeon,species,100,1.4200000000000001e-91,Eukaryota,Chordata,Chondrostei,Acipenseriformes,Acipenseridae,Acipenser,0
Agonopsis vulsa,Northern spearnose poacher,species,motu167,motu167,ASV331,parent,184,Agonopsis vulsa,Northern spearnose poacher,species,100,1.73e-85,Eukaryota,Chordata,Teleostei,Perciformes,Agonidae,Agonopsis,0
Alces alces,Moose,outgroup,motu39,motu39,ASV49,parent,54,Alces alces,Moose,outgroup,100,6.150000000000001e-85,Eukaryota,Chordata,Mammalia,Artiodactyla,Cervidae,Alces,NA
Alosa pseudoharengus,Alewife invasive,species,motu136,motu136,ASV255,parent,147,Alosa pseudoharengus,Alewife invasive,species,100,1.0599999999999998e-87,Eukaryota,Chordata,Teleostei,Clupeiformes,Alosidae,Alosa,0
Alosa sapidissima,American shad,species,motu61,motu61,ASV79,parent,81,Alosa sapidissima,American shad,species,100,1.0599999999999998e-87,Eukaryota,Chordata,Teleostei,Clupeiformes,Alosidae,Alosa,0
Ammodytes personatus,Pacific sandlance,species,motu17,motu17,ASV19,parent,19,Ammodytes personatus,Pacific sandlance,species,100,1.72e-85,Eukaryota,Chordata,Teleostei,Perciformes,Ammodytidae,Ammodytes,0
Ammodytes personatus,Pacific sandlance,species,motu17,motu17,ASV108,parent,19,Ammodytes personatus,Pacific sandlance,species,100,1.73e-85,Eukaryota,Chordata,Teleostei,Perciformes,Ammodytidae,Ammodytes,0
Ammodytes personatus,Pacific sandlance,species,motu17,motu17,ASV812,parent,19,Ammodytes personatus,Pacific sandlance,species,99.408,8.02e-84,Eukaryota,Chordata,Teleostei,Perciformes,Ammodytidae,Ammodytes,0
Ammodytes personatus,Pacific sandlance,species,motu17,motu17,ASV1160,parent,19,Ammodytes personatus,Pacific sandlance,species,99.408,8.02e-84,Eukaryota,Chordata,Teleostei,Perciformes,Ammodytidae,Ammodytes,0
Ammodytes personatus,Pacific sandlance,species,motu17,motu17,ASV220,parent,19,Ammodytes personatus,Pacific sandlance,species,99.408,8.07e-84,Eukaryota,Chordata,Teleostei,Perciformes,Ammodytidae,Ammodytes,0
Ammodytes personatus,Pacific sandlance,species,motu17,motu17,ASV364,parent,19,Ammodytes personatus,Pacific sandlance,species,99.408,8.07e-84,Eukaryota,Chordata,Teleostei,Perciformes,Ammodytidae,Ammodytes,0
Ammodytes personatus,Pacific sandlance,species,motu17,motu17,ASV402,parent,19,Ammodytes personatus,Pacific sandlance,species,99.408,8.07e-84,Eukaryota,Chordata,Teleostei,Perciformes,Ammodytidae,Ammodytes,0
Ammodytes personatus,Pacific sandlance,species,motu17,motu17,ASV724,parent,19,Ammodytes personatus,Pacific sandlance,species,99.408,8.07e-84,Eukaryota,Chordata,Teleostei,Perciformes,Ammodytidae,Ammodytes,0
Ammodytes personatus,Pacific sandlance,species,motu17,motu17,ASV840,parent,19,Ammodytes personatus,Pacific sandlance,species,99.408,8.07e-84,Eukaryota,Chordata,Teleostei,Perciformes,Ammodytidae,Ammodytes,0
Ammodytes personatus,Pacific sandlance,species,motu17,motu17,ASV962,parent,19,Ammodytes personatus,Pacific sandlance,species,99.408,8.07e-84,Eukaryota,Chordata,Teleostei,Perciformes,Ammodytidae,Ammodytes,0
Amphritea,Bacteria,outgroup,motu1317,motu1317,ASV1953,parent,1318,Amphritea,Bacteria,outgroup,96.838,1.19e-118,Bacteria,Pseudomonadota,Gammaproteobacteria,Oceanospirillales,Oceanospirillaceae,Amphritea,NA
Anarrhichthys ocellatus,Wolf eel,species,motu35,motu35,ASV43,parent,52,Anarrhichthys ocellatus,Wolf eel,species,100,1.72e-85,Eukaryota,Chordata,Teleostei,Perciformes,Anarhichadidae,Anarrhichthys,0
Anas,Duck,outgroup,motu176,motu176,ASV343,parent,192,Anas,Duck,outgroup,100,1.91e-95,Eukaryota,Chordata,Aves,Anseriformes,Anatidae,Anas,NA
Anas,Duck,outgroup,motu1395,motu1395,ASV2038,parent,1396,Anas,Duck,outgroup,96.809,1.95e-85,Eukaryota,Chordata,Aves,Anseriformes,Anatidae,Anas,NA
Anatidae,Duck,outgroup,motu451,motu451,ASV805,parent,475,Anatidae,Duck,outgroup,95.187,1.9500000000000003e-80,Eukaryota,Chordata,Aves,Anseriformes,Anatidae,NA,NA
Anatidae,Duck,outgroup,motu1410,motu1410,ASV2054,parent,1412,Anatidae,Duck,outgroup,92.063,5.56e-71,Eukaryota,Chordata,Aves,Anseriformes,Anatidae,NA,NA
Anchoa compressa,Deep body anchovy,species,motu122,motu122,ASV208,parent,129,Anchoa compressa,Deep body anchovy,species,100,3.7799999999999996e-87,Eukaryota,Chordata,Teleostei,Clupeiformes,Engraulidae,Anchoa,0
Anchoa delicatissima,Slough anchovy,species,motu59,motu59,ASV77,parent,50,Anchoa delicatissima,Slough anchovy,species,100,3.7799999999999996e-87,Eukaryota,Chordata,Teleostei,Clupeiformes,Engraulidae,Anchoa,0
Anchoa delicatissima,Slough anchovy,species,motu59,motu59,ASV141,parent,50,Anchoa delicatissima,Slough anchovy,species,99.419,1.76e-85,Eukaryota,Chordata,Teleostei,Clupeiformes,Engraulidae,Anchoa,0
Anchoa delicatissima,Slough anchovy,species,motu59,motu59,ASV194,parent,50,Anchoa delicatissima,Slough anchovy,species,100,3.7999999999999996e-87,Eukaryota,Chordata,Teleostei,Clupeiformes,Engraulidae,Anchoa,0
Anchoa delicatissima,Slough anchovy,species,motu59,motu59,ASV176,parent,50,Anchoa delicatissima,Slough anchovy,species,99.419,1.77e-85,Eukaryota,Chordata,Teleostei,Clupeiformes,Engraulidae,Anchoa,0
Anchoa delicatissima,Slough anchovy,species,motu59,motu59,ASV799,parent,50,Anchoa delicatissima,Slough anchovy,species,99.419,1.77e-85,Eukaryota,Chordata,Teleostei,Clupeiformes,Engraulidae,Anchoa,0
Anisotremus davidsonii,Xantic sargo,species,motu51,motu51,ASV65,parent,70,Anisotremus davidsonii,Xantic sargo,species,100,1.72e-85,Eukaryota,Chordata,Teleostei,Eupercaria incertae sedis,Haemulidae,Anisotremus,0
Anoplarchus,High cockscomb,genus,motu36,motu36,ASV44,parent,22,Anoplarchus,High cockscomb,genus,100,1.72e-85,Eukaryota,Chordata,Teleostei,Perciformes,Stichaeidae,Anoplarchus,0
Anoplarchus,High cockscomb,genus,motu36,motu36,ASV47,parent,22,Anoplarchus,High cockscomb,genus,100,1.73e-85,Eukaryota,Chordata,Teleostei,Perciformes,Stichaeidae,Anoplarchus,0
Anoplarchus,High cockscomb,genus,motu36,motu36,ASV81,parent,22,Anoplarchus,High cockscomb,genus,99.408,8.02e-84,Eukaryota,Chordata,Teleostei,Perciformes,Stichaeidae,Anoplarchus,0
Anoplarchus,High cockscomb,genus,motu36,motu36,ASV100,parent,22,Anoplarchus,High cockscomb,genus,99.408,8.02e-84,Eukaryota,Chordata,Teleostei,Perciformes,Stichaeidae,Anoplarchus,0
Anoplarchus,High cockscomb,genus,motu36,motu36,ASV107,parent,22,Anoplarchus,High cockscomb,genus,99.408,8.02e-84,Eukaryota,Chordata,Teleostei,Perciformes,Stichaeidae,Anoplarchus,0
Anoplarchus,High cockscomb,genus,motu36,motu36,ASV318,parent,22,Anoplarchus,High cockscomb,genus,99.408,8.07e-84,Eukaryota,Chordata,Teleostei,Perciformes,Stichaeidae,Anoplarchus,0
Anoplopoma fimbria,Sablefish,species,motu98,motu98,ASV150,parent,91,Anoplopoma fimbria,Sablefish,species,100,6.150000000000001e-85,Eukaryota,Chordata,Teleostei,Perciformes,Anoplopomatidae,Anoplopoma,0
Anoplopoma fimbria,Sablefish,species,motu98,motu98,ASV682,parent,91,Anoplopoma fimbria,Sablefish,species,99.405,2.86e-83,Eukaryota,Chordata,Teleostei,Perciformes,Anoplopomatidae,Anoplopoma,0
Anseriformes,Duck,outgroup,motu1362,motu1362,ASV2002,parent,1362,Anseriformes,Duck,outgroup,89.947,2.6e-64,Eukaryota,Chordata,Aves,Anseriformes,NA,NA,NA
Apodichthys flavidus,Penpoint gunnel,species,motu40,motu40,ASV50,parent,36,Apodichthys flavidus,Penpoint gunnel,species,100,6.150000000000001e-85,Eukaryota,Chordata,Teleostei,Perciformes,Pholidae,Apodichthys,0
Apodichthys flavidus,Penpoint gunnel,species,motu40,motu40,ASV85,parent,36,Apodichthys flavidus,Penpoint gunnel,species,100,6.150000000000001e-85,Eukaryota,Chordata,Teleostei,Perciformes,Pholidae,Apodichthys,0
Apodichthys flavidus,Penpoint gunnel,species,motu40,motu40,ASV609,parent,36,Apodichthys flavidus,Penpoint gunnel,species,99.405,2.86e-83,Eukaryota,Chordata,Teleostei,Perciformes,Pholidae,Apodichthys,0
Apodichthys flavidus,Penpoint gunnel,species,motu40,motu40,ASV233,parent,36,Apodichthys flavidus,Penpoint gunnel,species,99.405,2.86e-83,Eukaryota,Chordata,Teleostei,Perciformes,Pholidae,Apodichthys,0
Apodichthys flavidus,Penpoint gunnel,species,motu78,motu78,ASV119,parent,94,Apodichthys flavidus,Penpoint gunnel,species,97.619,2.88e-78,Eukaryota,Chordata,Teleostei,Perciformes,Pholidae,Apodichthys,0
Artedius fenestralis,Padded sculpin,species,motu38,motu38,ASV48,parent,38,Artedius fenestralis,Padded sculpin,species,100,3.7799999999999996e-87,Eukaryota,Chordata,Teleostei,Perciformes,Cottidae,Artedius,0
Artedius fenestralis,Padded sculpin,species,motu38,motu38,ASV101,parent,38,Artedius fenestralis,Padded sculpin,species,100,3.7999999999999996e-87,Eukaryota,Chordata,Teleostei,Perciformes,Cottidae,Artedius,0
Artedius fenestralis,Padded sculpin,species,motu38,motu38,ASV578,parent,38,Artedius fenestralis,Padded sculpin,species,99.419,1.76e-85,Eukaryota,Chordata,Teleostei,Perciformes,Cottidae,Artedius,0
Artedius fenestralis,Padded sculpin,species,motu38,motu38,ASV1103,parent,38,Artedius fenestralis,Padded sculpin,species,99.419,1.76e-85,Eukaryota,Chordata,Teleostei,Perciformes,Cottidae,Artedius,0
Artedius harringtoni,Scalyhead sculpin,species,motu74,motu74,ASV109,parent,72,Artedius harringtoni,Scalyhead sculpin,species,100,1.3500000000000001e-86,Eukaryota,Chordata,Teleostei,Perciformes,Cottidae,Artedius,0
Artedius harringtoni,Scalyhead sculpin,species,motu74,motu74,ASV400,parent,72,Artedius harringtoni,Scalyhead sculpin,species,100,1.3600000000000001e-86,Eukaryota,Chordata,Teleostei,Perciformes,Cottidae,Artedius,0
Artedius lateralis,Smoothhead sculpin,species,motu76,motu76,ASV114,parent,74,Artedius lateralis,Smoothhead sculpin,species,100,1.3500000000000001e-86,Eukaryota,Chordata,Teleostei,Perciformes,Cottidae,Artedius,0
Artedius lateralis,Smoothhead sculpin,species,motu76,motu76,ASV251,parent,74,Artedius lateralis,Smoothhead sculpin,species,99.415,6.28e-85,Eukaryota,Chordata,Teleostei,Perciformes,Cottidae,Artedius,0
Artedius lateralis,Smoothhead sculpin,species,motu192,motu192,ASV370,parent,208,Artedius lateralis,Smoothhead sculpin,species,99.415,6.32e-85,Eukaryota,Chordata,Teleostei,Perciformes,Cottidae,Artedius,0
Artedius lateralis,Smoothhead sculpin,species,motu723,motu723,ASV1169,parent,738,Artedius lateralis,Smoothhead sculpin,species,100,6.28e-85,Eukaryota,Chordata,Teleostei,Perciformes,Cottidae,Artedius,0
Ascelichthys rhodorus,Rosylip sculpin,species,motu117,motu117,ASV195,parent,92,Ascelichthys rhodorus,Rosylip sculpin,species,100,1.72e-85,Eukaryota,Chordata,Teleostei,Perciformes,Cottidae,Ascelichthys,0
Ascelichthys rhodorus,Rosylip sculpin,species,motu117,motu117,ASV216,parent,92,Ascelichthys rhodorus,Rosylip sculpin,species,100,1.73e-85,Eukaryota,Chordata,Teleostei,Perciformes,Cottidae,Ascelichthys,0
Ascelichthys rhodorus,Rosylip sculpin,species,motu117,motu117,ASV492,parent,92,Ascelichthys rhodorus,Rosylip sculpin,species,99.408,8.07e-84,Eukaryota,Chordata,Teleostei,Perciformes,Cottidae,Ascelichthys,0
Atherinops affinis,Topsmelt silverside,species,motu3,motu3,ASV3,parent,3,Atherinops affinis,Topsmelt silverside,species,100,6.150000000000001e-85,Eukaryota,Chordata,Teleostei,Atheriniformes,Atherinopsidae,Atherinops,0
Atherinops affinis,Topsmelt silverside,species,motu3,motu3,ASV180,parent,3,Atherinops affinis,Topsmelt silverside,species,99.405,2.86e-83,Eukaryota,Chordata,Teleostei,Atheriniformes,Atherinopsidae,Atherinops,0
Atherinops affinis,Topsmelt silverside,species,motu3,motu3,ASV212,parent,3,Atherinops affinis,Topsmelt silverside,species,99.405,2.86e-83,Eukaryota,Chordata,Teleostei,Atheriniformes,Atherinopsidae,Atherinops,0
Atherinops affinis,Topsmelt silverside,species,motu3,motu3,ASV272,parent,3,Atherinops affinis,Topsmelt silverside,species,99.405,2.86e-83,Eukaryota,Chordata,Teleostei,Atheriniformes,Atherinopsidae,Atherinops,0
Atherinops affinis,Topsmelt silverside,species,motu3,motu3,ASV371,parent,3,Atherinops affinis,Topsmelt silverside,species,99.405,2.86e-83,Eukaryota,Chordata,Teleostei,Atheriniformes,Atherinopsidae,Atherinops,0
Atherinops affinis,Topsmelt silverside,species,motu3,motu3,ASV604,parent,3,Atherinops affinis,Topsmelt silverside,species,99.405,2.86e-83,Eukaryota,Chordata,Teleostei,Atheriniformes,Atherinopsidae,Atherinops,0
Atherinops affinis,Topsmelt silverside,species,motu3,motu3,ASV925,parent,3,Atherinops affinis,Topsmelt silverside,species,99.405,2.86e-83,Eukaryota,Chordata,Teleostei,Atheriniformes,Atherinopsidae,Atherinops,0
Atherinops affinis,Topsmelt silverside,species,motu3,motu3,ASV969,parent,3,Atherinops affinis,Topsmelt silverside,species,99.405,2.86e-83,Eukaryota,Chordata,Teleostei,Atheriniformes,Atherinopsidae,Atherinops,0
Atherinops affinis,Topsmelt silverside,species,motu1314,motu1314,ASV1947,parent,1311,Atherinops affinis,Topsmelt silverside,species,100,8.12e-85,Eukaryota,Chordata,Teleostei,Atheriniformes,Atherinopsidae,Atherinops,0
Atherinopsis californiensis,Jack silverside,species,motu50,motu50,ASV63,parent,67,Atherinopsis californiensis,Jack silverside,species,100,6.150000000000001e-85,Eukaryota,Chordata,Teleostei,Atheriniformes,Atherinopsidae,Atherinopsis,0
Aulorhynchus flavidus,Tube-snout,species,motu93,motu93,ASV142,parent,86,Aulorhynchus flavidus,Tube-snout,species,99.408,8.07e-84,Eukaryota,Chordata,Teleostei,Perciformes,Aulorhynchidae,Aulorhynchus,0
Aulorhynchus flavidus,Tube-snout,species,motu93,motu93,ASV494,parent,86,Aulorhynchus flavidus,Tube-snout,species,100,1.73e-85,Eukaryota,Chordata,Teleostei,Perciformes,Aulorhynchidae,Aulorhynchus,0
Aulorhynchus flavidus,Tube-snout,species,motu119,motu119,ASV198,parent,127,Aulorhynchus flavidus,Tube-snout,species,100,1.72e-85,Eukaryota,Chordata,Teleostei,Perciformes,Aulorhynchidae,Aulorhynchus,0
Bacteria,Bacteria,outgroup,motu100,motu100,ASV156,parent,112,Bacteria,Bacteria,outgroup,95.956,3.66e-124,Bacteria,NA,NA,NA,NA,NA,NA
Bacteria,Bacteria,outgroup,motu111,motu111,ASV182,parent,99,Bacteria,Bacteria,outgroup,87.747,2.71e-80,Bacteria,NA,NA,NA,NA,NA,NA
Bacteria,Bacteria,outgroup,motu111,motu111,ASV933,parent,99,Bacteria,Bacteria,outgroup,87.747,2.71e-80,Bacteria,NA,NA,NA,NA,NA,NA
Bacteria,Bacteria,outgroup,motu111,motu111,ASV1928,parent,99,Bacteria,Bacteria,outgroup,87.747,2.71e-80,Bacteria,NA,NA,NA,NA,NA,NA
Bacteria,Bacteria,outgroup,motu153,motu153,ASV300,parent,166,Bacteria,Bacteria,outgroup,94.094,1.5699999999999998e-107,Bacteria,NA,NA,NA,NA,NA,NA
Bacteria,Bacteria,outgroup,motu162,motu162,ASV319,parent,179,Bacteria,Bacteria,outgroup,100,5.4199999999999993e-132,Bacteria,Pseudomonadota,Gammaproteobacteria,NA,NA,NA,NA
Bacteria,Bacteria,outgroup,motu177,motu177,ASV345,parent,193,Bacteria,Bacteria,outgroup,94.922,5.649999999999999e-112,Bacteria,NA,NA,NA,NA,NA,NA
Bacteria,Bacteria,outgroup,motu178,motu178,ASV346,parent,155,Bacteria,Bacteria,outgroup,100,1.9499999999999998e-131,Bacteria,NA,NA,NA,NA,NA,NA
Bacteria,Bacteria,outgroup,motu182,motu182,ASV353,parent,197,Bacteria,Bacteria,outgroup,100,5.4199999999999993e-132,Bacteria,NA,NA,NA,NA,NA,NA
Bacteria,Bacteria,outgroup,motu184,motu184,ASV356,parent,198,Bacteria,Bacteria,outgroup,85.771,2.75e-70,Bacteria,NA,NA,NA,NA,NA,NA
Bacteria,Bacteria,outgroup,motu194,motu194,ASV373,parent,210,Bacteria,Bacteria,outgroup,91.829,1.24e-98,Bacteria,NA,NA,NA,NA,NA,NA
Bacteria,Bacteria,outgroup,motu198,motu198,ASV381,parent,213,Bacteria,Bacteria,outgroup,93.22,7.369999999999999e-96,Bacteria,NA,NA,NA,NA,NA,NA
Bacteria,Bacteria,outgroup,motu200,motu200,ASV384,parent,216,Bacteria,Bacteria,outgroup,93.307,3.3999999999999995e-104,Bacteria,NA,NA,NA,NA,NA,NA
Bacteria,Bacteria,outgroup,motu201,motu201,ASV386,parent,217,Bacteria,Bacteria,outgroup,88.889,1.25e-83,Bacteria,NA,NA,NA,NA,NA,NA
Bacteria,Bacteria,outgroup,motu202,motu202,ASV387,parent,218,Bacteria,Bacteria,outgroup,100,4.599999999999999e-143,Bacteria,NA,NA,NA,NA,NA,NA
Bacteria,Bacteria,outgroup,motu213,motu213,ASV409,parent,230,Bacteria,Bacteria,outgroup,100,1.28e-143,Bacteria,NA,NA,NA,NA,NA,NA
Bacteria,Bacteria,outgroup,motu219,motu219,ASV418,parent,235,Bacteria,Bacteria,outgroup,92.829,7.319999999999999e-101,Bacteria,NA,NA,NA,NA,NA,NA
Bacteria,Bacteria,outgroup,motu221,motu221,ASV425,parent,241,Bacteria,Bacteria,outgroup,91.304,2.65e-95,Bacteria,NA,NA,NA,NA,NA,NA
Bacteria,Bacteria,outgroup,motu223,motu223,ASV428,parent,243,Bacteria,Bacteria,outgroup,100,4.599999999999999e-143,Bacteria,NA,NA,NA,NA,NA,NA
Bacteria,Bacteria,outgroup,motu224,motu224,ASV430,parent,244,Bacteria,Bacteria,outgroup,92.885,5.66e-102,Bacteria,NA,NA,NA,NA,NA,NA
Bacteria,Bacteria,outgroup,motu227,motu227,ASV436,parent,178,Bacteria,Bacteria,outgroup,90.4,2.67e-90,Bacteria,NA,NA,NA,NA,NA,NA
Bacteria,Bacteria,outgroup,motu227,motu227,ASV1154,parent,178,Bacteria,Bacteria,outgroup,90.8,5.74e-92,Bacteria,NA,NA,NA,NA,NA,NA
Bacteria,Bacteria,outgroup,motu227,motu227,ASV1306,parent,178,Bacteria,Bacteria,outgroup,90,1.2399999999999998e-88,Bacteria,NA,NA,NA,NA,NA,NA
Bacteria,Bacteria,outgroup,motu231,motu231,ASV444,parent,249,Bacteria,Bacteria,outgroup,95.238,2.5999999999999996e-110,Bacteria,NA,NA,NA,NA,NA,NA
Bacteria,Bacteria,outgroup,motu234,motu234,ASV449,parent,254,Bacteria,Bacteria,outgroup,94.093,9.470000000000001e-100,Bacteria,NA,NA,NA,NA,NA,NA
Bacteria,Bacteria,outgroup,motu235,motu235,ASV450,parent,180,Bacteria,Bacteria,outgroup,100,5.4199999999999993e-132,Bacteria,NA,NA,NA,NA,NA,NA
Bacteria,Bacteria,outgroup,motu235,motu235,ASV814,parent,180,Bacteria,Bacteria,outgroup,100,5.4199999999999993e-132,Bacteria,Pseudomonadota,Alphaproteobacteria,NA,NA,NA,NA
Bacteria,Bacteria,outgroup,motu238,motu238,ASV454,parent,258,Bacteria,Bacteria,outgroup,98.814,5.46e-127,Bacteria,Verrucomicrobiota,NA,NA,NA,NA,NA
Bacteria,Bacteria,outgroup,motu246,motu246,ASV471,parent,267,Bacteria,Bacteria,outgroup,100,5.4199999999999993e-132,Bacteria,Pseudomonadota,Alphaproteobacteria,Rhodobacterales,Paracoccaceae,NA,NA
Bacteria,Bacteria,outgroup,motu248,motu248,ASV474,parent,269,Bacteria,Bacteria,outgroup,95.331,1.21e-113,Bacteria,NA,NA,NA,NA,NA,NA
Bacteria,Bacteria,outgroup,motu251,motu251,ASV483,parent,270,Bacteria,Bacteria,outgroup,86.561,4.56e-73,Bacteria,NA,NA,NA,NA,NA,NA
Bacteria,Bacteria,outgroup,motu252,motu252,ASV484,parent,205,Bacteria,Bacteria,outgroup,100,5.4199999999999993e-132,Bacteria,NA,NA,NA,NA,NA,NA
Bacteria,Bacteria,outgroup,motu252,motu252,ASV2024,parent,205,Bacteria,Bacteria,outgroup,99.605,2.5199999999999995e-130,Bacteria,NA,NA,NA,NA,NA,NA
Bacteria,Bacteria,outgroup,motu255,motu255,ASV489,parent,277,Bacteria,Bacteria,outgroup,94,2.6100000000000002e-105,Bacteria,NA,NA,NA,NA,NA,NA
Bacteria,Bacteria,outgroup,motu257,motu257,ASV491,parent,281,Bacteria,Bacteria,outgroup,95.257,5.579999999999999e-112,Bacteria,NA,NA,NA,NA,NA,NA
Bacteria,Bacteria,outgroup,motu259,motu259,ASV501,parent,286,Bacteria,Bacteria,outgroup,91.765,5.7e-97,Bacteria,NA,NA,NA,NA,NA,NA
Bacteria,Bacteria,outgroup,motu268,motu268,ASV520,parent,295,Bacteria,Bacteria,outgroup,100,5.4199999999999993e-132,Bacteria,Pseudomonadota,Gammaproteobacteria,Alteromonadales,Psychromonadaceae,Psychromonas,NA
Unknown organism,Unknown organism,outgroup,motu270,motu270,ASV1693,parent,222,Bacteria,Bacteria,outgroup,100,5.4199999999999993e-132,Bacteria,NA,NA,NA,NA,NA,NA
Bacteria,Bacteria,outgroup,motu273,motu273,ASV525,parent,298,Bacteria,Bacteria,outgroup,90.079,1.2399999999999998e-88,Bacteria,NA,NA,NA,NA,NA,NA
Bacteria,Bacteria,outgroup,motu276,motu276,ASV530,parent,221,Bacteria,Bacteria,outgroup,94.444,4.34e-108,Bacteria,NA,NA,NA,NA,NA,NA
Bacteria,Bacteria,outgroup,motu276,motu276,ASV876,parent,221,Bacteria,Bacteria,outgroup,94.048,2.0199999999999996e-106,Bacteria,NA,NA,NA,NA,NA,NA
Bacteria,Bacteria,outgroup,motu277,motu277,ASV1486,parent,236,Bacteria,Bacteria,outgroup,93.725,2.6100000000000002e-105,Bacteria,Cyanobacteriota,NA,NA,NA,NA,NA
Bacteria,Bacteria,outgroup,motu278,motu278,ASV534,parent,231,Bacteria,Bacteria,outgroup,100,5.4199999999999993e-132,Bacteria,Bacteroidota,Flavobacteriia,Flavobacteriales,Flavobacteriaceae,Winogradskyella,NA
Bacteria,Bacteria,outgroup,motu278,motu278,ASV1106,parent,231,Bacteria,Bacteria,outgroup,100,5.4199999999999993e-132,Bacteria,Bacteroidota,Flavobacteriia,Flavobacteriales,Flavobacteriaceae,Winogradskyella,NA
Bacteria,Bacteria,outgroup,motu283,motu283,ASV541,parent,206,Bacteria,Bacteria,outgroup,100,5.4199999999999993e-132,Bacteria,NA,NA,NA,NA,NA,NA
Bacteria,Bacteria,outgroup,motu283,motu283,ASV736,parent,206,Bacteria,Bacteria,outgroup,100,5.4199999999999993e-132,Bacteria,Pseudomonadota,Gammaproteobacteria,Alteromonadales,Psychromonadaceae,Psychromonas,NA
Bacteria,Bacteria,outgroup,motu288,motu288,ASV549,parent,312,Bacteria,Bacteria,outgroup,100,5.4199999999999993e-132,Bacteria,Pseudomonadota,Gammaproteobacteria,Alteromonadales,Pseudoalteromonadaceae,Pseudoalteromonas,NA
Bacteria,Bacteria,outgroup,motu304,motu304,ASV572,parent,253,Bacteria,Bacteria,outgroup,93.281,1.22e-103,Bacteria,NA,NA,NA,NA,NA,NA
Bacteria,Bacteria,outgroup,motu304,motu304,ASV1913,parent,253,Bacteria,Bacteria,outgroup,92.885,5.66e-102,Bacteria,NA,NA,NA,NA,NA,NA
Bacteria,Bacteria,outgroup,motu307,motu307,ASV576,parent,330,Bacteria,Bacteria,outgroup,93.359,2.65e-105,Bacteria,NA,NA,NA,NA,NA,NA
Bacteria,Bacteria,outgroup,motu312,motu312,ASV585,parent,335,Bacteria,Bacteria,outgroup,92.095,1.2199999999999999e-98,Bacteria,NA,NA,NA,NA,NA,NA
Bacteria,Bacteria,outgroup,motu315,motu315,ASV588,parent,338,Bacteria,Bacteria,outgroup,95.257,5.579999999999999e-112,Bacteria,NA,NA,NA,NA,NA,NA
Bacteria,Bacteria,outgroup,motu320,motu320,ASV596,parent,262,Bacteria,Bacteria,outgroup,95.652,1.1999999999999999e-113,Bacteria,NA,NA,NA,NA,NA,NA
Bacteria,Bacteria,outgroup,motu324,motu324,ASV601,parent,346,Bacteria,Bacteria,outgroup,100,5.4199999999999993e-132,Bacteria,Campylobacterota,Epsilonproteobacteria,Campylobacterales,Sulfurimonadaceae,Sulfurimonas,NA
Bacteria,Bacteria,outgroup,motu328,motu328,ASV611,parent,350,Bacteria,Bacteria,outgroup,100,5.4199999999999993e-132,Bacteria,NA,NA,NA,NA,NA,NA
Bacteria,Bacteria,outgroup,motu335,motu335,ASV624,parent,271,Bacteria,Bacteria,outgroup,93.333,1.22e-103,Bacteria,NA,NA,NA,NA,NA,NA
Bacteria,Bacteria,outgroup,motu335,motu335,ASV1404,parent,271,Bacteria,Bacteria,outgroup,92.941,5.66e-102,Bacteria,NA,NA,NA,NA,NA,NA
Bacteria,Bacteria,outgroup,motu337,motu337,ASV630,parent,359,Bacteria,Bacteria,outgroup,99.605,2.5199999999999995e-130,Bacteria,NA,NA,NA,NA,NA,NA
Bacteria,Bacteria,outgroup,motu338,motu338,ASV631,parent,272,Bacteria,Bacteria,outgroup,100,5.4199999999999993e-132,Bacteria,Campylobacterota,Epsilonproteobacteria,Campylobacterales,Sulfurimonadaceae,Sulfurimonas,NA
Bacteria,Bacteria,outgroup,motu338,motu338,ASV1291,parent,272,Bacteria,Bacteria,outgroup,99.605,2.5199999999999995e-130,Bacteria,Campylobacterota,Epsilonproteobacteria,Campylobacterales,Sulfurimonadaceae,Sulfurimonas,NA
Bacteria,Bacteria,outgroup,motu340,motu340,ASV1184,parent,268,Bacteria,Bacteria,outgroup,95.703,2.61e-115,Bacteria,NA,NA,NA,NA,NA,NA
Bacteria,Bacteria,outgroup,motu340,motu340,ASV1322,parent,268,Bacteria,Bacteria,outgroup,95.703,2.61e-115,Bacteria,NA,NA,NA,NA,NA,NA
Bacteria,Bacteria,outgroup,motu346,motu346,ASV641,parent,365,Bacteria,Bacteria,outgroup,95.51,3.74e-109,Bacteria,NA,NA,NA,NA,NA,NA
Bacteria,Bacteria,outgroup,motu354,motu354,ASV655,parent,279,Bacteria,Bacteria,outgroup,100,4.599999999999999e-143,Bacteria,Cyanobacteriota,Cyanophyceae,Synechococcales,Synechococcaceae,Synechococcus,NA
Bacteria,Bacteria,outgroup,motu354,motu354,ASV1186,parent,279,Bacteria,Bacteria,outgroup,99.634,2.14e-141,Bacteria,Cyanobacteriota,Cyanophyceae,Synechococcales,Synechococcaceae,Synechococcus,NA
Bacteria,Bacteria,outgroup,motu355,motu355,ASV657,parent,274,Bacteria,Bacteria,outgroup,94.141,1.22e-108,Bacteria,NA,NA,NA,NA,NA,NA
Bacteria,Bacteria,outgroup,motu355,motu355,ASV1030,parent,274,Bacteria,Bacteria,outgroup,94.531,2.6299999999999995e-110,Bacteria,NA,NA,NA,NA,NA,NA
Bacteria,Bacteria,outgroup,motu369,motu369,ASV673,parent,384,Bacteria,Bacteria,outgroup,94.979,3.38e-104,Bacteria,NA,NA,NA,NA,NA,NA
Bacteria,Bacteria,outgroup,motu374,motu374,ASV681,parent,390,Bacteria,Bacteria,outgroup,99.265,3.58e-139,Bacteria,NA,NA,NA,NA,NA,NA
Bacteria,Bacteria,outgroup,motu379,motu379,ASV689,parent,396,Bacteria,Bacteria,outgroup,100,1.28e-143,Bacteria,Cyanobacteriota,NA,NA,NA,NA,NA
Bacteria,Bacteria,outgroup,motu384,motu384,ASV697,parent,300,Bacteria,Bacteria,outgroup,96.875,2.59e-120,Bacteria,NA,NA,NA,NA,NA,NA
Bacteria,Bacteria,outgroup,motu384,motu384,ASV1293,parent,300,Bacteria,Bacteria,outgroup,97.266,5.57e-122,Bacteria,NA,NA,NA,NA,NA,NA
Bacteria,Bacteria,outgroup,motu385,motu385,ASV699,parent,401,Bacteria,Bacteria,outgroup,93.281,1.22e-103,Bacteria,NA,NA,NA,NA,NA,NA
Bacteria,Bacteria,outgroup,motu386,motu386,ASV700,parent,400,Bacteria,Bacteria,outgroup,100,5.4199999999999993e-132,Bacteria,NA,NA,NA,NA,NA,NA
Bacteria,Bacteria,outgroup,motu389,motu389,ASV704,parent,404,Bacteria,Bacteria,outgroup,90.588,5.74e-92,Bacteria,Cyanobacteriota,NA,NA,NA,NA,NA
Bacteria,Bacteria,outgroup,motu401,motu401,ASV728,parent,305,Bacteria,Bacteria,outgroup,94.862,2.5999999999999996e-110,Bacteria,NA,NA,NA,NA,NA,NA
Bacteria,Bacteria,outgroup,motu401,motu401,ASV1109,parent,305,Bacteria,Bacteria,outgroup,95.257,5.579999999999999e-112,Bacteria,NA,NA,NA,NA,NA,NA
Bacteria,Bacteria,outgroup,motu402,motu402,ASV732,parent,422,Bacteria,Bacteria,outgroup,91.304,2.65e-95,Bacteria,NA,NA,NA,NA,NA,NA
Bacteria,Bacteria,outgroup,motu404,motu404,ASV734,parent,424,Bacteria,Bacteria,outgroup,96.047,2.58e-115,Bacteria,NA,NA,NA,NA,NA,NA
Bacteria,Bacteria,outgroup,motu405,motu405,ASV737,parent,425,Bacteria,Bacteria,outgroup,100,4.599999999999999e-143,Bacteria,NA,NA,NA,NA,NA,NA
Bacteria,Bacteria,outgroup,motu406,motu406,ASV738,parent,426,Bacteria,Bacteria,outgroup,100,1.9499999999999998e-131,Bacteria,NA,NA,NA,NA,NA,NA
Bacteria,Bacteria,outgroup,motu408,motu408,ASV741,parent,428,Bacteria,Bacteria,outgroup,91.429,1.62e-92,Bacteria,NA,NA,NA,NA,NA,NA
Bacteria,Bacteria,outgroup,motu411,motu411,ASV744,parent,432,Bacteria,Bacteria,outgroup,86.905,2.73e-75,Bacteria,NA,NA,NA,NA,NA,NA
Bacteria,Bacteria,outgroup,motu412,motu412,ASV745,parent,433,Bacteria,Bacteria,outgroup,91.339,2.65e-95,Bacteria,NA,NA,NA,NA,NA,NA
Bacteria,Bacteria,outgroup,motu416,motu416,ASV750,parent,304,Bacteria,Bacteria,outgroup,100,5.4199999999999993e-132,Bacteria,NA,NA,NA,NA,NA,NA
Bacteria,Bacteria,outgroup,motu416,motu416,ASV961,parent,304,Bacteria,Bacteria,outgroup,100,5.4199999999999993e-132,Bacteria,NA,NA,NA,NA,NA,NA
Bacteria,Bacteria,outgroup,motu421,motu421,ASV759,parent,441,Bacteria,Bacteria,outgroup,92.885,5.66e-102,Bacteria,NA,NA,NA,NA,NA,NA
Bacteria,Bacteria,outgroup,motu428,motu428,ASV769,parent,449,Bacteria,Bacteria,outgroup,100,5.4199999999999993e-132,Bacteria,Pseudomonadota,Alphaproteobacteria,NA,NA,NA,NA
Bacteria,Bacteria,outgroup,motu429,motu429,ASV771,parent,450,Bacteria,Bacteria,outgroup,85.02,2.77e-65,Bacteria,NA,NA,NA,NA,NA,NA
Bacteria,Bacteria,outgroup,motu434,motu434,ASV776,parent,458,Bacteria,Bacteria,outgroup,93.952,3.38e-104,Bacteria,NA,NA,NA,NA,NA,NA
Bacteria,Bacteria,outgroup,motu438,motu438,ASV784,parent,463,Bacteria,Bacteria,outgroup,91.7,5.7e-97,Bacteria,NA,NA,NA,NA,NA,NA
Bacteria,Bacteria,outgroup,motu441,motu441,ASV787,parent,466,Bacteria,Bacteria,outgroup,94.821,3.3599999999999996e-109,Bacteria,NA,NA,NA,NA,NA,NA
Bacteria,Bacteria,outgroup,motu442,motu442,ASV788,parent,465,Bacteria,Bacteria,outgroup,95.312,1.21e-113,Bacteria,NA,NA,NA,NA,NA,NA
Bacteria,Bacteria,outgroup,motu444,motu444,ASV794,parent,469,Bacteria,Bacteria,outgroup,85.455,1.3e-58,Bacteria,NA,NA,NA,NA,NA,NA
Bacteria,Bacteria,outgroup,motu446,motu446,ASV796,parent,472,Bacteria,Bacteria,outgroup,95.312,5.579999999999999e-112,Bacteria,NA,NA,NA,NA,NA,NA
Bacteria,Bacteria,outgroup,motu448,motu448,ASV800,parent,352,Bacteria,Bacteria,outgroup,91.373,2.65e-95,Bacteria,Cyanobacteriota,NA,NA,NA,NA,NA
Bacteria,Bacteria,outgroup,motu448,motu448,ASV1547,parent,352,Bacteria,Bacteria,outgroup,91.765,5.7e-97,Bacteria,Cyanobacteriota,NA,NA,NA,NA,NA
Bacteria,Bacteria,outgroup,motu449,motu449,ASV803,parent,357,Bacteria,Bacteria,outgroup,92.969,1.23e-103,Bacteria,NA,NA,NA,NA,NA,NA
Bacteria,Bacteria,outgroup,motu449,motu449,ASV1910,parent,357,Bacteria,Bacteria,outgroup,92.578,5.73e-102,Bacteria,NA,NA,NA,NA,NA,NA
Bacteria,Bacteria,outgroup,motu459,motu459,ASV1146,parent,349,Bacteria,Bacteria,outgroup,91.25,4.4699999999999995e-88,Bacteria,NA,NA,NA,NA,NA,NA
Bacteria,Bacteria,outgroup,motu467,motu467,ASV829,parent,489,Bacteria,Bacteria,outgroup,94.071,5.62e-107,Bacteria,NA,NA,NA,NA,NA,NA
Bacteria,Bacteria,outgroup,motu469,motu469,ASV832,parent,491,Bacteria,Bacteria,outgroup,98.024,1.18e-123,Bacteria,NA,NA,NA,NA,NA,NA
Bacteria,Bacteria,outgroup,motu473,motu473,ASV842,parent,494,Bacteria,Bacteria,outgroup,91.561,9.599999999999999e-90,Bacteria,NA,NA,NA,NA,NA,NA
Bacteria,Bacteria,outgroup,motu474,motu474,ASV1451,parent,372,Bacteria,Bacteria,outgroup,95.918,7.31e-111,Bacteria,NA,NA,NA,NA,NA,NA
Bacteria,Bacteria,outgroup,motu478,motu478,ASV848,parent,499,Bacteria,Bacteria,outgroup,89.069,1.62e-82,Bacteria,NA,NA,NA,NA,NA,NA
Bacteria,Bacteria,outgroup,motu487,motu487,ASV860,parent,513,Bacteria,Bacteria,outgroup,89.37,5.809999999999999e-87,Bacteria,NA,NA,NA,NA,NA,NA
Bacteria,Bacteria,outgroup,motu490,motu490,ASV868,parent,516,Bacteria,Bacteria,outgroup,100,5.4199999999999993e-132,Bacteria,Pseudomonadota,Gammaproteobacteria,NA,NA,NA,NA
Bacteria,Bacteria,outgroup,motu494,motu494,ASV872,parent,520,Bacteria,Bacteria,outgroup,91.561,9.599999999999999e-90,Bacteria,NA,NA,NA,NA,NA,NA
Bacteria,Bacteria,outgroup,motu496,motu496,ASV874,parent,403,Bacteria,Bacteria,outgroup,91.561,9.599999999999999e-90,Bacteria,NA,NA,NA,NA,NA,NA
Bacteria,Bacteria,outgroup,motu496,motu496,ASV1882,parent,403,Bacteria,Bacteria,outgroup,91.983,2.06e-91,Bacteria,NA,NA,NA,NA,NA,NA
Bacteria,Bacteria,outgroup,motu498,motu498,ASV878,parent,523,Bacteria,Bacteria,outgroup,95.686,9.39e-115,Bacteria,NA,NA,NA,NA,NA,NA
Bacteria,Bacteria,outgroup,motu500,motu500,ASV880,parent,525,Bacteria,Bacteria,outgroup,93.75,5.689999999999999e-107,Bacteria,NA,NA,NA,NA,NA,NA
Bacteria,Bacteria,outgroup,motu501,motu501,ASV881,parent,526,Bacteria,Bacteria,outgroup,96.047,2.58e-115,Bacteria,NA,NA,NA,NA,NA,NA
Bacteria,Bacteria,outgroup,motu503,motu503,ASV883,parent,528,Bacteria,Bacteria,outgroup,93.281,1.22e-103,Bacteria,NA,NA,NA,NA,NA,NA
Bacteria,Bacteria,outgroup,motu505,motu505,ASV885,parent,530,Bacteria,Bacteria,outgroup,91.667,2.91e-105,Bacteria,NA,NA,NA,NA,NA,NA
Bacteria,Bacteria,outgroup,motu508,motu508,ASV891,parent,533,Bacteria,Bacteria,outgroup,99.605,2.5199999999999995e-130,Bacteria,Planctomycetota,Planctomycetia,Planctomycetales,Planctomycetaceae,NA,NA
Bacteria,Bacteria,outgroup,motu512,motu512,ASV895,parent,536,Bacteria,Bacteria,outgroup,94.094,5.62e-107,Bacteria,NA,NA,NA,NA,NA,NA
Bacteria,Bacteria,outgroup,motu517,motu517,ASV901,parent,539,Bacteria,Bacteria,outgroup,93.359,2.65e-105,Bacteria,NA,NA,NA,NA,NA,NA
Bacteria,Bacteria,outgroup,motu519,motu519,ASV904,parent,541,Bacteria,Bacteria,outgroup,100,5.4199999999999993e-132,Bacteria,Pseudomonadota,Alphaproteobacteria,NA,NA,NA,NA
Bacteria,Bacteria,outgroup,motu522,motu522,ASV907,parent,544,Bacteria,Bacteria,outgroup,85.425,5.949999999999999e-67,Bacteria,NA,NA,NA,NA,NA,NA
Bacteria,Bacteria,outgroup,motu523,motu523,ASV908,parent,545,Bacteria,Bacteria,outgroup,91.2,1.23e-93,Bacteria,NA,NA,NA,NA,NA,NA
Bacteria,Bacteria,outgroup,motu524,motu524,ASV909,parent,420,Bacteria,Bacteria,outgroup,93.416,9.470000000000001e-100,Bacteria,NA,NA,NA,NA,NA,NA
Bacteria,Bacteria,outgroup,motu524,motu524,ASV1673,parent,420,Bacteria,Bacteria,outgroup,92.885,5.66e-102,Bacteria,NA,NA,NA,NA,NA,NA
Bacteria,Bacteria,outgroup,motu526,motu526,ASV911,parent,547,Bacteria,Bacteria,outgroup,91.085,2.6899999999999998e-95,Bacteria,NA,NA,NA,NA,NA,NA
Bacteria,Bacteria,outgroup,motu528,motu528,ASV913,parent,549,Bacteria,Bacteria,outgroup,86.939,3.5299999999999997e-74,Bacteria,NA,NA,NA,NA,NA,NA
Bacteria,Bacteria,outgroup,motu531,motu531,ASV916,parent,552,Bacteria,Bacteria,outgroup,99.598,4.2199999999999997e-128,Bacteria,NA,NA,NA,NA,NA,NA
Bacteria,Bacteria,outgroup,motu534,motu534,ASV919,parent,555,Bacteria,Bacteria,outgroup,90.588,5.74e-92,Bacteria,Cyanobacteriota,NA,NA,NA,NA,NA
Bacteria,Bacteria,outgroup,motu536,motu536,ASV921,parent,557,Bacteria,Bacteria,outgroup,100,5.4199999999999993e-132,Bacteria,NA,NA,NA,NA,NA,NA
Bacteria,Bacteria,outgroup,motu537,motu537,ASV922,parent,558,Bacteria,Bacteria,outgroup,88.235,5.819999999999999e-82,Bacteria,NA,NA,NA,NA,NA,NA
Bacteria,Bacteria,outgroup,motu538,motu538,ASV924,parent,560,Bacteria,Bacteria,outgroup,93.281,1.22e-103,Bacteria,NA,NA,NA,NA,NA,NA
Bacteria,Bacteria,outgroup,motu539,motu539,ASV926,parent,429,Bacteria,Bacteria,outgroup,93.75,5.689999999999999e-107,Bacteria,NA,NA,NA,NA,NA,NA
Bacteria,Bacteria,outgroup,motu539,motu539,ASV1639,parent,429,Bacteria,Bacteria,outgroup,93.75,5.689999999999999e-107,Bacteria,NA,NA,NA,NA,NA,NA
Bacteria,Bacteria,outgroup,motu541,motu541,ASV928,parent,563,Bacteria,Bacteria,outgroup,93.75,5.689999999999999e-107,Bacteria,NA,NA,NA,NA,NA,NA
Bacteria,Bacteria,outgroup,motu543,motu543,ASV930,parent,566,Bacteria,Bacteria,outgroup,91.12,2.6899999999999998e-95,Bacteria,NA,NA,NA,NA,NA,NA
Bacteria,Bacteria,outgroup,motu545,motu545,ASV932,parent,568,Bacteria,Bacteria,outgroup,94.531,2.6299999999999995e-110,Bacteria,NA,NA,NA,NA,NA,NA
Bacteria,Bacteria,outgroup,motu547,motu547,ASV935,parent,570,Bacteria,Bacteria,outgroup,91.7,5.7e-97,Bacteria,NA,NA,NA,NA,NA,NA
Bacteria,Bacteria,outgroup,motu551,motu551,ASV939,parent,574,Bacteria,Bacteria,outgroup,96.471,4.34e-118,Bacteria,NA,NA,NA,NA,NA,NA
Bacteria,Bacteria,outgroup,motu554,motu554,ASV942,parent,578,Bacteria,Bacteria,outgroup,93.878,1.75e-102,Bacteria,NA,NA,NA,NA,NA,NA
Bacteria,Bacteria,outgroup,motu557,motu557,ASV945,parent,580,Bacteria,Bacteria,outgroup,93.307,1.22e-103,Bacteria,Cyanobacteriota,NA,NA,NA,NA,NA
Bacteria,Bacteria,outgroup,motu559,motu559,ASV947,parent,583,Bacteria,Bacteria,outgroup,91.77,1.6e-92,Bacteria,NA,NA,NA,NA,NA,NA
Bacteria,Bacteria,outgroup,motu563,motu563,ASV951,parent,587,Bacteria,Bacteria,outgroup,100,1.28e-143,Bacteria,NA,NA,NA,NA,NA,NA
Bacteria,Bacteria,outgroup,motu564,motu564,ASV953,parent,588,Bacteria,Bacteria,outgroup,100,5.4199999999999993e-132,Bacteria,NA,NA,NA,NA,NA,NA
Bacteria,Bacteria,outgroup,motu569,motu569,ASV960,parent,592,Bacteria,Bacteria,outgroup,100,5.4199999999999993e-132,Bacteria,Chloroflexota,NA,NA,NA,NA,NA
Bacteria,Bacteria,outgroup,motu571,motu571,ASV964,parent,594,Bacteria,Bacteria,outgroup,94.531,2.6299999999999995e-110,Bacteria,Cyanobacteriota,NA,NA,NA,NA,NA
Bacteria,Bacteria,outgroup,motu572,motu572,ASV965,parent,595,Bacteria,Bacteria,outgroup,100,5.4199999999999993e-132,Bacteria,Pseudomonadota,Alphaproteobacteria,NA,NA,NA,NA
Bacteria,Bacteria,outgroup,motu574,motu574,ASV968,parent,596,Bacteria,Bacteria,outgroup,93.22,7.369999999999999e-96,Bacteria,NA,NA,NA,NA,NA,NA
Bacteria,Bacteria,outgroup,motu576,motu576,ASV971,parent,411,Bacteria,Bacteria,outgroup,94.071,5.62e-107,Bacteria,NA,NA,NA,NA,NA,NA
Bacteria,Bacteria,outgroup,motu576,motu576,ASV1074,parent,411,Bacteria,Bacteria,outgroup,93.676,2.6100000000000002e-105,Bacteria,NA,NA,NA,NA,NA,NA
Bacteria,Bacteria,outgroup,motu577,motu577,ASV972,parent,599,Bacteria,Bacteria,outgroup,93.676,2.6100000000000002e-105,Bacteria,NA,NA,NA,NA,NA,NA
Bacteria,Bacteria,outgroup,motu580,motu580,ASV976,parent,439,Bacteria,Bacteria,outgroup,94.142,7.319999999999999e-101,Bacteria,NA,NA,NA,NA,NA,NA
Bacteria,Bacteria,outgroup,motu580,motu580,ASV1308,parent,439,Bacteria,Bacteria,outgroup,93.281,1.22e-103,Bacteria,Cyanobacteriota,NA,NA,NA,NA,NA
Bacteria,Bacteria,outgroup,motu580,motu580,ASV1987,parent,439,Bacteria,Bacteria,outgroup,94.142,7.319999999999999e-101,Bacteria,NA,NA,NA,NA,NA,NA
Bacteria,Bacteria,outgroup,motu597,motu597,ASV995,parent,470,Bacteria,Bacteria,outgroup,100,1.28e-143,Bacteria,NA,NA,NA,NA,NA,NA
Bacteria,Bacteria,outgroup,motu597,motu597,ASV1674,parent,470,Bacteria,Bacteria,outgroup,99.635,5.9499999999999996e-142,Bacteria,NA,NA,NA,NA,NA,NA
Bacteria,Bacteria,outgroup,motu597,motu597,ASV1900,parent,470,Bacteria,Bacteria,outgroup,99.635,5.9499999999999996e-142,Bacteria,NA,NA,NA,NA,NA,NA
Bacteria,Bacteria,outgroup,motu598,motu598,ASV996,parent,613,Bacteria,Bacteria,outgroup,91.561,9.599999999999999e-90,Bacteria,NA,NA,NA,NA,NA,NA
Bacteria,Bacteria,outgroup,motu602,motu602,ASV1004,parent,617,Bacteria,Bacteria,outgroup,87.843,2.71e-80,Bacteria,NA,NA,NA,NA,NA,NA
Bacteria,Bacteria,outgroup,motu603,motu603,ASV1005,parent,619,Bacteria,Bacteria,outgroup,93.676,2.6100000000000002e-105,Bacteria,Cyanobacteriota,NA,NA,NA,NA,NA
Bacteria,Bacteria,outgroup,motu604,motu604,ASV1006,parent,620,Bacteria,Bacteria,outgroup,88.189,5.819999999999999e-82,Bacteria,NA,NA,NA,NA,NA,NA
Bacteria,Bacteria,outgroup,motu606,motu606,ASV1009,parent,623,Bacteria,Bacteria,outgroup,87.6,1.26e-78,Bacteria,NA,NA,NA,NA,NA,NA
Bacteria,Bacteria,outgroup,motu607,motu607,ASV1010,parent,624,Bacteria,Bacteria,outgroup,100,1.28e-143,Bacteria,NA,NA,NA,NA,NA,NA
Bacteria,Bacteria,outgroup,motu608,motu608,ASV1011,parent,625,Bacteria,Bacteria,outgroup,100,1.65e-142,Bacteria,NA,NA,NA,NA,NA,NA
Bacteria,Bacteria,outgroup,motu611,motu611,ASV1015,parent,629,Bacteria,Bacteria,outgroup,100,5.4199999999999993e-132,Bacteria,Planctomycetota,NA,NA,NA,NA,NA
Bacteria,Bacteria,outgroup,motu612,motu612,ASV1016,parent,630,Bacteria,Bacteria,outgroup,95.257,5.579999999999999e-112,Bacteria,NA,NA,NA,NA,NA,NA
Bacteria,Bacteria,outgroup,motu613,motu613,ASV1018,parent,631,Bacteria,Bacteria,outgroup,91.27,9.54e-95,Bacteria,Cyanobacteriota,NA,NA,NA,NA,NA
Bacteria,Bacteria,outgroup,motu614,motu614,ASV1020,parent,632,Bacteria,Bacteria,outgroup,98.828,1.19e-128,Bacteria,NA,NA,NA,NA,NA,NA
Bacteria,Bacteria,outgroup,motu618,motu618,ASV1024,parent,637,Bacteria,Bacteria,outgroup,92.578,5.73e-102,Bacteria,NA,NA,NA,NA,NA,NA
Bacteria,Bacteria,outgroup,motu620,motu620,ASV1026,parent,639,Bacteria,Bacteria,outgroup,88.235,5.819999999999999e-82,Bacteria,NA,NA,NA,NA,NA,NA
Bacteria,Bacteria,outgroup,motu621,motu621,ASV1027,parent,640,Bacteria,Bacteria,outgroup,88.095,2.09e-81,Bacteria,NA,NA,NA,NA,NA,NA
Bacteria,Bacteria,outgroup,motu632,motu632,ASV1042,parent,650,Bacteria,Bacteria,outgroup,99.209,1.1699999999999998e-128,Bacteria,Pseudomonadota,Gammaproteobacteria,Thiotrichales,Thiotrichaceae,Leucothrix,NA
Bacteria,Bacteria,outgroup,motu634,motu634,ASV1044,parent,652,Bacteria,Bacteria,outgroup,100,5.4199999999999993e-132,Bacteria,NA,NA,NA,NA,NA,NA
Bacteria,Bacteria,outgroup,motu635,motu635,ASV1045,parent,653,Bacteria,Bacteria,outgroup,90.514,5.74e-92,Bacteria,NA,NA,NA,NA,NA,NA
Bacteria,Bacteria,outgroup,motu637,motu637,ASV1048,parent,655,Bacteria,Bacteria,outgroup,91.87,3.43e-94,Bacteria,NA,NA,NA,NA,NA,NA
Bacteria,Bacteria,outgroup,motu640,motu640,ASV1053,parent,658,Bacteria,Bacteria,outgroup,87.795,2.71e-80,Bacteria,NA,NA,NA,NA,NA,NA
Bacteria,Bacteria,outgroup,motu642,motu642,ASV1055,parent,660,Bacteria,Bacteria,outgroup,93.359,2.65e-105,Bacteria,NA,NA,NA,NA,NA,NA
Bacteria,Bacteria,outgroup,motu644,motu644,ASV1060,parent,662,Bacteria,Bacteria,outgroup,91.051,2.6899999999999998e-95,Bacteria,NA,NA,NA,NA,NA,NA
Bacteria,Bacteria,outgroup,motu645,motu645,ASV1061,parent,468,Bacteria,Bacteria,outgroup,94.922,5.649999999999999e-112,Bacteria,NA,NA,NA,NA,NA,NA
Bacteria,Bacteria,outgroup,motu645,motu645,ASV1200,parent,468,Bacteria,Bacteria,outgroup,95.312,1.21e-113,Bacteria,NA,NA,NA,NA,NA,NA
Bacteria,Bacteria,outgroup,motu658,motu658,ASV1079,parent,675,Bacteria,Bacteria,outgroup,92.969,1.23e-103,Bacteria,NA,NA,NA,NA,NA,NA
Bacteria,Bacteria,outgroup,motu661,motu661,ASV1084,parent,677,Bacteria,Bacteria,outgroup,99.209,1.1699999999999998e-128,Bacteria,Pseudomonadota,Gammaproteobacteria,NA,NA,NA,NA
Bacteria,Bacteria,outgroup,motu665,motu665,ASV1090,parent,681,Bacteria,Bacteria,outgroup,86.122,7.640000000000001e-71,Bacteria,NA,NA,NA,NA,NA,NA
Bacteria,Bacteria,outgroup,motu667,motu667,ASV1092,parent,683,Bacteria,Bacteria,outgroup,90.119,3.4499999999999995e-89,Bacteria,NA,NA,NA,NA,NA,NA
Bacteria,Bacteria,outgroup,motu670,motu670,ASV1095,parent,511,Bacteria,Bacteria,outgroup,94.466,1.21e-108,Bacteria,Cyanobacteriota,NA,NA,NA,NA,NA
Bacteria,Bacteria,outgroup,motu670,motu670,ASV1524,parent,511,Bacteria,Bacteria,outgroup,94.862,2.5999999999999996e-110,Bacteria,Cyanobacteriota,NA,NA,NA,NA,NA
Bacteria,Bacteria,outgroup,motu671,motu671,ASV1096,parent,685,Bacteria,Bacteria,outgroup,96.484,1.2099999999999998e-118,Bacteria,NA,NA,NA,NA,NA,NA
Bacteria,Bacteria,outgroup,motu676,motu676,ASV1101,parent,690,Bacteria,Bacteria,outgroup,96.356,1.1999999999999999e-113,Bacteria,Bacteroidota,Flavobacteriia,Flavobacteriales,Flavobacteriaceae,Winogradskyella,NA
Bacteria,Bacteria,outgroup,motu680,motu680,ASV1108,parent,694,Bacteria,Bacteria,outgroup,85.317,1.28e-68,Bacteria,NA,NA,NA,NA,NA,NA
Bacteria,Bacteria,outgroup,motu688,motu688,ASV1118,parent,701,Bacteria,Bacteria,outgroup,100,5.4199999999999993e-132,Bacteria,NA,NA,NA,NA,NA,NA
Bacteria,Bacteria,outgroup,motu696,motu696,ASV1127,parent,710,Bacteria,Bacteria,outgroup,94.466,1.21e-108,Bacteria,NA,NA,NA,NA,NA,NA
Bacteria,Bacteria,outgroup,motu697,motu697,ASV1131,parent,711,Bacteria,Bacteria,outgroup,93.6,1.22e-103,Bacteria,NA,NA,NA,NA,NA,NA
Bacteria,Bacteria,outgroup,motu698,motu698,ASV1133,parent,713,Bacteria,Bacteria,outgroup,94.531,2.6299999999999995e-110,Bacteria,NA,NA,NA,NA,NA,NA
Bacteria,Bacteria,outgroup,motu699,motu699,ASV1310,parent,510,Bacteria,Bacteria,outgroup,95.703,2.61e-115,Bacteria,NA,NA,NA,NA,NA,NA
Bacteria,Bacteria,outgroup,motu702,motu702,ASV1138,parent,716,Bacteria,Bacteria,outgroup,94.922,5.649999999999999e-112,Bacteria,NA,NA,NA,NA,NA,NA
Bacteria,Bacteria,outgroup,motu703,motu703,ASV1139,parent,717,Bacteria,Bacteria,outgroup,92.913,5.66e-102,Bacteria,Campylobacterota,NA,NA,NA,NA,NA
Bacteria,Bacteria,outgroup,motu705,motu705,ASV1141,parent,719,Bacteria,Bacteria,outgroup,90.514,5.74e-92,Bacteria,NA,NA,NA,NA,NA,NA
Bacteria,Bacteria,outgroup,motu706,motu706,ASV1142,parent,720,Bacteria,Bacteria,outgroup,86.561,2.73e-75,Bacteria,NA,NA,NA,NA,NA,NA
Bacteria,Bacteria,outgroup,motu708,motu708,ASV1144,parent,722,Bacteria,Bacteria,outgroup,89.412,5.779999999999999e-87,Bacteria,NA,NA,NA,NA,NA,NA
Bacteria,Bacteria,outgroup,motu711,motu711,ASV1150,parent,725,Bacteria,Bacteria,outgroup,95.102,1.5799999999999997e-107,Bacteria,NA,NA,NA,NA,NA,NA
Bacteria,Bacteria,outgroup,motu713,motu713,ASV1152,parent,726,Bacteria,Bacteria,outgroup,92.578,5.73e-102,Bacteria,NA,NA,NA,NA,NA,NA
Bacteria,Bacteria,outgroup,motu715,motu715,ASV1155,parent,730,Bacteria,Bacteria,outgroup,94.862,2.5999999999999996e-110,Bacteria,NA,NA,NA,NA,NA,NA
Bacteria,Bacteria,outgroup,motu716,motu716,ASV1156,parent,731,Bacteria,Bacteria,outgroup,93.061,3.4099999999999994e-99,Bacteria,NA,NA,NA,NA,NA,NA
Bacteria,Bacteria,outgroup,motu717,motu717,ASV1158,parent,503,Bacteria,Bacteria,outgroup,100,5.4199999999999993e-132,Bacteria,NA,NA,NA,NA,NA,NA
Bacteria,Bacteria,outgroup,motu717,motu717,ASV1218,parent,503,Bacteria,Bacteria,outgroup,100,5.4199999999999993e-132,Bacteria,Bacteroidota,NA,NA,NA,NA,NA
Bacteria,Bacteria,outgroup,motu719,motu719,ASV1161,parent,733,Bacteria,Bacteria,outgroup,89.147,3.71e-39,Bacteria,NA,NA,NA,NA,NA,NA
Bacteria,Bacteria,outgroup,motu721,motu721,ASV1167,parent,737,Bacteria,Bacteria,outgroup,100,5.4199999999999993e-132,Bacteria,Pseudomonadota,Gammaproteobacteria,Thiotrichales,Piscirickettsiaceae,Cycloclasticus,NA
Bacteria,Bacteria,outgroup,motu722,motu722,ASV1168,parent,736,Bacteria,Bacteria,outgroup,95.816,1.5599999999999997e-107,Bacteria,NA,NA,NA,NA,NA,NA
Bacteria,Bacteria,outgroup,motu724,motu724,ASV1170,parent,739,Bacteria,Bacteria,outgroup,92.797,3.43e-94,Bacteria,NA,NA,NA,NA,NA,NA
Bacteria,Bacteria,outgroup,motu725,motu725,ASV1171,parent,740,Bacteria,Bacteria,outgroup,92.885,6.3e-102,Bacteria,NA,NA,NA,NA,NA,NA
Bacteria,Bacteria,outgroup,motu732,motu732,ASV1178,parent,746,Bacteria,Bacteria,outgroup,90.945,1.23e-93,Bacteria,NA,NA,NA,NA,NA,NA
Bacteria,Bacteria,outgroup,motu735,motu735,ASV1182,parent,749,Bacteria,Bacteria,outgroup,90.98,1.23e-93,Bacteria,NA,NA,NA,NA,NA,NA
Bacteria,Bacteria,outgroup,motu736,motu736,ASV1187,parent,750,Bacteria,Bacteria,outgroup,93.676,2.6100000000000002e-105,Bacteria,NA,NA,NA,NA,NA,NA
Bacteria,Bacteria,outgroup,motu738,motu738,ASV1190,parent,752,Bacteria,Bacteria,outgroup,93.878,1.59e-102,Bacteria,NA,NA,NA,NA,NA,NA
Bacteria,Bacteria,outgroup,motu739,motu739,ASV1191,parent,754,Bacteria,Bacteria,outgroup,93.725,2.63e-105,Bacteria,NA,NA,NA,NA,NA,NA
Bacteria,Bacteria,outgroup,motu741,motu741,ASV1193,parent,581,Bacteria,Bacteria,outgroup,100,5.4199999999999993e-132,Bacteria,NA,NA,NA,NA,NA,NA
Bacteria,Bacteria,outgroup,motu741,motu741,ASV1695,parent,581,Bacteria,Bacteria,outgroup,99.605,2.5199999999999995e-130,Bacteria,NA,NA,NA,NA,NA,NA
Bacteria,Bacteria,outgroup,motu741,motu741,ASV1807,parent,581,Bacteria,Bacteria,outgroup,99.605,2.5199999999999995e-130,Bacteria,Pseudomonadota,Gammaproteobacteria,NA,NA,NA,NA
Bacteria,Bacteria,outgroup,motu747,motu747,ASV1201,parent,761,Bacteria,Bacteria,outgroup,93.281,1.22e-103,Bacteria,NA,NA,NA,NA,NA,NA
Bacteria,Bacteria,outgroup,motu750,motu750,ASV1205,parent,764,Bacteria,Bacteria,outgroup,95.669,3.35e-114,Bacteria,NA,NA,NA,NA,NA,NA
Bacteria,Bacteria,outgroup,motu759,motu759,ASV1216,parent,774,Bacteria,Bacteria,outgroup,94.071,5.62e-107,Bacteria,NA,NA,NA,NA,NA,NA
Bacteria,Bacteria,outgroup,motu766,motu766,ASV1224,parent,780,Bacteria,Bacteria,outgroup,100,4.599999999999999e-143,Bacteria,NA,NA,NA,NA,NA,NA
Bacteria,Bacteria,outgroup,motu767,motu767,ASV1225,parent,621,Bacteria,Bacteria,outgroup,99.605,2.5199999999999995e-130,Bacteria,Pseudomonadota,Gammaproteobacteria,NA,NA,NA,NA
Bacteria,Bacteria,outgroup,motu767,motu767,ASV1909,parent,621,Bacteria,Bacteria,outgroup,100,5.4199999999999993e-132,Bacteria,Pseudomonadota,Gammaproteobacteria,NA,NA,NA,NA
Bacteria,Bacteria,outgroup,motu768,motu768,ASV1226,parent,781,Bacteria,Bacteria,outgroup,100,4.599999999999999e-143,Bacteria,Bacteroidota,Flavobacteriia,Flavobacteriales,Flavobacteriaceae,Flavobacterium,NA
Bacteria,Bacteria,outgroup,motu779,motu779,ASV1240,parent,792,Bacteria,Bacteria,outgroup,94.093,1.05e-99,Bacteria,NA,NA,NA,NA,NA,NA
Bacteria,Bacteria,outgroup,motu784,motu784,ASV1245,parent,797,Bacteria,Bacteria,outgroup,96.484,1.2099999999999998e-118,Bacteria,Cyanobacteriota,NA,NA,NA,NA,NA
Bacteria,Bacteria,outgroup,motu790,motu790,ASV1251,parent,803,Bacteria,Bacteria,outgroup,90.119,2.67e-90,Bacteria,NA,NA,NA,NA,NA,NA
Bacteria,Bacteria,outgroup,motu793,motu793,ASV1255,parent,561,Bacteria,Bacteria,outgroup,86.122,7.640000000000001e-71,Bacteria,NA,NA,NA,NA,NA,NA
Bacteria,Bacteria,outgroup,motu793,motu793,ASV1273,parent,561,Bacteria,Bacteria,outgroup,86.008,9.880000000000001e-70,Bacteria,NA,NA,NA,NA,NA,NA
Bacteria,Bacteria,outgroup,motu794,motu794,ASV1256,parent,805,Bacteria,Bacteria,outgroup,92.885,5.66e-102,Bacteria,NA,NA,NA,NA,NA,NA
Bacteria,Bacteria,outgroup,motu800,motu800,ASV1267,parent,812,Bacteria,Bacteria,outgroup,92.308,4.83e-108,Bacteria,NA,NA,NA,NA,NA,NA
Bacteria,Bacteria,outgroup,motu802,motu802,ASV1272,parent,814,Bacteria,Bacteria,outgroup,85.882,2.75e-70,Bacteria,NA,NA,NA,NA,NA,NA
Bacteria,Bacteria,outgroup,motu803,motu803,ASV1274,parent,815,Bacteria,Bacteria,outgroup,94.694,7.269999999999999e-106,Bacteria,NA,NA,NA,NA,NA,NA
Bacteria,Bacteria,outgroup,motu809,motu809,ASV1281,parent,820,Bacteria,Bacteria,outgroup,91.87,3.47e-94,Bacteria,NA,NA,NA,NA,NA,NA
Bacteria,Bacteria,outgroup,motu810,motu810,ASV1282,parent,821,Bacteria,Bacteria,outgroup,92.969,1.23e-103,Bacteria,NA,NA,NA,NA,NA,NA
Bacteria,Bacteria,outgroup,motu815,motu815,ASV1289,parent,827,Bacteria,Bacteria,outgroup,94.531,2.6299999999999995e-110,Bacteria,NA,NA,NA,NA,NA,NA
Bacteria,Bacteria,outgroup,motu819,motu819,ASV1296,parent,831,Bacteria,Bacteria,outgroup,94.862,2.5999999999999996e-110,Bacteria,Cyanobacteriota,NA,NA,NA,NA,NA
Bacteria,Bacteria,outgroup,motu823,motu823,ASV1303,parent,833,Bacteria,Bacteria,outgroup,92.969,1.23e-103,Bacteria,NA,NA,NA,NA,NA,NA
Bacteria,Bacteria,outgroup,motu824,motu824,ASV1304,parent,835,Bacteria,Bacteria,outgroup,95.918,7.22e-111,Bacteria,NA,NA,NA,NA,NA,NA
Bacteria,Bacteria,outgroup,motu825,motu825,ASV1305,parent,836,Bacteria,Bacteria,outgroup,95.703,2.61e-115,Bacteria,NA,NA,NA,NA,NA,NA
Bacteria,Bacteria,outgroup,motu832,motu832,ASV1316,parent,843,Bacteria,Bacteria,outgroup,100,4.599999999999999e-143,Bacteria,NA,NA,NA,NA,NA,NA
Bacteria,Bacteria,outgroup,motu833,motu833,ASV1317,parent,844,Bacteria,Bacteria,outgroup,92.126,1.2199999999999999e-98,Bacteria,NA,NA,NA,NA,NA,NA
Bacteria,Bacteria,outgroup,motu835,motu835,ASV1321,parent,845,Bacteria,Bacteria,outgroup,93.676,2.6100000000000002e-105,Bacteria,Cyanobacteriota,NA,NA,NA,NA,NA
Bacteria,Bacteria,outgroup,motu836,motu836,ASV1323,parent,846,Bacteria,Bacteria,outgroup,88.235,2.71e-80,Bacteria,NA,NA,NA,NA,NA,NA
Bacteria,Bacteria,outgroup,motu842,motu842,ASV1330,parent,853,Bacteria,Bacteria,outgroup,92.829,7.319999999999999e-101,Bacteria,NA,NA,NA,NA,NA,NA
Bacteria,Bacteria,outgroup,motu845,motu845,ASV1334,parent,856,Bacteria,Bacteria,outgroup,92.578,5.73e-102,Bacteria,NA,NA,NA,NA,NA,NA
Bacteria,Bacteria,outgroup,motu846,motu846,ASV1335,parent,858,Bacteria,Bacteria,outgroup,93.249,2.2799999999999996e-96,Bacteria,NA,NA,NA,NA,NA,NA
Bacteria,Bacteria,outgroup,motu847,motu847,ASV1336,parent,861,Bacteria,Bacteria,outgroup,91.304,2.65e-95,Bacteria,NA,NA,NA,NA,NA,NA
Bacteria,Bacteria,outgroup,motu851,motu851,ASV1340,parent,863,Bacteria,Bacteria,outgroup,91.44,5.77e-97,Bacteria,NA,NA,NA,NA,NA,NA
Bacteria,Bacteria,outgroup,motu852,motu852,ASV1341,parent,864,Bacteria,Bacteria,outgroup,91.732,5.7e-97,Bacteria,NA,NA,NA,NA,NA,NA
Bacteria,Bacteria,outgroup,motu857,motu857,ASV1346,parent,869,Bacteria,Bacteria,outgroup,100,4.599999999999999e-143,Bacteria,Verrucomicrobiota,NA,NA,NA,NA,NA
Bacteria,Bacteria,outgroup,motu860,motu860,ASV1352,parent,872,Bacteria,Bacteria,outgroup,93.061,3.4099999999999994e-99,Bacteria,NA,NA,NA,NA,NA,NA
Bacteria,Bacteria,outgroup,motu862,motu862,ASV1354,parent,874,Bacteria,Bacteria,outgroup,94.466,1.21e-108,Bacteria,NA,NA,NA,NA,NA,NA
Bacteria,Bacteria,outgroup,motu864,motu864,ASV1356,parent,876,Bacteria,Bacteria,outgroup,92.829,2.64e-100,Bacteria,NA,NA,NA,NA,NA,NA
Bacteria,Bacteria,outgroup,motu869,motu869,ASV1361,parent,879,Bacteria,Bacteria,outgroup,95.686,1.1999999999999999e-113,Bacteria,NA,NA,NA,NA,NA,NA
Bacteria,Bacteria,outgroup,motu870,motu870,ASV1362,parent,882,Bacteria,Bacteria,outgroup,92.549,2.63e-100,Bacteria,NA,NA,NA,NA,NA,NA
Bacteria,Bacteria,outgroup,motu872,motu872,ASV1364,parent,734,Bacteria,Bacteria,outgroup,100,1.65e-142,Bacteria,Pseudomonadota,Gammaproteobacteria,NA,NA,NA,NA
Bacteria,Bacteria,outgroup,motu872,motu872,ASV2086,parent,734,Bacteria,Bacteria,outgroup,99.632,7.7e-141,Bacteria,Pseudomonadota,Gammaproteobacteria,NA,NA,NA,NA
Bacteria,Bacteria,outgroup,motu874,motu874,ASV1366,parent,885,Bacteria,Bacteria,outgroup,94.882,7.25e-111,Bacteria,NA,NA,NA,NA,NA,NA
Bacteria,Bacteria,outgroup,motu879,motu879,ASV1372,parent,890,Bacteria,Bacteria,outgroup,93.281,1.22e-103,Bacteria,NA,NA,NA,NA,NA,NA
Bacteria,Bacteria,outgroup,motu882,motu882,ASV1612,parent,704,Bacteria,Bacteria,outgroup,95.918,7.22e-111,Bacteria,NA,NA,NA,NA,NA,NA
Bacteria,Bacteria,outgroup,motu887,motu887,ASV1380,parent,896,Bacteria,Bacteria,outgroup,92.969,1.23e-103,Bacteria,NA,NA,NA,NA,NA,NA
Bacteria,Bacteria,outgroup,motu892,motu892,ASV1388,parent,902,Bacteria,Bacteria,outgroup,92.969,1.58e-102,Bacteria,NA,NA,NA,NA,NA,NA
Bacteria,Bacteria,outgroup,motu896,motu896,ASV1392,parent,907,Bacteria,Bacteria,outgroup,93.75,5.689999999999999e-107,Bacteria,NA,NA,NA,NA,NA,NA
Bacteria,Bacteria,outgroup,motu898,motu898,ASV1397,parent,757,Bacteria,Bacteria,outgroup,93.089,3.4499999999999994e-99,Bacteria,NA,NA,NA,NA,NA,NA
Bacteria,Bacteria,outgroup,motu898,motu898,ASV2018,parent,757,Bacteria,Bacteria,outgroup,91.86,1.24e-98,Bacteria,NA,NA,NA,NA,NA,NA
Bacteria,Bacteria,outgroup,motu899,motu899,ASV1398,parent,910,Bacteria,Bacteria,outgroup,92.032,1.59e-97,Bacteria,NA,NA,NA,NA,NA,NA
Bacteria,Bacteria,outgroup,motu903,motu903,ASV1406,parent,912,Bacteria,Bacteria,outgroup,94.141,1.22e-108,Bacteria,NA,NA,NA,NA,NA,NA
Bacteria,Bacteria,outgroup,motu907,motu907,ASV1410,parent,916,Bacteria,Bacteria,outgroup,90.98,1.23e-93,Bacteria,NA,NA,NA,NA,NA,NA
Bacteria,Bacteria,outgroup,motu910,motu910,ASV1416,parent,920,Bacteria,Bacteria,outgroup,91.829,1.24e-98,Bacteria,NA,NA,NA,NA,NA,NA
Bacteria,Bacteria,outgroup,motu913,motu913,ASV1419,parent,923,Bacteria,Bacteria,outgroup,91.829,1.24e-98,Bacteria,NA,NA,NA,NA,NA,NA
Bacteria,Bacteria,outgroup,motu916,motu916,ASV1423,parent,927,Bacteria,Bacteria,outgroup,92.52,7.349999999999998e-101,Bacteria,NA,NA,NA,NA,NA,NA
Bacteria,Bacteria,outgroup,motu919,motu919,ASV1427,parent,783,Bacteria,Bacteria,outgroup,91.373,2.65e-95,Bacteria,NA,NA,NA,NA,NA,NA
Bacteria,Bacteria,outgroup,motu919,motu919,ASV1951,parent,783,Bacteria,Bacteria,outgroup,91.765,5.7e-97,Bacteria,NA,NA,NA,NA,NA,NA
Bacteria,Bacteria,outgroup,motu928,motu928,ASV1441,parent,938,Bacteria,Bacteria,outgroup,94.922,5.649999999999999e-112,Bacteria,Cyanobacteriota,NA,NA,NA,NA,NA
Bacteria,Bacteria,outgroup,motu932,motu932,ASV1447,parent,943,Bacteria,Bacteria,outgroup,92.885,5.66e-102,Bacteria,NA,NA,NA,NA,NA,NA
Bacteria,Bacteria,outgroup,motu933,motu933,ASV1448,parent,946,Bacteria,Bacteria,outgroup,92.578,5.73e-102,Bacteria,NA,NA,NA,NA,NA,NA
Bacteria,Bacteria,outgroup,motu938,motu938,ASV1455,parent,949,Bacteria,Bacteria,outgroup,94.071,5.62e-107,Bacteria,NA,NA,NA,NA,NA,NA
Bacteria,Bacteria,outgroup,motu940,motu940,ASV1457,parent,952,Bacteria,Bacteria,outgroup,90,1.2399999999999998e-88,Bacteria,NA,NA,NA,NA,NA,NA
Bacteria,Bacteria,outgroup,motu945,motu945,ASV1463,parent,955,Bacteria,Bacteria,outgroup,92.126,1.2199999999999999e-98,Bacteria,NA,NA,NA,NA,NA,NA
Bacteria,Bacteria,outgroup,motu949,motu949,ASV1469,parent,960,Bacteria,Bacteria,outgroup,87.747,2.71e-80,Bacteria,NA,NA,NA,NA,NA,NA
Bacteria,Bacteria,outgroup,motu951,motu951,ASV1471,parent,807,Bacteria,Bacteria,outgroup,91.473,5.77e-97,Bacteria,NA,NA,NA,NA,NA,NA
Bacteria,Bacteria,outgroup,motu951,motu951,ASV1949,parent,807,Bacteria,Bacteria,outgroup,91.86,1.24e-98,Bacteria,NA,NA,NA,NA,NA,NA
Bacteria,Bacteria,outgroup,motu952,motu952,ASV1472,parent,961,Bacteria,Bacteria,outgroup,100,5.4199999999999993e-132,Bacteria,Planctomycetota,NA,NA,NA,NA,NA
Bacteria,Bacteria,outgroup,motu953,motu953,ASV1473,parent,963,Bacteria,Bacteria,outgroup,91.6,2.65e-95,Bacteria,NA,NA,NA,NA,NA,NA
Bacteria,Bacteria,outgroup,motu963,motu963,ASV1487,parent,974,Bacteria,Bacteria,outgroup,93.701,2.6100000000000002e-105,Bacteria,NA,NA,NA,NA,NA,NA
Bacteria,Bacteria,outgroup,motu964,motu964,ASV1488,parent,975,Bacteria,Bacteria,outgroup,100,5.4199999999999993e-132,Bacteria,NA,NA,NA,NA,NA,NA
Bacteria,Bacteria,outgroup,motu965,motu965,ASV1489,parent,973,Bacteria,Bacteria,outgroup,95.312,1.21e-113,Bacteria,NA,NA,NA,NA,NA,NA
Bacteria,Bacteria,outgroup,motu966,motu966,ASV1490,parent,977,Bacteria,Bacteria,outgroup,89.723,1.2399999999999998e-88,Bacteria,NA,NA,NA,NA,NA,NA
Bacteria,Bacteria,outgroup,motu967,motu967,ASV1491,parent,976,Bacteria,Bacteria,outgroup,93.305,1.5800000000000002e-97,Bacteria,NA,NA,NA,NA,NA,NA
Bacteria,Bacteria,outgroup,motu973,motu973,ASV1498,parent,983,Bacteria,Bacteria,outgroup,100,5.4199999999999993e-132,Bacteria,NA,NA,NA,NA,NA,NA
Bacteria,Bacteria,outgroup,motu974,motu974,ASV1499,parent,985,Bacteria,Bacteria,outgroup,93.469,7.319999999999999e-101,Bacteria,NA,NA,NA,NA,NA,NA
Bacteria,Bacteria,outgroup,motu976,motu976,ASV1502,parent,800,Bacteria,Bacteria,outgroup,94.071,5.62e-107,Bacteria,NA,NA,NA,NA,NA,NA
Bacteria,Bacteria,outgroup,motu976,motu976,ASV1680,parent,800,Bacteria,Bacteria,outgroup,93.676,2.6100000000000002e-105,Bacteria,NA,NA,NA,NA,NA,NA
Bacteria,Bacteria,outgroup,motu978,motu978,ASV1505,parent,987,Bacteria,Bacteria,outgroup,95.935,7.22e-111,Bacteria,NA,NA,NA,NA,NA,NA
Bacteria,Bacteria,outgroup,motu981,motu981,ASV1508,parent,991,Bacteria,Bacteria,outgroup,86.275,1.27e-73,Bacteria,NA,NA,NA,NA,NA,NA
Bacteria,Bacteria,outgroup,motu983,motu983,ASV1511,parent,992,Bacteria,Bacteria,outgroup,87.008,2.11e-76,Bacteria,NA,NA,NA,NA,NA,NA
Bacteria,Bacteria,outgroup,motu985,motu985,ASV1513,parent,994,Bacteria,Bacteria,outgroup,92.49,2.63e-100,Bacteria,NA,NA,NA,NA,NA,NA
Bacteria,Bacteria,outgroup,motu986,motu986,ASV1514,parent,995,Bacteria,Bacteria,outgroup,91.797,1.24e-98,Bacteria,NA,NA,NA,NA,NA,NA
Bacteria,Bacteria,outgroup,motu993,motu993,ASV1525,parent,1002,Bacteria,Bacteria,outgroup,90.234,5.81e-92,Bacteria,NA,NA,NA,NA,NA,NA
Bacteria,Bacteria,outgroup,motu996,motu996,ASV1528,parent,1005,Bacteria,Bacteria,outgroup,91.339,2.65e-95,Bacteria,NA,NA,NA,NA,NA,NA
Bacteria,Bacteria,outgroup,motu999,motu999,ASV1532,parent,1007,Bacteria,Bacteria,outgroup,91.406,2.64e-95,Bacteria,NA,NA,NA,NA,NA,NA
Bacteria,Bacteria,outgroup,motu1003,motu1003,ASV1537,parent,1011,Bacteria,Bacteria,outgroup,94.466,1.21e-108,Bacteria,NA,NA,NA,NA,NA,NA
Bacteria,Bacteria,outgroup,motu1004,motu1004,ASV1539,parent,1013,Bacteria,Bacteria,outgroup,100,5.4199999999999993e-132,Bacteria,Pseudomonadota,Gammaproteobacteria,NA,NA,NA,NA
Bacteria,Bacteria,outgroup,motu1005,motu1005,ASV1540,parent,1014,Bacteria,Bacteria,outgroup,93.333,3.3999999999999995e-104,Bacteria,NA,NA,NA,NA,NA,NA
Bacteria,Bacteria,outgroup,motu1009,motu1009,ASV1545,parent,1017,Bacteria,Bacteria,outgroup,95.397,7.269999999999999e-106,Bacteria,NA,NA,NA,NA,NA,NA
Bacteria,Bacteria,outgroup,motu1011,motu1011,ASV1549,parent,1020,Bacteria,Bacteria,outgroup,94.466,4.34e-108,Bacteria,Cyanobacteriota,NA,NA,NA,NA,NA
Bacteria,Bacteria,outgroup,motu1014,motu1014,ASV1552,parent,1022,Bacteria,Bacteria,outgroup,95.918,7.22e-111,Bacteria,NA,NA,NA,NA,NA,NA
Bacteria,Bacteria,outgroup,motu1017,motu1017,ASV1555,parent,1024,Bacteria,Bacteria,outgroup,94.862,2.5999999999999996e-110,Bacteria,NA,NA,NA,NA,NA,NA
Bacteria,Bacteria,outgroup,motu1022,motu1022,ASV1561,parent,1027,Bacteria,Bacteria,outgroup,93.359,2.65e-105,Bacteria,NA,NA,NA,NA,NA,NA
Bacteria,Bacteria,outgroup,motu1023,motu1023,ASV1565,parent,1029,Bacteria,Bacteria,outgroup,92.607,5.73e-102,Bacteria,NA,NA,NA,NA,NA,NA
Bacteria,Bacteria,outgroup,motu1024,motu1024,ASV1567,parent,1031,Bacteria,Bacteria,outgroup,94.186,1.22e-108,Bacteria,NA,NA,NA,NA,NA,NA
Bacteria,Bacteria,outgroup,motu1032,motu1032,ASV1578,parent,1038,Bacteria,Bacteria,outgroup,95.669,3.35e-114,Bacteria,NA,NA,NA,NA,NA,NA
Bacteria,Bacteria,outgroup,motu1038,motu1038,ASV1588,parent,1045,Bacteria,Bacteria,outgroup,94.163,1.22e-108,Bacteria,NA,NA,NA,NA,NA,NA
Bacteria,Bacteria,outgroup,motu1041,motu1041,ASV1592,parent,1047,Bacteria,Bacteria,outgroup,99.632,7.7e-141,Bacteria,NA,NA,NA,NA,NA,NA
Bacteria,Bacteria,outgroup,motu1042,motu1042,ASV1594,parent,1048,Bacteria,Bacteria,outgroup,95.918,7.22e-111,Bacteria,NA,NA,NA,NA,NA,NA
Bacteria,Bacteria,outgroup,motu1048,motu1048,ASV1602,parent,1054,Bacteria,Bacteria,outgroup,92.095,1.2199999999999999e-98,Bacteria,NA,NA,NA,NA,NA,NA
Bacteria,Bacteria,outgroup,motu1049,motu1049,ASV1604,parent,1055,Bacteria,Bacteria,outgroup,92.578,5.73e-102,Bacteria,NA,NA,NA,NA,NA,NA
Bacteria,Bacteria,outgroup,motu1057,motu1057,ASV1615,parent,1065,Bacteria,Bacteria,outgroup,94.048,7.299999999999999e-106,Bacteria,NA,NA,NA,NA,NA,NA
Bacteria,Bacteria,outgroup,motu1060,motu1060,ASV1618,parent,1064,Bacteria,Bacteria,outgroup,90.157,2.67e-90,Bacteria,NA,NA,NA,NA,NA,NA
Bacteria,Bacteria,outgroup,motu1061,motu1061,ASV1619,parent,1067,Bacteria,Bacteria,outgroup,87.059,5.86e-77,Bacteria,NA,NA,NA,NA,NA,NA
Bacteria,Bacteria,outgroup,motu1066,motu1066,ASV1626,parent,1072,Bacteria,Bacteria,outgroup,92.549,2.63e-100,Bacteria,NA,NA,NA,NA,NA,NA
Bacteria,Bacteria,outgroup,motu1067,motu1067,ASV1628,parent,1073,Bacteria,Bacteria,outgroup,95.652,1.1999999999999999e-113,Bacteria,NA,NA,NA,NA,NA,NA
Bacteria,Bacteria,outgroup,motu1075,motu1075,ASV1638,parent,1080,Bacteria,Bacteria,outgroup,100,5.4199999999999993e-132,Bacteria,Pseudomonadota,Alphaproteobacteria,NA,NA,NA,NA
Bacteria,Bacteria,outgroup,motu1078,motu1078,ASV1644,parent,1084,Bacteria,Bacteria,outgroup,95.397,7.269999999999999e-106,Bacteria,NA,NA,NA,NA,NA,NA
Bacteria,Bacteria,outgroup,motu1084,motu1084,ASV1656,parent,1089,Bacteria,Bacteria,outgroup,93.307,1.22e-103,Bacteria,NA,NA,NA,NA,NA,NA
Bacteria,Bacteria,outgroup,motu1085,motu1085,ASV1657,parent,926,Bacteria,Bacteria,outgroup,93.701,7.269999999999999e-106,Bacteria,NA,NA,NA,NA,NA,NA
Bacteria,Bacteria,outgroup,motu1085,motu1085,ASV1887,parent,926,Bacteria,Bacteria,outgroup,93.307,3.38e-104,Bacteria,NA,NA,NA,NA,NA,NA
Bacteria,Bacteria,outgroup,motu1086,motu1086,ASV1659,parent,1090,Bacteria,Bacteria,outgroup,94.488,1.21e-108,Bacteria,NA,NA,NA,NA,NA,NA
Bacteria,Bacteria,outgroup,motu1088,motu1088,ASV1663,parent,1091,Bacteria,Bacteria,outgroup,90.511,1.05e-99,Bacteria,NA,NA,NA,NA,NA,NA
Bacteria,Bacteria,outgroup,motu1089,motu1089,ASV1664,parent,1093,Bacteria,Bacteria,outgroup,95.918,7.22e-111,Bacteria,NA,NA,NA,NA,NA,NA
Bacteria,Bacteria,outgroup,motu1091,motu1091,ASV1666,parent,1095,Bacteria,Bacteria,outgroup,86.328,1.27e-73,Bacteria,NA,NA,NA,NA,NA,NA
Bacteria,Bacteria,outgroup,motu1093,motu1093,ASV1671,parent,905,Bacteria,Bacteria,outgroup,92.218,2.67e-100,Bacteria,NA,NA,NA,NA,NA,NA
Bacteria,Bacteria,outgroup,motu1093,motu1093,ASV1728,parent,905,Bacteria,Bacteria,outgroup,92.218,2.67e-100,Bacteria,NA,NA,NA,NA,NA,NA
Bacteria,Bacteria,outgroup,motu1097,motu1097,ASV1678,parent,1100,Bacteria,Bacteria,outgroup,100,5.4199999999999993e-132,Bacteria,Pseudomonadota,Gammaproteobacteria,NA,NA,NA,NA
Bacteria,Bacteria,outgroup,motu1100,motu1100,ASV1686,parent,1102,Bacteria,Bacteria,outgroup,92.095,1.2199999999999999e-98,Bacteria,NA,NA,NA,NA,NA,NA
Bacteria,Bacteria,outgroup,motu1101,motu1101,ASV1688,parent,1108,Bacteria,Bacteria,outgroup,100,1.28e-143,Bacteria,Cyanobacteriota,NA,NA,NA,NA,NA
Bacteria,Bacteria,outgroup,motu1112,motu1112,ASV1703,parent,1115,Bacteria,Bacteria,outgroup,92.549,9.43e-100,Bacteria,NA,NA,NA,NA,NA,NA
Bacteria,Bacteria,outgroup,motu1122,motu1122,ASV1713,parent,1125,Bacteria,Bacteria,outgroup,97.619,1.98e-121,Bacteria,NA,NA,NA,NA,NA,NA
Bacteria,Bacteria,outgroup,motu1128,motu1128,ASV1724,parent,1129,Bacteria,Bacteria,outgroup,92.969,1.23e-103,Bacteria,NA,NA,NA,NA,NA,NA
Bacteria,Bacteria,outgroup,motu1129,motu1129,ASV1725,parent,1131,Bacteria,Bacteria,outgroup,91.016,2.6899999999999998e-95,Bacteria,NA,NA,NA,NA,NA,NA
Bacteria,Bacteria,outgroup,motu1138,motu1138,ASV1737,parent,1137,Bacteria,Bacteria,outgroup,93.75,5.689999999999999e-107,Bacteria,Cyanobacteriota,NA,NA,NA,NA,NA
Bacteria,Bacteria,outgroup,motu1140,motu1140,ASV1739,parent,1142,Bacteria,Bacteria,outgroup,94.862,2.5999999999999996e-110,Bacteria,NA,NA,NA,NA,NA,NA
Bacteria,Bacteria,outgroup,motu1144,motu1144,ASV1744,parent,1146,Bacteria,Bacteria,outgroup,90.514,5.74e-92,Bacteria,NA,NA,NA,NA,NA,NA
Bacteria,Bacteria,outgroup,motu1155,motu1155,ASV1758,parent,1156,Bacteria,Bacteria,outgroup,99.605,2.5199999999999995e-130,Bacteria,NA,NA,NA,NA,NA,NA
Bacteria,Bacteria,outgroup,motu1160,motu1160,ASV1766,parent,1160,Bacteria,Bacteria,outgroup,86.42,2.12e-71,Bacteria,NA,NA,NA,NA,NA,NA
Bacteria,Bacteria,outgroup,motu1161,motu1161,ASV1767,parent,1161,Bacteria,Bacteria,outgroup,94.882,7.25e-111,Bacteria,NA,NA,NA,NA,NA,NA
Bacteria,Bacteria,outgroup,motu1166,motu1166,ASV1773,parent,1165,Bacteria,Bacteria,outgroup,100,5.4199999999999993e-132,Bacteria,Pseudomonadota,Gammaproteobacteria,Cellvibrionales,Porticoccaceae,NA,NA
Bacteria,Bacteria,outgroup,motu1168,motu1168,ASV1776,parent,1171,Bacteria,Bacteria,outgroup,94.466,1.21e-108,Bacteria,NA,NA,NA,NA,NA,NA
Bacteria,Bacteria,outgroup,motu1170,motu1170,ASV1778,parent,1169,Bacteria,Bacteria,outgroup,86.614,2.73e-75,Bacteria,NA,NA,NA,NA,NA,NA
Bacteria,Bacteria,outgroup,motu1174,motu1174,ASV1783,parent,1175,Bacteria,Bacteria,outgroup,96.094,5.61e-117,Bacteria,NA,NA,NA,NA,NA,NA
Bacteria,Bacteria,outgroup,motu1177,motu1177,ASV1786,parent,1180,Bacteria,Bacteria,outgroup,95.397,7.269999999999999e-106,Bacteria,NA,NA,NA,NA,NA,NA
Bacteria,Bacteria,outgroup,motu1178,motu1178,ASV1787,parent,1177,Bacteria,Bacteria,outgroup,93.333,1.22e-103,Bacteria,NA,NA,NA,NA,NA,NA
Bacteria,Bacteria,outgroup,motu1179,motu1179,ASV1788,parent,1181,Bacteria,Bacteria,outgroup,96.094,5.61e-117,Bacteria,Cyanobacteriota,NA,NA,NA,NA,NA
Bacteria,Bacteria,outgroup,motu1182,motu1182,ASV1791,parent,1184,Bacteria,Bacteria,outgroup,94.694,7.269999999999999e-106,Bacteria,NA,NA,NA,NA,NA,NA
Bacteria,Bacteria,outgroup,motu1192,motu1192,ASV1801,parent,1035,Bacteria,Bacteria,outgroup,93.952,3.38e-104,Bacteria,NA,NA,NA,NA,NA,NA
Bacteria,Bacteria,outgroup,motu1192,motu1192,ASV1888,parent,1035,Bacteria,Bacteria,outgroup,94.355,7.269999999999999e-106,Bacteria,NA,NA,NA,NA,NA,NA
Bacteria,Bacteria,outgroup,motu1196,motu1196,ASV1806,parent,1197,Bacteria,Bacteria,outgroup,95.51,3.3599999999999996e-109,Bacteria,NA,NA,NA,NA,NA,NA
Bacteria,Bacteria,outgroup,motu1197,motu1197,ASV1808,parent,1198,Bacteria,Bacteria,outgroup,94.694,7.359999999999999e-106,Bacteria,NA,NA,NA,NA,NA,NA
Bacteria,Bacteria,outgroup,motu1198,motu1198,ASV1809,parent,1199,Bacteria,Bacteria,outgroup,87.352,1.26e-78,Bacteria,NA,NA,NA,NA,NA,NA
Bacteria,Bacteria,outgroup,motu1202,motu1202,ASV1814,parent,1202,Bacteria,Bacteria,outgroup,91.213,3.4499999999999995e-89,Bacteria,NA,NA,NA,NA,NA,NA
Bacteria,Bacteria,outgroup,motu1206,motu1206,ASV1818,parent,1206,Bacteria,Bacteria,outgroup,92.095,1.2199999999999999e-98,Bacteria,NA,NA,NA,NA,NA,NA
Bacteria,Bacteria,outgroup,motu1208,motu1208,ASV1820,parent,1209,Bacteria,Bacteria,outgroup,99.209,1.1699999999999998e-128,Bacteria,Pseudomonadota,Gammaproteobacteria,Thiotrichales,Piscirickettsiaceae,Cycloclasticus,NA
Bacteria,Bacteria,outgroup,motu1211,motu1211,ASV1823,parent,1212,Bacteria,Bacteria,outgroup,92.607,5.73e-102,Bacteria,NA,NA,NA,NA,NA,NA
Bacteria,Bacteria,outgroup,motu1216,motu1216,ASV1828,parent,1217,Bacteria,Bacteria,outgroup,90.196,7.520000000000001e-91,Bacteria,NA,NA,NA,NA,NA,NA
Bacteria,Bacteria,outgroup,motu1220,motu1220,ASV1832,parent,1220,Bacteria,Bacteria,outgroup,91.903,3.43e-94,Bacteria,NA,NA,NA,NA,NA,NA
Bacteria,Bacteria,outgroup,motu1223,motu1223,ASV1836,parent,1224,Bacteria,Bacteria,outgroup,86.447,2.33e-81,Bacteria,Planctomycetota,Planctomycetia,NA,NA,NA,NA
Bacteria,Bacteria,outgroup,motu1224,motu1224,ASV1837,parent,1225,Bacteria,Bacteria,outgroup,93.952,3.38e-104,Bacteria,NA,NA,NA,NA,NA,NA
Bacteria,Bacteria,outgroup,motu1228,motu1228,ASV1842,parent,1228,Bacteria,Bacteria,outgroup,91.968,2.0499999999999997e-96,Bacteria,NA,NA,NA,NA,NA,NA
Bacteria,Bacteria,outgroup,motu1229,motu1229,ASV1843,parent,1229,Bacteria,Bacteria,outgroup,93.307,1.22e-103,Bacteria,NA,NA,NA,NA,NA,NA
Bacteria,Bacteria,outgroup,motu1231,motu1231,ASV1845,parent,1231,Bacteria,Bacteria,outgroup,92.829,7.319999999999999e-101,Bacteria,NA,NA,NA,NA,NA,NA
Bacteria,Bacteria,outgroup,motu1238,motu1238,ASV1853,parent,1239,Bacteria,Bacteria,outgroup,85.098,1.28e-68,Bacteria,NA,NA,NA,NA,NA,NA
Bacteria,Bacteria,outgroup,motu1239,motu1239,ASV1854,parent,1237,Bacteria,Bacteria,outgroup,89.583,1.62e-82,Bacteria,NA,NA,NA,NA,NA,NA
Bacteria,Bacteria,outgroup,motu1240,motu1240,ASV1855,parent,1240,Bacteria,Bacteria,outgroup,92.181,9.54e-95,Bacteria,NA,NA,NA,NA,NA,NA
Bacteria,Bacteria,outgroup,motu1241,motu1241,ASV1856,parent,1241,Bacteria,Bacteria,outgroup,89.706,8.209999999999999e-96,Bacteria,NA,NA,NA,NA,NA,NA
Bacteria,Bacteria,outgroup,motu1242,motu1242,ASV1857,parent,1242,Bacteria,Bacteria,outgroup,85.185,7.689999999999999e-66,Bacteria,NA,NA,NA,NA,NA,NA
Bacteria,Bacteria,outgroup,motu1244,motu1244,ASV1860,parent,1249,Bacteria,Bacteria,outgroup,86.1,1.2900000000000002e-73,Bacteria,NA,NA,NA,NA,NA,NA
Bacteria,Bacteria,outgroup,motu1246,motu1246,ASV1862,parent,1246,Bacteria,Bacteria,outgroup,95.257,5.579999999999999e-112,Bacteria,Acidobacteriota,NA,NA,NA,NA,NA
Bacteria,Bacteria,outgroup,motu1249,motu1249,ASV1865,parent,1250,Bacteria,Bacteria,outgroup,90.837,5.74e-92,Bacteria,NA,NA,NA,NA,NA,NA
Bacteria,Bacteria,outgroup,motu1252,motu1252,ASV1868,parent,1252,Bacteria,Bacteria,outgroup,92.885,5.66e-102,Bacteria,NA,NA,NA,NA,NA,NA
Bacteria,Bacteria,outgroup,motu1253,motu1253,ASV1869,parent,1253,Bacteria,Bacteria,outgroup,91.304,2.65e-95,Bacteria,NA,NA,NA,NA,NA,NA
Bacteria,Bacteria,outgroup,motu1254,motu1254,ASV1870,parent,1256,Bacteria,Bacteria,outgroup,99.605,2.5199999999999995e-130,Bacteria,NA,NA,NA,NA,NA,NA
Bacteria,Bacteria,outgroup,motu1255,motu1255,ASV1871,parent,1257,Bacteria,Bacteria,outgroup,98.828,1.19e-128,Bacteria,NA,NA,NA,NA,NA,NA
Bacteria,Bacteria,outgroup,motu1259,motu1259,ASV1875,parent,1258,Bacteria,Bacteria,outgroup,94.531,2.6299999999999995e-110,Bacteria,NA,NA,NA,NA,NA,NA
Bacteria,Bacteria,outgroup,motu1264,motu1264,ASV1883,parent,1265,Bacteria,Bacteria,outgroup,92.188,2.67e-100,Bacteria,NA,NA,NA,NA,NA,NA
Bacteria,Bacteria,outgroup,motu1266,motu1266,ASV1885,parent,1267,Bacteria,Bacteria,outgroup,93.878,1.59e-102,Bacteria,NA,NA,NA,NA,NA,NA
Bacteria,Bacteria,outgroup,motu1267,motu1267,ASV1886,parent,1268,Bacteria,Bacteria,outgroup,90.945,1.23e-93,Bacteria,NA,NA,NA,NA,NA,NA
Bacteria,Bacteria,outgroup,motu1270,motu1270,ASV1891,parent,1271,Bacteria,Bacteria,outgroup,95.528,9.379999999999999e-110,Bacteria,NA,NA,NA,NA,NA,NA
Bacteria,Bacteria,outgroup,motu1271,motu1271,ASV1892,parent,1272,Bacteria,Bacteria,outgroup,89.712,9.67e-85,Bacteria,NA,NA,NA,NA,NA,NA
Bacteria,Bacteria,outgroup,motu1273,motu1273,ASV1894,parent,1275,Bacteria,Bacteria,outgroup,94.142,7.319999999999999e-101,Bacteria,NA,NA,NA,NA,NA,NA
Bacteria,Bacteria,outgroup,motu1280,motu1280,ASV1903,parent,1280,Bacteria,Bacteria,outgroup,95.257,5.579999999999999e-112,Bacteria,NA,NA,NA,NA,NA,NA
Bacteria,Bacteria,outgroup,motu1282,motu1282,ASV1905,parent,1283,Bacteria,Bacteria,outgroup,93.043,2.5199999999999998e-42,Bacteria,NA,NA,NA,NA,NA,NA
Bacteria,Bacteria,outgroup,motu1283,motu1283,ASV1906,parent,1284,Bacteria,Bacteria,outgroup,95.528,9.379999999999999e-110,Bacteria,NA,NA,NA,NA,NA,NA
Bacteria,Bacteria,outgroup,motu1285,motu1285,ASV1912,parent,1286,Bacteria,Bacteria,outgroup,92.549,2.64e-100,Bacteria,NA,NA,NA,NA,NA,NA
Bacteria,Bacteria,outgroup,motu1287,motu1287,ASV1915,parent,1288,Bacteria,Bacteria,outgroup,94.286,3.43e-104,Bacteria,NA,NA,NA,NA,NA,NA
Bacteria,Bacteria,outgroup,motu1291,motu1291,ASV1919,parent,1292,Bacteria,Bacteria,outgroup,89.764,4.53e-88,Bacteria,NA,NA,NA,NA,NA,NA
Bacteria,Bacteria,outgroup,motu1293,motu1293,ASV1922,parent,1294,Bacteria,Bacteria,outgroup,96.8,5.54e-117,Bacteria,Bacteroidota,Flavobacteriia,Flavobacteriales,Flavobacteriaceae,Winogradskyella,NA
Bacteria,Bacteria,outgroup,motu1294,motu1294,ASV1923,parent,1295,Bacteria,Bacteria,outgroup,92.913,1.58e-102,Bacteria,NA,NA,NA,NA,NA,NA
Bacteria,Bacteria,outgroup,motu1295,motu1295,ASV1924,parent,1296,Bacteria,Bacteria,outgroup,100,5.4199999999999993e-132,Bacteria,NA,NA,NA,NA,NA,NA
Bacteria,Bacteria,outgroup,motu1296,motu1296,ASV1925,parent,1297,Bacteria,Bacteria,outgroup,92,5.7e-97,Bacteria,NA,NA,NA,NA,NA,NA
Bacteria,Bacteria,outgroup,motu1298,motu1298,ASV1927,parent,1299,Bacteria,Bacteria,outgroup,93.281,1.22e-103,Bacteria,NA,NA,NA,NA,NA,NA
Bacteria,Bacteria,outgroup,motu1299,motu1299,ASV1929,parent,1300,Bacteria,Bacteria,outgroup,92.829,2.63e-100,Bacteria,NA,NA,NA,NA,NA,NA
Bacteria,Bacteria,outgroup,motu1301,motu1301,ASV1931,parent,1307,Bacteria,Bacteria,outgroup,94.118,4.4e-108,Bacteria,NA,NA,NA,NA,NA,NA
Bacteria,Bacteria,outgroup,motu1303,motu1303,ASV1933,parent,1302,Bacteria,Bacteria,outgroup,93.6,1.22e-103,Bacteria,NA,NA,NA,NA,NA,NA
Bacteria,Bacteria,outgroup,motu1304,motu1304,ASV1934,parent,1303,Bacteria,Bacteria,outgroup,94.862,2.5999999999999996e-110,Bacteria,NA,NA,NA,NA,NA,NA
Bacteria,Bacteria,outgroup,motu1305,motu1305,ASV1935,parent,1304,Bacteria,Bacteria,outgroup,96.094,5.61e-117,Bacteria,NA,NA,NA,NA,NA,NA
Bacteria,Bacteria,outgroup,motu1306,motu1306,ASV1936,parent,1305,Bacteria,Bacteria,outgroup,93.676,7.269999999999999e-106,Bacteria,NA,NA,NA,NA,NA,NA
Bacteria,Bacteria,outgroup,motu1311,motu1311,ASV1942,parent,1313,Bacteria,Bacteria,outgroup,90.074,1.76e-97,Bacteria,NA,NA,NA,NA,NA,NA
Bacteria,Bacteria,outgroup,motu1318,motu1318,ASV1954,parent,1319,Bacteria,Bacteria,outgroup,91.829,1.24e-98,Bacteria,NA,NA,NA,NA,NA,NA
Bacteria,Bacteria,outgroup,motu1320,motu1320,ASV1956,parent,1321,Bacteria,Bacteria,outgroup,95.51,3.3599999999999996e-109,Bacteria,NA,NA,NA,NA,NA,NA
Bacteria,Bacteria,outgroup,motu1321,motu1321,ASV1957,parent,1322,Bacteria,Bacteria,outgroup,94.141,1.22e-108,Bacteria,NA,NA,NA,NA,NA,NA
Bacteria,Bacteria,outgroup,motu1324,motu1324,ASV1960,parent,1325,Bacteria,Bacteria,outgroup,90.98,1.23e-93,Bacteria,NA,NA,NA,NA,NA,NA
Bacteria,Bacteria,outgroup,motu1329,motu1329,ASV1965,parent,1333,Bacteria,Bacteria,outgroup,93.75,5.689999999999999e-107,Bacteria,NA,NA,NA,NA,NA,NA
Bacteria,Bacteria,outgroup,motu1332,motu1332,ASV1968,parent,1326,Bacteria,Bacteria,outgroup,94.142,7.319999999999999e-101,Bacteria,NA,NA,NA,NA,NA,NA
Bacteria,Bacteria,outgroup,motu1333,motu1333,ASV1969,parent,1327,Bacteria,Bacteria,outgroup,95.652,1.1999999999999999e-113,Bacteria,NA,NA,NA,NA,NA,NA
Bacteria,Bacteria,outgroup,motu1337,motu1337,ASV1973,parent,1336,Bacteria,Bacteria,outgroup,95.397,7.269999999999999e-106,Bacteria,NA,NA,NA,NA,NA,NA
Bacteria,Bacteria,outgroup,motu1338,motu1338,ASV1974,parent,1337,Bacteria,Bacteria,outgroup,95.816,1.5599999999999997e-107,Bacteria,NA,NA,NA,NA,NA,NA
Bacteria,Bacteria,outgroup,motu1340,motu1340,ASV1976,parent,1341,Bacteria,Bacteria,outgroup,96.047,2.58e-115,Bacteria,NA,NA,NA,NA,NA,NA
Bacteria,Bacteria,outgroup,motu1342,motu1342,ASV1979,parent,1344,Bacteria,Bacteria,outgroup,92.095,1.2199999999999999e-98,Bacteria,NA,NA,NA,NA,NA,NA
Bacteria,Bacteria,outgroup,motu1346,motu1346,ASV1984,parent,1345,Bacteria,Bacteria,outgroup,91.829,1.24e-98,Bacteria,NA,NA,NA,NA,NA,NA
Bacteria,Bacteria,outgroup,motu1348,motu1348,ASV1986,parent,1349,Bacteria,Bacteria,outgroup,96.094,5.61e-117,Bacteria,Cyanobacteriota,NA,NA,NA,NA,NA
Bacteria,Bacteria,outgroup,motu1352,motu1352,ASV1992,parent,1352,Bacteria,Bacteria,outgroup,89.37,5.779999999999999e-87,Bacteria,NA,NA,NA,NA,NA,NA
Bacteria,Bacteria,outgroup,motu1354,motu1354,ASV1994,parent,1357,Bacteria,Bacteria,outgroup,91.983,2.06e-91,Bacteria,NA,NA,NA,NA,NA,NA
Bacteria,Bacteria,outgroup,motu1358,motu1358,ASV1998,parent,1354,Bacteria,Bacteria,outgroup,91.304,2.65e-95,Bacteria,NA,NA,NA,NA,NA,NA
Bacteria,Bacteria,outgroup,motu1364,motu1364,ASV2004,parent,1364,Bacteria,Bacteria,outgroup,93.878,1.57e-102,Bacteria,NA,NA,NA,NA,NA,NA
Bacteria,Bacteria,outgroup,motu1365,motu1365,ASV2005,parent,1365,Bacteria,Bacteria,outgroup,85.938,5.9e-72,Bacteria,NA,NA,NA,NA,NA,NA
Bacteria,Bacteria,outgroup,motu1368,motu1368,ASV2008,parent,1367,Bacteria,Bacteria,outgroup,94.071,5.62e-107,Bacteria,NA,NA,NA,NA,NA,NA
Bacteria,Bacteria,outgroup,motu1369,motu1369,ASV2009,parent,1368,Bacteria,Bacteria,outgroup,90.514,5.74e-92,Bacteria,NA,NA,NA,NA,NA,NA
Bacteria,Bacteria,outgroup,motu1371,motu1371,ASV2012,parent,1373,Bacteria,Bacteria,outgroup,95.339,3.38e-104,Bacteria,NA,NA,NA,NA,NA,NA
Bacteria,Bacteria,outgroup,motu1372,motu1372,ASV2013,parent,1374,Bacteria,Bacteria,outgroup,87.352,1.26e-78,Bacteria,Pseudomonadota,Gammaproteobacteria,NA,NA,NA,NA
Bacteria,Bacteria,outgroup,motu1376,motu1376,ASV2017,parent,1377,Bacteria,Bacteria,outgroup,92.4,1.2199999999999999e-98,Bacteria,NA,NA,NA,NA,NA,NA
Bacteria,Bacteria,outgroup,motu1381,motu1381,ASV2023,parent,1382,Bacteria,Bacteria,outgroup,93.496,7.319999999999999e-101,Bacteria,NA,NA,NA,NA,NA,NA
Bacteria,Bacteria,outgroup,motu1385,motu1385,ASV2028,parent,1387,Bacteria,Bacteria,outgroup,100,5.4199999999999993e-132,Bacteria,Pseudomonadota,Betaproteobacteria,NA,NA,NA,NA
Bacteria,Bacteria,outgroup,motu1386,motu1386,ASV2029,parent,1383,Bacteria,Bacteria,outgroup,94.466,3.3599999999999996e-109,Bacteria,NA,NA,NA,NA,NA,NA
Bacteria,Bacteria,outgroup,motu1390,motu1390,ASV2033,parent,1389,Bacteria,Bacteria,outgroup,95.547,9.379999999999999e-110,Bacteria,NA,NA,NA,NA,NA,NA
Bacteria,Bacteria,outgroup,motu1391,motu1391,ASV2034,parent,1390,Bacteria,Bacteria,outgroup,95.257,5.579999999999999e-112,Bacteria,NA,NA,NA,NA,NA,NA
Bacteria,Bacteria,outgroup,motu1397,motu1397,ASV2040,parent,1398,Bacteria,Bacteria,outgroup,99.605,2.5199999999999995e-130,Bacteria,Campylobacterota,NA,NA,NA,NA,NA
Bacteria,Bacteria,outgroup,motu1405,motu1405,ASV2049,parent,1403,Bacteria,Bacteria,outgroup,92.52,2.63e-100,Bacteria,NA,NA,NA,NA,NA,NA
Bacteria,Bacteria,outgroup,motu1408,motu1408,ASV2052,parent,1406,Bacteria,Bacteria,outgroup,97.628,5.5e-122,Bacteria,NA,NA,NA,NA,NA,NA
Bacteria,Bacteria,outgroup,motu1409,motu1409,ASV2053,parent,1407,Bacteria,Bacteria,outgroup,92.245,7.369999999999999e-96,Bacteria,NA,NA,NA,NA,NA,NA
Bacteria,Bacteria,outgroup,motu1412,motu1412,ASV2056,parent,1423,Bacteria,Bacteria,outgroup,94.783,1.17e-45,Bacteria,NA,NA,NA,NA,NA,NA
Bacteria,Bacteria,outgroup,motu1414,motu1414,ASV2059,parent,1414,Bacteria,Bacteria,outgroup,94.505,4.769999999999999e-118,Bacteria,Bacteroidota,Flavobacteriia,Flavobacteriales,Flavobacteriaceae,Winogradskyella,NA
Bacteria,Bacteria,outgroup,motu1415,motu1415,ASV2060,parent,1415,Bacteria,Bacteria,outgroup,94.141,1.22e-108,Bacteria,NA,NA,NA,NA,NA,NA
Bacteria,Bacteria,outgroup,motu1416,motu1416,ASV2061,parent,1416,Bacteria,Bacteria,outgroup,93.2,5.66e-102,Bacteria,NA,NA,NA,NA,NA,NA
Bacteria,Bacteria,outgroup,motu1418,motu1418,ASV2063,parent,1418,Bacteria,Bacteria,outgroup,90.98,1.23e-93,Bacteria,NA,NA,NA,NA,NA,NA
Bacteria,Bacteria,outgroup,motu1422,motu1422,ASV2067,parent,1421,Bacteria,Bacteria,outgroup,100,5.4199999999999993e-132,Bacteria,Pseudomonadota,Gammaproteobacteria,NA,NA,NA,NA
Bacteria,Bacteria,outgroup,motu1430,motu1430,ASV2075,parent,1431,Bacteria,Bacteria,outgroup,91.732,2.0599999999999997e-96,Bacteria,NA,NA,NA,NA,NA,NA
Bacteria,Bacteria,outgroup,motu1432,motu1432,ASV2077,parent,1433,Bacteria,Bacteria,outgroup,99.605,2.5199999999999995e-130,Bacteria,NA,NA,NA,NA,NA,NA
Bacteria,Bacteria,outgroup,motu1437,motu1437,ASV2082,parent,1438,Bacteria,Bacteria,outgroup,94.466,1.21e-108,Bacteria,NA,NA,NA,NA,NA,NA
Bacteria,Bacteria,outgroup,motu1444,motu1444,ASV2091,parent,1445,Bacteria,Bacteria,outgroup,85.769,5.98e-72,Bacteria,NA,NA,NA,NA,NA,NA
Bacteria,Bacteria,outgroup,motu1453,motu1453,ASV2101,parent,1454,Bacteria,Bacteria,outgroup,88.745,2.11e-76,Bacteria,NA,NA,NA,NA,NA,NA
Bacteria,Bacteria,outgroup,motu1454,motu1454,ASV2102,parent,1455,Bacteria,Bacteria,outgroup,93.75,5.689999999999999e-107,Bacteria,NA,NA,NA,NA,NA,NA
Blepsias cirrhosus,Silverspotted sculpin,species,motu141,motu141,ASV266,parent,152,Blepsias cirrhosus,Silverspotted sculpin,species,100,1.72e-85,Eukaryota,Chordata,Teleostei,Perciformes,Hemitripteridae,Blepsias,0
Bos,Cow,outgroup,motu53,motu53,ASV67,parent,48,Bos,Cow,outgroup,100,6.150000000000001e-85,Eukaryota,Chordata,Mammalia,Artiodactyla,Bovidae,Bos,NA
Bos,Cow,outgroup,motu53,motu53,ASV627,parent,48,Bos,Cow,outgroup,99.405,2.86e-83,Eukaryota,Chordata,Mammalia,Artiodactyla,Bovidae,Bos,NA
Brachygenys californiensis,Californian salema,species,motu37,motu37,ASV46,parent,40,Brachygenys californiensis,Californian salema,species,100,1.72e-85,Eukaryota,Chordata,Teleostei,Eupercaria incertae sedis,Haemulidae,Brachygenys,0
Brachygenys californiensis,Californian salema,species,motu37,motu37,ASV238,parent,40,Brachygenys californiensis,Californian salema,species,100,1.73e-85,Eukaryota,Chordata,Teleostei,Eupercaria incertae sedis,Haemulidae,Brachygenys,0
Brachygenys californiensis,Californian salema,species,motu37,motu37,ASV264,parent,40,Brachygenys californiensis,Californian salema,species,99.408,8.02e-84,Eukaryota,Chordata,Teleostei,Eupercaria incertae sedis,Haemulidae,Brachygenys,0
Brachyistius frenatus,Kelp perch,species,motu69,motu69,ASV97,parent,62,Brachyistius frenatus,Kelp perch,species,100,1.72e-85,Eukaryota,Chordata,Teleostei,Ovalentaria incertae sedis,Embiotocidae,Brachyistius,0
Brachyistius frenatus,Kelp perch,species,motu69,motu69,ASV226,parent,62,Brachyistius frenatus,Kelp perch,species,100,1.73e-85,Eukaryota,Chordata,Teleostei,Ovalentaria incertae sedis,Embiotocidae,Brachyistius,0
Brevoortia,NA,genus,motu204,motu204,ASV389,parent,220,Brevoortia,NA,genus,100,1.0599999999999998e-87,Eukaryota,Chordata,Teleostei,Clupeiformes,Alosidae,Brevoortia,0
Candidatus,Unknown organism,outgroup,motu648,motu648,ASV1065,parent,665,Candidatus,Unknown organism,outgroup,96.327,1.5499999999999997e-112,NA,Candidatus,NA,NA,NA,NA,NA
Candidatus,Unknown organism,outgroup,motu685,motu685,ASV1114,parent,486,Candidatus,Unknown organism,outgroup,96.735,3.33e-114,NA,Candidatus,NA,NA,NA,NA,NA
Candidatus,Unknown organism,outgroup,motu685,motu685,ASV1212,parent,486,Candidatus,Unknown organism,outgroup,97.143,7.169999999999999e-116,NA,Candidatus,NA,NA,NA,NA,NA
Candidatus,Unknown organism,outgroup,motu1074,motu1074,ASV1637,parent,1082,Candidatus,Unknown organism,outgroup,91.27,9.54e-95,NA,Candidatus,NA,NA,NA,NA,NA
Castor canadensis,Beaver,outgroup,motu14,motu14,ASV15,parent,14,Castor canadensis,Beaver,outgroup,100,1.0599999999999998e-87,Eukaryota,Chordata,Mammalia,Rodentia,Castoridae,Castor,NA
Castor canadensis,Beaver,outgroup,motu14,motu14,ASV746,parent,14,Castor canadensis,Beaver,outgroup,99.422,4.92e-86,Eukaryota,Chordata,Mammalia,Rodentia,Castoridae,Castor,NA
Castor canadensis,Beaver,outgroup,motu14,motu14,ASV762,parent,14,Castor canadensis,Beaver,outgroup,99.422,4.92e-86,Eukaryota,Chordata,Mammalia,Rodentia,Castoridae,Castor,NA
Castor canadensis,Beaver,outgroup,motu14,motu14,ASV902,parent,14,Castor canadensis,Beaver,outgroup,99.422,4.92e-86,Eukaryota,Chordata,Mammalia,Rodentia,Castoridae,Castor,NA
Castor canadensis,Beaver,outgroup,motu14,motu14,ASV1236,parent,14,Castor canadensis,Beaver,outgroup,99.422,4.92e-86,Eukaryota,Chordata,Mammalia,Rodentia,Castoridae,Castor,NA
Castor canadensis,Beaver,outgroup,motu14,motu14,ASV1290,parent,14,Castor canadensis,Beaver,outgroup,99.422,4.92e-86,Eukaryota,Chordata,Mammalia,Rodentia,Castoridae,Castor,NA
Cebidichthys violaceus,Monkeyface prickleback,species,motu126,motu126,ASV221,parent,100,Cebidichthys violaceus,Monkeyface prickleback,species,100,1.72e-85,Eukaryota,Chordata,Teleostei,Perciformes,Cebidichthyidae,Cebidichthys,0
Cebidichthys violaceus,Monkeyface prickleback,species,motu126,motu126,ASV229,parent,100,Cebidichthys violaceus,Monkeyface prickleback,species,100,1.73e-85,Eukaryota,Chordata,Teleostei,Perciformes,Cebidichthyidae,Cebidichthys,0
Cercopithecidae,Non-human primate,outgroup,motu387,motu387,ASV701,parent,402,Cercopithecidae,Non-human primate,outgroup,92.617,4.69e-56,Eukaryota,Chordata,Mammalia,Primates,Cercopithecidae,NA,NA
Cervidae,Deer family,outgroup,motu91,motu91,ASV138,parent,105,Cervidae,Deer family,outgroup,95.238,1.35e-71,Eukaryota,Chordata,Mammalia,Artiodactyla,Cervidae,NA,NA
Cervidae,Deer family,outgroup,motu96,motu96,ASV148,parent,110,Cervidae,Deer family,outgroup,93.252,8.19e-64,Eukaryota,Chordata,Mammalia,Artiodactyla,Cervidae,NA,NA
Chrysocyon,Dog family,outgroup,motu1027,motu1027,ASV1570,parent,1030,Chrysocyon,Dog family,outgroup,94.083,8.189999999999999e-69,Eukaryota,Chordata,Mammalia,Carnivora,Canidae,Chrysocyon,NA
Citharichthys sordidus,Pacific sanddab,species,motu44,motu44,ASV57,parent,44,Citharichthys sordidus,Pacific sanddab,species,100,6.150000000000001e-85,Eukaryota,Chordata,Teleostei,Pleuronectiformes,Paralichthyidae,Citharichthys,0
Citharichthys sordidus,Pacific sanddab,species,motu44,motu44,ASV205,parent,44,Citharichthys sordidus,Pacific sanddab,species,99.405,2.86e-83,Eukaryota,Chordata,Teleostei,Pleuronectiformes,Paralichthyidae,Citharichthys,0
Citharichthys sordidus,Pacific sanddab,species,motu44,motu44,ASV223,parent,44,Citharichthys sordidus,Pacific sanddab,species,99.405,2.86e-83,Eukaryota,Chordata,Teleostei,Pleuronectiformes,Paralichthyidae,Citharichthys,0
Citharichthys stigmaeus,Speckled sanddab,species,motu87,motu87,ASV132,parent,69,Citharichthys stigmaeus,Speckled sanddab,species,100,1.72e-85,Eukaryota,Chordata,Teleostei,Pleuronectiformes,Paralichthyidae,Citharichthys,0
Citharichthys stigmaeus,Speckled sanddab,species,motu87,motu87,ASV135,parent,69,Citharichthys stigmaeus,Speckled sanddab,species,100,1.72e-85,Eukaryota,Chordata,Teleostei,Pleuronectiformes,Paralichthyidae,Citharichthys,0
Citharichthys stigmaeus,Speckled sanddab,species,motu87,motu87,ASV230,parent,69,Citharichthys stigmaeus,Speckled sanddab,species,100,1.73e-85,Eukaryota,Chordata,Teleostei,Pleuronectiformes,Paralichthyidae,Citharichthys,0
Citharichthys stigmaeus,Speckled sanddab,species,motu87,motu87,ASV290,parent,69,Citharichthys stigmaeus,Speckled sanddab,species,99.408,8.02e-84,Eukaryota,Chordata,Teleostei,Pleuronectiformes,Paralichthyidae,Citharichthys,0
Citharichthys stigmaeus,Speckled sanddab,species,motu87,motu87,ASV360,parent,69,Citharichthys stigmaeus,Speckled sanddab,species,100,1.73e-85,Eukaryota,Chordata,Teleostei,Pleuronectiformes,Paralichthyidae,Citharichthys,0
Clinocottus acuticeps,Sharpnose sculpin,species,motu75,motu75,ASV111,parent,64,Clinocottus acuticeps,Sharpnose sculpin,species,100,4.82e-86,Eukaryota,Chordata,Teleostei,Perciformes,Cottidae,Clinocottus,0
Clinocottus acuticeps,Sharpnose sculpin,species,motu75,motu75,ASV170,parent,64,Clinocottus acuticeps,Sharpnose sculpin,species,100,4.8600000000000005e-86,Eukaryota,Chordata,Teleostei,Perciformes,Cottidae,Clinocottus,0
Clinocottus acuticeps,Sharpnose sculpin,species,motu75,motu75,ASV244,parent,64,Clinocottus acuticeps,Sharpnose sculpin,species,99.412,2.24e-84,Eukaryota,Chordata,Teleostei,Perciformes,Cottidae,Clinocottus,0
Clupea pallasii,Pacific herring,species,motu4,motu4,ASV4,parent,4,Clupea pallasii,Pacific herring,species,100,3.7799999999999996e-87,Eukaryota,Chordata,Teleostei,Clupeiformes,Clupeidae,Clupea,0
Clupea pallasii,Pacific herring,species,motu4,motu4,ASV22,parent,4,Clupea pallasii,Pacific herring,species,100,3.7999999999999996e-87,Eukaryota,Chordata,Teleostei,Clupeiformes,Clupeidae,Clupea,0
Clupea pallasii,Pacific herring,species,motu4,motu4,ASV140,parent,4,Clupea pallasii,Pacific herring,species,99.419,1.76e-85,Eukaryota,Chordata,Teleostei,Clupeiformes,Clupeidae,Clupea,0
Clupea pallasii,Pacific herring,species,motu4,motu4,ASV173,parent,4,Clupea pallasii,Pacific herring,species,100,3.7799999999999996e-87,Eukaryota,Chordata,Teleostei,Clupeiformes,Clupeidae,Clupea,0
Clupea pallasii,Pacific herring,species,motu4,motu4,ASV242,parent,4,Clupea pallasii,Pacific herring,species,99.419,1.76e-85,Eukaryota,Chordata,Teleostei,Clupeiformes,Clupeidae,Clupea,0
Clupea pallasii,Pacific herring,species,motu4,motu4,ASV257,parent,4,Clupea pallasii,Pacific herring,species,100,3.7799999999999996e-87,Eukaryota,Chordata,Teleostei,Clupeiformes,Clupeidae,Clupea,0
Clupea pallasii,Pacific herring,species,motu4,motu4,ASV317,parent,4,Clupea pallasii,Pacific herring,species,99.419,1.76e-85,Eukaryota,Chordata,Teleostei,Clupeiformes,Clupeidae,Clupea,0
Clupea pallasii,Pacific herring,species,motu4,motu4,ASV323,parent,4,Clupea pallasii,Pacific herring,species,99.419,1.76e-85,Eukaryota,Chordata,Teleostei,Clupeiformes,Clupeidae,Clupea,0
Clupea pallasii,Pacific herring,species,motu4,motu4,ASV348,parent,4,Clupea pallasii,Pacific herring,species,99.419,1.76e-85,Eukaryota,Chordata,Teleostei,Clupeiformes,Clupeidae,Clupea,0
Clupea pallasii,Pacific herring,species,motu4,motu4,ASV351,parent,4,Clupea pallasii,Pacific herring,species,99.419,1.76e-85,Eukaryota,Chordata,Teleostei,Clupeiformes,Clupeidae,Clupea,0
Clupea pallasii,Pacific herring,species,motu4,motu4,ASV391,parent,4,Clupea pallasii,Pacific herring,species,99.419,1.76e-85,Eukaryota,Chordata,Teleostei,Clupeiformes,Clupeidae,Clupea,0
Clupea pallasii,Pacific herring,species,motu4,motu4,ASV487,parent,4,Clupea pallasii,Pacific herring,species,99.419,1.76e-85,Eukaryota,Chordata,Teleostei,Clupeiformes,Clupeidae,Clupea,0
Clupea pallasii,Pacific herring,species,motu4,motu4,ASV793,parent,4,Clupea pallasii,Pacific herring,species,99.419,1.76e-85,Eukaryota,Chordata,Teleostei,Clupeiformes,Clupeidae,Clupea,0
Clupea pallasii,Pacific herring,species,motu4,motu4,ASV1002,parent,4,Clupea pallasii,Pacific herring,species,99.419,1.76e-85,Eukaryota,Chordata,Teleostei,Clupeiformes,Clupeidae,Clupea,0
Clupea pallasii,Pacific herring,species,motu4,motu4,ASV1031,parent,4,Clupea pallasii,Pacific herring,species,99.419,1.76e-85,Eukaryota,Chordata,Teleostei,Clupeiformes,Clupeidae,Clupea,0
Clupea pallasii,Pacific herring,species,motu4,motu4,ASV1052,parent,4,Clupea pallasii,Pacific herring,species,99.419,1.76e-85,Eukaryota,Chordata,Teleostei,Clupeiformes,Clupeidae,Clupea,0
Clupea pallasii,Pacific herring,species,motu4,motu4,ASV1085,parent,4,Clupea pallasii,Pacific herring,species,99.419,1.76e-85,Eukaryota,Chordata,Teleostei,Clupeiformes,Clupeidae,Clupea,0
Clupea pallasii,Pacific herring,species,motu4,motu4,ASV1162,parent,4,Clupea pallasii,Pacific herring,species,99.419,1.76e-85,Eukaryota,Chordata,Teleostei,Clupeiformes,Clupeidae,Clupea,0
Clupea pallasii,Pacific herring,species,motu4,motu4,ASV1164,parent,4,Clupea pallasii,Pacific herring,species,99.419,1.76e-85,Eukaryota,Chordata,Teleostei,Clupeiformes,Clupeidae,Clupea,0
Clupea pallasii,Pacific herring,species,motu4,motu4,ASV175,parent,4,Clupea pallasii,Pacific herring,species,99.419,1.77e-85,Eukaryota,Chordata,Teleostei,Clupeiformes,Clupeidae,Clupea,0
Clupea pallasii,Pacific herring,species,motu4,motu4,ASV209,parent,4,Clupea pallasii,Pacific herring,species,99.419,1.77e-85,Eukaryota,Chordata,Teleostei,Clupeiformes,Clupeidae,Clupea,0
Clupea pallasii,Pacific herring,species,motu4,motu4,ASV262,parent,4,Clupea pallasii,Pacific herring,species,100,3.7999999999999996e-87,Eukaryota,Chordata,Teleostei,Clupeiformes,Clupeidae,Clupea,0
Clupea pallasii,Pacific herring,species,motu4,motu4,ASV431,parent,4,Clupea pallasii,Pacific herring,species,99.419,1.77e-85,Eukaryota,Chordata,Teleostei,Clupeiformes,Clupeidae,Clupea,0
Clupea pallasii,Pacific herring,species,motu4,motu4,ASV499,parent,4,Clupea pallasii,Pacific herring,species,99.419,1.77e-85,Eukaryota,Chordata,Teleostei,Clupeiformes,Clupeidae,Clupea,0
Clupea pallasii,Pacific herring,species,motu4,motu4,ASV512,parent,4,Clupea pallasii,Pacific herring,species,100,3.7999999999999996e-87,Eukaryota,Chordata,Teleostei,Clupeiformes,Clupeidae,Clupea,0
Clupea pallasii,Pacific herring,species,motu4,motu4,ASV526,parent,4,Clupea pallasii,Pacific herring,species,98.837,8.18e-84,Eukaryota,Chordata,Teleostei,Clupeiformes,Clupeidae,Clupea,0
Clupea pallasii,Pacific herring,species,motu4,motu4,ASV538,parent,4,Clupea pallasii,Pacific herring,species,99.419,1.76e-85,Eukaryota,Chordata,Teleostei,Clupeiformes,Clupeidae,Clupea,0
Clupea pallasii,Pacific herring,species,motu4,motu4,ASV562,parent,4,Clupea pallasii,Pacific herring,species,99.419,1.76e-85,Eukaryota,Chordata,Teleostei,Clupeiformes,Clupeidae,Clupea,0
Clupea pallasii,Pacific herring,species,motu4,motu4,ASV583,parent,4,Clupea pallasii,Pacific herring,species,99.419,1.77e-85,Eukaryota,Chordata,Teleostei,Clupeiformes,Clupeidae,Clupea,0
Clupea pallasii,Pacific herring,species,motu4,motu4,ASV835,parent,4,Clupea pallasii,Pacific herring,species,99.419,1.77e-85,Eukaryota,Chordata,Teleostei,Clupeiformes,Clupeidae,Clupea,0
Clupea pallasii,Pacific herring,species,motu4,motu4,ASV1130,parent,4,Clupea pallasii,Pacific herring,species,99.419,1.77e-85,Eukaryota,Chordata,Teleostei,Clupeiformes,Clupeidae,Clupea,0
Clupea pallasii,Pacific herring,species,motu4,motu4,ASV1157,parent,4,Clupea pallasii,Pacific herring,species,99.419,1.77e-85,Eukaryota,Chordata,Teleostei,Clupeiformes,Clupeidae,Clupea,0
Clupea pallasii,Pacific herring,species,motu280,motu280,ASV536,parent,306,Clupea pallasii,Pacific herring,species,98.837,8.18e-84,Eukaryota,Chordata,Teleostei,Clupeiformes,Clupeidae,Clupea,0
Clupea pallasii,Pacific herring,species,motu1378,motu1378,ASV2020,parent,1379,Clupea pallasii,Pacific herring,species,100,4.95e-87,Eukaryota,Chordata,Teleostei,Clupeiformes,Clupeidae,Clupea,0
Cottidae,Cottid sculpin,family,motu94,motu94,ASV143,parent,107,Cottidae,Cottid sculpin,family,95.181,2.31e-69,Eukaryota,Chordata,Teleostei,Perciformes,Cottidae,NA,0
Cottus,Cottus sculpin species,genus,motu46,motu46,ASV59,parent,34,Cottus,Cottus sculpin species,genus,100,1.72e-85,Eukaryota,Chordata,Teleostei,Perciformes,Cottidae,Cottus,1
Cottus,Cottus sculpin species,genus,motu46,motu46,ASV69,parent,34,Cottus,Cottus sculpin species,genus,100,1.72e-85,Eukaryota,Chordata,Teleostei,Perciformes,Cottidae,Cottus,1
Cottus,Cottus sculpin species,genus,motu46,motu46,ASV201,parent,34,Cottus,Cottus sculpin species,genus,100,1.73e-85,Eukaryota,Chordata,Teleostei,Perciformes,Cottidae,Cottus,1
Cottus,Cottus sculpin species,genus,motu46,motu46,ASV864,parent,34,Cottus,Cottus sculpin species,genus,99.408,8.02e-84,Eukaryota,Chordata,Teleostei,Perciformes,Cottidae,Cottus,1
Cottus,Cottus sculpin species,genus,motu46,motu46,ASV93,parent,34,Cottus,Cottus sculpin species,genus,100,1.73e-85,Eukaryota,Chordata,Teleostei,Perciformes,Cottidae,Cottus,1
Cryptacanthodes giganteus,Giant wrymouth,species,motu253,motu253,ASV485,parent,177,Cryptacanthodes giganteus,Giant wrymouth,species,100,1.72e-85,Eukaryota,Chordata,Teleostei,Perciformes,Cryptacanthodidae,Cryptacanthodes,0
Cryptacanthodes giganteus,Giant wrymouth,species,motu253,motu253,ASV500,parent,177,Cryptacanthodes giganteus,Giant wrymouth,species,100,1.73e-85,Eukaryota,Chordata,Teleostei,Perciformes,Cryptacanthodidae,Cryptacanthodes,0
Cyanobacteriota,Bacteria,outgroup,motu261,motu261,ASV504,parent,288,Cyanobacteriota,Bacteria,outgroup,95.652,1.1999999999999999e-113,Bacteria,Cyanobacteriota,NA,NA,NA,NA,NA
Bacteria,Bacteria,outgroup,motu277,motu277,ASV533,parent,236,Cyanobacteriota,Bacteria,outgroup,94.118,5.62e-107,Bacteria,Cyanobacteriota,NA,NA,NA,NA,NA
Cyanobacteriota,Bacteria,outgroup,motu292,motu292,ASV555,parent,316,Cyanobacteriota,Bacteria,outgroup,94.094,5.62e-107,Bacteria,Cyanobacteriota,NA,NA,NA,NA,NA
Cyanobacteriota,Bacteria,outgroup,motu395,motu395,ASV717,parent,416,Cyanobacteriota,Bacteria,outgroup,94.466,1.21e-108,Bacteria,Cyanobacteriota,NA,NA,NA,NA,NA
Cyanobacteriota,Bacteria,outgroup,motu468,motu468,ASV830,parent,490,Cyanobacteriota,Bacteria,outgroup,91.732,5.7e-97,Bacteria,Cyanobacteriota,NA,NA,NA,NA,NA
Cyanobacteriota,Bacteria,outgroup,motu481,motu481,ASV851,parent,502,Cyanobacteriota,Bacteria,outgroup,94.862,2.5999999999999996e-110,Bacteria,Cyanobacteriota,NA,NA,NA,NA,NA
Cyanobacteriota,Bacteria,outgroup,motu489,motu489,ASV867,parent,515,Cyanobacteriota,Bacteria,outgroup,92.126,1.2199999999999999e-98,Bacteria,Cyanobacteriota,NA,NA,NA,NA,NA
Cyanobacteriota,Bacteria,outgroup,motu592,motu592,ASV990,parent,608,Cyanobacteriota,Bacteria,outgroup,95.257,5.579999999999999e-112,Bacteria,Cyanobacteriota,NA,NA,NA,NA,NA
Cyanobacteriota,Bacteria,outgroup,motu601,motu601,ASV1003,parent,616,Cyanobacteriota,Bacteria,outgroup,93.676,2.6100000000000002e-105,Bacteria,Cyanobacteriota,NA,NA,NA,NA,NA
Cyanobacteriota,Bacteria,outgroup,motu643,motu643,ASV1057,parent,661,Cyanobacteriota,Bacteria,outgroup,94.526,1.33e-118,Bacteria,Cyanobacteriota,NA,NA,NA,NA,NA
Cyanobacteriota,Bacteria,outgroup,motu651,motu651,ASV1068,parent,668,Cyanobacteriota,Bacteria,outgroup,95.652,1.1999999999999999e-113,Bacteria,Cyanobacteriota,NA,NA,NA,NA,NA
Cyanobacteriota,Bacteria,outgroup,motu760,motu760,ASV1217,parent,773,Cyanobacteriota,Bacteria,outgroup,95.652,1.1999999999999999e-113,Bacteria,Cyanobacteriota,NA,NA,NA,NA,NA
Cyanobacteriota,Bacteria,outgroup,motu807,motu807,ASV1279,parent,818,Cyanobacteriota,Bacteria,outgroup,94.882,2.5999999999999996e-110,Bacteria,Cyanobacteriota,NA,NA,NA,NA,NA
Cyanobacteriota,Bacteria,outgroup,motu849,motu849,ASV1338,parent,860,Cyanobacteriota,Bacteria,outgroup,94.071,5.62e-107,Bacteria,Cyanobacteriota,NA,NA,NA,NA,NA
Cyanobacteriota,Bacteria,outgroup,motu861,motu861,ASV1353,parent,873,Cyanobacteriota,Bacteria,outgroup,95.669,1.1999999999999999e-113,Bacteria,Cyanobacteriota,NA,NA,NA,NA,NA
Cymatogaster aggregata,Shiner perch,species,motu1,motu1,ASV1,parent,1,Cymatogaster aggregata,Shiner perch,species,100,6.150000000000001e-85,Eukaryota,Chordata,Teleostei,Ovalentaria incertae sedis,Embiotocidae,Cymatogaster,0
Cymatogaster aggregata,Shiner perch,species,motu1,motu1,ASV89,parent,1,Cymatogaster aggregata,Shiner perch,species,99.405,2.86e-83,Eukaryota,Chordata,Teleostei,Ovalentaria incertae sedis,Embiotocidae,Cymatogaster,0
Cymatogaster aggregata,Shiner perch,species,motu1,motu1,ASV134,parent,1,Cymatogaster aggregata,Shiner perch,species,99.405,2.86e-83,Eukaryota,Chordata,Teleostei,Ovalentaria incertae sedis,Embiotocidae,Cymatogaster,0
Cymatogaster aggregata,Shiner perch,species,motu1,motu1,ASV166,parent,1,Cymatogaster aggregata,Shiner perch,species,99.405,2.86e-83,Eukaryota,Chordata,Teleostei,Ovalentaria incertae sedis,Embiotocidae,Cymatogaster,0
Cymatogaster aggregata,Shiner perch,species,motu1,motu1,ASV188,parent,1,Cymatogaster aggregata,Shiner perch,species,99.405,2.86e-83,Eukaryota,Chordata,Teleostei,Ovalentaria incertae sedis,Embiotocidae,Cymatogaster,0
Cymatogaster aggregata,Shiner perch,species,motu1,motu1,ASV192,parent,1,Cymatogaster aggregata,Shiner perch,species,99.405,2.86e-83,Eukaryota,Chordata,Teleostei,Ovalentaria incertae sedis,Embiotocidae,Cymatogaster,0
Cymatogaster aggregata,Shiner perch,species,motu1,motu1,ASV204,parent,1,Cymatogaster aggregata,Shiner perch,species,99.405,2.86e-83,Eukaryota,Chordata,Teleostei,Ovalentaria incertae sedis,Embiotocidae,Cymatogaster,0
Cymatogaster aggregata,Shiner perch,species,motu1,motu1,ASV219,parent,1,Cymatogaster aggregata,Shiner perch,species,99.405,2.86e-83,Eukaryota,Chordata,Teleostei,Ovalentaria incertae sedis,Embiotocidae,Cymatogaster,0
Cymatogaster aggregata,Shiner perch,species,motu1,motu1,ASV222,parent,1,Cymatogaster aggregata,Shiner perch,species,99.405,2.86e-83,Eukaryota,Chordata,Teleostei,Ovalentaria incertae sedis,Embiotocidae,Cymatogaster,0
Cymatogaster aggregata,Shiner perch,species,motu1,motu1,ASV224,parent,1,Cymatogaster aggregata,Shiner perch,species,99.405,2.86e-83,Eukaryota,Chordata,Teleostei,Ovalentaria incertae sedis,Embiotocidae,Cymatogaster,0
Cymatogaster aggregata,Shiner perch,species,motu1,motu1,ASV246,parent,1,Cymatogaster aggregata,Shiner perch,species,99.405,2.86e-83,Eukaryota,Chordata,Teleostei,Ovalentaria incertae sedis,Embiotocidae,Cymatogaster,0
Cymatogaster aggregata,Shiner perch,species,motu1,motu1,ASV254,parent,1,Cymatogaster aggregata,Shiner perch,species,99.405,2.86e-83,Eukaryota,Chordata,Teleostei,Ovalentaria incertae sedis,Embiotocidae,Cymatogaster,0
Cymatogaster aggregata,Shiner perch,species,motu1,motu1,ASV275,parent,1,Cymatogaster aggregata,Shiner perch,species,99.405,2.86e-83,Eukaryota,Chordata,Teleostei,Ovalentaria incertae sedis,Embiotocidae,Cymatogaster,0
Cymatogaster aggregata,Shiner perch,species,motu1,motu1,ASV277,parent,1,Cymatogaster aggregata,Shiner perch,species,99.405,2.86e-83,Eukaryota,Chordata,Teleostei,Ovalentaria incertae sedis,Embiotocidae,Cymatogaster,0
Cymatogaster aggregata,Shiner perch,species,motu1,motu1,ASV287,parent,1,Cymatogaster aggregata,Shiner perch,species,99.405,2.86e-83,Eukaryota,Chordata,Teleostei,Ovalentaria incertae sedis,Embiotocidae,Cymatogaster,0
Cymatogaster aggregata,Shiner perch,species,motu1,motu1,ASV326,parent,1,Cymatogaster aggregata,Shiner perch,species,99.405,2.86e-83,Eukaryota,Chordata,Teleostei,Ovalentaria incertae sedis,Embiotocidae,Cymatogaster,0
Cymatogaster aggregata,Shiner perch,species,motu1,motu1,ASV338,parent,1,Cymatogaster aggregata,Shiner perch,species,99.405,2.86e-83,Eukaryota,Chordata,Teleostei,Ovalentaria incertae sedis,Embiotocidae,Cymatogaster,0
Cymatogaster aggregata,Shiner perch,species,motu1,motu1,ASV382,parent,1,Cymatogaster aggregata,Shiner perch,species,99.405,2.86e-83,Eukaryota,Chordata,Teleostei,Ovalentaria incertae sedis,Embiotocidae,Cymatogaster,0
Cymatogaster aggregata,Shiner perch,species,motu1,motu1,ASV385,parent,1,Cymatogaster aggregata,Shiner perch,species,99.405,2.86e-83,Eukaryota,Chordata,Teleostei,Ovalentaria incertae sedis,Embiotocidae,Cymatogaster,0
Cymatogaster aggregata,Shiner perch,species,motu1,motu1,ASV393,parent,1,Cymatogaster aggregata,Shiner perch,species,99.405,2.86e-83,Eukaryota,Chordata,Teleostei,Ovalentaria incertae sedis,Embiotocidae,Cymatogaster,0
Cymatogaster aggregata,Shiner perch,species,motu1,motu1,ASV433,parent,1,Cymatogaster aggregata,Shiner perch,species,99.405,2.86e-83,Eukaryota,Chordata,Teleostei,Ovalentaria incertae sedis,Embiotocidae,Cymatogaster,0
Cymatogaster aggregata,Shiner perch,species,motu1,motu1,ASV440,parent,1,Cymatogaster aggregata,Shiner perch,species,99.405,2.86e-83,Eukaryota,Chordata,Teleostei,Ovalentaria incertae sedis,Embiotocidae,Cymatogaster,0
Cymatogaster aggregata,Shiner perch,species,motu1,motu1,ASV442,parent,1,Cymatogaster aggregata,Shiner perch,species,99.405,2.86e-83,Eukaryota,Chordata,Teleostei,Ovalentaria incertae sedis,Embiotocidae,Cymatogaster,0
Cymatogaster aggregata,Shiner perch,species,motu1,motu1,ASV465,parent,1,Cymatogaster aggregata,Shiner perch,species,99.405,2.86e-83,Eukaryota,Chordata,Teleostei,Ovalentaria incertae sedis,Embiotocidae,Cymatogaster,0
Cymatogaster aggregata,Shiner perch,species,motu1,motu1,ASV470,parent,1,Cymatogaster aggregata,Shiner perch,species,99.405,2.86e-83,Eukaryota,Chordata,Teleostei,Ovalentaria incertae sedis,Embiotocidae,Cymatogaster,0
Cymatogaster aggregata,Shiner perch,species,motu1,motu1,ASV502,parent,1,Cymatogaster aggregata,Shiner perch,species,99.405,2.86e-83,Eukaryota,Chordata,Teleostei,Ovalentaria incertae sedis,Embiotocidae,Cymatogaster,0
Cymatogaster aggregata,Shiner perch,species,motu1,motu1,ASV509,parent,1,Cymatogaster aggregata,Shiner perch,species,99.405,2.86e-83,Eukaryota,Chordata,Teleostei,Ovalentaria incertae sedis,Embiotocidae,Cymatogaster,0
Cymatogaster aggregata,Shiner perch,species,motu1,motu1,ASV518,parent,1,Cymatogaster aggregata,Shiner perch,species,99.405,2.86e-83,Eukaryota,Chordata,Teleostei,Ovalentaria incertae sedis,Embiotocidae,Cymatogaster,0
Cymatogaster aggregata,Shiner perch,species,motu1,motu1,ASV553,parent,1,Cymatogaster aggregata,Shiner perch,species,99.405,2.86e-83,Eukaryota,Chordata,Teleostei,Ovalentaria incertae sedis,Embiotocidae,Cymatogaster,0
Cymatogaster aggregata,Shiner perch,species,motu1,motu1,ASV560,parent,1,Cymatogaster aggregata,Shiner perch,species,99.405,2.86e-83,Eukaryota,Chordata,Teleostei,Ovalentaria incertae sedis,Embiotocidae,Cymatogaster,0
Cymatogaster aggregata,Shiner perch,species,motu1,motu1,ASV592,parent,1,Cymatogaster aggregata,Shiner perch,species,99.405,2.86e-83,Eukaryota,Chordata,Teleostei,Ovalentaria incertae sedis,Embiotocidae,Cymatogaster,0
Cymatogaster aggregata,Shiner perch,species,motu1,motu1,ASV608,parent,1,Cymatogaster aggregata,Shiner perch,species,99.405,2.86e-83,Eukaryota,Chordata,Teleostei,Ovalentaria incertae sedis,Embiotocidae,Cymatogaster,0
Cymatogaster aggregata,Shiner perch,species,motu1,motu1,ASV612,parent,1,Cymatogaster aggregata,Shiner perch,species,99.405,2.86e-83,Eukaryota,Chordata,Teleostei,Ovalentaria incertae sedis,Embiotocidae,Cymatogaster,0
Cymatogaster aggregata,Shiner perch,species,motu1,motu1,ASV613,parent,1,Cymatogaster aggregata,Shiner perch,species,99.405,2.86e-83,Eukaryota,Chordata,Teleostei,Ovalentaria incertae sedis,Embiotocidae,Cymatogaster,0
Cymatogaster aggregata,Shiner perch,species,motu1,motu1,ASV625,parent,1,Cymatogaster aggregata,Shiner perch,species,99.405,2.86e-83,Eukaryota,Chordata,Teleostei,Ovalentaria incertae sedis,Embiotocidae,Cymatogaster,0
Cymatogaster aggregata,Shiner perch,species,motu1,motu1,ASV651,parent,1,Cymatogaster aggregata,Shiner perch,species,99.405,2.86e-83,Eukaryota,Chordata,Teleostei,Ovalentaria incertae sedis,Embiotocidae,Cymatogaster,0
Cymatogaster aggregata,Shiner perch,species,motu1,motu1,ASV653,parent,1,Cymatogaster aggregata,Shiner perch,species,99.405,2.86e-83,Eukaryota,Chordata,Teleostei,Ovalentaria incertae sedis,Embiotocidae,Cymatogaster,0
Cymatogaster aggregata,Shiner perch,species,motu1,motu1,ASV675,parent,1,Cymatogaster aggregata,Shiner perch,species,99.405,2.86e-83,Eukaryota,Chordata,Teleostei,Ovalentaria incertae sedis,Embiotocidae,Cymatogaster,0
Cymatogaster aggregata,Shiner perch,species,motu1,motu1,ASV680,parent,1,Cymatogaster aggregata,Shiner perch,species,99.405,2.86e-83,Eukaryota,Chordata,Teleostei,Ovalentaria incertae sedis,Embiotocidae,Cymatogaster,0
Cymatogaster aggregata,Shiner perch,species,motu1,motu1,ASV694,parent,1,Cymatogaster aggregata,Shiner perch,species,99.405,2.86e-83,Eukaryota,Chordata,Teleostei,Ovalentaria incertae sedis,Embiotocidae,Cymatogaster,0
Cymatogaster aggregata,Shiner perch,species,motu1,motu1,ASV695,parent,1,Cymatogaster aggregata,Shiner perch,species,99.405,2.86e-83,Eukaryota,Chordata,Teleostei,Ovalentaria incertae sedis,Embiotocidae,Cymatogaster,0
Cymatogaster aggregata,Shiner perch,species,motu1,motu1,ASV723,parent,1,Cymatogaster aggregata,Shiner perch,species,99.405,2.86e-83,Eukaryota,Chordata,Teleostei,Ovalentaria incertae sedis,Embiotocidae,Cymatogaster,0
Cymatogaster aggregata,Shiner perch,species,motu1,motu1,ASV740,parent,1,Cymatogaster aggregata,Shiner perch,species,99.405,2.86e-83,Eukaryota,Chordata,Teleostei,Ovalentaria incertae sedis,Embiotocidae,Cymatogaster,0
Cymatogaster aggregata,Shiner perch,species,motu1,motu1,ASV754,parent,1,Cymatogaster aggregata,Shiner perch,species,99.405,2.86e-83,Eukaryota,Chordata,Teleostei,Ovalentaria incertae sedis,Embiotocidae,Cymatogaster,0
Cymatogaster aggregata,Shiner perch,species,motu1,motu1,ASV782,parent,1,Cymatogaster aggregata,Shiner perch,species,99.405,2.86e-83,Eukaryota,Chordata,Teleostei,Ovalentaria incertae sedis,Embiotocidae,Cymatogaster,0
Cymatogaster aggregata,Shiner perch,species,motu1,motu1,ASV857,parent,1,Cymatogaster aggregata,Shiner perch,species,99.405,2.86e-83,Eukaryota,Chordata,Teleostei,Ovalentaria incertae sedis,Embiotocidae,Cymatogaster,0
Cymatogaster aggregata,Shiner perch,species,motu1,motu1,ASV865,parent,1,Cymatogaster aggregata,Shiner perch,species,99.405,2.86e-83,Eukaryota,Chordata,Teleostei,Ovalentaria incertae sedis,Embiotocidae,Cymatogaster,0
Cymatogaster aggregata,Shiner perch,species,motu1,motu1,ASV877,parent,1,Cymatogaster aggregata,Shiner perch,species,99.405,2.86e-83,Eukaryota,Chordata,Teleostei,Ovalentaria incertae sedis,Embiotocidae,Cymatogaster,0
Cymatogaster aggregata,Shiner perch,species,motu1,motu1,ASV1063,parent,1,Cymatogaster aggregata,Shiner perch,species,99.405,2.86e-83,Eukaryota,Chordata,Teleostei,Ovalentaria incertae sedis,Embiotocidae,Cymatogaster,0
Cymatogaster aggregata,Shiner perch,species,motu1,motu1,ASV1078,parent,1,Cymatogaster aggregata,Shiner perch,species,99.405,2.86e-83,Eukaryota,Chordata,Teleostei,Ovalentaria incertae sedis,Embiotocidae,Cymatogaster,0
Cymatogaster aggregata,Shiner perch,species,motu1,motu1,ASV1102,parent,1,Cymatogaster aggregata,Shiner perch,species,99.405,2.86e-83,Eukaryota,Chordata,Teleostei,Ovalentaria incertae sedis,Embiotocidae,Cymatogaster,0
Cymatogaster aggregata,Shiner perch,species,motu1,motu1,ASV1147,parent,1,Cymatogaster aggregata,Shiner perch,species,99.405,2.86e-83,Eukaryota,Chordata,Teleostei,Ovalentaria incertae sedis,Embiotocidae,Cymatogaster,0
Cymatogaster aggregata,Shiner perch,species,motu1307,motu1307,ASV1938,parent,1308,Cymatogaster aggregata,Shiner perch,species,100,8.12e-85,Eukaryota,Chordata,Teleostei,Ovalentaria incertae sedis,Embiotocidae,Cymatogaster,0
Embiotoca jacksoni,Black perch,species,motu30,motu30,ASV35,parent,29,Embiotoca jacksoni,Black perch,species,100,1.72e-85,Eukaryota,Chordata,Teleostei,Ovalentaria incertae sedis,Embiotocidae,Embiotoca,0
Embiotoca jacksoni,Black perch,species,motu30,motu30,ASV115,parent,29,Embiotoca jacksoni,Black perch,species,99.408,8.02e-84,Eukaryota,Chordata,Teleostei,Ovalentaria incertae sedis,Embiotocidae,Embiotoca,0
Embiotoca jacksoni,Black perch,species,motu30,motu30,ASV128,parent,29,Embiotoca jacksoni,Black perch,species,100,1.73e-85,Eukaryota,Chordata,Teleostei,Ovalentaria incertae sedis,Embiotocidae,Embiotoca,0
Embiotoca jacksoni,Black perch,species,motu30,motu30,ASV392,parent,29,Embiotoca jacksoni,Black perch,species,99.408,8.02e-84,Eukaryota,Chordata,Teleostei,Ovalentaria incertae sedis,Embiotocidae,Embiotoca,0
Embiotoca jacksoni,Black perch,species,motu781,motu781,ASV1242,parent,794,Embiotoca jacksoni,Black perch,species,97.041,3.76e-77,Eukaryota,Chordata,Teleostei,Ovalentaria incertae sedis,Embiotocidae,Embiotoca,0
Embiotoca lateralis,Striped seaperch,species,motu20,motu20,ASV23,parent,25,Embiotoca lateralis,Striped seaperch,species,100,6.150000000000001e-85,Eukaryota,Chordata,Teleostei,Ovalentaria incertae sedis,Embiotocidae,Embiotoca,0
Embiotoca lateralis,Striped seaperch,species,motu20,motu20,ASV374,parent,25,Embiotoca lateralis,Striped seaperch,species,99.405,2.86e-83,Eukaryota,Chordata,Teleostei,Ovalentaria incertae sedis,Embiotocidae,Embiotoca,0
Embiotocidae,Surfperch family,family,motu28,motu28,ASV169,parent,30,Embiotocidae,Surfperch family,family,100,6.150000000000001e-85,Eukaryota,Chordata,Teleostei,Ovalentaria incertae sedis,Embiotocidae,NA,0
Embiotocidae,Surfperch family,family,motu135,motu135,ASV250,parent,146,Embiotocidae,Surfperch family,family,100,6.150000000000001e-85,Eukaryota,Chordata,Teleostei,Ovalentaria incertae sedis,Embiotocidae,NA,0
Embiotocidae,Surfperch family,family,motu212,motu212,ASV408,parent,229,Embiotocidae,Surfperch family,family,94.643,6.290000000000001e-70,Eukaryota,Chordata,Teleostei,Ovalentaria incertae sedis,Embiotocidae,NA,0
Engraulis mordax,Californian anchovy,species,motu6,motu6,ASV7,parent,6,Engraulis mordax,Californian anchovy,species,100,1.0599999999999998e-87,Eukaryota,Chordata,Teleostei,Clupeiformes,Engraulidae,Engraulis,0
Engraulis mordax,Californian anchovy,species,motu6,motu6,ASV247,parent,6,Engraulis mordax,Californian anchovy,species,99.422,4.92e-86,Eukaryota,Chordata,Teleostei,Clupeiformes,Engraulidae,Engraulis,0
Engraulis mordax,Californian anchovy,species,motu6,motu6,ASV273,parent,6,Engraulis mordax,Californian anchovy,species,99.422,4.92e-86,Eukaryota,Chordata,Teleostei,Clupeiformes,Engraulidae,Engraulis,0
Engraulis mordax,Californian anchovy,species,motu6,motu6,ASV274,parent,6,Engraulis mordax,Californian anchovy,species,99.422,4.92e-86,Eukaryota,Chordata,Teleostei,Clupeiformes,Engraulidae,Engraulis,0
Engraulis mordax,Californian anchovy,species,motu6,motu6,ASV292,parent,6,Engraulis mordax,Californian anchovy,species,99.422,4.92e-86,Eukaryota,Chordata,Teleostei,Clupeiformes,Engraulidae,Engraulis,0
Engraulis mordax,Californian anchovy,species,motu6,motu6,ASV320,parent,6,Engraulis mordax,Californian anchovy,species,99.422,4.92e-86,Eukaryota,Chordata,Teleostei,Clupeiformes,Engraulidae,Engraulis,0
Engraulis mordax,Californian anchovy,species,motu6,motu6,ASV339,parent,6,Engraulis mordax,Californian anchovy,species,99.422,4.92e-86,Eukaryota,Chordata,Teleostei,Clupeiformes,Engraulidae,Engraulis,0
Engraulis mordax,Californian anchovy,species,motu6,motu6,ASV376,parent,6,Engraulis mordax,Californian anchovy,species,99.422,4.92e-86,Eukaryota,Chordata,Teleostei,Clupeiformes,Engraulidae,Engraulis,0
Engraulis mordax,Californian anchovy,species,motu6,motu6,ASV412,parent,6,Engraulis mordax,Californian anchovy,species,99.422,4.92e-86,Eukaryota,Chordata,Teleostei,Clupeiformes,Engraulidae,Engraulis,0
Engraulis mordax,Californian anchovy,species,motu6,motu6,ASV423,parent,6,Engraulis mordax,Californian anchovy,species,99.422,4.92e-86,Eukaryota,Chordata,Teleostei,Clupeiformes,Engraulidae,Engraulis,0
Engraulis mordax,Californian anchovy,species,motu6,motu6,ASV426,parent,6,Engraulis mordax,Californian anchovy,species,99.422,4.92e-86,Eukaryota,Chordata,Teleostei,Clupeiformes,Engraulidae,Engraulis,0
Engraulis mordax,Californian anchovy,species,motu6,motu6,ASV656,parent,6,Engraulis mordax,Californian anchovy,species,99.422,4.92e-86,Eukaryota,Chordata,Teleostei,Clupeiformes,Engraulidae,Engraulis,0
Engraulis mordax,Californian anchovy,species,motu6,motu6,ASV899,parent,6,Engraulis mordax,Californian anchovy,species,99.425,4.95e-86,Eukaryota,Chordata,Teleostei,Clupeiformes,Engraulidae,Engraulis,0
Engraulis mordax,Californian anchovy,species,motu6,motu6,ASV1019,parent,6,Engraulis mordax,Californian anchovy,species,99.425,4.95e-86,Eukaryota,Chordata,Teleostei,Clupeiformes,Engraulidae,Engraulis,0
Engraulis mordax,Californian anchovy,species,motu6,motu6,ASV1185,parent,6,Engraulis mordax,Californian anchovy,species,99.422,4.92e-86,Eukaryota,Chordata,Teleostei,Clupeiformes,Engraulidae,Engraulis,0
Engraulis mordax,Californian anchovy,species,motu6,motu6,ASV1319,parent,6,Engraulis mordax,Californian anchovy,species,98.851,2.3e-84,Eukaryota,Chordata,Teleostei,Clupeiformes,Engraulidae,Engraulis,0
Engraulis mordax,Californian anchovy,species,motu89,motu89,ASV136,parent,103,Engraulis mordax,Californian anchovy,species,99.425,5.1200000000000004e-86,Eukaryota,Chordata,Teleostei,Clupeiformes,Engraulidae,Engraulis,0
Enophrys bison,Buffalo sculpin,species,motu21,motu21,ASV24,parent,26,Enophrys bison,Buffalo sculpin,species,100,6.150000000000001e-85,Eukaryota,Chordata,Teleostei,Perciformes,Cottidae,Enophrys,0
Enophrys bison,Buffalo sculpin,species,motu21,motu21,ASV1313,parent,26,Enophrys bison,Buffalo sculpin,species,99.405,2.86e-83,Eukaryota,Chordata,Teleostei,Perciformes,Cottidae,Enophrys,0
Enophrys diceraus,Antlered sculpin,species,motu203,motu203,ASV388,parent,219,Enophrys diceraus,Antlered sculpin,species,100,1.73e-85,Eukaryota,Chordata,Teleostei,Perciformes,Cottidae,Enophrys,0
Esox lucius,Northern pike invasive,species,motu475,motu475,ASV844,parent,496,Esox lucius,Northern pike invasive,species,100,6.150000000000001e-85,Eukaryota,Chordata,Teleostei,Esociformes,Esocidae,Esox,0
Eubalaena,Whale,outgroup,motu382,motu382,ASV692,parent,399,Eubalaena,Whale,outgroup,95.833,2.94e-73,Eukaryota,Chordata,Mammalia,Artiodactyla,Balaenidae,Eubalaena,NA
Eukaryota,Algae,NA,motu1331,motu1331,ASV1967,parent,1339,Eukaryota,Algae,NA,98.81,1.9599999999999997e-126,Eukaryota,NA,Bolidophyceae,Parmales,Triparmaceae,Bolidomonas,NA
Fundulus parvipinnis,California killifish,species,motu114,motu114,ASV189,parent,123,Fundulus parvipinnis,California killifish,species,100,6.150000000000001e-85,Eukaryota,Chordata,Teleostei,Cyprinodontiformes,Fundulidae,Fundulus,0
Microgadus proximus,Pacific tomcod,species,motu133,motu133,ASV1000,parent,117,Gadidae,Cod family,family,99.412,2.26e-84,Eukaryota,Chordata,Teleostei,Gadiformes,Gadidae,NA,0
Gadus,Gadus cod species,genus,motu348,motu348,ASV644,parent,366,Gadus,Gadus cod species,genus,100,4.82e-86,Eukaryota,Chordata,Teleostei,Gadiformes,Gadidae,Gadus,0
Gadus chalcogrammus,Alaska pollock,species,motu109,motu109,ASV177,parent,119,Gadus chalcogrammus,Alaska pollock,species,100,4.8600000000000005e-86,Eukaryota,Chordata,Teleostei,Gadiformes,Gadidae,Gadus,0
Gadus chalcogrammus,Alaska pollock,species,motu215,motu215,ASV413,parent,232,Gadus chalcogrammus,Alaska pollock,species,100,4.82e-86,Eukaryota,Chordata,Teleostei,Gadiformes,Gadidae,Gadus,0
Gadus macrocephalus,Pacific cod,species,motu476,motu476,ASV845,parent,497,Gadus macrocephalus,Pacific cod,species,100,1.72e-85,Eukaryota,Chordata,Teleostei,Gadiformes,Gadidae,Gadus,0
Gaidropsaridae,NA,NA,motu85,motu85,ASV130,parent,98,Gaidropsaridae,NA,family,92.857,6.46e-65,Eukaryota,Chordata,Teleostei,Gadiformes,Gaidropsaridae,NA,0
Gambusia affinis,Mosquitofish invasive,species,motu161,motu161,ASV316,parent,175,Gambusia affinis,Mosquitofish invasive,species,100,3.7799999999999996e-87,Eukaryota,Chordata,Teleostei,Cyprinodontiformes,Poeciliidae,Gambusia,0
Gasterosteus aculeatus,Three-spined stickleback,species,motu8,motu8,ASV9,parent,7,Gasterosteus aculeatus,Three-spined stickleback,species,100,1.72e-85,Eukaryota,Chordata,Teleostei,Perciformes,Gasterosteidae,Gasterosteus,0
Gasterosteus aculeatus,Three-spined stickleback,species,motu8,motu8,ASV18,parent,7,Gasterosteus aculeatus,Three-spined stickleback,species,100,1.73e-85,Eukaryota,Chordata,Teleostei,Perciformes,Gasterosteidae,Gasterosteus,0
Gasterosteus aculeatus,Three-spined stickleback,species,motu8,motu8,ASV179,parent,7,Gasterosteus aculeatus,Three-spined stickleback,species,99.408,8.02e-84,Eukaryota,Chordata,Teleostei,Perciformes,Gasterosteidae,Gasterosteus,0
Gasterosteus aculeatus,Three-spined stickleback,species,motu8,motu8,ASV187,parent,7,Gasterosteus aculeatus,Three-spined stickleback,species,99.408,8.02e-84,Eukaryota,Chordata,Teleostei,Perciformes,Gasterosteidae,Gasterosteus,0
Gasterosteus aculeatus,Three-spined stickleback,species,motu8,motu8,ASV283,parent,7,Gasterosteus aculeatus,Three-spined stickleback,species,99.408,8.02e-84,Eukaryota,Chordata,Teleostei,Perciformes,Gasterosteidae,Gasterosteus,0
Gasterosteus aculeatus,Three-spined stickleback,species,motu8,motu8,ASV284,parent,7,Gasterosteus aculeatus,Three-spined stickleback,species,99.408,8.02e-84,Eukaryota,Chordata,Teleostei,Perciformes,Gasterosteidae,Gasterosteus,0
Gasterosteus aculeatus,Three-spined stickleback,species,motu8,motu8,ASV299,parent,7,Gasterosteus aculeatus,Three-spined stickleback,species,99.408,8.02e-84,Eukaryota,Chordata,Teleostei,Perciformes,Gasterosteidae,Gasterosteus,0
Gasterosteus aculeatus,Three-spined stickleback,species,motu8,motu8,ASV337,parent,7,Gasterosteus aculeatus,Three-spined stickleback,species,99.408,8.02e-84,Eukaryota,Chordata,Teleostei,Perciformes,Gasterosteidae,Gasterosteus,0
Gasterosteus aculeatus,Three-spined stickleback,species,motu8,motu8,ASV420,parent,7,Gasterosteus aculeatus,Three-spined stickleback,species,99.408,8.02e-84,Eukaryota,Chordata,Teleostei,Perciformes,Gasterosteidae,Gasterosteus,0
Gasterosteus aculeatus,Three-spined stickleback,species,motu8,motu8,ASV480,parent,7,Gasterosteus aculeatus,Three-spined stickleback,species,99.408,8.02e-84,Eukaryota,Chordata,Teleostei,Perciformes,Gasterosteidae,Gasterosteus,0
Gasterosteus aculeatus,Three-spined stickleback,species,motu8,motu8,ASV546,parent,7,Gasterosteus aculeatus,Three-spined stickleback,species,99.408,8.02e-84,Eukaryota,Chordata,Teleostei,Perciformes,Gasterosteidae,Gasterosteus,0
Gasterosteus aculeatus,Three-spined stickleback,species,motu8,motu8,ASV660,parent,7,Gasterosteus aculeatus,Three-spined stickleback,species,99.408,8.02e-84,Eukaryota,Chordata,Teleostei,Perciformes,Gasterosteidae,Gasterosteus,0
Gasterosteus aculeatus,Three-spined stickleback,species,motu8,motu8,ASV696,parent,7,Gasterosteus aculeatus,Three-spined stickleback,species,99.408,8.02e-84,Eukaryota,Chordata,Teleostei,Perciformes,Gasterosteidae,Gasterosteus,0
Gasterosteus aculeatus,Three-spined stickleback,species,motu8,motu8,ASV718,parent,7,Gasterosteus aculeatus,Three-spined stickleback,species,99.408,8.02e-84,Eukaryota,Chordata,Teleostei,Perciformes,Gasterosteidae,Gasterosteus,0
Gasterosteus aculeatus,Three-spined stickleback,species,motu8,motu8,ASV802,parent,7,Gasterosteus aculeatus,Three-spined stickleback,species,99.408,8.02e-84,Eukaryota,Chordata,Teleostei,Perciformes,Gasterosteidae,Gasterosteus,0
Gasterosteus aculeatus,Three-spined stickleback,species,motu8,motu8,ASV952,parent,7,Gasterosteus aculeatus,Three-spined stickleback,species,99.408,8.02e-84,Eukaryota,Chordata,Teleostei,Perciformes,Gasterosteidae,Gasterosteus,0
Gasterosteus aculeatus,Three-spined stickleback,species,motu8,motu8,ASV975,parent,7,Gasterosteus aculeatus,Three-spined stickleback,species,99.408,8.02e-84,Eukaryota,Chordata,Teleostei,Perciformes,Gasterosteidae,Gasterosteus,0
Gasterosteus aculeatus,Three-spined stickleback,species,motu8,motu8,ASV989,parent,7,Gasterosteus aculeatus,Three-spined stickleback,species,99.408,8.02e-84,Eukaryota,Chordata,Teleostei,Perciformes,Gasterosteidae,Gasterosteus,0
Gasterosteus aculeatus,Three-spined stickleback,species,motu8,motu8,ASV1129,parent,7,Gasterosteus aculeatus,Three-spined stickleback,species,99.408,8.02e-84,Eukaryota,Chordata,Teleostei,Perciformes,Gasterosteidae,Gasterosteus,0
Gasterosteus aculeatus,Three-spined stickleback,species,motu8,motu8,ASV1166,parent,7,Gasterosteus aculeatus,Three-spined stickleback,species,99.408,8.02e-84,Eukaryota,Chordata,Teleostei,Perciformes,Gasterosteidae,Gasterosteus,0
Gasterosteus aculeatus,Three-spined stickleback,species,motu8,motu8,ASV73,parent,7,Gasterosteus aculeatus,Three-spined stickleback,species,99.408,8.07e-84,Eukaryota,Chordata,Teleostei,Perciformes,Gasterosteidae,Gasterosteus,0
Gasterosteus aculeatus,Three-spined stickleback,species,motu8,motu8,ASV281,parent,7,Gasterosteus aculeatus,Three-spined stickleback,species,99.408,8.07e-84,Eukaryota,Chordata,Teleostei,Perciformes,Gasterosteidae,Gasterosteus,0
Gasterosteus aculeatus,Three-spined stickleback,species,motu8,motu8,ASV302,parent,7,Gasterosteus aculeatus,Three-spined stickleback,species,99.408,8.07e-84,Eukaryota,Chordata,Teleostei,Perciformes,Gasterosteidae,Gasterosteus,0
Gasterosteus aculeatus,Three-spined stickleback,species,motu8,motu8,ASV463,parent,7,Gasterosteus aculeatus,Three-spined stickleback,species,99.408,8.07e-84,Eukaryota,Chordata,Teleostei,Perciformes,Gasterosteidae,Gasterosteus,0
Gasterosteus aculeatus,Three-spined stickleback,species,motu8,motu8,ASV603,parent,7,Gasterosteus aculeatus,Three-spined stickleback,species,99.408,8.07e-84,Eukaryota,Chordata,Teleostei,Perciformes,Gasterosteidae,Gasterosteus,0
Gasterosteus aculeatus,Three-spined stickleback,species,motu8,motu8,ASV702,parent,7,Gasterosteus aculeatus,Three-spined stickleback,species,99.408,8.07e-84,Eukaryota,Chordata,Teleostei,Perciformes,Gasterosteidae,Gasterosteus,0
Gasterosteus aculeatus,Three-spined stickleback,species,motu8,motu8,ASV716,parent,7,Gasterosteus aculeatus,Three-spined stickleback,species,99.408,8.07e-84,Eukaryota,Chordata,Teleostei,Perciformes,Gasterosteidae,Gasterosteus,0
Gasterosteus aculeatus,Three-spined stickleback,species,motu8,motu8,ASV730,parent,7,Gasterosteus aculeatus,Three-spined stickleback,species,99.408,8.07e-84,Eukaryota,Chordata,Teleostei,Perciformes,Gasterosteidae,Gasterosteus,0
Gasterosteus aculeatus,Three-spined stickleback,species,motu8,motu8,ASV783,parent,7,Gasterosteus aculeatus,Three-spined stickleback,species,99.408,8.07e-84,Eukaryota,Chordata,Teleostei,Perciformes,Gasterosteidae,Gasterosteus,0
Gasterosteus aculeatus,Three-spined stickleback,species,motu8,motu8,ASV213,parent,7,Gasterosteus aculeatus,Three-spined stickleback,species,98.817,3.75e-82,Eukaryota,Chordata,Teleostei,Perciformes,Gasterosteidae,Gasterosteus,0
Gasterosteus aculeatus,Three-spined stickleback,species,motu125,motu125,ASV218,parent,101,Gasterosteus aculeatus,Three-spined stickleback,species,100,1.73e-85,Eukaryota,Chordata,Teleostei,Perciformes,Gasterosteidae,Gasterosteus,0
Gasterosteus aculeatus,Three-spined stickleback,species,motu125,motu125,ASV252,parent,101,Gasterosteus aculeatus,Three-spined stickleback,species,100,1.72e-85,Eukaryota,Chordata,Teleostei,Perciformes,Gasterosteidae,Gasterosteus,0
Gasterosteus aculeatus,Three-spined stickleback,species,motu151,motu151,ASV297,parent,165,Gasterosteus aculeatus,Three-spined stickleback,species,99.408,2.86e-83,Eukaryota,Chordata,Teleostei,Perciformes,Gasterosteidae,Gasterosteus,0
Gasterosteus aculeatus,Three-spined stickleback,species,motu168,motu168,ASV332,parent,185,Gasterosteus aculeatus,Three-spined stickleback,species,98.817,3.7299999999999996e-82,Eukaryota,Chordata,Teleostei,Perciformes,Gasterosteidae,Gasterosteus,0
Gavia immer,Bird,outgroup,motu506,motu506,ASV886,parent,531,Gavia immer,Bird,outgroup,100,3.98e-92,Eukaryota,Chordata,Aves,Gaviiformes,Gaviidae,Gavia,NA
Gibbonsia montereyensis,Crevice kelpfish,species,motu165,motu165,ASV329,parent,183,Gibbonsia montereyensis,Crevice kelpfish,species,100,1.77e-65,Eukaryota,Chordata,Teleostei,Blenniiformes,Clinidae,Gibbonsia,0
Gillichthys mirabilis,Longjaw mudsucker,species,motu237,motu237,ASV452,parent,256,Gillichthys mirabilis,Longjaw mudsucker,species,100,6.150000000000001e-85,Eukaryota,Chordata,Teleostei,Gobiiformes,Gobiidae,Gillichthys,0
Girella nigricans,Rudderfish,species,motu105,motu105,ASV162,parent,114,Girella nigricans,Rudderfish,species,100,6.150000000000001e-85,Eukaryota,Chordata,Teleostei,Centrarchiformes,Kyphosidae,Girella,0
Girella nigricans,Rudderfish,species,motu106,motu106,ASV164,parent,115,Girella nigricans,Rudderfish,species,100,6.150000000000001e-85,Eukaryota,Chordata,Teleostei,Centrarchiformes,Kyphosidae,Girella,0
Gobiiformes,Goby order,order,motu27,motu27,ASV30,parent,27,Gobiiformes,Goby order,order,90,1.3799999999999998e-56,Eukaryota,Chordata,Teleostei,Gobiiformes,NA,NA,0
Gobiiformes,Goby order,order,motu27,motu27,ASV104,parent,27,Gobiiformes,Goby order,order,89.941,4.96e-56,Eukaryota,Chordata,Teleostei,Gobiiformes,NA,NA,0
Gobiiformes,Goby order,order,motu27,motu27,ASV165,parent,27,Gobiiformes,Goby order,order,90,1.3799999999999998e-56,Eukaryota,Chordata,Teleostei,Gobiiformes,NA,NA,0
Gobiiformes,Goby order,order,motu27,motu27,ASV178,parent,27,Gobiiformes,Goby order,order,89.412,6.4199999999999986e-55,Eukaryota,Chordata,Teleostei,Gobiiformes,NA,NA,0
Gobiiformes,Goby order,order,motu27,motu27,ASV407,parent,27,Gobiiformes,Goby order,order,89.412,6.4199999999999986e-55,Eukaryota,Chordata,Teleostei,Gobiiformes,NA,NA,0
Gobiiformes,Goby order,order,motu70,motu70,ASV98,parent,88,Gobiiformes,Goby order,order,89.412,6.4199999999999986e-55,Eukaryota,Chordata,Teleostei,Gobiiformes,NA,NA,0
Gobiiformes,Goby order,order,motu79,motu79,ASV121,parent,79,Gobiiformes,Goby order,order,89.697,6.4199999999999986e-55,Eukaryota,Chordata,Teleostei,Gobiiformes,NA,NA,0
Gobiiformes,Goby order,order,motu79,motu79,ASV532,parent,79,Gobiiformes,Goby order,order,89.091,2.99e-53,Eukaryota,Chordata,Teleostei,Gobiiformes,NA,NA,0
Gobiiformes,Goby order,order,motu262,motu262,ASV505,parent,289,Gobiiformes,Goby order,order,89.412,6.4199999999999986e-55,Eukaryota,Chordata,Teleostei,Gobiiformes,NA,NA,0
Gobiiformes,Goby order,order,motu700,motu700,ASV1136,parent,714,Gobiiformes,Goby order,order,89.412,2.2899999999999998e-54,Eukaryota,Chordata,Teleostei,Gobiiformes,NA,NA,0
Halichoeres,Halichoeres wrasse,genus,motu154,motu154,ASV303,parent,133,Halichoeres,Halichoeres wrasse,genus,100,1.72e-85,Eukaryota,Chordata,Teleostei,Eupercaria incertae sedis,Labridae,Halichoeres,0
Halichoeres,Halichoeres wrasse,genus,motu154,motu154,ASV321,parent,133,Halichoeres,Halichoeres wrasse,genus,100,1.73e-85,Eukaryota,Chordata,Teleostei,Eupercaria incertae sedis,Labridae,Halichoeres,0
Hemilepidotus,Hemilepidotus Irish lord species,genus,motu220,motu220,ASV422,parent,238,Hemilepidotus,Hemilepidotus Irish lord species,genus,99.408,8.02e-84,Eukaryota,Chordata,Teleostei,Perciformes,Cottidae,Hemilepidotus,0
Hemilepidotus hemilepidotus,Red Irish lord,species,motu67,motu67,ASV94,parent,59,Hemilepidotus hemilepidotus,Red Irish lord,species,100,1.72e-85,Eukaryota,Chordata,Teleostei,Perciformes,Cottidae,Hemilepidotus,0
Hemilepidotus hemilepidotus,Red Irish lord,species,motu67,motu67,ASV190,parent,59,Hemilepidotus hemilepidotus,Red Irish lord,species,99.408,8.02e-84,Eukaryota,Chordata,Teleostei,Perciformes,Cottidae,Hemilepidotus,0
Hemilepidotus hemilepidotus,Red Irish lord,species,motu67,motu67,ASV359,parent,59,Hemilepidotus hemilepidotus,Red Irish lord,species,99.408,8.02e-84,Eukaryota,Chordata,Teleostei,Perciformes,Cottidae,Hemilepidotus,0
Heptageniidae,Arthropod,family,motu159,motu159,ASV312,parent,173,Heptageniidae,Arthropod,family,91.781,9.13e-53,Eukaryota,Arthropoda,Insecta,Ephemeroptera,Heptageniidae,NA,NA
Heptageniidae,Arthropod,family,motu436,motu436,ASV779,parent,460,Heptageniidae,Arthropod,family,91.667,1.18e-51,Eukaryota,Arthropoda,Insecta,Ephemeroptera,Heptageniidae,NA,NA
Heterostichus rostratus,Giant kelpfish,species,motu140,motu140,ASV265,parent,125,Heterostichus rostratus,Giant kelpfish,species,100,4.929999999999999e-66,Eukaryota,Chordata,Teleostei,Blenniiformes,Clinidae,Heterostichus,0
Heterostichus rostratus,Giant kelpfish,species,motu140,motu140,ASV488,parent,125,Heterostichus rostratus,Giant kelpfish,species,100,4.959999999999999e-66,Eukaryota,Chordata,Teleostei,Blenniiformes,Clinidae,Heterostichus,0
Hexagrammos,Hexagrammos kelp species,genus,motu102,motu102,ASV158,parent,87,Hexagrammos,Hexagrammos kelp species,genus,100,4.82e-86,Eukaryota,Chordata,Teleostei,Perciformes,Hexagrammidae,Hexagrammos,0
Hexagrammos,Hexagrammos kelp species,genus,motu102,motu102,ASV210,parent,87,Hexagrammos,Hexagrammos kelp species,genus,100,4.8600000000000005e-86,Eukaryota,Chordata,Teleostei,Perciformes,Hexagrammidae,Hexagrammos,0
Hexagrammos,Hexagrammos kelp species,genus,motu102,motu102,ASV1088,parent,87,Hexagrammos,Hexagrammos kelp species,genus,99.412,2.26e-84,Eukaryota,Chordata,Teleostei,Perciformes,Hexagrammidae,Hexagrammos,0
Hexagrammos decagrammus,Kelp greenling,species,motu32,motu32,ASV37,parent,32,Hexagrammos decagrammus,Kelp greenling,species,100,4.82e-86,Eukaryota,Chordata,Teleostei,Perciformes,Hexagrammidae,Hexagrammos,0
Hexagrammos decagrammus,Kelp greenling,species,motu32,motu32,ASV80,parent,32,Hexagrammos decagrammus,Kelp greenling,species,100,4.8600000000000005e-86,Eukaryota,Chordata,Teleostei,Perciformes,Hexagrammidae,Hexagrammos,0
Hexagrammos decagrammus,Kelp greenling,species,motu32,motu32,ASV453,parent,32,Hexagrammos decagrammus,Kelp greenling,species,99.412,2.26e-84,Eukaryota,Chordata,Teleostei,Perciformes,Hexagrammidae,Hexagrammos,0
Hexanchus griseus,Bluntnose sixgill shark,species,motu1330,motu1330,ASV1966,parent,1338,Hexanchus griseus,Bluntnose sixgill shark,species,100,8.71e-94,Eukaryota,Chordata,Elasmobranchii,Hexanchiformes,Hexanchidae,Hexanchus,0
Pleuronectidae,Flatfish family,family,motu48,motu48,ASV61,parent,37,Hippoglossus stenolepis,Pacific halibut,species,100,1.73e-85,Eukaryota,Chordata,Teleostei,Pleuronectiformes,Pleuronectidae,Hippoglossus,0
Pleuronectidae,Flatfish family,family,motu48,motu48,ASV110,parent,37,Hippoglossus stenolepis,Pacific halibut,species,100,1.72e-85,Eukaryota,Chordata,Teleostei,Pleuronectiformes,Pleuronectidae,Hippoglossus,0
Homo sapiens,Human,outgroup,motu31,motu31,ASV36,parent,31,Homo sapiens,Human,outgroup,100,1.3600000000000001e-86,Eukaryota,Chordata,Mammalia,Primates,Hominidae,Homo,NA
Homo sapiens,Human,outgroup,motu31,motu31,ASV83,parent,31,Homo sapiens,Human,outgroup,100,1.3500000000000001e-86,Eukaryota,Chordata,Mammalia,Primates,Hominidae,Homo,NA
Homo sapiens,Human,outgroup,motu31,motu31,ASV379,parent,31,Homo sapiens,Human,outgroup,99.415,6.32e-85,Eukaryota,Chordata,Mammalia,Primates,Hominidae,Homo,NA
Homo sapiens,Human,outgroup,motu31,motu31,ASV615,parent,31,Homo sapiens,Human,outgroup,99.415,6.32e-85,Eukaryota,Chordata,Mammalia,Primates,Hominidae,Homo,NA
Homo sapiens,Human,outgroup,motu31,motu31,ASV719,parent,31,Homo sapiens,Human,outgroup,99.415,6.32e-85,Eukaryota,Chordata,Mammalia,Primates,Hominidae,Homo,NA
Homo sapiens,Human,outgroup,motu31,motu31,ASV473,parent,31,Homo sapiens,Human,outgroup,99.415,6.28e-85,Eukaryota,Chordata,Mammalia,Primates,Hominidae,Homo,NA
Homo sapiens,Human,outgroup,motu31,motu31,ASV823,parent,31,Homo sapiens,Human,outgroup,99.415,6.28e-85,Eukaryota,Chordata,Mammalia,Primates,Hominidae,Homo,NA
Homo sapiens,Human,outgroup,motu31,motu31,ASV1510,parent,31,Homo sapiens,Human,outgroup,99.415,6.28e-85,Eukaryota,Chordata,Mammalia,Primates,Hominidae,Homo,NA
Homo sapiens,Human,outgroup,motu31,motu31,ASV1977,parent,31,Homo sapiens,Human,outgroup,100,1.3500000000000001e-86,Eukaryota,Chordata,Mammalia,Primates,Hominidae,Homo,NA
Hydrolagus colliei,Spotted ratfish,species,motu110,motu110,ASV181,parent,120,Hydrolagus colliei,Spotted ratfish,species,100,1.11e-92,Eukaryota,Chordata,Holocephali,Chimaeriformes,Chimaeridae,Hydrolagus,0
Hypomesus,Surf smelt,genus,motu104,motu104,ASV161,parent,93,Hypomesus,Surf smelt,genus,100,6.150000000000001e-85,Eukaryota,Chordata,Teleostei,Osmeriformes,Osmeridae,Hypomesus,0
Hypomesus,Surf smelt,genus,motu104,motu104,ASV957,parent,93,Hypomesus,Surf smelt,genus,99.405,2.86e-83,Eukaryota,Chordata,Teleostei,Osmeriformes,Osmeridae,Hypomesus,0
Hypomesus,Surf smelt,genus,motu230,motu230,ASV441,parent,248,Hypomesus,Surf smelt,genus,98.81,1.33e-81,Eukaryota,Chordata,Teleostei,Osmeriformes,Osmeridae,Hypomesus,0
Hypomesus,Surf smelt,genus,motu291,motu291,ASV554,parent,315,Hypomesus,Surf smelt,genus,98.81,1.33e-81,Eukaryota,Chordata,Teleostei,Osmeriformes,Osmeridae,Hypomesus,0
Hypomesus,Surf smelt,genus,motu497,motu497,ASV875,parent,522,Hypomesus,Surf smelt,genus,98.81,1.33e-81,Eukaryota,Chordata,Teleostei,Osmeriformes,Osmeridae,Hypomesus,0
Hypsoblennius gentilis,Bay blenny,species,motu41,motu41,ASV52,parent,45,Hypsoblennius gentilis,Bay blenny,species,100,2.26e-64,Eukaryota,Chordata,Teleostei,Blenniiformes,Blenniidae,Hypsoblennius,0
Hypsoblennius gentilis,Bay blenny,species,motu41,motu41,ASV282,parent,45,Hypsoblennius gentilis,Bay blenny,species,99.237,1.05e-62,Eukaryota,Chordata,Teleostei,Blenniiformes,Blenniidae,Hypsoblennius,0
Hypsoblennius gentilis,Bay blenny,species,motu95,motu95,ASV145,parent,108,Hypsoblennius gentilis,Bay blenny,species,100,2.29e-64,Eukaryota,Chordata,Teleostei,Blenniiformes,Blenniidae,Hypsoblennius,0
Hypsoblennius jenkinsi,Mussel blenny,species,motu147,motu147,ASV289,parent,162,Hypsoblennius jenkinsi,Mussel blenny,species,100,6.150000000000001e-85,Eukaryota,Chordata,Teleostei,Blenniiformes,Blenniidae,Hypsoblennius,0
Icelinus borealis,Northern sculpin,species,motu1389,motu1389,ASV2032,parent,1388,Icelinus borealis,Northern sculpin,species,100,4.82e-86,Eukaryota,Chordata,Teleostei,Perciformes,Cottidae,Icelinus,0
Jordania zonope,Longfin sculpin,species,motu171,motu171,ASV335,parent,188,Jordania zonope,Longfin sculpin,species,100,1.72e-85,Eukaryota,Chordata,Teleostei,Perciformes,Jordaniidae,Jordania,0
Lepidogobius lepidus,Bay goby,species,motu63,motu63,ASV84,parent,57,Lepidogobius lepidus,Bay goby,species,100,1.72e-85,Eukaryota,Chordata,Teleostei,Gobiiformes,Gobiidae,Lepidogobius,0
Lepidogobius lepidus,Bay goby,species,motu63,motu63,ASV280,parent,57,Lepidogobius lepidus,Bay goby,species,100,1.73e-85,Eukaryota,Chordata,Teleostei,Gobiiformes,Gobiidae,Lepidogobius,0
Lepidopsetta,Lepidopsetta sole species,genus,motu344,motu344,ASV639,parent,363,Lepidopsetta,Lepidopsetta sole species,genus,100,1.72e-85,Eukaryota,Chordata,Teleostei,Pleuronectiformes,Pleuronectidae,Lepidopsetta,0
Leptocottus armatus,Pacific staghorn sculpin,species,motu2,motu2,ASV2,parent,2,Leptocottus armatus,Pacific staghorn sculpin,species,100,4.82e-86,Eukaryota,Chordata,Teleostei,Perciformes,Cottidae,Leptocottus,0
Leptocottus armatus,Pacific staghorn sculpin,species,motu2,motu2,ASV6,parent,2,Leptocottus armatus,Pacific staghorn sculpin,species,100,1.3500000000000001e-86,Eukaryota,Chordata,Teleostei,Perciformes,Cottidae,Leptocottus,0
Leptocottus armatus,Pacific staghorn sculpin,species,motu2,motu2,ASV86,parent,2,Leptocottus armatus,Pacific staghorn sculpin,species,100,4.82e-86,Eukaryota,Chordata,Teleostei,Perciformes,Cottidae,Leptocottus,0
Leptocottus armatus,Pacific staghorn sculpin,species,motu2,motu2,ASV235,parent,2,Leptocottus armatus,Pacific staghorn sculpin,species,99.412,2.24e-84,Eukaryota,Chordata,Teleostei,Perciformes,Cottidae,Leptocottus,0
Leptocottus armatus,Pacific staghorn sculpin,species,motu2,motu2,ASV249,parent,2,Leptocottus armatus,Pacific staghorn sculpin,species,99.412,2.24e-84,Eukaryota,Chordata,Teleostei,Perciformes,Cottidae,Leptocottus,0
Leptocottus armatus,Pacific staghorn sculpin,species,motu2,motu2,ASV256,parent,2,Leptocottus armatus,Pacific staghorn sculpin,species,99.412,2.24e-84,Eukaryota,Chordata,Teleostei,Perciformes,Cottidae,Leptocottus,0
Leptocottus armatus,Pacific staghorn sculpin,species,motu2,motu2,ASV271,parent,2,Leptocottus armatus,Pacific staghorn sculpin,species,99.412,2.24e-84,Eukaryota,Chordata,Teleostei,Perciformes,Cottidae,Leptocottus,0
Leptocottus armatus,Pacific staghorn sculpin,species,motu2,motu2,ASV307,parent,2,Leptocottus armatus,Pacific staghorn sculpin,species,99.412,2.24e-84,Eukaryota,Chordata,Teleostei,Perciformes,Cottidae,Leptocottus,0
Leptocottus armatus,Pacific staghorn sculpin,species,motu2,motu2,ASV313,parent,2,Leptocottus armatus,Pacific staghorn sculpin,species,100,4.82e-86,Eukaryota,Chordata,Teleostei,Perciformes,Cottidae,Leptocottus,0
Leptocottus armatus,Pacific staghorn sculpin,species,motu2,motu2,ASV315,parent,2,Leptocottus armatus,Pacific staghorn sculpin,species,99.412,2.24e-84,Eukaryota,Chordata,Teleostei,Perciformes,Cottidae,Leptocottus,0
Leptocottus armatus,Pacific staghorn sculpin,species,motu2,motu2,ASV395,parent,2,Leptocottus armatus,Pacific staghorn sculpin,species,99.412,2.24e-84,Eukaryota,Chordata,Teleostei,Perciformes,Cottidae,Leptocottus,0
Leptocottus armatus,Pacific staghorn sculpin,species,motu2,motu2,ASV477,parent,2,Leptocottus armatus,Pacific staghorn sculpin,species,99.412,2.24e-84,Eukaryota,Chordata,Teleostei,Perciformes,Cottidae,Leptocottus,0
Leptocottus armatus,Pacific staghorn sculpin,species,motu2,motu2,ASV498,parent,2,Leptocottus armatus,Pacific staghorn sculpin,species,99.412,2.24e-84,Eukaryota,Chordata,Teleostei,Perciformes,Cottidae,Leptocottus,0
Leptocottus armatus,Pacific staghorn sculpin,species,motu2,motu2,ASV510,parent,2,Leptocottus armatus,Pacific staghorn sculpin,species,99.412,2.24e-84,Eukaryota,Chordata,Teleostei,Perciformes,Cottidae,Leptocottus,0
Leptocottus armatus,Pacific staghorn sculpin,species,motu2,motu2,ASV516,parent,2,Leptocottus armatus,Pacific staghorn sculpin,species,99.412,2.24e-84,Eukaryota,Chordata,Teleostei,Perciformes,Cottidae,Leptocottus,0
Leptocottus armatus,Pacific staghorn sculpin,species,motu2,motu2,ASV531,parent,2,Leptocottus armatus,Pacific staghorn sculpin,species,99.412,2.24e-84,Eukaryota,Chordata,Teleostei,Perciformes,Cottidae,Leptocottus,0
Leptocottus armatus,Pacific staghorn sculpin,species,motu2,motu2,ASV566,parent,2,Leptocottus armatus,Pacific staghorn sculpin,species,99.412,2.24e-84,Eukaryota,Chordata,Teleostei,Perciformes,Cottidae,Leptocottus,0
Leptocottus armatus,Pacific staghorn sculpin,species,motu2,motu2,ASV607,parent,2,Leptocottus armatus,Pacific staghorn sculpin,species,99.412,2.24e-84,Eukaryota,Chordata,Teleostei,Perciformes,Cottidae,Leptocottus,0
Leptocottus armatus,Pacific staghorn sculpin,species,motu2,motu2,ASV619,parent,2,Leptocottus armatus,Pacific staghorn sculpin,species,99.412,2.24e-84,Eukaryota,Chordata,Teleostei,Perciformes,Cottidae,Leptocottus,0
Leptocottus armatus,Pacific staghorn sculpin,species,motu2,motu2,ASV626,parent,2,Leptocottus armatus,Pacific staghorn sculpin,species,99.412,2.24e-84,Eukaryota,Chordata,Teleostei,Perciformes,Cottidae,Leptocottus,0
Leptocottus armatus,Pacific staghorn sculpin,species,motu2,motu2,ASV638,parent,2,Leptocottus armatus,Pacific staghorn sculpin,species,99.412,2.24e-84,Eukaryota,Chordata,Teleostei,Perciformes,Cottidae,Leptocottus,0
Leptocottus armatus,Pacific staghorn sculpin,species,motu2,motu2,ASV758,parent,2,Leptocottus armatus,Pacific staghorn sculpin,species,99.412,2.24e-84,Eukaryota,Chordata,Teleostei,Perciformes,Cottidae,Leptocottus,0
Leptocottus armatus,Pacific staghorn sculpin,species,motu2,motu2,ASV778,parent,2,Leptocottus armatus,Pacific staghorn sculpin,species,99.412,2.24e-84,Eukaryota,Chordata,Teleostei,Perciformes,Cottidae,Leptocottus,0
Leptocottus armatus,Pacific staghorn sculpin,species,motu2,motu2,ASV861,parent,2,Leptocottus armatus,Pacific staghorn sculpin,species,99.412,2.24e-84,Eukaryota,Chordata,Teleostei,Perciformes,Cottidae,Leptocottus,0
Leptocottus armatus,Pacific staghorn sculpin,species,motu2,motu2,ASV888,parent,2,Leptocottus armatus,Pacific staghorn sculpin,species,99.412,2.24e-84,Eukaryota,Chordata,Teleostei,Perciformes,Cottidae,Leptocottus,0
Leptocottus armatus,Pacific staghorn sculpin,species,motu2,motu2,ASV55,parent,2,Leptocottus armatus,Pacific staghorn sculpin,species,100,4.8600000000000005e-86,Eukaryota,Chordata,Teleostei,Perciformes,Cottidae,Leptocottus,0
Leptocottus armatus,Pacific staghorn sculpin,species,motu2,motu2,ASV152,parent,2,Leptocottus armatus,Pacific staghorn sculpin,species,99.415,6.28e-85,Eukaryota,Chordata,Teleostei,Perciformes,Cottidae,Leptocottus,0
Leptocottus armatus,Pacific staghorn sculpin,species,motu2,motu2,ASV296,parent,2,Leptocottus armatus,Pacific staghorn sculpin,species,99.415,6.28e-85,Eukaryota,Chordata,Teleostei,Perciformes,Cottidae,Leptocottus,0
Leptocottus armatus,Pacific staghorn sculpin,species,motu2,motu2,ASV344,parent,2,Leptocottus armatus,Pacific staghorn sculpin,species,99.415,6.28e-85,Eukaryota,Chordata,Teleostei,Perciformes,Cottidae,Leptocottus,0
Leptocottus armatus,Pacific staghorn sculpin,species,motu2,motu2,ASV462,parent,2,Leptocottus armatus,Pacific staghorn sculpin,species,99.415,6.28e-85,Eukaryota,Chordata,Teleostei,Perciformes,Cottidae,Leptocottus,0
Leptocottus armatus,Pacific staghorn sculpin,species,motu2,motu2,ASV581,parent,2,Leptocottus armatus,Pacific staghorn sculpin,species,99.415,6.28e-85,Eukaryota,Chordata,Teleostei,Perciformes,Cottidae,Leptocottus,0
Leptocottus armatus,Pacific staghorn sculpin,species,motu2,motu2,ASV602,parent,2,Leptocottus armatus,Pacific staghorn sculpin,species,99.415,6.28e-85,Eukaryota,Chordata,Teleostei,Perciformes,Cottidae,Leptocottus,0
Leptocottus armatus,Pacific staghorn sculpin,species,motu2,motu2,ASV652,parent,2,Leptocottus armatus,Pacific staghorn sculpin,species,99.415,6.28e-85,Eukaryota,Chordata,Teleostei,Perciformes,Cottidae,Leptocottus,0
Leptocottus armatus,Pacific staghorn sculpin,species,motu2,motu2,ASV735,parent,2,Leptocottus armatus,Pacific staghorn sculpin,species,99.415,6.28e-85,Eukaryota,Chordata,Teleostei,Perciformes,Cottidae,Leptocottus,0
Leptocottus armatus,Pacific staghorn sculpin,species,motu2,motu2,ASV765,parent,2,Leptocottus armatus,Pacific staghorn sculpin,species,99.415,6.28e-85,Eukaryota,Chordata,Teleostei,Perciformes,Cottidae,Leptocottus,0
Leptocottus armatus,Pacific staghorn sculpin,species,motu2,motu2,ASV831,parent,2,Leptocottus armatus,Pacific staghorn sculpin,species,98.824,1.0399999999999999e-82,Eukaryota,Chordata,Teleostei,Perciformes,Cottidae,Leptocottus,0
Leptocottus armatus,Pacific staghorn sculpin,species,motu2,motu2,ASV836,parent,2,Leptocottus armatus,Pacific staghorn sculpin,species,99.415,6.28e-85,Eukaryota,Chordata,Teleostei,Perciformes,Cottidae,Leptocottus,0
Leptocottus armatus,Pacific staghorn sculpin,species,motu2,motu2,ASV863,parent,2,Leptocottus armatus,Pacific staghorn sculpin,species,99.415,6.28e-85,Eukaryota,Chordata,Teleostei,Perciformes,Cottidae,Leptocottus,0
Leptocottus armatus,Pacific staghorn sculpin,species,motu2,motu2,ASV1083,parent,2,Leptocottus armatus,Pacific staghorn sculpin,species,99.415,6.28e-85,Eukaryota,Chordata,Teleostei,Perciformes,Cottidae,Leptocottus,0
Leptocottus armatus,Pacific staghorn sculpin,species,motu2,motu2,ASV1299,parent,2,Leptocottus armatus,Pacific staghorn sculpin,species,99.415,6.28e-85,Eukaryota,Chordata,Teleostei,Perciformes,Cottidae,Leptocottus,0
Leptocottus armatus,Pacific staghorn sculpin,species,motu437,motu437,ASV781,parent,461,Leptocottus armatus,Pacific staghorn sculpin,species,98.83,2.9199999999999998e-83,Eukaryota,Chordata,Teleostei,Perciformes,Cottidae,Leptocottus,0
Leptocottus armatus,Pacific staghorn sculpin,species,motu798,motu798,ASV1265,parent,809,Leptocottus armatus,Pacific staghorn sculpin,species,98.235,4.8599999999999995e-81,Eukaryota,Chordata,Teleostei,Perciformes,Cottidae,Leptocottus,0
Leptocottus armatus,Pacific staghorn sculpin,species,motu1050,motu1050,ASV1606,parent,1057,Leptocottus armatus,Pacific staghorn sculpin,species,100,1.54e-81,Eukaryota,Chordata,Teleostei,Perciformes,Cottidae,Leptocottus,0
Leuresthes tenuis,California grunion,species,motu66,motu66,ASV90,parent,61,Leuresthes tenuis,California grunion,species,100,6.150000000000001e-85,Eukaryota,Chordata,Teleostei,Atheriniformes,Atherinopsidae,Leuresthes,0
Leuresthes tenuis,California grunion,species,motu66,motu66,ASV642,parent,61,Leuresthes tenuis,California grunion,species,99.405,2.86e-83,Eukaryota,Chordata,Teleostei,Atheriniformes,Atherinopsidae,Leuresthes,0
Leuresthes tenuis,California grunion,species,motu66,motu66,ASV1298,parent,61,Leuresthes tenuis,California grunion,species,99.405,2.86e-83,Eukaryota,Chordata,Teleostei,Atheriniformes,Atherinopsidae,Leuresthes,0
Liparidae,Snailfish family,family,motu116,motu116,ASV193,parent,102,Liparidae,Snailfish family,family,94.048,2.94e-68,Eukaryota,Chordata,Teleostei,Perciformes,Liparidae,NA,0
Liparidae,Snailfish family,family,motu116,motu116,ASV2058,parent,102,Liparis,Snailfish species,genus,94.643,6.33e-70,Eukaryota,Chordata,Teleostei,Perciformes,Liparidae,Liparis,0
Liparis cyclopus,Ribbon snailfish,species,motu62,motu62,ASV82,parent,58,Liparis cyclopus,Ribbon snailfish,species,100,1.72e-85,Eukaryota,Chordata,Teleostei,Perciformes,Liparidae,Liparis,0
Liparis cyclopus,Ribbon snailfish,species,motu62,motu62,ASV2093,parent,58,Liparis cyclopus,Ribbon snailfish,species,98.817,3.7299999999999996e-82,Eukaryota,Chordata,Teleostei,Perciformes,Liparidae,Liparis,0
Liparis cyclopus,Ribbon snailfish,species,motu103,motu103,ASV160,parent,113,Liparis cyclopus,Ribbon snailfish,species,99.408,8.07e-84,Eukaryota,Chordata,Teleostei,Perciformes,Liparidae,Liparis,0
Liparis florae,Tidepool snailfish,species,motu92,motu92,ASV139,parent,106,Liparis florae,Tidepool snailfish,species,100,4.82e-86,Eukaryota,Chordata,Teleostei,Perciformes,Liparidae,Liparis,0
Liparis greeni,Lobefin snailfish,species,motu81,motu81,ASV124,parent,73,Liparis greeni,Lobefin snailfish,species,98.824,1.0399999999999999e-82,Eukaryota,Chordata,Teleostei,Perciformes,Liparidae,Polypera,0
Liparis greeni,Lobefin snailfish,species,motu81,motu81,ASV186,parent,73,Liparis greeni,Lobefin snailfish,species,98.802,4.8599999999999995e-81,Eukaryota,Chordata,Teleostei,Perciformes,Liparidae,Polypera,0
Liparis greeni,Lobefin snailfish,species,motu81,motu81,ASV267,parent,73,Liparis greeni,Lobefin snailfish,species,98.824,1.0499999999999999e-82,Eukaryota,Chordata,Teleostei,Perciformes,Liparidae,Polypera,0
Liparis greeni,Lobefin snailfish,species,motu112,motu112,ASV183,parent,121,Liparis greeni,Lobefin snailfish,species,100,4.8600000000000005e-86,Eukaryota,Chordata,Teleostei,Perciformes,Liparidae,Polypera,0
Liparis mucosus,Slimy snailfish,species,motu148,motu148,ASV293,parent,163,Liparis mucosus,Slimy snailfish,species,100,1.72e-85,Eukaryota,Chordata,Teleostei,Perciformes,Liparidae,Liparis,0
Liparis pulchellus,Showy snailfish,species,motu327,motu327,ASV610,parent,348,Liparis pulchellus,Showy snailfish,species,100,1.73e-85,Eukaryota,Chordata,Teleostei,Perciformes,Liparidae,Liparis,0
Lumpenus sagitta,Snake prickleback,species,motu24,motu24,ASV27,parent,23,Lumpenus sagitta,Snake prickleback,species,100,1.72e-85,Eukaryota,Chordata,Teleostei,Perciformes,Lumpenidae,Lumpenus,0
Lumpenus sagitta,Snake prickleback,species,motu24,motu24,ASV76,parent,23,Lumpenus sagitta,Snake prickleback,species,100,1.73e-85,Eukaryota,Chordata,Teleostei,Perciformes,Lumpenidae,Lumpenus,0
Lumpenus sagitta,Snake prickleback,species,motu24,motu24,ASV770,parent,23,Lumpenus sagitta,Snake prickleback,species,99.408,8.07e-84,Eukaryota,Chordata,Teleostei,Perciformes,Lumpenidae,Lumpenus,0
Lycodes diapterus,Black eelpout,species,motu390,motu390,ASV708,parent,407,Lycodes diapterus,Black eelpout,species,100,6.150000000000001e-85,Eukaryota,Chordata,Teleostei,Perciformes,Zoarcidae,Lycodes,0
Mallotus villosus,Capelin,species,motu339,motu339,ASV633,parent,360,Mallotus villosus,Capelin,species,100,6.150000000000001e-85,Eukaryota,Chordata,Teleostei,Osmeriformes,Osmeridae,Mallotus,0
Megaptera novaeangliae,Whale,outgroup,motu120,motu120,ASV202,parent,128,Megaptera novaeangliae,Whale,outgroup,100,4.82e-86,Eukaryota,Chordata,Mammalia,Artiodactyla,Balaenopteridae,Megaptera,NA
Menticirrhus undulatus,California kingcroaker,species,motu58,motu58,ASV75,parent,78,Menticirrhus undulatus,California kingcroaker,species,100,1.72e-85,Eukaryota,Chordata,Teleostei,Eupercaria incertae sedis,Sciaenidae,Menticirrhus,0
Mergus merganser,Bird,outgroup,motu244,motu244,ASV467,parent,264,Mergus merganser,Bird,outgroup,100,1.17e-97,Eukaryota,Chordata,Aves,Anseriformes,Anatidae,Mergus,NA
Merluccius productus,North Pacific hake,species,motu12,motu12,ASV13,parent,11,Merluccius productus,North Pacific hake,species,100,4.82e-86,Eukaryota,Chordata,Teleostei,Gadiformes,Merlucciidae,Merluccius,0
Merluccius productus,North Pacific hake,species,motu12,motu12,ASV31,parent,11,Merluccius productus,North Pacific hake,species,100,1.3500000000000001e-86,Eukaryota,Chordata,Teleostei,Gadiformes,Merlucciidae,Merluccius,0
Merluccius productus,North Pacific hake,species,motu12,motu12,ASV646,parent,11,Merluccius productus,North Pacific hake,species,99.412,2.24e-84,Eukaryota,Chordata,Teleostei,Gadiformes,Merlucciidae,Merluccius,0
Merluccius productus,North Pacific hake,species,motu12,motu12,ASV648,parent,11,Merluccius productus,North Pacific hake,species,99.412,2.24e-84,Eukaryota,Chordata,Teleostei,Gadiformes,Merlucciidae,Merluccius,0
Merluccius productus,North Pacific hake,species,motu12,motu12,ASV1433,parent,11,Merluccius productus,North Pacific hake,species,99.412,2.24e-84,Eukaryota,Chordata,Teleostei,Gadiformes,Merlucciidae,Merluccius,0
Merluccius productus,North Pacific hake,species,motu34,motu34,ASV41,parent,35,Merluccius productus,North Pacific hake,species,100,1.72e-85,Eukaryota,Chordata,Teleostei,Gadiformes,Merlucciidae,Merluccius,0
Merluccius productus,North Pacific hake,species,motu34,motu34,ASV207,parent,35,Merluccius productus,North Pacific hake,species,99.412,8.07e-84,Eukaryota,Chordata,Teleostei,Gadiformes,Merlucciidae,Merluccius,0
Merluccius productus,North Pacific hake,species,motu34,motu34,ASV797,parent,35,Merluccius productus,North Pacific hake,species,100,4.82e-86,Eukaryota,Chordata,Teleostei,Gadiformes,Merlucciidae,Merluccius,0
Microgadus proximus,Pacific tomcod,species,motu133,motu133,ASV241,parent,117,Microgadus proximus,Pacific tomcod,species,100,4.8600000000000005e-86,Eukaryota,Chordata,Teleostei,Gadiformes,Gadidae,Microgadus,0
Micrometrus minimus,Dwarf perch,species,motu118,motu118,ASV197,parent,126,Micrometrus minimus,Dwarf perch,species,99.408,2.86e-83,Eukaryota,Chordata,Teleostei,Ovalentaria incertae sedis,Embiotocidae,Micrometrus,0
Micrometrus minimus,Dwarf perch,species,motu196,motu196,ASV377,parent,212,Micrometrus minimus,Dwarf perch,species,100,1.73e-85,Eukaryota,Chordata,Teleostei,Ovalentaria incertae sedis,Embiotocidae,Micrometrus,0
Micrometrus minimus,Dwarf perch,species,motu392,motu392,ASV712,parent,410,Micrometrus minimus,Dwarf perch,species,99.408,8.02e-84,Eukaryota,Chordata,Teleostei,Ovalentaria incertae sedis,Embiotocidae,Micrometrus,0
Morone saxatilis,Striped bass invasive,species,motu65,motu65,ASV88,parent,55,Morone saxatilis,Striped bass invasive,species,100,3.7799999999999996e-87,Eukaryota,Chordata,Teleostei,Eupercaria incertae sedis,Moronidae,Morone,0
Morone saxatilis,Striped bass invasive,species,motu65,motu65,ASV147,parent,55,Morone saxatilis,Striped bass invasive,species,100,1.0599999999999998e-87,Eukaryota,Chordata,Teleostei,Eupercaria incertae sedis,Moronidae,Morone,0
Mugil cephalus,Flathead grey mullet,species,motu29,motu29,ASV33,parent,28,Mugil cephalus,Flathead grey mullet,species,100,1.3500000000000001e-86,Eukaryota,Chordata,Teleostei,Mugiliformes,Mugilidae,Mugil,0
Mugil cephalus,Flathead grey mullet,species,motu29,motu29,ASV92,parent,28,Mugil cephalus,Flathead grey mullet,species,100,1.3600000000000001e-86,Eukaryota,Chordata,Teleostei,Mugiliformes,Mugilidae,Mugil,0
Mugil cephalus,Flathead grey mullet,species,motu29,motu29,ASV245,parent,28,Mugil cephalus,Flathead grey mullet,species,99.415,6.28e-85,Eukaryota,Chordata,Teleostei,Mugiliformes,Mugilidae,Mugil,0
Mugil cephalus,Flathead grey mullet,species,motu29,motu29,ASV1215,parent,28,Mugil cephalus,Flathead grey mullet,species,99.415,6.28e-85,Eukaryota,Chordata,Teleostei,Mugiliformes,Mugilidae,Mugil,0
Mugil cephalus,Flathead grey mullet,species,motu29,motu29,ASV243,parent,28,Mugil cephalus,Flathead grey mullet,species,99.415,6.32e-85,Eukaryota,Chordata,Teleostei,Mugiliformes,Mugilidae,Mugil,0
Myliobatis californica,Bat ray,species,motu1426,motu1426,ASV2071,parent,1422,Myliobatis californica,Bat ray,species,100,3.98e-92,Eukaryota,Chordata,Elasmobranchii,Myliobatiformes,Myliobatidae,Myliobatis,0
Myoxocephalus,Myoxocephalus sculpin species,genus,motu25,motu25,ASV28,parent,21,Myoxocephalus,Myoxocephalus sculpin species,genus,100,1.72e-85,Eukaryota,Chordata,Teleostei,Perciformes,Cottidae,Myoxocephalus,0
Myoxocephalus,Myoxocephalus sculpin species,genus,motu25,motu25,ASV38,parent,21,Myoxocephalus,Myoxocephalus sculpin species,genus,100,1.73e-85,Eukaryota,Chordata,Teleostei,Perciformes,Cottidae,Myoxocephalus,0
Myoxocephalus,Myoxocephalus sculpin species,genus,motu25,motu25,ASV362,parent,21,Myoxocephalus,Myoxocephalus sculpin species,genus,99.408,8.02e-84,Eukaryota,Chordata,Teleostei,Perciformes,Cottidae,Myoxocephalus,0
Myoxocephalus,Myoxocephalus sculpin species,genus,motu25,motu25,ASV481,parent,21,Myoxocephalus,Myoxocephalus sculpin species,genus,99.408,8.02e-84,Eukaryota,Chordata,Teleostei,Perciformes,Cottidae,Myoxocephalus,0
Myoxocephalus,Myoxocephalus sculpin species,genus,motu71,motu71,ASV102,parent,68,Myoxocephalus,Myoxocephalus sculpin species,genus,98.817,3.75e-82,Eukaryota,Chordata,Teleostei,Perciformes,Cottidae,Myoxocephalus,0
Myoxocephalus,Myoxocephalus sculpin species,genus,motu71,motu71,ASV279,parent,68,Myoxocephalus,Myoxocephalus sculpin species,genus,98.817,3.7299999999999996e-82,Eukaryota,Chordata,Teleostei,Perciformes,Cottidae,Myoxocephalus,0
Myoxocephalus stelleri,Steller's sculpin,species,motu124,motu124,ASV217,parent,134,Myoxocephalus stelleri,Steller's sculpin,species,99.408,8.02e-84,Eukaryota,Chordata,Teleostei,Perciformes,Cottidae,Myoxocephalus,0
Myoxocephalus stelleri,Steller's sculpin,species,motu275,motu275,ASV529,parent,301,Myoxocephalus stelleri,Steller's sculpin,species,98.817,3.7299999999999996e-82,Eukaryota,Chordata,Teleostei,Perciformes,Cottidae,Myoxocephalus,0
Oligocottus,Oligocottus sculpin species,genus,motu10,motu10,ASV11,parent,10,Oligocottus,Oligocottus sculpin species,genus,100,6.150000000000001e-85,Eukaryota,Chordata,Teleostei,Perciformes,Cottidae,Oligocottus,0
Oligocottus,Oligocottus sculpin species,genus,motu10,motu10,ASV120,parent,10,Oligocottus,Oligocottus sculpin species,genus,99.405,2.86e-83,Eukaryota,Chordata,Teleostei,Perciformes,Cottidae,Oligocottus,0
Oligocottus,Oligocottus sculpin species,genus,motu10,motu10,ASV200,parent,10,Oligocottus,Oligocottus sculpin species,genus,99.405,2.86e-83,Eukaryota,Chordata,Teleostei,Perciformes,Cottidae,Oligocottus,0
Oligocottus,Oligocottus sculpin species,genus,motu10,motu10,ASV380,parent,10,Oligocottus,Oligocottus sculpin species,genus,99.405,2.86e-83,Eukaryota,Chordata,Teleostei,Perciformes,Cottidae,Oligocottus,0
Oligocottus,Oligocottus sculpin species,genus,motu10,motu10,ASV443,parent,10,Oligocottus,Oligocottus sculpin species,genus,99.405,2.86e-83,Eukaryota,Chordata,Teleostei,Perciformes,Cottidae,Oligocottus,0
Oligocottus,Oligocottus sculpin species,genus,motu10,motu10,ASV511,parent,10,Oligocottus,Oligocottus sculpin species,genus,99.405,2.86e-83,Eukaryota,Chordata,Teleostei,Perciformes,Cottidae,Oligocottus,0
Oligocottus,Oligocottus sculpin species,genus,motu10,motu10,ASV563,parent,10,Oligocottus,Oligocottus sculpin species,genus,99.405,2.86e-83,Eukaryota,Chordata,Teleostei,Perciformes,Cottidae,Oligocottus,0
Oligocottus,Oligocottus sculpin species,genus,motu1404,motu1404,ASV2048,parent,1402,Oligocottus,Oligocottus sculpin species,genus,100,8.12e-85,Eukaryota,Chordata,Teleostei,Perciformes,Cottidae,Oligocottus,0
Oligocottus snyderi,Fluffy sculpin,species,motu274,motu274,ASV527,parent,299,Oligocottus snyderi,Fluffy sculpin,species,100,4.8600000000000005e-86,Eukaryota,Chordata,Teleostei,Perciformes,Cottidae,Oligocottus,0
Oncorhynchus clarkii,Cutthroat trout,species,motu72,motu72,ASV103,parent,60,Oncorhynchus clarkii,Cutthroat trout,species,100,4.82e-86,Eukaryota,Chordata,Teleostei,Salmoniformes,Salmonidae,Oncorhynchus,0
Oncorhynchus clarkii,Cutthroat trout,species,motu72,motu72,ASV144,parent,60,Oncorhynchus clarkii,Cutthroat trout,species,100,4.8600000000000005e-86,Eukaryota,Chordata,Teleostei,Salmoniformes,Salmonidae,Oncorhynchus,0
Oncorhynchus clarkii,Cutthroat trout,species,motu72,motu72,ASV705,parent,60,Oncorhynchus clarkii,Cutthroat trout,species,99.412,2.24e-84,Eukaryota,Chordata,Teleostei,Salmoniformes,Salmonidae,Oncorhynchus,0
Oncorhynchus gorbuscha,Pink salmon,species,motu19,motu19,ASV21,parent,20,Oncorhynchus gorbuscha,Pink salmon,species,100,4.82e-86,Eukaryota,Chordata,Teleostei,Salmoniformes,Salmonidae,Oncorhynchus,0
Oncorhynchus gorbuscha,Pink salmon,species,motu19,motu19,ASV68,parent,20,Oncorhynchus gorbuscha,Pink salmon,species,100,4.8600000000000005e-86,Eukaryota,Chordata,Teleostei,Salmoniformes,Salmonidae,Oncorhynchus,0
Oncorhynchus gorbuscha,Pink salmon,species,motu19,motu19,ASV827,parent,20,Oncorhynchus gorbuscha,Pink salmon,species,99.412,2.24e-84,Eukaryota,Chordata,Teleostei,Salmoniformes,Salmonidae,Oncorhynchus,0
Oncorhynchus gorbuscha,Pink salmon,species,motu19,motu19,ASV859,parent,20,Oncorhynchus gorbuscha,Pink salmon,species,99.412,2.24e-84,Eukaryota,Chordata,Teleostei,Salmoniformes,Salmonidae,Oncorhynchus,0
Oncorhynchus gorbuscha,Pink salmon,species,motu19,motu19,ASV1145,parent,20,Oncorhynchus gorbuscha,Pink salmon,species,99.412,2.24e-84,Eukaryota,Chordata,Teleostei,Salmoniformes,Salmonidae,Oncorhynchus,0
Oncorhynchus gorbuscha,Pink salmon,species,motu19,motu19,ASV2010,parent,20,Oncorhynchus gorbuscha,Pink salmon,species,99.412,2.24e-84,Eukaryota,Chordata,Teleostei,Salmoniformes,Salmonidae,Oncorhynchus,0
Oncorhynchus gorbuscha,Pink salmon,species,motu19,motu19,ASV394,parent,20,Oncorhynchus gorbuscha,Pink salmon,species,99.412,2.26e-84,Eukaryota,Chordata,Teleostei,Salmoniformes,Salmonidae,Oncorhynchus,0
Oncorhynchus gorbuscha,Pink salmon,species,motu19,motu19,ASV756,parent,20,Oncorhynchus gorbuscha,Pink salmon,species,99.412,2.26e-84,Eukaryota,Chordata,Teleostei,Salmoniformes,Salmonidae,Oncorhynchus,0
Oncorhynchus keta,Chum salmon,species,motu18,motu18,ASV20,parent,15,Oncorhynchus keta,Chum salmon,species,100,1.72e-85,Eukaryota,Chordata,Teleostei,Salmoniformes,Salmonidae,Oncorhynchus,0
Oncorhynchus keta,Chum salmon,species,motu18,motu18,ASV40,parent,15,Oncorhynchus keta,Chum salmon,species,100,1.73e-85,Eukaryota,Chordata,Teleostei,Salmoniformes,Salmonidae,Oncorhynchus,0
Oncorhynchus keta,Chum salmon,species,motu18,motu18,ASV163,parent,15,Oncorhynchus keta,Chum salmon,species,99.408,8.02e-84,Eukaryota,Chordata,Teleostei,Salmoniformes,Salmonidae,Oncorhynchus,0
Oncorhynchus keta,Chum salmon,species,motu18,motu18,ASV225,parent,15,Oncorhynchus keta,Chum salmon,species,99.408,8.02e-84,Eukaryota,Chordata,Teleostei,Salmoniformes,Salmonidae,Oncorhynchus,0
Oncorhynchus keta,Chum salmon,species,motu18,motu18,ASV424,parent,15,Oncorhynchus keta,Chum salmon,species,99.408,8.02e-84,Eukaryota,Chordata,Teleostei,Salmoniformes,Salmonidae,Oncorhynchus,0
Oncorhynchus keta,Chum salmon,species,motu18,motu18,ASV458,parent,15,Oncorhynchus keta,Chum salmon,species,99.408,8.02e-84,Eukaryota,Chordata,Teleostei,Salmoniformes,Salmonidae,Oncorhynchus,0
Oncorhynchus keta,Chum salmon,species,motu18,motu18,ASV515,parent,15,Oncorhynchus keta,Chum salmon,species,99.408,8.02e-84,Eukaryota,Chordata,Teleostei,Salmoniformes,Salmonidae,Oncorhynchus,0
Oncorhynchus keta,Chum salmon,species,motu18,motu18,ASV757,parent,15,Oncorhynchus keta,Chum salmon,species,99.408,8.02e-84,Eukaryota,Chordata,Teleostei,Salmoniformes,Salmonidae,Oncorhynchus,0
Oncorhynchus keta,Chum salmon,species,motu18,motu18,ASV801,parent,15,Oncorhynchus keta,Chum salmon,species,99.408,8.02e-84,Eukaryota,Chordata,Teleostei,Salmoniformes,Salmonidae,Oncorhynchus,0
Oncorhynchus keta,Chum salmon,species,motu18,motu18,ASV808,parent,15,Oncorhynchus keta,Chum salmon,species,99.408,8.02e-84,Eukaryota,Chordata,Teleostei,Salmoniformes,Salmonidae,Oncorhynchus,0
Oncorhynchus keta,Chum salmon,species,motu18,motu18,ASV923,parent,15,Oncorhynchus keta,Chum salmon,species,99.408,8.02e-84,Eukaryota,Chordata,Teleostei,Salmoniformes,Salmonidae,Oncorhynchus,0
Oncorhynchus keta,Chum salmon,species,motu18,motu18,ASV1046,parent,15,Oncorhynchus keta,Chum salmon,species,99.408,8.02e-84,Eukaryota,Chordata,Teleostei,Salmoniformes,Salmonidae,Oncorhynchus,0
Oncorhynchus keta,Chum salmon,species,motu18,motu18,ASV1189,parent,15,Oncorhynchus keta,Chum salmon,species,99.408,8.02e-84,Eukaryota,Chordata,Teleostei,Salmoniformes,Salmonidae,Oncorhynchus,0
Oncorhynchus keta,Chum salmon,species,motu18,motu18,ASV1232,parent,15,Oncorhynchus keta,Chum salmon,species,99.408,8.02e-84,Eukaryota,Chordata,Teleostei,Salmoniformes,Salmonidae,Oncorhynchus,0
Oncorhynchus keta,Chum salmon,species,motu18,motu18,ASV270,parent,15,Oncorhynchus keta,Chum salmon,species,99.408,8.07e-84,Eukaryota,Chordata,Teleostei,Salmoniformes,Salmonidae,Oncorhynchus,0
Oncorhynchus keta,Chum salmon,species,motu18,motu18,ASV301,parent,15,Oncorhynchus keta,Chum salmon,species,99.408,8.07e-84,Eukaryota,Chordata,Teleostei,Salmoniformes,Salmonidae,Oncorhynchus,0
Oncorhynchus keta,Chum salmon,species,motu18,motu18,ASV396,parent,15,Oncorhynchus keta,Chum salmon,species,99.408,8.07e-84,Eukaryota,Chordata,Teleostei,Salmoniformes,Salmonidae,Oncorhynchus,0
Oncorhynchus keta,Chum salmon,species,motu18,motu18,ASV437,parent,15,Oncorhynchus keta,Chum salmon,species,99.408,8.07e-84,Eukaryota,Chordata,Teleostei,Salmoniformes,Salmonidae,Oncorhynchus,0
Oncorhynchus keta,Chum salmon,species,motu18,motu18,ASV464,parent,15,Oncorhynchus keta,Chum salmon,species,99.408,8.07e-84,Eukaryota,Chordata,Teleostei,Salmoniformes,Salmonidae,Oncorhynchus,0
Oncorhynchus keta,Chum salmon,species,motu18,motu18,ASV599,parent,15,Oncorhynchus keta,Chum salmon,species,99.408,8.07e-84,Eukaryota,Chordata,Teleostei,Salmoniformes,Salmonidae,Oncorhynchus,0
Oncorhynchus keta,Chum salmon,species,motu18,motu18,ASV676,parent,15,Oncorhynchus keta,Chum salmon,species,99.408,8.07e-84,Eukaryota,Chordata,Teleostei,Salmoniformes,Salmonidae,Oncorhynchus,0
Oncorhynchus keta,Chum salmon,species,motu18,motu18,ASV713,parent,15,Oncorhynchus keta,Chum salmon,species,99.408,8.07e-84,Eukaryota,Chordata,Teleostei,Salmoniformes,Salmonidae,Oncorhynchus,0
Oncorhynchus keta,Chum salmon,species,motu18,motu18,ASV729,parent,15,Oncorhynchus keta,Chum salmon,species,99.408,8.07e-84,Eukaryota,Chordata,Teleostei,Salmoniformes,Salmonidae,Oncorhynchus,0
Oncorhynchus keta,Chum salmon,species,motu18,motu18,ASV889,parent,15,Oncorhynchus keta,Chum salmon,species,99.408,8.07e-84,Eukaryota,Chordata,Teleostei,Salmoniformes,Salmonidae,Oncorhynchus,0
Oncorhynchus keta,Chum salmon,species,motu55,motu55,ASV71,parent,71,Oncorhynchus keta,Chum salmon,species,98.817,3.7299999999999996e-82,Eukaryota,Chordata,Teleostei,Salmoniformes,Salmonidae,Oncorhynchus,0
Oncorhynchus keta,Chum salmon,species,motu357,motu357,ASV659,parent,373,Oncorhynchus keta,Chum salmon,species,98.817,3.75e-82,Eukaryota,Chordata,Teleostei,Salmoniformes,Salmonidae,Oncorhynchus,0
Oncorhynchus kisutch,Coho salmon,species,motu47,motu47,ASV60,parent,42,Oncorhynchus kisutch,Coho salmon,species,100,4.82e-86,Eukaryota,Chordata,Teleostei,Salmoniformes,Salmonidae,Oncorhynchus,0
Oncorhynchus kisutch,Coho salmon,species,motu47,motu47,ASV91,parent,42,Oncorhynchus kisutch,Coho salmon,species,100,4.8600000000000005e-86,Eukaryota,Chordata,Teleostei,Salmoniformes,Salmonidae,Oncorhynchus,0
Oncorhynchus kisutch,Coho salmon,species,motu47,motu47,ASV259,parent,42,Oncorhynchus kisutch,Coho salmon,species,99.412,2.24e-84,Eukaryota,Chordata,Teleostei,Salmoniformes,Salmonidae,Oncorhynchus,0
Oncorhynchus nerka,Sockeye salmon,species,motu321,motu321,ASV597,parent,343,Oncorhynchus nerka,Sockeye salmon,species,99.412,8.07e-84,Eukaryota,Chordata,Teleostei,Salmoniformes,Salmonidae,Oncorhynchus,0
Oncorhynchus nerka,Sockeye salmon,species,motu586,motu586,ASV982,parent,412,Oncorhynchus nerka,Sockeye salmon,species,99.408,8.07e-84,Eukaryota,Chordata,Teleostei,Salmoniformes,Salmonidae,Oncorhynchus,0
Oncorhynchus nerka,Sockeye salmon,species,motu586,motu586,ASV1059,parent,412,Oncorhynchus nerka,Sockeye salmon,species,99.408,8.02e-84,Eukaryota,Chordata,Teleostei,Salmoniformes,Salmonidae,Oncorhynchus,0
Oncorhynchus tshawytscha,Chinook salmon,species,motu42,motu42,ASV54,parent,41,Oncorhynchus tshawytscha,Chinook salmon,species,100,4.82e-86,Eukaryota,Chordata,Teleostei,Salmoniformes,Salmonidae,Oncorhynchus,0
Oncorhynchus tshawytscha,Chinook salmon,species,motu42,motu42,ASV99,parent,41,Oncorhynchus tshawytscha,Chinook salmon,species,100,4.8600000000000005e-86,Eukaryota,Chordata,Teleostei,Salmoniformes,Salmonidae,Oncorhynchus,0
Oncorhynchus tshawytscha,Chinook salmon,species,motu42,motu42,ASV448,parent,41,Oncorhynchus tshawytscha,Chinook salmon,species,99.412,2.24e-84,Eukaryota,Chordata,Teleostei,Salmoniformes,Salmonidae,Oncorhynchus,0
Oncorhynchus tshawytscha,Chinook salmon,species,motu42,motu42,ASV419,parent,41,Oncorhynchus tshawytscha,Chinook salmon,species,99.412,2.26e-84,Eukaryota,Chordata,Teleostei,Salmoniformes,Salmonidae,Oncorhynchus,0
Oncorhynchus tshawytscha,Chinook salmon,species,motu42,motu42,ASV476,parent,41,Oncorhynchus tshawytscha,Chinook salmon,species,99.412,2.26e-84,Eukaryota,Chordata,Teleostei,Salmoniformes,Salmonidae,Oncorhynchus,0
Ophiodon elongatus,Lingcod,species,motu77,motu77,ASV117,parent,65,Ophiodon elongatus,Lingcod,species,100,1.73e-85,Eukaryota,Chordata,Teleostei,Perciformes,Hexagrammidae,Ophiodon,0
Ophiodon elongatus,Lingcod,species,motu77,motu77,ASV123,parent,65,Ophiodon elongatus,Lingcod,species,100,1.72e-85,Eukaryota,Chordata,Teleostei,Perciformes,Hexagrammidae,Ophiodon,0
Paralabrax,Paralabrax sea bass species,genus,motu7,motu7,ASV8,parent,8,Paralabrax,Paralabrax sea bass species,genus,93.491,3.8099999999999995e-67,Eukaryota,Chordata,Teleostei,Perciformes,Serranidae,Paralabrax,0
Paralabrax,Paralabrax sea bass species,genus,motu7,motu7,ASV42,parent,8,Paralabrax,Paralabrax sea bass species,genus,93.491,3.84e-67,Eukaryota,Chordata,Teleostei,Perciformes,Serranidae,Paralabrax,0
Paralabrax clathratus,Kelp bass,species,motu241,motu241,ASV460,parent,260,Paralabrax clathratus,Kelp bass,species,100,1.72e-85,Eukaryota,Chordata,Teleostei,Perciformes,Serranidae,Paralabrax,0
Paralabrax nebulifer,Barred sand bass,species,motu108,motu108,ASV172,parent,85,Paralabrax nebulifer,Barred sand bass,species,100,1.73e-85,Eukaryota,Chordata,Teleostei,Perciformes,Serranidae,Paralabrax,0
Paralabrax nebulifer,Barred sand bass,species,motu108,motu108,ASV227,parent,85,Paralabrax nebulifer,Barred sand bass,species,100,1.72e-85,Eukaryota,Chordata,Teleostei,Perciformes,Serranidae,Paralabrax,0
Paralabrax nebulifer,Barred sand bass,species,motu108,motu108,ASV239,parent,85,Paralabrax nebulifer,Barred sand bass,species,99.408,8.02e-84,Eukaryota,Chordata,Teleostei,Perciformes,Serranidae,Paralabrax,0
Paralichthys californicus,California halibut,species,motu88,motu88,ASV133,parent,77,Paralichthys californicus,California halibut,species,100,1.73e-85,Eukaryota,Chordata,Teleostei,Pleuronectiformes,Paralichthyidae,Paralichthys,0
Paralichthys californicus,California halibut,species,motu88,motu88,ASV171,parent,77,Paralichthys californicus,California halibut,species,100,1.72e-85,Eukaryota,Chordata,Teleostei,Pleuronectiformes,Paralichthyidae,Paralichthys,0
Perciformes,Perciformes order,order,motu83,motu83,ASV126,parent,96,Perciformes,Perciformes order,order,94.675,6.290000000000001e-70,Eukaryota,Chordata,Teleostei,Perciformes,NA,NA,0
Perciformes,Perciformes order,order,motu84,motu84,ASV129,parent,97,Perciformes,Perciformes order,order,90.588,8.47e-59,Eukaryota,Chordata,Teleostei,Perciformes,NA,NA,0
Perciformes,Perciformes order,order,motu977,motu977,ASV1504,parent,986,Perciformes,Perciformes order,order,94.675,1.76e-70,Eukaryota,Chordata,Teleostei,Perciformes,NA,NA,0
Embiotocidae,Surfperch family,family,motu28,motu28,ASV32,parent,30,Phanerodon vacca,Pile perch,species,100,6.150000000000001e-85,Eukaryota,Chordata,Teleostei,Ovalentaria incertae sedis,Embiotocidae,Phanerodon,0
Phoca,Seal,outgroup,motu1308,motu1308,ASV1939,parent,1309,Phoca,Seal,outgroup,100,6.150000000000001e-85,Eukaryota,Chordata,Mammalia,Carnivora,Phocidae,Phoca,NA
Pholis laeta,Crescent gunnel,species,motu5,motu5,ASV417,parent,5,Pholis,Gunnel species,genus,99.405,2.86e-83,Eukaryota,Chordata,Teleostei,Perciformes,Pholidae,Pholis,0
Pholis laeta,Crescent gunnel,species,motu5,motu5,ASV5,parent,5,Pholis laeta,Crescent gunnel,species,100,6.150000000000001e-85,Eukaryota,Chordata,Teleostei,Perciformes,Pholidae,Pholis,0
Pholis laeta,Crescent gunnel,species,motu5,motu5,ASV253,parent,5,Pholis laeta,Crescent gunnel,species,99.405,2.86e-83,Eukaryota,Chordata,Teleostei,Perciformes,Pholidae,Pholis,0
Pholis laeta,Crescent gunnel,species,motu5,motu5,ASV306,parent,5,Pholis laeta,Crescent gunnel,species,99.405,2.86e-83,Eukaryota,Chordata,Teleostei,Perciformes,Pholidae,Pholis,0
Pholis laeta,Crescent gunnel,species,motu5,motu5,ASV324,parent,5,Pholis laeta,Crescent gunnel,species,99.405,2.86e-83,Eukaryota,Chordata,Teleostei,Perciformes,Pholidae,Pholis,0
Pholis laeta,Crescent gunnel,species,motu5,motu5,ASV363,parent,5,Pholis laeta,Crescent gunnel,species,99.405,2.86e-83,Eukaryota,Chordata,Teleostei,Perciformes,Pholidae,Pholis,0
Pholis laeta,Crescent gunnel,species,motu5,motu5,ASV365,parent,5,Pholis laeta,Crescent gunnel,species,99.405,2.86e-83,Eukaryota,Chordata,Teleostei,Perciformes,Pholidae,Pholis,0
Pholis laeta,Crescent gunnel,species,motu5,motu5,ASV429,parent,5,Pholis laeta,Crescent gunnel,species,99.405,2.86e-83,Eukaryota,Chordata,Teleostei,Perciformes,Pholidae,Pholis,0
Pholis laeta,Crescent gunnel,species,motu5,motu5,ASV552,parent,5,Pholis laeta,Crescent gunnel,species,99.405,2.86e-83,Eukaryota,Chordata,Teleostei,Perciformes,Pholidae,Pholis,0
Pholis laeta,Crescent gunnel,species,motu5,motu5,ASV584,parent,5,Pholis laeta,Crescent gunnel,species,99.405,2.86e-83,Eukaryota,Chordata,Teleostei,Perciformes,Pholidae,Pholis,0
Pholis laeta,Crescent gunnel,species,motu5,motu5,ASV790,parent,5,Pholis laeta,Crescent gunnel,species,99.405,2.86e-83,Eukaryota,Chordata,Teleostei,Perciformes,Pholidae,Pholis,0
Pholis laeta,Crescent gunnel,species,motu5,motu5,ASV1007,parent,5,Pholis laeta,Crescent gunnel,species,99.405,2.86e-83,Eukaryota,Chordata,Teleostei,Perciformes,Pholidae,Pholis,0
Pholis laeta,Crescent gunnel,species,motu5,motu5,ASV1132,parent,5,Pholis laeta,Crescent gunnel,species,99.405,2.86e-83,Eukaryota,Chordata,Teleostei,Perciformes,Pholidae,Pholis,0
Pholis laeta,Crescent gunnel,species,motu1344,motu1344,ASV1982,parent,1342,Pholis laeta,Crescent gunnel,species,100,8.12e-85,Eukaryota,Chordata,Teleostei,Perciformes,Pholidae,Pholis,0
Pholis ornata,Saddleback gunnel,species,motu9,motu9,ASV10,parent,9,Pholis ornata,Saddleback gunnel,species,100,6.150000000000001e-85,Eukaryota,Chordata,Teleostei,Perciformes,Pholidae,Pholis,0
Pholis ornata,Saddleback gunnel,species,motu9,motu9,ASV34,parent,9,Pholis ornata,Saddleback gunnel,species,100,6.150000000000001e-85,Eukaryota,Chordata,Teleostei,Perciformes,Pholidae,Pholis,0
Pholis ornata,Saddleback gunnel,species,motu9,motu9,ASV151,parent,9,Pholis ornata,Saddleback gunnel,species,99.405,2.86e-83,Eukaryota,Chordata,Teleostei,Perciformes,Pholidae,Pholis,0
Pholis ornata,Saddleback gunnel,species,motu9,motu9,ASV174,parent,9,Pholis ornata,Saddleback gunnel,species,99.405,2.86e-83,Eukaryota,Chordata,Teleostei,Perciformes,Pholidae,Pholis,0
Pholis ornata,Saddleback gunnel,species,motu9,motu9,ASV311,parent,9,Pholis ornata,Saddleback gunnel,species,99.405,2.86e-83,Eukaryota,Chordata,Teleostei,Perciformes,Pholidae,Pholis,0
Pholis ornata,Saddleback gunnel,species,motu9,motu9,ASV478,parent,9,Pholis ornata,Saddleback gunnel,species,99.405,2.86e-83,Eukaryota,Chordata,Teleostei,Perciformes,Pholidae,Pholis,0
Pholis ornata,Saddleback gunnel,species,motu9,motu9,ASV594,parent,9,Pholis ornata,Saddleback gunnel,species,99.405,2.86e-83,Eukaryota,Chordata,Teleostei,Perciformes,Pholidae,Pholis,0
Pholis ornata,Saddleback gunnel,species,motu9,motu9,ASV155,parent,9,Pholis ornata,Saddleback gunnel,species,99.405,1.0199999999999999e-82,Eukaryota,Chordata,Teleostei,Perciformes,Pholidae,Pholis,0
Pholis ornata,Saddleback gunnel,species,motu9,motu9,ASV410,parent,9,Pholis ornata,Saddleback gunnel,species,99.405,2.86e-83,Eukaryota,Chordata,Teleostei,Perciformes,Pholidae,Pholis,0
Pholis ornata,Saddleback gunnel,species,motu127,motu127,ASV228,parent,137,Pholis ornata,Saddleback gunnel,species,98.81,1.33e-81,Eukaryota,Chordata,Teleostei,Perciformes,Pholidae,Pholis,0
Pholis ornata,Saddleback gunnel,species,motu186,motu186,ASV358,parent,199,Pholis ornata,Saddleback gunnel,species,98.81,1.33e-81,Eukaryota,Chordata,Teleostei,Perciformes,Pholidae,Pholis,0
Phoxinus,Minnow species,genus,motu115,motu115,ASV191,parent,124,Phoxinus,Minnow species,genus,100,8.28e-89,Eukaryota,Chordata,Teleostei,Cypriniformes,Leuciscidae,Phoxinus,NA
Phycisphaeraceae,Bacteria,outgroup,motu1212,motu1212,ASV1824,parent,1213,Phycisphaeraceae,Bacteria,outgroup,95.257,5.579999999999999e-112,Bacteria,Planctomycetota,Phycisphaerae,Phycisphaerales,Phycisphaeraceae,NA,NA
Phytichthys chirus,Ribbon prickleback,species,motu73,motu73,ASV105,parent,89,Phytichthys chirus,Ribbon prickleback,species,100,1.72e-85,Eukaryota,Chordata,Teleostei,Perciformes,Stichaeidae,Phytichthys,0
Planoglabratella opercularis,Foraminifera,outgroup,motu247,motu247,ASV472,parent,201,Planoglabratella opercularis,Foraminifera,outgroup,100,1.9499999999999998e-131,Eukaryota,Foraminifera,NA,Rotaliida,Glabratellidae,Planoglabratella,NA
Planoglabratella opercularis,Foraminifera,outgroup,motu247,motu247,ASV1368,parent,201,Planoglabratella opercularis,Foraminifera,outgroup,99.603,9.079999999999999e-130,Eukaryota,Foraminifera,NA,Rotaliida,Glabratellidae,Planoglabratella,NA
Pleuronectidae,Flatfish family,family,motu26,motu26,ASV29,parent,16,Pleuronectidae,Flatfish family,family,100,1.72e-85,Eukaryota,Chordata,Teleostei,Pleuronectiformes,Pleuronectidae,NA,0
Pleuronectidae,Flatfish family,family,motu26,motu26,ASV45,parent,16,Pleuronectidae,Flatfish family,family,100,1.72e-85,Eukaryota,Chordata,Teleostei,Pleuronectiformes,Pleuronectidae,NA,0
Pleuronectidae,Flatfish family,family,motu26,motu26,ASV53,parent,16,Pleuronectidae,Flatfish family,family,100,1.73e-85,Eukaryota,Chordata,Teleostei,Pleuronectiformes,Pleuronectidae,NA,0
Pleuronectidae,Flatfish family,family,motu26,motu26,ASV763,parent,16,Pleuronectidae,Flatfish family,family,99.408,8.02e-84,Eukaryota,Chordata,Teleostei,Pleuronectiformes,Pleuronectidae,NA,0
Pleuronectidae,Flatfish family,family,motu26,motu26,ASV838,parent,16,Pleuronectidae,Flatfish family,family,99.408,8.02e-84,Eukaryota,Chordata,Teleostei,Pleuronectiformes,Pleuronectidae,NA,0
Pleuronectidae,Flatfish family,family,motu26,motu26,ASV1123,parent,16,Pleuronectidae,Flatfish family,family,99.408,8.02e-84,Eukaryota,Chordata,Teleostei,Pleuronectiformes,Pleuronectidae,NA,0
Pleuronectidae,Flatfish family,family,motu26,motu26,ASV1179,parent,16,Pleuronectidae,Flatfish family,family,99.408,8.02e-84,Eukaryota,Chordata,Teleostei,Pleuronectiformes,Pleuronectidae,NA,0
Pleuronectidae,Flatfish family,family,motu26,motu26,ASV1252,parent,16,Pleuronectidae,Flatfish family,family,99.408,8.02e-84,Eukaryota,Chordata,Teleostei,Pleuronectiformes,Pleuronectidae,NA,0
Pleuronectidae,Flatfish family,family,motu26,motu26,ASV51,parent,16,Pleuronectidae,Flatfish family,family,100,1.73e-85,Eukaryota,Chordata,Teleostei,Pleuronectiformes,Pleuronectidae,NA,0
Pleuronectidae,Flatfish family,family,motu26,motu26,ASV146,parent,16,Pleuronectidae,Flatfish family,family,99.408,8.07e-84,Eukaryota,Chordata,Teleostei,Pleuronectiformes,Pleuronectidae,NA,0
Pleuronectidae,Flatfish family,family,motu26,motu26,ASV493,parent,16,Pleuronectidae,Flatfish family,family,99.408,8.07e-84,Eukaryota,Chordata,Teleostei,Pleuronectiformes,Pleuronectidae,NA,0
Pleuronectidae,Flatfish family,family,motu26,motu26,ASV506,parent,16,Pleuronectidae,Flatfish family,family,99.408,8.07e-84,Eukaryota,Chordata,Teleostei,Pleuronectiformes,Pleuronectidae,NA,0
Pleuronectidae,Flatfish family,family,motu48,motu48,ASV116,parent,37,Pleuronectidae,Flatfish family,family,100,1.73e-85,Eukaryota,Chordata,Teleostei,Pleuronectiformes,Pleuronectidae,NA,0
Pleuronectidae,Flatfish family,family,motu48,motu48,ASV113,parent,37,Pleuronectidae,Flatfish family,family,100,1.72e-85,Eukaryota,Chordata,Teleostei,Pleuronectiformes,Pleuronectidae,NA,0
Pleuronectidae,Flatfish family,family,motu48,motu48,ASV999,parent,37,Pleuronectidae,Flatfish family,family,99.408,8.07e-84,Eukaryota,Chordata,Teleostei,Pleuronectiformes,Pleuronectidae,NA,0
Pleuronectidae,Flatfish family,family,motu48,motu48,ASV839,parent,37,Pleuronectidae,Flatfish family,family,99.408,8.02e-84,Eukaryota,Chordata,Teleostei,Pleuronectiformes,Pleuronectidae,NA,0
Pleuronichthys coenosus,C-O sole,species,motu52,motu52,ASV66,parent,47,Pleuronichthys coenosus,C-O sole,species,100,1.72e-85,Eukaryota,Chordata,Teleostei,Pleuronectiformes,Pleuronectidae,Pleuronichthys,0
Pleuronichthys coenosus,C-O sole,species,motu52,motu52,ASV118,parent,47,Pleuronichthys coenosus,C-O sole,species,100,1.73e-85,Eukaryota,Chordata,Teleostei,Pleuronectiformes,Pleuronectidae,Pleuronichthys,0
Pleuronichthys guttulatus,Diamond turbot,species,motu152,motu152,ASV298,parent,131,Pleuronichthys guttulatus,Diamond turbot,species,100,1.72e-85,Eukaryota,Chordata,Teleostei,Pleuronectiformes,Pleuronectidae,Hypsopsetta,0
Pleuronichthys guttulatus,Diamond turbot,species,motu152,motu152,ASV325,parent,131,Pleuronichthys guttulatus,Diamond turbot,species,100,1.73e-85,Eukaryota,Chordata,Teleostei,Pleuronectiformes,Pleuronectidae,Hypsopsetta,0
Pogonichthys macrolepidotus,Sacramento splittail,species,motu138,motu138,ASV261,parent,149,Pogonichthys macrolepidotus,Sacramento splittail,species,100,2.32e-89,Eukaryota,Chordata,Teleostei,Cypriniformes,Cyprinidae,Pogonichthys,0
Pseudomonadota,Bacteria,outgroup,motu712,motu712,ASV1151,parent,727,Pseudomonadota,Bacteria,outgroup,100,5.4199999999999993e-132,Bacteria,Pseudomonadota,NA,Alteromonadales,Psychromonadaceae,Psychromonas,NA
Psychrolutes paradoxus,Tadpole sculpin,species,motu101,motu101,ASV157,parent,83,Psychrolutes paradoxus,Tadpole sculpin,species,100,1.73e-85,Eukaryota,Chordata,Teleostei,Perciformes,Psychrolutidae,Psychrolutes,0
Psychrolutes paradoxus,Tadpole sculpin,species,motu101,motu101,ASV167,parent,83,Psychrolutes paradoxus,Tadpole sculpin,species,100,1.72e-85,Eukaryota,Chordata,Teleostei,Perciformes,Psychrolutidae,Psychrolutes,0
Psychrolutes paradoxus,Tadpole sculpin,species,motu101,motu101,ASV304,parent,83,Psychrolutes paradoxus,Tadpole sculpin,species,99.408,8.02e-84,Eukaryota,Chordata,Teleostei,Perciformes,Psychrolutidae,Psychrolutes,0
Ptychocheilus oregonensis,Northern pikeminnow,species,motu271,motu271,ASV523,parent,297,Ptychocheilus oregonensis,Northern pikeminnow,species,100,8.28e-89,Eukaryota,Chordata,Teleostei,Cypriniformes,Cyprinidae,Ptychocheilus,1
Quietula y-cauda,American shadow goby,species,motu16,motu16,ASV17,parent,18,Quietula y-cauda,American shadow goby,species,100,6.150000000000001e-85,Eukaryota,Chordata,Teleostei,Gobiiformes,Gobiidae,Quietula,0
Quietula y-cauda,American shadow goby,species,motu16,motu16,ASV159,parent,18,Quietula y-cauda,American shadow goby,species,99.405,2.86e-83,Eukaryota,Chordata,Teleostei,Gobiiformes,Gobiidae,Quietula,0
Quietula y-cauda,American shadow goby,species,motu16,motu16,ASV199,parent,18,Quietula y-cauda,American shadow goby,species,99.405,2.86e-83,Eukaryota,Chordata,Teleostei,Gobiiformes,Gobiidae,Quietula,0
Quietula y-cauda,American shadow goby,species,motu16,motu16,ASV206,parent,18,Quietula y-cauda,American shadow goby,species,99.405,2.86e-83,Eukaryota,Chordata,Teleostei,Gobiiformes,Gobiidae,Quietula,0
Quietula y-cauda,American shadow goby,species,motu16,motu16,ASV495,parent,18,Quietula y-cauda,American shadow goby,species,99.405,2.86e-83,Eukaryota,Chordata,Teleostei,Gobiiformes,Gobiidae,Quietula,0
Rimicola muscarum,Kelp clingfish,species,motu82,motu82,ASV125,parent,95,Rimicola muscarum,Kelp clingfish,species,100,6.150000000000001e-85,Eukaryota,Chordata,Teleostei,Gobiesociformes,Gobiesocidae,Rimicola,0
Roncador stearnsii,Spotfin croaker,species,motu290,motu290,ASV551,parent,314,Roncador stearnsii,Spotfin croaker,species,100,6.150000000000001e-85,Eukaryota,Chordata,Teleostei,Eupercaria incertae sedis,Sciaenidae,Roncador,0
Salmo salar,Atlantic salmon,species,motu97,motu97,ASV149,parent,84,Salmo salar,Atlantic salmon,species,99.412,2.24e-84,Eukaryota,Chordata,Teleostei,Salmoniformes,Salmonidae,Salmo,0
Salmo salar,Atlantic salmon,species,motu97,motu97,ASV215,parent,84,Salmo salar,Atlantic salmon,species,100,4.82e-86,Eukaryota,Chordata,Teleostei,Salmoniformes,Salmonidae,Salmo,0
Salmo salar,Atlantic salmon,species,motu97,motu97,ASV1945,parent,84,Salmo salar,Atlantic salmon,species,99.408,8.02e-84,Eukaryota,Chordata,Teleostei,Salmoniformes,Salmonidae,Salmo,0
Salmo salar,Atlantic salmon,species,motu97,motu97,ASV1946,parent,84,Salmo salar,Atlantic salmon,species,99.412,2.24e-84,Eukaryota,Chordata,Teleostei,Salmoniformes,Salmonidae,Salmo,0
Salmo salar,Atlantic salmon,species,motu121,motu121,ASV203,parent,104,Salmo salar,Atlantic salmon,species,100,4.8600000000000005e-86,Eukaryota,Chordata,Teleostei,Salmoniformes,Salmonidae,Salmo,0
Salmo salar,Atlantic salmon,species,motu121,motu121,ASV432,parent,104,Salmo salar,Atlantic salmon,species,100,4.82e-86,Eukaryota,Chordata,Teleostei,Salmoniformes,Salmonidae,Salmo,0
Salvelinus,Char species,genus,motu486,motu486,ASV858,parent,512,Salvelinus,Char species,genus,100,4.8600000000000005e-86,Eukaryota,Chordata,Teleostei,Salmoniformes,Salmonidae,Salvelinus,0
Salvelinus malma,Dolly varden,species,motu56,motu56,ASV72,parent,51,Salvelinus malma,Dolly varden,species,100,4.82e-86,Eukaryota,Chordata,Teleostei,Salmoniformes,Salmonidae,Salvelinus,0
Salvelinus malma,Dolly varden,species,motu56,motu56,ASV780,parent,51,Salvelinus malma,Dolly varden,species,100,4.8600000000000005e-86,Eukaryota,Chordata,Teleostei,Salmoniformes,Salmonidae,Salvelinus,0
Salvelinus malma,Dolly varden,species,motu56,motu56,ASV1198,parent,51,Salvelinus malma,Dolly varden,species,99.412,2.26e-84,Eukaryota,Chordata,Teleostei,Salmoniformes,Salmonidae,Salvelinus,0
Sardinops sagax,South American pilchard,species,motu33,motu33,ASV39,parent,33,Sardinops sagax,South American pilchard,species,100,1.0599999999999998e-87,Eukaryota,Chordata,Teleostei,Clupeiformes,Alosidae,Sardinops,0
Sardinops sagax,South American pilchard,species,motu33,motu33,ASV106,parent,33,Sardinops sagax,South American pilchard,species,99.422,4.92e-86,Eukaryota,Chordata,Teleostei,Clupeiformes,Alosidae,Sardinops,0
Sardinops sagax,South American pilchard,species,motu33,motu33,ASV352,parent,33,Sardinops sagax,South American pilchard,species,99.422,4.92e-86,Eukaryota,Chordata,Teleostei,Clupeiformes,Alosidae,Sardinops,0
Sardinops sagax,South American pilchard,species,motu33,motu33,ASV355,parent,33,Sardinops sagax,South American pilchard,species,99.422,4.92e-86,Eukaryota,Chordata,Teleostei,Clupeiformes,Alosidae,Sardinops,0
Sardinops sagax,South American pilchard,species,motu33,motu33,ASV468,parent,33,Sardinops sagax,South American pilchard,species,99.422,4.92e-86,Eukaryota,Chordata,Teleostei,Clupeiformes,Alosidae,Sardinops,0
Sardinops sagax,South American pilchard,species,motu33,motu33,ASV479,parent,33,Sardinops sagax,South American pilchard,species,99.422,4.92e-86,Eukaryota,Chordata,Teleostei,Clupeiformes,Alosidae,Sardinops,0
Sardinops sagax,South American pilchard,species,motu33,motu33,ASV575,parent,33,Sardinops sagax,South American pilchard,species,99.422,4.92e-86,Eukaryota,Chordata,Teleostei,Clupeiformes,Alosidae,Sardinops,0
Sardinops sagax,South American pilchard,species,motu33,motu33,ASV404,parent,33,Sardinops sagax,South American pilchard,species,98.844,2.29e-84,Eukaryota,Chordata,Teleostei,Clupeiformes,Alosidae,Sardinops,0
Sardinops sagax,South American pilchard,species,motu33,motu33,ASV698,parent,33,Sardinops sagax,South American pilchard,species,98.844,2.29e-84,Eukaryota,Chordata,Teleostei,Clupeiformes,Alosidae,Sardinops,0
Sardinops sagax,South American pilchard,species,motu107,motu107,ASV168,parent,90,Sardinops sagax,South American pilchard,species,100,1.0599999999999998e-87,Eukaryota,Chordata,Teleostei,Clupeiformes,Alosidae,Sardinops,0
Sardinops sagax,South American pilchard,species,motu107,motu107,ASV258,parent,90,Sardinops sagax,South American pilchard,species,99.422,4.92e-86,Eukaryota,Chordata,Teleostei,Clupeiformes,Alosidae,Sardinops,0
Sardinops sagax,South American pilchard,species,motu107,motu107,ASV593,parent,90,Sardinops sagax,South American pilchard,species,99.422,4.92e-86,Eukaryota,Chordata,Teleostei,Clupeiformes,Alosidae,Sardinops,0
Sardinops sagax,South American pilchard,species,motu233,motu233,ASV447,parent,252,Sardinops sagax,South American pilchard,species,98.844,2.29e-84,Eukaryota,Chordata,Teleostei,Clupeiformes,Alosidae,Sardinops,0
Sardinops sagax,South American pilchard,species,motu265,motu265,ASV513,parent,292,Sardinops sagax,South American pilchard,species,98.844,2.29e-84,Eukaryota,Chordata,Teleostei,Clupeiformes,Alosidae,Sardinops,0
Scomber japonicus,Chub mackerel,species,motu130,motu130,ASV236,parent,116,Scomber japonicus,Chub mackerel,species,100,1.72e-85,Eukaryota,Chordata,Teleostei,Scombriformes,Scombridae,Scomber,0
Scomber japonicus,Chub mackerel,species,motu130,motu130,ASV543,parent,116,Scomber japonicus,Chub mackerel,species,100,1.73e-85,Eukaryota,Chordata,Teleostei,Scombriformes,Scombridae,Scomber,0
Scombridae,NA,NA,motu60,motu60,ASV78,parent,56,Scombridae,NA,family,94.675,1.77e-70,Eukaryota,Chordata,Teleostei,Scombriformes,Scombridae,NA,0
Scombridae,NA,NA,motu60,motu60,ASV632,parent,56,Scombridae,NA,family,94.083,8.239999999999999e-69,Eukaryota,Chordata,Teleostei,Scombriformes,Scombridae,NA,0
Scorpaenichthys marmoratus,Cabezon,species,motu57,motu57,ASV74,parent,75,Scorpaenichthys marmoratus,Cabezon,species,100,6.150000000000001e-85,Eukaryota,Chordata,Teleostei,Perciformes,Jordaniidae,Scorpaenichthys,0
Sebastes,Rockfish species,genus,motu15,motu15,ASV16,parent,17,Sebastes,Rockfish species,genus,100,6.150000000000001e-85,Eukaryota,Chordata,Teleostei,Perciformes,Sebastidae,Sebastes,0
Sebastes,Rockfish species,genus,motu15,motu15,ASV854,parent,17,Sebastes,Rockfish species,genus,100,6.150000000000001e-85,Eukaryota,Chordata,Teleostei,Perciformes,Sebastidae,Sebastes,0
Sebastes,Rockfish species,genus,motu23,motu23,ASV26,parent,43,Sebastes,Rockfish species,genus,100,6.150000000000001e-85,Eukaryota,Chordata,Teleostei,Perciformes,Sebastidae,Sebastes,0
Sebastes,Rockfish species,genus,motu1379,motu1379,ASV2021,parent,1380,Sebastes,Rockfish species,genus,100,8.12e-85,Eukaryota,Chordata,Teleostei,Perciformes,Sebastidae,Sebastes,0
Sebastes entomelas,Widow rockfish,species,motu54,motu54,ASV70,parent,49,Sebastes entomelas,Widow rockfish,species,100,6.150000000000001e-85,Eukaryota,Chordata,Teleostei,Perciformes,Sebastidae,Sebastes,0
Sebastes entomelas,Widow rockfish,species,motu54,motu54,ASV291,parent,49,Sebastes entomelas,Widow rockfish,species,99.405,2.86e-83,Eukaryota,Chordata,Teleostei,Perciformes,Sebastidae,Sebastes,0
Sebastes paucispinis,Bocaccio rockfish,species,motu352,motu352,ASV650,parent,370,Sebastes paucispinis,Bocaccio rockfish,species,100,6.150000000000001e-85,Eukaryota,Chordata,Teleostei,Perciformes,Sebastidae,Sebastes,0
Seriola lalandi,Yellowtail amberjack,species,motu86,motu86,ASV131,parent,82,Seriola lalandi,Yellowtail amberjack,species,100,1.72e-85,Eukaryota,Chordata,Teleostei,Carangiformes,Carangidae,Seriola,0
Seriola lalandi,Yellowtail amberjack,species,motu86,motu86,ASV421,parent,82,Seriola lalandi,Yellowtail amberjack,species,99.408,8.02e-84,Eukaryota,Chordata,Teleostei,Carangiformes,Carangidae,Seriola,0
Seriphus politus,Queenfish,species,motu157,motu157,ASV309,parent,171,Seriphus politus,Queenfish,species,100,6.150000000000001e-85,Eukaryota,Chordata,Teleostei,Eupercaria incertae sedis,Sciaenidae,Seriphus,0
Serratia,Bacteria,outgroup,motu264,motu264,ASV508,parent,291,Serratia,Bacteria,outgroup,100,1.17e-92,Bacteria,Pseudomonadota,Gammaproteobacteria,Enterobacterales,Yersiniaceae,Serratia,NA
Strongylura exilis,Californian needlefish,species,motu188,motu188,ASV366,parent,202,Strongylura exilis,Californian needlefish,species,100,1.73e-85,Eukaryota,Chordata,Teleostei,Beloniformes,Belonidae,Strongylura,0
Sus scrofa,Pig family,outgroup,motu80,motu80,ASV122,parent,76,Sus scrofa,Pig family,outgroup,100,4.82e-86,Eukaryota,Chordata,Mammalia,Artiodactyla,Suidae,Sus,NA
Sus scrofa,Pig family,outgroup,motu80,motu80,ASV232,parent,76,Sus scrofa,Pig family,outgroup,100,4.82e-86,Eukaryota,Chordata,Mammalia,Artiodactyla,Suidae,Sus,NA
Sus scrofa,Pig family,outgroup,motu80,motu80,ASV791,parent,76,Sus scrofa,Pig family,outgroup,100,1.3500000000000001e-86,Eukaryota,Chordata,Mammalia,Artiodactyla,Suidae,Sus,NA
Sus scrofa,Pig family,outgroup,motu80,motu80,ASV561,parent,76,Sus scrofa,Pig family,outgroup,100,4.8600000000000005e-86,Eukaryota,Chordata,Mammalia,Artiodactyla,Suidae,Sus,NA
Sus scrofa,Pig family,outgroup,motu232,motu232,ASV445,parent,251,Sus scrofa,Pig family,outgroup,100,1.73e-85,Eukaryota,Chordata,Mammalia,Artiodactyla,Suidae,Sus,NA
Syngnathus,Pipefish species,genus,motu11,motu11,ASV12,parent,12,Syngnathus,Pipefish species,genus,100,2.2e-84,Eukaryota,Chordata,Teleostei,Syngnathiformes,Syngnathidae,Syngnathus,0
Syngnathus,Pipefish species,genus,motu11,motu11,ASV269,parent,12,Syngnathus,Pipefish species,genus,99.401,1.0199999999999999e-82,Eukaryota,Chordata,Teleostei,Syngnathiformes,Syngnathidae,Syngnathus,0
Syngnathus,Pipefish species,genus,motu13,motu13,ASV14,parent,13,Syngnathus,Pipefish species,genus,100,2.23e-84,Eukaryota,Chordata,Teleostei,Syngnathiformes,Syngnathidae,Syngnathus,0
Syngnathus,Pipefish species,genus,motu13,motu13,ASV710,parent,13,Syngnathus,Pipefish species,genus,99.401,1.0399999999999999e-82,Eukaryota,Chordata,Teleostei,Syngnathiformes,Syngnathidae,Syngnathus,0
Syngnathus auliscus,Barred pipefish,species,motu129,motu129,ASV234,parent,139,Syngnathus auliscus,Barred pipefish,species,100,2.2e-84,Eukaryota,Chordata,Teleostei,Syngnathiformes,Syngnathidae,Syngnathus,0
Syngnathus,Pipefish species,genus,motu11,motu11,ASV96,parent,12,Syngnathus californiensis,Bay pipefish,species,100,2.2e-84,Eukaryota,Chordata,Teleostei,Syngnathiformes,Syngnathidae,Syngnathus,0
Syngnathus,Pipefish species,genus,motu11,motu11,ASV707,parent,12,Syngnathus californiensis,Bay pipefish,species,99.401,1.0199999999999999e-82,Eukaryota,Chordata,Teleostei,Syngnathiformes,Syngnathidae,Syngnathus,0
Syngnathus,Pipefish species,genus,motu11,motu11,ASV185,parent,12,Syngnathus exilis,Barcheek pipefish,species,100,2.2e-84,Eukaryota,Chordata,Teleostei,Syngnathiformes,Syngnathidae,Syngnathus,0
Tautogolabrus adspersus,Cunner no records,species,motu43,motu43,ASV56,parent,39,Tautogolabrus adspersus,Cunner no records,species,100,4.82e-86,Eukaryota,Chordata,Teleostei,Eupercaria incertae sedis,Labridae,Tautogolabrus,0
Tautogolabrus adspersus,Cunner no records,species,motu43,motu43,ASV64,parent,39,Tautogolabrus adspersus,Cunner no records,species,100,4.8600000000000005e-86,Eukaryota,Chordata,Teleostei,Eupercaria incertae sedis,Labridae,Tautogolabrus,0
Tautogolabrus adspersus,Cunner no records,species,motu43,motu43,ASV620,parent,39,Tautogolabrus adspersus,Cunner no records,species,99.412,2.26e-84,Eukaryota,Chordata,Teleostei,Eupercaria incertae sedis,Labridae,Tautogolabrus,0
Teleostei,Unknown fish,class,motu128,motu128,ASV231,parent,109,Teleostei,Unknown fish,class,86.62,1.1099999999999998e-37,Eukaryota,Chordata,Teleostei,NA,Percidae,Perca,0
Teleostei,Unknown fish,class,motu128,motu128,ASV276,parent,109,Teleostei,Unknown fish,class,86.62,1.12e-37,Eukaryota,Chordata,Teleostei,NA,Percidae,Perca,0
Teleostei,Unknown fish,class,motu137,motu137,ASV260,parent,148,Teleostei,Unknown fish,class,85.294,8.480000000000001e-44,Eukaryota,Chordata,Teleostei,NA,Gobiesocidae,Gobiesox,0
Thalassiosira sp.,Diatom,outgroup,motu378,motu378,ASV687,parent,395,Thalassiosira sp.,Diatom,outgroup,100,1.9499999999999998e-131,Eukaryota,Bacillariophyta,Coscinodiscophyceae,Thalassiosirales,Thalassiosiraceae,Thalassiosira,NA
Thunnus,Tuna species,genus,motu68,motu68,ASV95,parent,63,Thunnus,Tuna species,genus,100,6.150000000000001e-85,Eukaryota,Chordata,Teleostei,Scombriformes,Scombridae,Thunnus,0
Thunnus,Tuna species,genus,motu68,motu68,ASV322,parent,63,Thunnus,Tuna species,genus,99.405,2.86e-83,Eukaryota,Chordata,Teleostei,Scombriformes,Scombridae,Thunnus,0
Trachurus symmetricus,Pacific jack mackerel,species,motu146,motu146,ASV288,parent,159,Trachurus symmetricus,Pacific jack mackerel,species,100,4.8600000000000005e-86,Eukaryota,Chordata,Teleostei,Carangiformes,Carangidae,Trachurus,0
Tridentiger trigonocephalus,Chameleon goby invasive,species,motu123,motu123,ASV211,parent,130,Tridentiger trigonocephalus,Chameleon goby invasive,species,100,6.150000000000001e-85,Eukaryota,Chordata,Teleostei,Gobiiformes,Gobiidae,Tridentiger,0
Typhlogobius californiensis,Blind goby,species,motu211,motu211,ASV406,parent,228,Typhlogobius californiensis,Blind goby,species,100,6.150000000000001e-85,Eukaryota,Chordata,Teleostei,Gobiiformes,Gobiidae,Typhlogobius,0
Umbrina roncador,Yellowfin drum,species,motu45,motu45,ASV58,parent,46,Umbrina roncador,Yellowfin drum,species,100,1.72e-85,Eukaryota,Chordata,Teleostei,Eupercaria incertae sedis,Sciaenidae,Umbrina,0
Umbrina roncador,Yellowfin drum,species,motu45,motu45,ASV214,parent,46,Umbrina roncador,Yellowfin drum,species,100,1.73e-85,Eukaryota,Chordata,Teleostei,Eupercaria incertae sedis,Sciaenidae,Umbrina,0
Unknown organism,Unknown organism,outgroup,motu64,motu64,ASV87,parent,53,Unknown organism,Unknown organism,outgroup,100,5.4199999999999993e-132,NA,NA,NA,NA,NA,NA,NA
Unknown organism,Unknown organism,outgroup,motu64,motu64,ASV127,parent,53,Unknown organism,Unknown organism,outgroup,100,5.4199999999999993e-132,NA,NA,NA,NA,NA,NA,NA
Unknown organism,Unknown organism,outgroup,motu64,motu64,ASV1544,parent,53,Unknown organism,Unknown organism,outgroup,99.605,2.5199999999999995e-130,NA,NA,NA,NA,NA,NA,NA
Unknown organism,Unknown organism,outgroup,motu64,motu64,ASV1760,parent,53,Unknown organism,Unknown organism,outgroup,99.605,2.5199999999999995e-130,NA,NA,NA,NA,NA,NA,NA
Unknown organism,Unknown organism,outgroup,motu64,motu64,ASV196,parent,53,Unknown organism,Unknown organism,outgroup,100,5.4199999999999993e-132,NA,NA,NA,NA,NA,NA,NA
Unknown organism,Unknown organism,outgroup,motu64,motu64,ASV731,parent,53,Unknown organism,Unknown organism,outgroup,99.605,2.5199999999999995e-130,NA,NA,NA,NA,NA,NA,NA
Unknown organism,Unknown organism,outgroup,motu64,motu64,ASV998,parent,53,Unknown organism,Unknown organism,outgroup,100,5.4199999999999993e-132,NA,NA,NA,NA,NA,NA,NA
Unknown organism,Unknown organism,outgroup,motu64,motu64,ASV1318,parent,53,Unknown organism,Unknown organism,outgroup,99.605,2.5199999999999995e-130,NA,NA,NA,NA,NA,NA,NA
Unknown organism,Unknown organism,outgroup,motu64,motu64,ASV1076,parent,53,Unknown organism,Unknown organism,outgroup,99.605,2.5199999999999995e-130,NA,NA,NA,NA,NA,NA,NA
Unknown organism,Unknown organism,outgroup,motu64,motu64,ASV1476,parent,53,Unknown organism,Unknown organism,outgroup,100,5.4199999999999993e-132,NA,NA,NA,NA,NA,NA,NA
Unknown organism,Unknown organism,outgroup,motu113,motu113,ASV184,parent,122,Unknown organism,Unknown organism,outgroup,98.425,2.54e-125,NA,NA,NA,NA,NA,NA,NA
Unknown organism,Unknown organism,outgroup,motu131,motu131,ASV237,parent,140,Unknown organism,Unknown organism,outgroup,100,1.9499999999999998e-131,NA,NA,NA,NA,NA,NA,NA
Unknown organism,Unknown organism,outgroup,motu132,motu132,ASV240,parent,118,Unknown organism,Unknown organism,outgroup,97.222,9.21e-120,NA,NA,NA,NA,NA,NA,NA
Unknown organism,Unknown organism,outgroup,motu139,motu139,ASV263,parent,150,Unknown organism,Unknown organism,outgroup,100,1.9499999999999998e-131,NA,NA,NA,NA,NA,NA,NA
Unknown organism,Unknown organism,outgroup,motu149,motu149,ASV294,parent,164,Unknown organism,Unknown organism,outgroup,100,5.4199999999999993e-132,NA,NA,NA,NA,NA,NA,NA
Unknown organism,Unknown organism,outgroup,motu150,motu150,ASV295,parent,138,Unknown organism,Unknown organism,outgroup,100,5.4199999999999993e-132,NA,NA,NA,NA,NA,NA,NA
Unknown organism,Unknown organism,outgroup,motu150,motu150,ASV1479,parent,138,Unknown organism,Unknown organism,outgroup,99.605,2.5199999999999995e-130,NA,NA,NA,NA,NA,NA,NA
Unknown organism,Unknown organism,outgroup,motu156,motu156,ASV308,parent,142,Unknown organism,Unknown organism,outgroup,95.652,1.1999999999999999e-113,NA,NA,NA,NA,NA,NA,NA
Unknown organism,Unknown organism,outgroup,motu156,motu156,ASV1835,parent,142,Unknown organism,Unknown organism,outgroup,95.257,5.579999999999999e-112,NA,NA,NA,NA,NA,NA,NA
Unknown organism,Unknown organism,outgroup,motu160,motu160,ASV314,parent,174,Unknown organism,Unknown organism,outgroup,100,5.4199999999999993e-132,NA,NA,NA,NA,NA,NA,NA
Unknown organism,Unknown organism,outgroup,motu163,motu163,ASV327,parent,181,Unknown organism,Unknown organism,outgroup,100,5.4199999999999993e-132,NA,NA,NA,NA,NA,NA,NA
Unknown organism,Unknown organism,outgroup,motu169,motu169,ASV333,parent,186,Unknown organism,Unknown organism,outgroup,100,1.9499999999999998e-131,NA,NA,NA,NA,NA,NA,NA
Unknown organism,Unknown organism,outgroup,motu174,motu174,ASV341,parent,143,Unknown organism,Unknown organism,outgroup,100,1.9499999999999998e-131,NA,NA,NA,NA,NA,NA,NA
Unknown organism,Unknown organism,outgroup,motu174,motu174,ASV457,parent,143,Unknown organism,Unknown organism,outgroup,100,1.9499999999999998e-131,NA,NA,NA,NA,NA,NA,NA
Unknown organism,Unknown organism,outgroup,motu174,motu174,ASV722,parent,143,Unknown organism,Unknown organism,outgroup,99.603,9.079999999999999e-130,NA,NA,NA,NA,NA,NA,NA
Unknown organism,Unknown organism,outgroup,motu174,motu174,ASV1452,parent,143,Unknown organism,Unknown organism,outgroup,99.603,9.079999999999999e-130,NA,NA,NA,NA,NA,NA,NA
Unknown organism,Unknown organism,outgroup,motu174,motu174,ASV1802,parent,143,Unknown organism,Unknown organism,outgroup,99.603,9.079999999999999e-130,NA,NA,NA,NA,NA,NA,NA
Unknown organism,Unknown organism,outgroup,motu174,motu174,ASV1988,parent,143,Unknown organism,Unknown organism,outgroup,99.603,9.079999999999999e-130,NA,NA,NA,NA,NA,NA,NA
Bacteria,Bacteria,outgroup,motu178,motu178,ASV688,parent,155,Unknown organism,Unknown organism,outgroup,99.603,9.079999999999999e-130,NA,NA,NA,NA,NA,NA,NA
Unknown organism,Unknown organism,outgroup,motu179,motu179,ASV347,parent,194,Unknown organism,Unknown organism,outgroup,97.628,5.5e-122,NA,NA,NA,NA,NA,NA,NA
Unknown organism,Unknown organism,outgroup,motu180,motu180,ASV349,parent,157,Unknown organism,Unknown organism,outgroup,100,5.4199999999999993e-132,NA,NA,NA,NA,NA,NA,NA
Unknown organism,Unknown organism,outgroup,motu180,motu180,ASV1163,parent,157,Unknown organism,Unknown organism,outgroup,99.605,2.5199999999999995e-130,NA,NA,NA,NA,NA,NA,NA
Unknown organism,Unknown organism,outgroup,motu180,motu180,ASV1287,parent,157,Unknown organism,Unknown organism,outgroup,99.605,2.5199999999999995e-130,NA,NA,NA,NA,NA,NA,NA
Unknown organism,Unknown organism,outgroup,motu180,motu180,ASV1385,parent,157,Unknown organism,Unknown organism,outgroup,99.605,2.5199999999999995e-130,NA,NA,NA,NA,NA,NA,NA
Unknown organism,Unknown organism,outgroup,motu180,motu180,ASV1437,parent,157,Unknown organism,Unknown organism,outgroup,99.605,2.5199999999999995e-130,NA,NA,NA,NA,NA,NA,NA
Unknown organism,Unknown organism,outgroup,motu181,motu181,ASV350,parent,196,Unknown organism,Unknown organism,outgroup,100,1.9499999999999998e-131,NA,NA,NA,NA,NA,NA,NA
Unknown organism,Unknown organism,outgroup,motu183,motu183,ASV354,parent,153,Unknown organism,Unknown organism,outgroup,100,1.9499999999999998e-131,NA,NA,NA,NA,NA,NA,NA
Unknown organism,Unknown organism,outgroup,motu183,motu183,ASV537,parent,153,Unknown organism,Unknown organism,outgroup,100,5.4199999999999993e-132,NA,NA,NA,NA,NA,NA,NA
Unknown organism,Unknown organism,outgroup,motu183,motu183,ASV1412,parent,153,Unknown organism,Unknown organism,outgroup,100,1.9499999999999998e-131,NA,NA,NA,NA,NA,NA,NA
Unknown organism,Unknown organism,outgroup,motu185,motu185,ASV357,parent,156,Unknown organism,Unknown organism,outgroup,100,5.4199999999999993e-132,NA,NA,NA,NA,NA,NA,NA
Unknown organism,Unknown organism,outgroup,motu185,motu185,ASV622,parent,156,Unknown organism,Unknown organism,outgroup,100,1.9499999999999998e-131,NA,NA,NA,NA,NA,NA,NA
Unknown organism,Unknown organism,outgroup,motu185,motu185,ASV1058,parent,156,Unknown organism,Unknown organism,outgroup,99.605,2.5199999999999995e-130,NA,NA,NA,NA,NA,NA,NA
Unknown organism,Unknown organism,outgroup,motu185,motu185,ASV1283,parent,156,Unknown organism,Unknown organism,outgroup,100,1.9499999999999998e-131,NA,NA,NA,NA,NA,NA,NA
Unknown organism,Unknown organism,outgroup,motu189,motu189,ASV367,parent,204,Unknown organism,Unknown organism,outgroup,100,1.9499999999999998e-131,NA,NA,NA,NA,NA,NA,NA
Unknown organism,Unknown organism,outgroup,motu190,motu190,ASV368,parent,151,Unknown organism,Unknown organism,outgroup,100,1.9499999999999998e-131,NA,NA,NA,NA,NA,NA,NA
Unknown organism,Unknown organism,outgroup,motu190,motu190,ASV446,parent,151,Unknown organism,Unknown organism,outgroup,100,5.4199999999999993e-132,NA,NA,NA,NA,NA,NA,NA
Unknown organism,Unknown organism,outgroup,motu193,motu193,ASV372,parent,209,Unknown organism,Unknown organism,outgroup,98.81,1.9599999999999997e-126,NA,NA,NA,NA,NA,NA,NA
Unknown organism,Unknown organism,outgroup,motu206,motu206,ASV397,parent,160,Unknown organism,Unknown organism,outgroup,100,5.4199999999999993e-132,NA,NA,NA,NA,NA,NA,NA
Unknown organism,Unknown organism,outgroup,motu206,motu206,ASV548,parent,160,Unknown organism,Unknown organism,outgroup,100,5.4199999999999993e-132,NA,NA,NA,NA,NA,NA,NA
Unknown organism,Unknown organism,outgroup,motu207,motu207,ASV398,parent,224,Unknown organism,Unknown organism,outgroup,93.469,7.419999999999999e-101,NA,NA,NA,NA,NA,NA,NA
Unknown organism,Unknown organism,outgroup,motu208,motu208,ASV399,parent,225,Unknown organism,Unknown organism,outgroup,94.466,1.21e-108,NA,NA,NA,NA,NA,NA,NA
Unknown organism,Unknown organism,outgroup,motu214,motu214,ASV411,parent,172,Unknown organism,Unknown organism,outgroup,94.094,5.62e-107,NA,NA,NA,NA,NA,NA,NA
Unknown organism,Unknown organism,outgroup,motu214,motu214,ASV1444,parent,172,Unknown organism,Unknown organism,outgroup,94.118,5.62e-107,NA,NA,NA,NA,NA,NA,NA
Unknown organism,Unknown organism,outgroup,motu214,motu214,ASV1838,parent,172,Unknown organism,Unknown organism,outgroup,93.701,2.6100000000000002e-105,NA,NA,NA,NA,NA,NA,NA
Unknown organism,Unknown organism,outgroup,motu217,motu217,ASV415,parent,233,Unknown organism,Unknown organism,outgroup,85.714,2.75e-70,NA,NA,NA,NA,NA,NA,NA
Unknown organism,Unknown organism,outgroup,motu218,motu218,ASV416,parent,234,Unknown organism,Unknown organism,outgroup,100,5.4199999999999993e-132,NA,NA,NA,NA,NA,NA,NA
Unknown organism,Unknown organism,outgroup,motu228,motu228,ASV438,parent,176,Unknown organism,Unknown organism,outgroup,100,1.9499999999999998e-131,NA,NA,NA,NA,NA,NA,NA
Unknown organism,Unknown organism,outgroup,motu228,motu228,ASV866,parent,176,Unknown organism,Unknown organism,outgroup,100,1.9499999999999998e-131,NA,NA,NA,NA,NA,NA,NA
Unknown organism,Unknown organism,outgroup,motu239,motu239,ASV455,parent,158,Unknown organism,Unknown organism,outgroup,100,1.9499999999999998e-131,NA,NA,NA,NA,NA,NA,NA
Unknown organism,Unknown organism,outgroup,motu239,motu239,ASV496,parent,158,Unknown organism,Unknown organism,outgroup,100,5.4199999999999993e-132,NA,NA,NA,NA,NA,NA,NA
Unknown organism,Unknown organism,outgroup,motu239,motu239,ASV528,parent,158,Unknown organism,Unknown organism,outgroup,100,5.4199999999999993e-132,NA,NA,NA,NA,NA,NA,NA
Unknown organism,Unknown organism,outgroup,motu239,motu239,ASV887,parent,158,Unknown organism,Unknown organism,outgroup,100,5.4199999999999993e-132,NA,NA,NA,NA,NA,NA,NA
Unknown organism,Unknown organism,outgroup,motu242,motu242,ASV461,parent,261,Unknown organism,Unknown organism,outgroup,100,1.9499999999999998e-131,NA,NA,NA,NA,NA,NA,NA
Unknown organism,Unknown organism,outgroup,motu270,motu270,ASV522,parent,222,Unknown organism,Unknown organism,outgroup,100,5.4199999999999993e-132,NA,NA,NA,NA,NA,NA,NA
Unknown organism,Unknown organism,outgroup,motu270,motu270,ASV1436,parent,222,Unknown organism,Unknown organism,outgroup,100,5.4199999999999993e-132,NA,NA,NA,NA,NA,NA,NA
Unknown organism,Unknown organism,outgroup,motu281,motu281,ASV539,parent,307,Unknown organism,Unknown organism,outgroup,99.603,9.079999999999999e-130,NA,NA,NA,NA,NA,NA,NA
Unknown organism,Unknown organism,outgroup,motu282,motu282,ASV540,parent,240,Unknown organism,Unknown organism,outgroup,99.605,2.5199999999999995e-130,NA,NA,NA,NA,NA,NA,NA
Unknown organism,Unknown organism,outgroup,motu282,motu282,ASV1642,parent,240,Unknown organism,Unknown organism,outgroup,100,5.4199999999999993e-132,NA,NA,NA,NA,NA,NA,NA
Bacteria,Bacteria,outgroup,motu283,motu283,ASV792,parent,206,Unknown organism,Unknown organism,outgroup,100,5.4199999999999993e-132,NA,NA,NA,NA,NA,NA,NA
Unknown organism,Unknown organism,outgroup,motu284,motu284,ASV542,parent,308,Unknown organism,Unknown organism,outgroup,100,1.9499999999999998e-131,NA,NA,NA,NA,NA,NA,NA
Unknown organism,Unknown organism,outgroup,motu287,motu287,ASV547,parent,311,Unknown organism,Unknown organism,outgroup,92.369,7.369999999999999e-96,NA,NA,NA,NA,NA,NA,NA
Unknown organism,Unknown organism,outgroup,motu293,motu293,ASV556,parent,317,Unknown organism,Unknown organism,outgroup,100,5.4199999999999993e-132,NA,NA,NA,NA,NA,NA,NA
Unknown organism,Unknown organism,outgroup,motu294,motu294,ASV557,parent,237,Unknown organism,Unknown organism,outgroup,100,5.4199999999999993e-132,NA,NA,NA,NA,NA,NA,NA
Unknown organism,Unknown organism,outgroup,motu294,motu294,ASV1128,parent,237,Unknown organism,Unknown organism,outgroup,99.605,2.5199999999999995e-130,NA,NA,NA,NA,NA,NA,NA
Unknown organism,Unknown organism,outgroup,motu294,motu294,ASV1268,parent,237,Unknown organism,Unknown organism,outgroup,99.605,2.5199999999999995e-130,NA,NA,NA,NA,NA,NA,NA
Unknown organism,Unknown organism,outgroup,motu296,motu296,ASV559,parent,319,Unknown organism,Unknown organism,outgroup,100,1.9499999999999998e-131,NA,NA,NA,NA,NA,NA,NA
Unknown organism,Unknown organism,outgroup,motu299,motu299,ASV567,parent,321,Unknown organism,Unknown organism,outgroup,100,1.9499999999999998e-131,NA,NA,NA,NA,NA,NA,NA
Unknown organism,Unknown organism,outgroup,motu300,motu300,ASV568,parent,322,Unknown organism,Unknown organism,outgroup,100,1.9499999999999998e-131,NA,NA,NA,NA,NA,NA,NA
Unknown organism,Unknown organism,outgroup,motu303,motu303,ASV571,parent,325,Unknown organism,Unknown organism,outgroup,88.889,9.67e-85,NA,NA,NA,NA,NA,NA,NA
Unknown organism,Unknown organism,outgroup,motu306,motu306,ASV574,parent,329,Unknown organism,Unknown organism,outgroup,99.603,9.079999999999999e-130,NA,NA,NA,NA,NA,NA,NA
Unknown organism,Unknown organism,outgroup,motu309,motu309,ASV579,parent,333,Unknown organism,Unknown organism,outgroup,100,1.9499999999999998e-131,NA,NA,NA,NA,NA,NA,NA
Unknown organism,Unknown organism,outgroup,motu310,motu310,ASV580,parent,334,Unknown organism,Unknown organism,outgroup,99.206,4.2199999999999997e-128,NA,NA,NA,NA,NA,NA,NA
Unknown organism,Unknown organism,outgroup,motu311,motu311,ASV582,parent,257,Unknown organism,Unknown organism,outgroup,100,1.9499999999999998e-131,NA,NA,NA,NA,NA,NA,NA
Unknown organism,Unknown organism,outgroup,motu311,motu311,ASV1780,parent,257,Unknown organism,Unknown organism,outgroup,99.603,9.079999999999999e-130,NA,NA,NA,NA,NA,NA,NA
Unknown organism,Unknown organism,outgroup,motu317,motu317,ASV590,parent,340,Unknown organism,Unknown organism,outgroup,100,1.9499999999999998e-131,NA,NA,NA,NA,NA,NA,NA
Unknown organism,Unknown organism,outgroup,motu323,motu323,ASV600,parent,345,Unknown organism,Unknown organism,outgroup,99.209,1.1699999999999998e-128,NA,NA,NA,NA,NA,NA,NA
Unknown organism,Unknown organism,outgroup,motu326,motu326,ASV606,parent,247,Unknown organism,Unknown organism,outgroup,100,5.4199999999999993e-132,NA,NA,NA,NA,NA,NA,NA
Unknown organism,Unknown organism,outgroup,motu326,motu326,ASV847,parent,247,Unknown organism,Unknown organism,outgroup,100,5.4199999999999993e-132,NA,NA,NA,NA,NA,NA,NA
Unknown organism,Unknown organism,outgroup,motu326,motu326,ASV1073,parent,247,Unknown organism,Unknown organism,outgroup,100,1.9499999999999998e-131,NA,NA,NA,NA,NA,NA,NA
Unknown organism,Unknown organism,outgroup,motu329,motu329,ASV614,parent,351,Unknown organism,Unknown organism,outgroup,90.476,3.79e-99,NA,NA,NA,NA,NA,NA,NA
Unknown organism,Unknown organism,outgroup,motu333,motu333,ASV621,parent,355,Unknown organism,Unknown organism,outgroup,98.024,1.18e-123,NA,NA,NA,NA,NA,NA,NA
Unknown organism,Unknown organism,outgroup,motu336,motu336,ASV628,parent,358,Unknown organism,Unknown organism,outgroup,95.951,5.579999999999999e-112,NA,NA,NA,NA,NA,NA,NA
Unknown organism,Unknown organism,outgroup,motu345,motu345,ASV640,parent,364,Unknown organism,Unknown organism,outgroup,100,1.28e-143,NA,NA,NA,NA,NA,NA,NA
Unknown organism,Unknown organism,outgroup,motu350,motu350,ASV647,parent,368,Unknown organism,Unknown organism,outgroup,99.605,2.5199999999999995e-130,NA,NA,NA,NA,NA,NA,NA
Unknown organism,Unknown organism,outgroup,motu351,motu351,ASV649,parent,369,Unknown organism,Unknown organism,outgroup,99.605,2.5199999999999995e-130,NA,NA,NA,NA,NA,NA,NA
Unknown organism,Unknown organism,outgroup,motu353,motu353,ASV654,parent,371,Unknown organism,Unknown organism,outgroup,100,5.4199999999999993e-132,NA,NA,NA,NA,NA,NA,NA
Unknown organism,Unknown organism,outgroup,motu356,motu356,ASV658,parent,285,Unknown organism,Unknown organism,outgroup,100,1.5099999999999997e-132,NA,NA,NA,NA,NA,NA,NA
Unknown organism,Unknown organism,outgroup,motu356,motu356,ASV1564,parent,285,Unknown organism,Unknown organism,outgroup,100,1.5099999999999997e-132,NA,NA,NA,NA,NA,NA,NA
Unknown organism,Unknown organism,outgroup,motu360,motu360,ASV663,parent,376,Unknown organism,Unknown organism,outgroup,95.918,7.22e-111,NA,NA,NA,NA,NA,NA,NA
Unknown organism,Unknown organism,outgroup,motu364,motu364,ASV667,parent,379,Unknown organism,Unknown organism,outgroup,95.238,2.01e-111,NA,NA,NA,NA,NA,NA,NA
Unknown organism,Unknown organism,outgroup,motu370,motu370,ASV674,parent,385,Unknown organism,Unknown organism,outgroup,100,1.9499999999999998e-131,NA,NA,NA,NA,NA,NA,NA
Unknown organism,Unknown organism,outgroup,motu372,motu372,ASV678,parent,388,Unknown organism,Unknown organism,outgroup,94.466,1.21e-108,NA,NA,NA,NA,NA,NA,NA
Unknown organism,Unknown organism,outgroup,motu376,motu376,ASV685,parent,392,Unknown organism,Unknown organism,outgroup,100,1.9499999999999998e-131,NA,NA,NA,NA,NA,NA,NA
Unknown organism,Unknown organism,outgroup,motu377,motu377,ASV686,parent,282,Unknown organism,Unknown organism,outgroup,92.126,1.2199999999999999e-98,NA,NA,NA,NA,NA,NA,NA
Unknown organism,Unknown organism,outgroup,motu377,motu377,ASV967,parent,282,Unknown organism,Unknown organism,outgroup,92.52,7.349999999999998e-101,NA,NA,NA,NA,NA,NA,NA
Unknown organism,Unknown organism,outgroup,motu377,motu377,ASV1393,parent,282,Unknown organism,Unknown organism,outgroup,92.126,3.4199999999999996e-99,NA,NA,NA,NA,NA,NA,NA
Unknown organism,Unknown organism,outgroup,motu381,motu381,ASV691,parent,398,Unknown organism,Unknown organism,outgroup,98.024,1.18e-123,NA,NA,NA,NA,NA,NA,NA
Unknown organism,Unknown organism,outgroup,motu383,motu383,ASV693,parent,302,Unknown organism,Unknown organism,outgroup,100,1.9499999999999998e-131,NA,NA,NA,NA,NA,NA,NA
Unknown organism,Unknown organism,outgroup,motu383,motu383,ASV1495,parent,302,Unknown organism,Unknown organism,outgroup,99.603,9.079999999999999e-130,NA,NA,NA,NA,NA,NA,NA
Unknown organism,Unknown organism,outgroup,motu394,motu394,ASV715,parent,415,Unknown organism,Unknown organism,outgroup,99.605,2.5199999999999995e-130,NA,NA,NA,NA,NA,NA,NA
Unknown organism,Unknown organism,outgroup,motu396,motu396,ASV720,parent,417,Unknown organism,Unknown organism,outgroup,99.634,2.14e-141,NA,NA,NA,NA,NA,NA,NA
Unknown organism,Unknown organism,outgroup,motu399,motu399,ASV726,parent,419,Unknown organism,Unknown organism,outgroup,100,1.9499999999999998e-131,NA,NA,NA,NA,NA,NA,NA
Unknown organism,Unknown organism,outgroup,motu400,motu400,ASV727,parent,421,Unknown organism,Unknown organism,outgroup,98.413,9.139999999999999e-125,NA,NA,NA,NA,NA,NA,NA
Unknown organism,Unknown organism,outgroup,motu410,motu410,ASV743,parent,431,Unknown organism,Unknown organism,outgroup,100,4.599999999999999e-143,NA,NA,NA,NA,NA,NA,NA
Unknown organism,Unknown organism,outgroup,motu417,motu417,ASV751,parent,436,Unknown organism,Unknown organism,outgroup,92.095,1.2199999999999999e-98,NA,NA,NA,NA,NA,NA,NA
Unknown organism,Unknown organism,outgroup,motu418,motu418,ASV752,parent,437,Unknown organism,Unknown organism,outgroup,100,1.9499999999999998e-131,NA,NA,NA,NA,NA,NA,NA
Unknown organism,Unknown organism,outgroup,motu423,motu423,ASV761,parent,443,Unknown organism,Unknown organism,outgroup,92.857,7.319999999999999e-101,NA,NA,NA,NA,NA,NA,NA
Unknown organism,Unknown organism,outgroup,motu425,motu425,ASV766,parent,445,Unknown organism,Unknown organism,outgroup,85.433,2.75e-70,NA,NA,NA,NA,NA,NA,NA
Unknown organism,Unknown organism,outgroup,motu431,motu431,ASV773,parent,454,Unknown organism,Unknown organism,outgroup,99.603,9.079999999999999e-130,NA,NA,NA,NA,NA,NA,NA
Unknown organism,Unknown organism,outgroup,motu433,motu433,ASV775,parent,456,Unknown organism,Unknown organism,outgroup,95.547,2.5999999999999996e-110,NA,NA,NA,NA,NA,NA,NA
Unknown organism,Unknown organism,outgroup,motu452,motu452,ASV806,parent,476,Unknown organism,Unknown organism,outgroup,100,1.9499999999999998e-131,NA,NA,NA,NA,NA,NA,NA
Unknown organism,Unknown organism,outgroup,motu455,motu455,ASV813,parent,479,Unknown organism,Unknown organism,outgroup,99.605,2.5199999999999995e-130,NA,NA,NA,NA,NA,NA,NA
Unknown organism,Unknown organism,outgroup,motu458,motu458,ASV817,parent,482,Unknown organism,Unknown organism,outgroup,92.4,1.2199999999999999e-98,NA,NA,NA,NA,NA,NA,NA
Bacteria,Bacteria,outgroup,motu459,motu459,ASV819,parent,349,Unknown organism,Unknown organism,outgroup,90.588,5.74e-92,NA,NA,NA,NA,NA,NA,NA
Unknown organism,Unknown organism,outgroup,motu460,motu460,ASV820,parent,483,Unknown organism,Unknown organism,outgroup,88.163,3.5e-79,NA,NA,NA,NA,NA,NA,NA
Unknown organism,Unknown organism,outgroup,motu462,motu462,ASV822,parent,485,Unknown organism,Unknown organism,outgroup,95.142,1.22e-108,NA,NA,NA,NA,NA,NA,NA
Unknown organism,Unknown organism,outgroup,motu477,motu477,ASV846,parent,498,Unknown organism,Unknown organism,outgroup,100,5.4199999999999993e-132,NA,NA,NA,NA,NA,NA,NA
Unknown organism,Unknown organism,outgroup,motu479,motu479,ASV849,parent,500,Unknown organism,Unknown organism,outgroup,89.062,5.859999999999999e-87,NA,NA,NA,NA,NA,NA,NA
Unknown organism,Unknown organism,outgroup,motu484,motu484,ASV855,parent,507,Unknown organism,Unknown organism,outgroup,100,1.9499999999999998e-131,NA,NA,NA,NA,NA,NA,NA
Unknown organism,Unknown organism,outgroup,motu488,motu488,ASV862,parent,514,Unknown organism,Unknown organism,outgroup,95.257,5.579999999999999e-112,NA,NA,NA,NA,NA,NA,NA
Unknown organism,Unknown organism,outgroup,motu491,motu491,ASV869,parent,517,Unknown organism,Unknown organism,outgroup,100,5.4199999999999993e-132,NA,NA,NA,NA,NA,NA,NA
Unknown organism,Unknown organism,outgroup,motu515,motu515,ASV898,parent,537,Unknown organism,Unknown organism,outgroup,99.605,2.5199999999999995e-130,NA,NA,NA,NA,NA,NA,NA
Unknown organism,Unknown organism,outgroup,motu548,motu548,ASV936,parent,571,Unknown organism,Unknown organism,outgroup,93.6,1.22e-103,NA,NA,NA,NA,NA,NA,NA
Unknown organism,Unknown organism,outgroup,motu549,motu549,ASV937,parent,572,Unknown organism,Unknown organism,outgroup,90.65,3.4499999999999995e-89,NA,NA,NA,NA,NA,NA,NA
Unknown organism,Unknown organism,outgroup,motu553,motu553,ASV941,parent,576,Unknown organism,Unknown organism,outgroup,99.184,3.2899999999999996e-124,NA,NA,NA,NA,NA,NA,NA
Unknown organism,Unknown organism,outgroup,motu560,motu560,ASV948,parent,584,Unknown organism,Unknown organism,outgroup,99.605,2.5199999999999995e-130,NA,NA,NA,NA,NA,NA,NA
Unknown organism,Unknown organism,outgroup,motu562,motu562,ASV950,parent,586,Unknown organism,Unknown organism,outgroup,100,5.4199999999999993e-132,NA,NA,NA,NA,NA,NA,NA
Unknown organism,Unknown organism,outgroup,motu566,motu566,ASV955,parent,591,Unknown organism,Unknown organism,outgroup,99.206,4.2199999999999997e-128,NA,NA,NA,NA,NA,NA,NA
Unknown organism,Unknown organism,outgroup,motu567,motu567,ASV956,parent,590,Unknown organism,Unknown organism,outgroup,95.181,9.339999999999999e-110,NA,NA,NA,NA,NA,NA,NA
Unknown organism,Unknown organism,outgroup,motu585,motu585,ASV981,parent,405,Unknown organism,Unknown organism,outgroup,100,5.4199999999999993e-132,NA,NA,NA,NA,NA,NA,NA
Unknown organism,Unknown organism,outgroup,motu585,motu585,ASV1017,parent,405,Unknown organism,Unknown organism,outgroup,100,1.9499999999999998e-131,NA,NA,NA,NA,NA,NA,NA
Unknown organism,Unknown organism,outgroup,motu590,motu590,ASV987,parent,453,Unknown organism,Unknown organism,outgroup,100,5.4199999999999993e-132,NA,NA,NA,NA,NA,NA,NA
Unknown organism,Unknown organism,outgroup,motu590,motu590,ASV1422,parent,453,Unknown organism,Unknown organism,outgroup,100,1.9499999999999998e-131,NA,NA,NA,NA,NA,NA,NA
Unknown organism,Unknown organism,outgroup,motu610,motu610,ASV1014,parent,628,Unknown organism,Unknown organism,outgroup,100,5.4199999999999993e-132,NA,NA,NA,NA,NA,NA,NA
Unknown organism,Unknown organism,outgroup,motu615,motu615,ASV1021,parent,633,Unknown organism,Unknown organism,outgroup,100,1.9499999999999998e-131,NA,NA,NA,NA,NA,NA,NA
Unknown organism,Unknown organism,outgroup,motu616,motu616,ASV1022,parent,634,Unknown organism,Unknown organism,outgroup,100,1.9499999999999998e-131,NA,NA,NA,NA,NA,NA,NA
Unknown organism,Unknown organism,outgroup,motu617,motu617,ASV1023,parent,635,Unknown organism,Unknown organism,outgroup,99.603,9.079999999999999e-130,NA,NA,NA,NA,NA,NA,NA
Unknown organism,Unknown organism,outgroup,motu622,motu622,ASV1028,parent,641,Unknown organism,Unknown organism,outgroup,100,1.9499999999999998e-131,NA,NA,NA,NA,NA,NA,NA
Unknown organism,Unknown organism,outgroup,motu624,motu624,ASV1032,parent,643,Unknown organism,Unknown organism,outgroup,98.814,5.46e-127,NA,NA,NA,NA,NA,NA,NA
Unknown organism,Unknown organism,outgroup,motu626,motu626,ASV1034,parent,451,Unknown organism,Unknown organism,outgroup,100,1.9499999999999998e-131,NA,NA,NA,NA,NA,NA,NA
Unknown organism,Unknown organism,outgroup,motu626,motu626,ASV1332,parent,451,Unknown organism,Unknown organism,outgroup,99.603,9.079999999999999e-130,NA,NA,NA,NA,NA,NA,NA
Unknown organism,Unknown organism,outgroup,motu626,motu626,ASV1439,parent,451,Unknown organism,Unknown organism,outgroup,99.206,4.2199999999999997e-128,NA,NA,NA,NA,NA,NA,NA
Unknown organism,Unknown organism,outgroup,motu646,motu646,ASV1062,parent,663,Unknown organism,Unknown organism,outgroup,94.094,1.5699999999999998e-107,NA,NA,NA,NA,NA,NA,NA
Unknown organism,Unknown organism,outgroup,motu647,motu647,ASV1064,parent,664,Unknown organism,Unknown organism,outgroup,94.048,2.0199999999999996e-106,NA,NA,NA,NA,NA,NA,NA
Unknown organism,Unknown organism,outgroup,motu649,motu649,ASV1066,parent,666,Unknown organism,Unknown organism,outgroup,94.332,2.6100000000000002e-105,NA,NA,NA,NA,NA,NA,NA
Unknown organism,Unknown organism,outgroup,motu652,motu652,ASV1069,parent,669,Unknown organism,Unknown organism,outgroup,99.206,4.2199999999999997e-128,NA,NA,NA,NA,NA,NA,NA
Unknown organism,Unknown organism,outgroup,motu654,motu654,ASV1071,parent,671,Unknown organism,Unknown organism,outgroup,100,5.4199999999999993e-132,NA,NA,NA,NA,NA,NA,NA
Unknown organism,Unknown organism,outgroup,motu657,motu657,ASV1077,parent,674,Unknown organism,Unknown organism,outgroup,100,1.28e-143,NA,NA,NA,NA,NA,NA,NA
Unknown organism,Unknown organism,outgroup,motu669,motu669,ASV1094,parent,506,Unknown organism,Unknown organism,outgroup,98.776,1.53e-122,NA,NA,NA,NA,NA,NA,NA
Unknown organism,Unknown organism,outgroup,motu677,motu677,ASV1104,parent,691,Unknown organism,Unknown organism,outgroup,94.672,2.6000000000000003e-105,NA,NA,NA,NA,NA,NA,NA
Unknown organism,Unknown organism,outgroup,motu678,motu678,ASV1105,parent,692,Unknown organism,Unknown organism,outgroup,94.862,2.5999999999999996e-110,NA,NA,NA,NA,NA,NA,NA
Unknown organism,Unknown organism,outgroup,motu683,motu683,ASV1112,parent,697,Unknown organism,Unknown organism,outgroup,99.573,9.21e-120,NA,NA,NA,NA,NA,NA,NA
Unknown organism,Unknown organism,outgroup,motu689,motu689,ASV1119,parent,702,Unknown organism,Unknown organism,outgroup,99.203,1.52e-127,NA,NA,NA,NA,NA,NA,NA
Unknown organism,Unknown organism,outgroup,motu701,motu701,ASV1137,parent,715,Unknown organism,Unknown organism,outgroup,100,5.4199999999999993e-132,NA,NA,NA,NA,NA,NA,NA
Unknown organism,Unknown organism,outgroup,motu704,motu704,ASV1140,parent,718,Unknown organism,Unknown organism,outgroup,100,5.4199999999999993e-132,NA,NA,NA,NA,NA,NA,NA
Unknown organism,Unknown organism,outgroup,motu709,motu709,ASV1148,parent,723,Unknown organism,Unknown organism,outgroup,92.52,2.64e-100,NA,NA,NA,NA,NA,NA,NA
Unknown organism,Unknown organism,outgroup,motu726,motu726,ASV1172,parent,742,Unknown organism,Unknown organism,outgroup,91.498,1.23e-93,NA,NA,NA,NA,NA,NA,NA
Unknown organism,Unknown organism,outgroup,motu727,motu727,ASV1173,parent,741,Unknown organism,Unknown organism,outgroup,90.945,1.23e-93,NA,NA,NA,NA,NA,NA,NA
Unknown organism,Unknown organism,outgroup,motu730,motu730,ASV1176,parent,744,Unknown organism,Unknown organism,outgroup,93.333,1.22e-103,NA,NA,NA,NA,NA,NA,NA
Unknown organism,Unknown organism,outgroup,motu731,motu731,ASV1177,parent,745,Unknown organism,Unknown organism,outgroup,90.476,2.06e-91,NA,NA,NA,NA,NA,NA,NA
Unknown organism,Unknown organism,outgroup,motu737,motu737,ASV1188,parent,751,Unknown organism,Unknown organism,outgroup,88.976,2.69e-85,NA,NA,NA,NA,NA,NA,NA
Unknown organism,Unknown organism,outgroup,motu743,motu743,ASV1195,parent,756,Unknown organism,Unknown organism,outgroup,100,5.4199999999999993e-132,NA,NA,NA,NA,NA,NA,NA
Unknown organism,Unknown organism,outgroup,motu749,motu749,ASV1204,parent,763,Unknown organism,Unknown organism,outgroup,100,5.4199999999999993e-132,NA,NA,NA,NA,NA,NA,NA
Unknown organism,Unknown organism,outgroup,motu757,motu757,ASV1213,parent,771,Unknown organism,Unknown organism,outgroup,86.22,1.27e-73,NA,NA,NA,NA,NA,NA,NA
Unknown organism,Unknown organism,outgroup,motu769,motu769,ASV1227,parent,782,Unknown organism,Unknown organism,outgroup,100,5.4199999999999993e-132,NA,NA,NA,NA,NA,NA,NA
Unknown organism,Unknown organism,outgroup,motu770,motu770,ASV1878,parent,626,Unknown organism,Unknown organism,outgroup,99.603,9.079999999999999e-130,NA,NA,NA,NA,NA,NA,NA
Unknown organism,Unknown organism,outgroup,motu771,motu771,ASV1230,parent,784,Unknown organism,Unknown organism,outgroup,99.592,7.07e-126,NA,NA,NA,NA,NA,NA,NA
Unknown organism,Unknown organism,outgroup,motu776,motu776,ASV1237,parent,789,Unknown organism,Unknown organism,outgroup,99.605,2.5199999999999995e-130,NA,NA,NA,NA,NA,NA,NA
Unknown organism,Unknown organism,outgroup,motu789,motu789,ASV1250,parent,802,Unknown organism,Unknown organism,outgroup,93.676,2.6100000000000002e-105,NA,NA,NA,NA,NA,NA,NA
Unknown organism,Unknown organism,outgroup,motu796,motu796,ASV1261,parent,806,Unknown organism,Unknown organism,outgroup,96.327,1.5499999999999997e-112,NA,NA,NA,NA,NA,NA,NA
Unknown organism,Unknown organism,outgroup,motu799,motu799,ASV1266,parent,810,Unknown organism,Unknown organism,outgroup,100,5.4199999999999993e-132,NA,NA,NA,NA,NA,NA,NA
Unknown organism,Unknown organism,outgroup,motu804,motu804,ASV1276,parent,816,Unknown organism,Unknown organism,outgroup,91.732,1.59e-97,NA,NA,NA,NA,NA,NA,NA
uncultured prokaryote,Unknown organism,outgroup,motu805,motu805,ASV1414,parent,597,Unknown organism,Unknown organism,outgroup,98.77,5.5e-122,NA,NA,NA,NA,NA,NA,NA
Unknown organism,Unknown organism,outgroup,motu817,motu817,ASV1294,parent,829,Unknown organism,Unknown organism,outgroup,88.211,9.780000000000001e-80,NA,NA,NA,NA,NA,NA,NA
Unknown organism,Unknown organism,outgroup,motu821,motu821,ASV1300,parent,832,Unknown organism,Unknown organism,outgroup,92.623,5.75e-97,NA,NA,NA,NA,NA,NA,NA
Unknown organism,Unknown organism,outgroup,motu838,motu838,ASV1325,parent,849,Unknown organism,Unknown organism,outgroup,96.429,1.9899999999999998e-116,NA,NA,NA,NA,NA,NA,NA
Unknown organism,Unknown organism,outgroup,motu848,motu848,ASV1337,parent,859,Unknown organism,Unknown organism,outgroup,100,1.9499999999999998e-131,NA,NA,NA,NA,NA,NA,NA
Unknown organism,Unknown organism,outgroup,motu850,motu850,ASV1339,parent,862,Unknown organism,Unknown organism,outgroup,90.909,1.23e-93,NA,NA,NA,NA,NA,NA,NA
Unknown organism,Unknown organism,outgroup,motu868,motu868,ASV1360,parent,881,Unknown organism,Unknown organism,outgroup,96.457,1.55e-117,NA,NA,NA,NA,NA,NA,NA
Unknown organism,Unknown organism,outgroup,motu873,motu873,ASV1365,parent,884,Unknown organism,Unknown organism,outgroup,94.51,3.3899999999999996e-109,NA,NA,NA,NA,NA,NA,NA
Unknown organism,Unknown organism,outgroup,motu881,motu881,ASV1374,parent,892,Unknown organism,Unknown organism,outgroup,100,5.4199999999999993e-132,NA,NA,NA,NA,NA,NA,NA
Unknown organism,Unknown organism,outgroup,motu883,motu883,ASV1376,parent,893,Unknown organism,Unknown organism,outgroup,94.488,1.21e-108,NA,NA,NA,NA,NA,NA,NA
Unknown organism,Unknown organism,outgroup,motu884,motu884,ASV1377,parent,894,Unknown organism,Unknown organism,outgroup,92.549,2.63e-100,NA,NA,NA,NA,NA,NA,NA
Unknown organism,Unknown organism,outgroup,motu889,motu889,ASV1384,parent,900,Unknown organism,Unknown organism,outgroup,90.476,2.67e-90,NA,NA,NA,NA,NA,NA,NA
Unknown organism,Unknown organism,outgroup,motu891,motu891,ASV1387,parent,729,Unknown organism,Unknown organism,outgroup,96.774,7.169999999999999e-116,NA,NA,NA,NA,NA,NA,NA
Unknown organism,Unknown organism,outgroup,motu891,motu891,ASV1741,parent,729,Unknown organism,Unknown organism,outgroup,96.371,3.33e-114,NA,NA,NA,NA,NA,NA,NA
Unknown organism,Unknown organism,outgroup,motu893,motu893,ASV1389,parent,903,Unknown organism,Unknown organism,outgroup,93.281,1.22e-103,NA,NA,NA,NA,NA,NA,NA
Unknown organism,Unknown organism,outgroup,motu895,motu895,ASV1391,parent,904,Unknown organism,Unknown organism,outgroup,99.209,1.1699999999999998e-128,NA,NA,NA,NA,NA,NA,NA
Unknown organism,Unknown organism,outgroup,motu901,motu901,ASV1401,parent,911,Unknown organism,Unknown organism,outgroup,98.413,9.139999999999999e-125,NA,NA,NA,NA,NA,NA,NA
Unknown organism,Unknown organism,outgroup,motu912,motu912,ASV1418,parent,922,Unknown organism,Unknown organism,outgroup,91.373,7.399999999999999e-96,NA,NA,NA,NA,NA,NA,NA
Unknown organism,Unknown organism,outgroup,motu915,motu915,ASV1421,parent,925,Unknown organism,Unknown organism,outgroup,100,1.52e-127,NA,NA,NA,NA,NA,NA,NA
Unknown organism,Unknown organism,outgroup,motu917,motu917,ASV1424,parent,928,Unknown organism,Unknown organism,outgroup,95.2,2.5999999999999996e-110,NA,NA,NA,NA,NA,NA,NA
Unknown organism,Unknown organism,outgroup,motu920,motu920,ASV1428,parent,930,Unknown organism,Unknown organism,outgroup,93.927,1.57e-102,NA,NA,NA,NA,NA,NA,NA
Unknown organism,Unknown organism,outgroup,motu921,motu921,ASV1429,parent,931,Unknown organism,Unknown organism,outgroup,99.592,7.07e-126,NA,NA,NA,NA,NA,NA,NA
Unknown organism,Unknown organism,outgroup,motu922,motu922,ASV1430,parent,932,Unknown organism,Unknown organism,outgroup,90.545,1.05e-99,NA,NA,NA,NA,NA,NA,NA
Unknown organism,Unknown organism,outgroup,motu936,motu936,ASV1453,parent,947,Unknown organism,Unknown organism,outgroup,89.494,1.26e-88,NA,NA,NA,NA,NA,NA,NA
Unknown organism,Unknown organism,outgroup,motu946,motu946,ASV1464,parent,958,Unknown organism,Unknown organism,outgroup,90.842,2.2699999999999995e-101,NA,NA,NA,NA,NA,NA,NA
Unknown organism,Unknown organism,outgroup,motu957,motu957,ASV1478,parent,967,Unknown organism,Unknown organism,outgroup,99.209,1.1699999999999998e-128,NA,NA,NA,NA,NA,NA,NA
Unknown organism,Unknown organism,outgroup,motu979,motu979,ASV1506,parent,988,Unknown organism,Unknown organism,outgroup,88.755,5.819999999999999e-82,NA,NA,NA,NA,NA,NA,NA
Unknown organism,Unknown organism,outgroup,motu982,motu982,ASV1509,parent,990,Unknown organism,Unknown organism,outgroup,93.307,1.22e-103,NA,NA,NA,NA,NA,NA,NA
Unknown organism,Unknown organism,outgroup,motu988,motu988,ASV1517,parent,997,Unknown organism,Unknown organism,outgroup,93.676,2.6100000000000002e-105,NA,NA,NA,NA,NA,NA,NA
Unknown organism,Unknown organism,outgroup,motu991,motu991,ASV1522,parent,999,Unknown organism,Unknown organism,outgroup,91.6,2.65e-95,NA,NA,NA,NA,NA,NA,NA
Unknown organism,Unknown organism,outgroup,motu1012,motu1012,ASV1550,parent,1018,Unknown organism,Unknown organism,outgroup,100,5.4199999999999993e-132,NA,NA,NA,NA,NA,NA,NA
Unknown organism,Unknown organism,outgroup,motu1019,motu1019,ASV1558,parent,1025,Unknown organism,Unknown organism,outgroup,91.406,5.77e-97,NA,NA,NA,NA,NA,NA,NA
Unknown organism,Unknown organism,outgroup,motu1021,motu1021,ASV1560,parent,1028,Unknown organism,Unknown organism,outgroup,98.819,5.46e-127,NA,NA,NA,NA,NA,NA,NA
Unknown organism,Unknown organism,outgroup,motu1026,motu1026,ASV1569,parent,1033,Unknown organism,Unknown organism,outgroup,99.184,3.2899999999999996e-124,NA,NA,NA,NA,NA,NA,NA
Unknown organism,Unknown organism,outgroup,motu1028,motu1028,ASV1571,parent,1034,Unknown organism,Unknown organism,outgroup,94.488,1.21e-108,NA,NA,NA,NA,NA,NA,NA
Unknown organism,Unknown organism,outgroup,motu1029,motu1029,ASV1574,parent,1036,Unknown organism,Unknown organism,outgroup,95.885,9.339999999999999e-110,NA,NA,NA,NA,NA,NA,NA
Unknown organism,Unknown organism,outgroup,motu1047,motu1047,ASV1601,parent,1053,Unknown organism,Unknown organism,outgroup,96.838,1.19e-118,NA,NA,NA,NA,NA,NA,NA
Unknown organism,Unknown organism,outgroup,motu1052,motu1052,ASV1608,parent,1058,Unknown organism,Unknown organism,outgroup,99.209,1.1699999999999998e-128,NA,NA,NA,NA,NA,NA,NA
Unknown organism,Unknown organism,outgroup,motu1064,motu1064,ASV1624,parent,1070,Unknown organism,Unknown organism,outgroup,100,5.4199999999999993e-132,NA,NA,NA,NA,NA,NA,NA
Unknown organism,Unknown organism,outgroup,motu1076,motu1076,ASV1641,parent,1081,Unknown organism,Unknown organism,outgroup,100,5.4199999999999993e-132,NA,NA,NA,NA,NA,NA,NA
Unknown organism,Unknown organism,outgroup,motu1077,motu1077,ASV1643,parent,1083,Unknown organism,Unknown organism,outgroup,85.039,5.949999999999999e-67,NA,NA,NA,NA,NA,NA,NA
Unknown organism,Unknown organism,outgroup,motu1079,motu1079,ASV1645,parent,899,Unknown organism,Unknown organism,outgroup,86.667,2.73e-75,NA,NA,NA,NA,NA,NA,NA
Unknown organism,Unknown organism,outgroup,motu1079,motu1079,ASV1757,parent,899,Unknown organism,Unknown organism,outgroup,87.607,4.56e-73,NA,NA,NA,NA,NA,NA,NA
Unknown organism,Unknown organism,outgroup,motu1082,motu1082,ASV1652,parent,1086,Unknown organism,Unknown organism,outgroup,93.676,2.6100000000000002e-105,NA,NA,NA,NA,NA,NA,NA
Unknown organism,Unknown organism,outgroup,motu1090,motu1090,ASV1665,parent,1094,Unknown organism,Unknown organism,outgroup,93.281,1.22e-103,NA,NA,NA,NA,NA,NA,NA
Unknown organism,Unknown organism,outgroup,motu1095,motu1095,ASV1675,parent,1097,Unknown organism,Unknown organism,outgroup,99.605,2.5199999999999995e-130,NA,NA,NA,NA,NA,NA,NA
Unknown organism,Unknown organism,outgroup,motu1098,motu1098,ASV1681,parent,1101,Unknown organism,Unknown organism,outgroup,93.469,7.319999999999999e-101,NA,NA,NA,NA,NA,NA,NA
Unknown organism,Unknown organism,outgroup,motu1103,motu1103,ASV1690,parent,1106,Unknown organism,Unknown organism,outgroup,94.51,3.3699999999999996e-109,NA,NA,NA,NA,NA,NA,NA
Unknown organism,Unknown organism,outgroup,motu1107,motu1107,ASV1697,parent,1110,Unknown organism,Unknown organism,outgroup,100,1.9499999999999998e-131,NA,NA,NA,NA,NA,NA,NA
Unknown organism,Unknown organism,outgroup,motu1111,motu1111,ASV1701,parent,1114,Unknown organism,Unknown organism,outgroup,90.323,1.2399999999999998e-88,NA,NA,NA,NA,NA,NA,NA
Unknown organism,Unknown organism,outgroup,motu1119,motu1119,ASV1710,parent,1120,Unknown organism,Unknown organism,outgroup,99.605,2.5199999999999995e-130,NA,NA,NA,NA,NA,NA,NA
Unknown organism,Unknown organism,outgroup,motu1121,motu1121,ASV1712,parent,1124,Unknown organism,Unknown organism,outgroup,95.219,7.22e-111,NA,NA,NA,NA,NA,NA,NA
Unknown organism,Unknown organism,outgroup,motu1123,motu1123,ASV1714,parent,1126,Unknown organism,Unknown organism,outgroup,100,5.4199999999999993e-132,NA,NA,NA,NA,NA,NA,NA
Unknown organism,Unknown organism,outgroup,motu1124,motu1124,ASV1716,parent,1121,Unknown organism,Unknown organism,outgroup,98.81,1.9599999999999997e-126,NA,NA,NA,NA,NA,NA,NA
Unknown organism,Unknown organism,outgroup,motu1131,motu1131,ASV1729,parent,1133,Unknown organism,Unknown organism,outgroup,94.071,5.62e-107,NA,NA,NA,NA,NA,NA,NA
Unknown organism,Unknown organism,outgroup,motu1132,motu1132,ASV1730,parent,1135,Unknown organism,Unknown organism,outgroup,100,5.4199999999999993e-132,NA,NA,NA,NA,NA,NA,NA
Unknown organism,Unknown organism,outgroup,motu1134,motu1134,ASV1732,parent,1136,Unknown organism,Unknown organism,outgroup,89.062,5.859999999999999e-87,NA,NA,NA,NA,NA,NA,NA
Unknown organism,Unknown organism,outgroup,motu1141,motu1141,ASV1740,parent,1143,Unknown organism,Unknown organism,outgroup,94.526,1.72e-117,NA,NA,NA,NA,NA,NA,NA
Unknown organism,Unknown organism,outgroup,motu1154,motu1154,ASV1756,parent,1155,Unknown organism,Unknown organism,outgroup,96.4,2.58e-115,NA,NA,NA,NA,NA,NA,NA
Unknown organism,Unknown organism,outgroup,motu1156,motu1156,ASV1759,parent,1158,Unknown organism,Unknown organism,outgroup,96.443,5.54e-117,NA,NA,NA,NA,NA,NA,NA
Unknown organism,Unknown organism,outgroup,motu1159,motu1159,ASV1765,parent,1159,Unknown organism,Unknown organism,outgroup,98.77,1.98e-121,NA,NA,NA,NA,NA,NA,NA
Unknown organism,Unknown organism,outgroup,motu1169,motu1169,ASV1777,parent,1172,Unknown organism,Unknown organism,outgroup,94.51,3.3899999999999996e-109,NA,NA,NA,NA,NA,NA,NA
Unknown organism,Unknown organism,outgroup,motu1180,motu1180,ASV1789,parent,1182,Unknown organism,Unknown organism,outgroup,97.233,2.5599999999999998e-120,NA,NA,NA,NA,NA,NA,NA
Unknown organism,Unknown organism,outgroup,motu1201,motu1201,ASV1813,parent,1203,Unknown organism,Unknown organism,outgroup,96.429,1.9899999999999998e-116,NA,NA,NA,NA,NA,NA,NA
Unknown organism,Unknown organism,outgroup,motu1225,motu1225,ASV1839,parent,1226,Unknown organism,Unknown organism,outgroup,90.157,2.67e-90,NA,NA,NA,NA,NA,NA,NA
Unknown organism,Unknown organism,outgroup,motu1234,motu1234,ASV1849,parent,1232,Unknown organism,Unknown organism,outgroup,92.188,2.67e-100,NA,NA,NA,NA,NA,NA,NA
Unknown organism,Unknown organism,outgroup,motu1235,motu1235,ASV1850,parent,1233,Unknown organism,Unknown organism,outgroup,98.81,1.9599999999999997e-126,NA,NA,NA,NA,NA,NA,NA
Unknown organism,Unknown organism,outgroup,motu1237,motu1237,ASV1852,parent,1238,Unknown organism,Unknown organism,outgroup,100,1.9499999999999998e-131,NA,NA,NA,NA,NA,NA,NA
Unknown organism,Unknown organism,outgroup,motu1251,motu1251,ASV1867,parent,1251,Unknown organism,Unknown organism,outgroup,91.373,2.66e-95,NA,NA,NA,NA,NA,NA,NA
Unknown organism,Unknown organism,outgroup,motu1260,motu1260,ASV1876,parent,1259,Unknown organism,Unknown organism,outgroup,87.952,1.26e-78,NA,NA,NA,NA,NA,NA,NA
Unknown organism,Unknown organism,outgroup,motu1263,motu1263,ASV1881,parent,1262,Unknown organism,Unknown organism,outgroup,100,5.4199999999999993e-132,NA,NA,NA,NA,NA,NA,NA
Unknown organism,Unknown organism,outgroup,motu1269,motu1269,ASV1890,parent,1270,Unknown organism,Unknown organism,outgroup,94.862,2.5999999999999996e-110,NA,NA,NA,NA,NA,NA,NA
Unknown organism,Unknown organism,outgroup,motu1274,motu1274,ASV1896,parent,1273,Unknown organism,Unknown organism,outgroup,98.81,1.9599999999999997e-126,NA,NA,NA,NA,NA,NA,NA
Unknown organism,Unknown organism,outgroup,motu1279,motu1279,ASV1902,parent,1279,Unknown organism,Unknown organism,outgroup,93.145,2.63e-100,NA,NA,NA,NA,NA,NA,NA
Unknown organism,Unknown organism,outgroup,motu1286,motu1286,ASV1914,parent,1287,Unknown organism,Unknown organism,outgroup,100,4.599999999999999e-143,NA,NA,NA,NA,NA,NA,NA
Unknown organism,Unknown organism,outgroup,motu1290,motu1290,ASV1918,parent,1291,Unknown organism,Unknown organism,outgroup,99.597,1.53e-127,NA,NA,NA,NA,NA,NA,NA
Unknown organism,Unknown organism,outgroup,motu1302,motu1302,ASV1932,parent,1301,Unknown organism,Unknown organism,outgroup,92.095,1.2199999999999999e-98,NA,NA,NA,NA,NA,NA,NA
Unknown organism,Unknown organism,outgroup,motu1322,motu1322,ASV1958,parent,1323,Unknown organism,Unknown organism,outgroup,91.473,5.77e-97,NA,NA,NA,NA,NA,NA,NA
Unknown organism,Unknown organism,outgroup,motu1353,motu1353,ASV1993,parent,1353,Unknown organism,Unknown organism,outgroup,95.547,2.6199999999999998e-110,NA,NA,NA,NA,NA,NA,NA
Unknown organism,Unknown organism,outgroup,motu1366,motu1366,ASV2006,parent,1366,Unknown organism,Unknown organism,outgroup,92.126,1.2199999999999999e-98,NA,NA,NA,NA,NA,NA,NA
Unknown organism,Unknown organism,outgroup,motu1373,motu1373,ASV2014,parent,1369,Unknown organism,Unknown organism,outgroup,92.885,5.66e-102,NA,NA,NA,NA,NA,NA,NA
Unknown organism,Unknown organism,outgroup,motu1374,motu1374,ASV2015,parent,1375,Unknown organism,Unknown organism,outgroup,92.49,2.63e-100,NA,NA,NA,NA,NA,NA,NA
Unknown organism,Unknown organism,outgroup,motu1375,motu1375,ASV2016,parent,1376,Unknown organism,Unknown organism,outgroup,88.446,5.9e-82,NA,NA,NA,NA,NA,NA,NA
Unknown organism,Unknown organism,outgroup,motu1380,motu1380,ASV2022,parent,1381,Unknown organism,Unknown organism,outgroup,93.281,1.22e-103,NA,NA,NA,NA,NA,NA,NA
Unknown organism,Unknown organism,outgroup,motu1403,motu1403,ASV2047,parent,1401,Unknown organism,Unknown organism,outgroup,96.443,5.54e-117,NA,NA,NA,NA,NA,NA,NA
Unknown organism,Unknown organism,outgroup,motu1406,motu1406,ASV2050,parent,1404,Unknown organism,Unknown organism,outgroup,94.118,1.5799999999999997e-107,NA,NA,NA,NA,NA,NA,NA
Unknown organism,Unknown organism,outgroup,motu1407,motu1407,ASV2051,parent,1405,Unknown organism,Unknown organism,outgroup,85.882,5.9e-72,NA,NA,NA,NA,NA,NA,NA
Unknown organism,Unknown organism,outgroup,motu1419,motu1419,ASV2064,parent,1419,Unknown organism,Unknown organism,outgroup,86.166,1.27e-73,NA,NA,NA,NA,NA,NA,NA
Unknown organism,Unknown organism,outgroup,motu1420,motu1420,ASV2065,parent,1420,Unknown organism,Unknown organism,outgroup,93.676,2.6100000000000002e-105,NA,NA,NA,NA,NA,NA,NA
Unknown organism,Unknown organism,outgroup,motu1423,motu1423,ASV2068,parent,1425,Unknown organism,Unknown organism,outgroup,99.209,1.1699999999999998e-128,NA,NA,NA,NA,NA,NA,NA
Unknown organism,Unknown organism,outgroup,motu1424,motu1424,ASV2069,parent,1426,Unknown organism,Unknown organism,outgroup,94.862,2.5999999999999996e-110,NA,NA,NA,NA,NA,NA,NA
Unknown organism,Unknown organism,outgroup,motu1442,motu1442,ASV2088,parent,1443,Unknown organism,Unknown organism,outgroup,100,5.4199999999999993e-132,NA,NA,NA,NA,NA,NA,NA
Verrucomicrobiota,Bacteria,outgroup,motu1312,motu1312,ASV1943,parent,1314,Verrucomicrobiota,Bacteria,outgroup,99.267,9.959999999999999e-140,Bacteria,Verrucomicrobiota,NA,NA,NA,NA,NA
Xiphister,Prickleback species,genus,motu22,motu22,ASV25,parent,24,Xiphister,Prickleback species,genus,100,1.72e-85,Eukaryota,Chordata,Teleostei,Perciformes,Stichaeidae,Xiphister,0
Xiphister,Prickleback species,genus,motu22,motu22,ASV112,parent,24,Xiphister,Prickleback species,genus,100,1.73e-85,Eukaryota,Chordata,Teleostei,Perciformes,Stichaeidae,Xiphister,0
Xiphister,Prickleback species,genus,motu22,motu22,ASV517,parent,24,Xiphister,Prickleback species,genus,99.408,8.02e-84,Eukaryota,Chordata,Teleostei,Perciformes,Stichaeidae,Xiphister,0
Xiphister,Prickleback species,genus,motu22,motu22,ASV401,parent,24,Xiphister,Prickleback species,genus,99.408,8.07e-84,Eukaryota,Chordata,Teleostei,Perciformes,Stichaeidae,Xiphister,0
Yersiniaceae,Bacteria,outgroup,motu413,motu413,ASV747,parent,434,Yersiniaceae,Bacteria,outgroup,100,5.4199999999999993e-132,Bacteria,Pseudomonadota,Gammaproteobacteria,Enterobacterales,Yersiniaceae,NA,NA
uncultured Gammaproteobacteria bacterium,Bacteria,outgroup,motu263,motu263,ASV507,parent,290,uncultured Gammaproteobacteria bacterium,Bacteria,outgroup,99.605,2.5199999999999995e-130,Bacteria,Pseudomonadota,Gammaproteobacteria,NA,NA,NA,NA
uncultured Microgenomates group bacterium,Bacteria,outgroup,motu286,motu286,ASV545,parent,310,uncultured Microgenomates group bacterium,Bacteria,outgroup,100,1.5099999999999997e-132,Bacteria,NA,NA,NA,NA,NA,NA
Unknown organism,Unknown organism,outgroup,motu132,motu132,ASV1811,parent,118,uncultured Parcubacteria group bacterium,Bacteria,outgroup,97.143,2.58e-115,Bacteria,NA,NA,NA,NA,NA,NA
uncultured Parcubacteria group bacterium,Bacteria,outgroup,motu197,motu197,ASV378,parent,161,uncultured Parcubacteria group bacterium,Bacteria,outgroup,98.047,2.5699999999999997e-125,Bacteria,NA,NA,NA,NA,NA,NA
uncultured Parcubacteria group bacterium,Bacteria,outgroup,motu197,motu197,ASV1035,parent,161,uncultured Parcubacteria group bacterium,Bacteria,outgroup,98.438,5.53e-127,Bacteria,NA,NA,NA,NA,NA,NA
uncultured Parcubacteria group bacterium,Bacteria,outgroup,motu197,motu197,ASV2041,parent,161,uncultured Parcubacteria group bacterium,Bacteria,outgroup,98.047,2.5699999999999997e-125,Bacteria,NA,NA,NA,NA,NA,NA
uncultured Parcubacteria group bacterium,Bacteria,outgroup,motu236,motu236,ASV451,parent,255,uncultured Parcubacteria group bacterium,Bacteria,outgroup,97.143,7.169999999999999e-116,Bacteria,NA,NA,NA,NA,NA,NA
uncultured Parcubacteria group bacterium,Bacteria,outgroup,motu422,motu422,ASV760,parent,442,uncultured Parcubacteria group bacterium,Bacteria,outgroup,96.234,3.3599999999999996e-109,Bacteria,NA,NA,NA,NA,NA,NA
uncultured Parcubacteria group bacterium,Bacteria,outgroup,motu456,motu456,ASV815,parent,480,uncultured Parcubacteria group bacterium,Bacteria,outgroup,97.046,2.01e-111,Bacteria,NA,NA,NA,NA,NA,NA
uncultured Parcubacteria group bacterium,Bacteria,outgroup,motu463,motu463,ASV824,parent,487,uncultured Parcubacteria group bacterium,Bacteria,outgroup,96.875,2.59e-120,Bacteria,NA,NA,NA,NA,NA,NA
uncultured Parcubacteria group bacterium,Bacteria,outgroup,motu507,motu507,ASV890,parent,532,uncultured Parcubacteria group bacterium,Bacteria,outgroup,99.6,1.19e-128,Bacteria,NA,NA,NA,NA,NA,NA
uncultured Parcubacteria group bacterium,Bacteria,outgroup,motu513,motu513,ASV896,parent,386,uncultured Parcubacteria group bacterium,Bacteria,outgroup,99.592,7.16e-126,Bacteria,NA,NA,NA,NA,NA,NA
uncultured Parcubacteria group bacterium,Bacteria,outgroup,motu513,motu513,ASV1135,parent,386,uncultured Parcubacteria group bacterium,Bacteria,outgroup,99.184,3.3299999999999997e-124,Bacteria,NA,NA,NA,NA,NA,NA
uncultured Parcubacteria group bacterium,Bacteria,outgroup,motu578,motu578,ASV973,parent,600,uncultured Parcubacteria group bacterium,Bacteria,outgroup,98.438,5.53e-127,Bacteria,NA,NA,NA,NA,NA,NA
uncultured Parcubacteria group bacterium,Bacteria,outgroup,motu765,motu765,ASV1223,parent,779,uncultured Parcubacteria group bacterium,Bacteria,outgroup,96.875,2.59e-120,Bacteria,NA,NA,NA,NA,NA,NA
uncultured Parcubacteria group bacterium,Bacteria,outgroup,motu783,motu783,ASV1244,parent,796,uncultured Parcubacteria group bacterium,Bacteria,outgroup,96.624,9.339999999999999e-110,Bacteria,NA,NA,NA,NA,NA,NA
uncultured Parcubacteria group bacterium,Bacteria,outgroup,motu795,motu795,ASV1257,parent,559,uncultured Parcubacteria group bacterium,Bacteria,outgroup,97.266,5.57e-122,Bacteria,NA,NA,NA,NA,NA,NA
uncultured Parcubacteria group bacterium,Bacteria,outgroup,motu795,motu795,ASV1260,parent,559,uncultured Parcubacteria group bacterium,Bacteria,outgroup,97.656,1.2000000000000002e-123,Bacteria,NA,NA,NA,NA,NA,NA
uncultured Parcubacteria group bacterium,Bacteria,outgroup,motu816,motu816,ASV1292,parent,828,uncultured Parcubacteria group bacterium,Bacteria,outgroup,100,5.4199999999999993e-132,Bacteria,NA,NA,NA,NA,NA,NA
uncultured Parcubacteria group bacterium,Bacteria,outgroup,motu856,motu856,ASV1345,parent,866,uncultured Parcubacteria group bacterium,Bacteria,outgroup,96.203,4.34e-108,Bacteria,NA,NA,NA,NA,NA,NA
uncultured Parcubacteria group bacterium,Bacteria,outgroup,motu863,motu863,ASV1355,parent,875,uncultured Parcubacteria group bacterium,Bacteria,outgroup,97.89,9.269999999999999e-115,Bacteria,NA,NA,NA,NA,NA,NA
uncultured Parcubacteria group bacterium,Bacteria,outgroup,motu865,motu865,ASV1357,parent,877,uncultured Parcubacteria group bacterium,Bacteria,outgroup,97.071,1.5499999999999997e-112,Bacteria,NA,NA,NA,NA,NA,NA
uncultured Parcubacteria group bacterium,Bacteria,outgroup,motu948,motu948,ASV1468,parent,957,uncultured Parcubacteria group bacterium,Bacteria,outgroup,97.046,2.01e-111,Bacteria,NA,NA,NA,NA,NA,NA
uncultured Parcubacteria group bacterium,Bacteria,outgroup,motu1037,motu1037,ASV1586,parent,1044,uncultured Parcubacteria group bacterium,Bacteria,outgroup,96.203,4.34e-108,Bacteria,NA,NA,NA,NA,NA,NA
uncultured Parcubacteria group bacterium,Bacteria,outgroup,motu1149,motu1149,ASV1750,parent,1151,uncultured Parcubacteria group bacterium,Bacteria,outgroup,98.745,3.309999999999999e-119,Bacteria,NA,NA,NA,NA,NA,NA
uncultured Parcubacteria group bacterium,Bacteria,outgroup,motu1209,motu1209,ASV1821,parent,1210,uncultured Parcubacteria group bacterium,Bacteria,outgroup,96.203,4.34e-108,Bacteria,NA,NA,NA,NA,NA,NA
uncultured Parcubacteria group bacterium,Bacteria,outgroup,motu1248,motu1248,ASV1864,parent,1248,uncultured Parcubacteria group bacterium,Bacteria,outgroup,96.203,4.34e-108,Bacteria,NA,NA,NA,NA,NA,NA
uncultured Parcubacteria group bacterium,Bacteria,outgroup,motu1313,motu1313,ASV1944,parent,1315,uncultured Parcubacteria group bacterium,Bacteria,outgroup,96.234,3.3599999999999996e-109,Bacteria,NA,NA,NA,NA,NA,NA
uncultured bacterium,Bacteria,outgroup,motu142,motu142,ASV268,parent,154,uncultured bacterium,Bacteria,outgroup,96.311,5.649999999999999e-112,Bacteria,NA,NA,NA,NA,NA,NA
uncultured bacterium,Bacteria,outgroup,motu143,motu143,ASV278,parent,132,uncultured bacterium,Bacteria,outgroup,99.18,1.2000000000000002e-123,Bacteria,NA,NA,NA,NA,NA,NA
uncultured bacterium,Bacteria,outgroup,motu143,motu143,ASV629,parent,132,uncultured bacterium,Bacteria,outgroup,99.59,2.5699999999999997e-125,Bacteria,NA,NA,NA,NA,NA,NA
uncultured bacterium,Bacteria,outgroup,motu143,motu143,ASV833,parent,132,uncultured bacterium,Bacteria,outgroup,99.18,1.2000000000000002e-123,Bacteria,NA,NA,NA,NA,NA,NA
uncultured bacterium,Bacteria,outgroup,motu144,motu144,ASV285,parent,135,uncultured bacterium,Bacteria,outgroup,97.266,5.57e-122,Bacteria,NA,NA,NA,NA,NA,NA
uncultured bacterium,Bacteria,outgroup,motu144,motu144,ASV706,parent,135,uncultured bacterium,Bacteria,outgroup,96.875,2.59e-120,Bacteria,NA,NA,NA,NA,NA,NA
uncultured bacterium,Bacteria,outgroup,motu144,motu144,ASV811,parent,135,uncultured bacterium,Bacteria,outgroup,96.875,2.59e-120,Bacteria,NA,NA,NA,NA,NA,NA
uncultured bacterium,Bacteria,outgroup,motu144,motu144,ASV1049,parent,135,uncultured bacterium,Bacteria,outgroup,96.875,2.59e-120,Bacteria,NA,NA,NA,NA,NA,NA
uncultured bacterium,Bacteria,outgroup,motu144,motu144,ASV1271,parent,135,uncultured bacterium,Bacteria,outgroup,96.875,2.59e-120,Bacteria,NA,NA,NA,NA,NA,NA
uncultured bacterium,Bacteria,outgroup,motu144,motu144,ASV1402,parent,135,uncultured bacterium,Bacteria,outgroup,96.875,2.59e-120,Bacteria,NA,NA,NA,NA,NA,NA
uncultured bacterium,Bacteria,outgroup,motu144,motu144,ASV1529,parent,135,uncultured bacterium,Bacteria,outgroup,96.875,2.59e-120,Bacteria,NA,NA,NA,NA,NA,NA
uncultured marine bacterium,Bacteria,outgroup,motu145,motu145,ASV1467,parent,136,uncultured bacterium,Bacteria,outgroup,97.656,1.2000000000000002e-123,Bacteria,NA,NA,NA,NA,NA,NA
uncultured bacterium,Bacteria,outgroup,motu158,motu158,ASV310,parent,144,uncultured bacterium,Bacteria,outgroup,96.838,1.19e-118,Bacteria,NA,NA,NA,NA,NA,NA
uncultured bacterium,Bacteria,outgroup,motu158,motu158,ASV1651,parent,144,uncultured bacterium,Bacteria,outgroup,96.443,5.54e-117,Bacteria,NA,NA,NA,NA,NA,NA
uncultured bacterium,Bacteria,outgroup,motu164,motu164,ASV328,parent,182,uncultured bacterium,Bacteria,outgroup,98.776,1.5500000000000002e-122,Bacteria,NA,NA,NA,NA,NA,NA
uncultured bacterium,Bacteria,outgroup,motu166,motu166,ASV330,parent,141,uncultured bacterium,Bacteria,outgroup,98.367,7.209999999999999e-121,Bacteria,NA,NA,NA,NA,NA,NA
uncultured bacterium,Bacteria,outgroup,motu166,motu166,ASV456,parent,141,uncultured bacterium,Bacteria,outgroup,97.959,3.349999999999999e-119,Bacteria,NA,NA,NA,NA,NA,NA
uncultured bacterium,Bacteria,outgroup,motu172,motu172,ASV336,parent,189,uncultured bacterium,Bacteria,outgroup,96.721,1.21e-113,Bacteria,NA,NA,NA,NA,NA,NA
uncultured bacterium,Bacteria,outgroup,motu187,motu187,ASV361,parent,200,uncultured bacterium,Bacteria,outgroup,100,5.4199999999999993e-132,Bacteria,NA,NA,NA,NA,NA,NA
uncultured bacterium,Bacteria,outgroup,motu195,motu195,ASV375,parent,211,uncultured bacterium,Bacteria,outgroup,99.18,1.2000000000000002e-123,Bacteria,NA,NA,NA,NA,NA,NA
uncultured bacterium,Bacteria,outgroup,motu209,motu209,ASV403,parent,226,uncultured bacterium,Bacteria,outgroup,98.024,1.18e-123,Bacteria,NA,NA,NA,NA,NA,NA
uncultured bacterium,Bacteria,outgroup,motu225,motu225,ASV434,parent,170,uncultured bacterium,Bacteria,outgroup,100,5.53e-127,Bacteria,NA,NA,NA,NA,NA,NA
uncultured bacterium,Bacteria,outgroup,motu225,motu225,ASV683,parent,170,uncultured bacterium,Bacteria,outgroup,99.59,2.5699999999999997e-125,Bacteria,NA,NA,NA,NA,NA,NA
uncultured bacterium,Bacteria,outgroup,motu225,motu225,ASV1056,parent,170,uncultured bacterium,Bacteria,outgroup,99.59,2.5699999999999997e-125,Bacteria,NA,NA,NA,NA,NA,NA
uncultured bacterium,Bacteria,outgroup,motu226,motu226,ASV435,parent,245,uncultured bacterium,Bacteria,outgroup,97.61,7.149999999999999e-121,Bacteria,NA,NA,NA,NA,NA,NA
uncultured bacterium,Bacteria,outgroup,motu240,motu240,ASV459,parent,259,uncultured bacterium,Bacteria,outgroup,97.647,4.31e-123,Bacteria,NA,NA,NA,NA,NA,NA
uncultured bacterium,Bacteria,outgroup,motu243,motu243,ASV466,parent,263,uncultured bacterium,Bacteria,outgroup,97.628,5.5e-122,Bacteria,NA,NA,NA,NA,NA,NA
uncultured bacterium,Bacteria,outgroup,motu249,motu249,ASV475,parent,203,uncultured bacterium,Bacteria,outgroup,100,1.52e-127,Bacteria,NA,NA,NA,NA,NA,NA
uncultured bacterium,Bacteria,outgroup,motu249,motu249,ASV1980,parent,203,uncultured bacterium,Bacteria,outgroup,100,5.4199999999999993e-132,Bacteria,NA,NA,NA,NA,NA,NA
uncultured bacterium,Bacteria,outgroup,motu250,motu250,ASV482,parent,195,uncultured bacterium,Bacteria,outgroup,98.419,2.54e-125,Bacteria,NA,NA,NA,NA,NA,NA
uncultured bacterium,Bacteria,outgroup,motu250,motu250,ASV818,parent,195,uncultured bacterium,Bacteria,outgroup,99.592,7.07e-126,Bacteria,NA,NA,NA,NA,NA,NA
uncultured bacterium,Bacteria,outgroup,motu250,motu250,ASV2090,parent,195,uncultured bacterium,Bacteria,outgroup,98.024,1.18e-123,Bacteria,NA,NA,NA,NA,NA,NA
uncultured bacterium,Bacteria,outgroup,motu250,motu250,ASV1202,parent,195,uncultured bacterium,Bacteria,outgroup,100,1.52e-127,Bacteria,NA,NA,NA,NA,NA,NA
uncultured bacterium,Bacteria,outgroup,motu254,motu254,ASV486,parent,273,uncultured bacterium,Bacteria,outgroup,98.828,1.19e-128,Bacteria,NA,NA,NA,NA,NA,NA
uncultured bacterium,Bacteria,outgroup,motu256,motu256,ASV490,parent,278,uncultured bacterium,Bacteria,outgroup,98.024,1.18e-123,Bacteria,NA,NA,NA,NA,NA,NA
uncultured bacterium,Bacteria,outgroup,motu260,motu260,ASV503,parent,287,uncultured bacterium,Bacteria,outgroup,100,1.9499999999999998e-131,Bacteria,NA,NA,NA,NA,NA,NA
uncultured bacterium,Bacteria,outgroup,motu269,motu269,ASV521,parent,296,uncultured bacterium,Bacteria,outgroup,96.443,1.5400000000000001e-117,Bacteria,NA,NA,NA,NA,NA,NA
uncultured bacterium,Bacteria,outgroup,motu272,motu272,ASV524,parent,223,uncultured bacterium,Bacteria,outgroup,98.047,2.5699999999999997e-125,Bacteria,NA,NA,NA,NA,NA,NA
uncultured bacterium,Bacteria,outgroup,motu272,motu272,ASV1275,parent,223,uncultured bacterium,Bacteria,outgroup,98.438,5.53e-127,Bacteria,NA,NA,NA,NA,NA,NA
uncultured bacterium,Bacteria,outgroup,motu272,motu272,ASV1948,parent,223,uncultured bacterium,Bacteria,outgroup,98.438,5.53e-127,Bacteria,NA,NA,NA,NA,NA,NA
uncultured bacterium,Bacteria,outgroup,motu289,motu289,ASV550,parent,313,uncultured bacterium,Bacteria,outgroup,99.18,1.2000000000000002e-123,Bacteria,NA,NA,NA,NA,NA,NA
uncultured bacterium,Bacteria,outgroup,motu295,motu295,ASV558,parent,239,uncultured bacterium,Bacteria,outgroup,97.143,7.26e-116,Bacteria,NA,NA,NA,NA,NA,NA
uncultured bacterium,Bacteria,outgroup,motu295,motu295,ASV1080,parent,239,uncultured bacterium,Bacteria,outgroup,96.735,3.38e-114,Bacteria,NA,NA,NA,NA,NA,NA
uncultured bacterium,Bacteria,outgroup,motu295,motu295,ASV1576,parent,239,uncultured bacterium,Bacteria,outgroup,97.551,1.56e-117,Bacteria,NA,NA,NA,NA,NA,NA
uncultured bacterium,Bacteria,outgroup,motu297,motu297,ASV564,parent,214,uncultured bacterium,Bacteria,outgroup,96.484,1.2099999999999998e-118,Bacteria,NA,NA,NA,NA,NA,NA
uncultured bacterium,Bacteria,outgroup,motu297,motu297,ASV668,parent,214,uncultured bacterium,Bacteria,outgroup,96.875,2.59e-120,Bacteria,NA,NA,NA,NA,NA,NA
uncultured bacterium,Bacteria,outgroup,motu297,motu297,ASV1228,parent,214,uncultured bacterium,Bacteria,outgroup,96.094,5.61e-117,Bacteria,NA,NA,NA,NA,NA,NA
uncultured bacterium,Bacteria,outgroup,motu297,motu297,ASV1258,parent,214,uncultured bacterium,Bacteria,outgroup,97.266,5.57e-122,Bacteria,NA,NA,NA,NA,NA,NA
uncultured bacterium,Bacteria,outgroup,motu298,motu298,ASV565,parent,320,uncultured bacterium,Bacteria,outgroup,100,1.5099999999999997e-132,Bacteria,NA,NA,NA,NA,NA,NA
uncultured bacterium,Bacteria,outgroup,motu301,motu301,ASV569,parent,323,uncultured bacterium,Bacteria,outgroup,99.18,1.2000000000000002e-123,Bacteria,NA,NA,NA,NA,NA,NA
uncultured bacterium,Bacteria,outgroup,motu302,motu302,ASV570,parent,324,uncultured bacterium,Bacteria,outgroup,100,1.52e-127,Bacteria,NA,NA,NA,NA,NA,NA
uncultured bacterium,Bacteria,outgroup,motu305,motu305,ASV573,parent,328,uncultured bacterium,Bacteria,outgroup,100,1.5099999999999997e-132,Bacteria,NA,NA,NA,NA,NA,NA
uncultured bacterium,Bacteria,outgroup,motu314,motu314,ASV587,parent,337,uncultured bacterium,Bacteria,outgroup,96.875,2.59e-120,Bacteria,NA,NA,NA,NA,NA,NA
uncultured bacterium,Bacteria,outgroup,motu316,motu316,ASV589,parent,339,uncultured bacterium,Bacteria,outgroup,97.561,1.5400000000000001e-117,Bacteria,NA,NA,NA,NA,NA,NA
uncultured bacterium,Bacteria,outgroup,motu319,motu319,ASV595,parent,342,uncultured bacterium,Bacteria,outgroup,97.98,9.54e-95,Bacteria,NA,NA,NA,NA,NA,NA
Bacteria,Bacteria,outgroup,motu320,motu320,ASV1920,parent,262,uncultured bacterium,Bacteria,outgroup,96.047,2.58e-115,Bacteria,NA,NA,NA,NA,NA,NA
uncultured bacterium,Bacteria,outgroup,motu322,motu322,ASV598,parent,344,uncultured bacterium,Bacteria,outgroup,96.094,5.61e-117,Bacteria,NA,NA,NA,NA,NA,NA
uncultured bacterium,Bacteria,outgroup,motu325,motu325,ASV605,parent,347,uncultured bacterium,Bacteria,outgroup,99.18,1.18e-123,Bacteria,NA,NA,NA,NA,NA,NA
uncultured bacterium,Bacteria,outgroup,motu330,motu330,ASV616,parent,353,uncultured bacterium,Bacteria,outgroup,99.209,1.1699999999999998e-128,Bacteria,NA,NA,NA,NA,NA,NA
uncultured bacterium,Bacteria,outgroup,motu331,motu331,ASV617,parent,266,uncultured bacterium,Bacteria,outgroup,98.837,1.25e-83,Bacteria,NA,NA,NA,NA,NA,NA
uncultured bacterium,Bacteria,outgroup,motu331,motu331,ASV1264,parent,266,uncultured bacterium,Bacteria,outgroup,99.419,2.69e-85,Bacteria,NA,NA,NA,NA,NA,NA
uncultured bacterium,Bacteria,outgroup,motu332,motu332,ASV618,parent,354,uncultured bacterium,Bacteria,outgroup,97.959,3.309999999999999e-119,Bacteria,NA,NA,NA,NA,NA,NA
uncultured bacterium,Bacteria,outgroup,motu334,motu334,ASV623,parent,356,uncultured bacterium,Bacteria,outgroup,97.233,2.5599999999999998e-120,Bacteria,NA,NA,NA,NA,NA,NA
Bacteria,Bacteria,outgroup,motu340,motu340,ASV634,parent,268,uncultured bacterium,Bacteria,outgroup,96.094,5.61e-117,Bacteria,NA,NA,NA,NA,NA,NA
uncultured bacterium,Bacteria,outgroup,motu343,motu343,ASV637,parent,280,uncultured bacterium,Bacteria,outgroup,99.592,7.07e-126,Bacteria,NA,NA,NA,NA,NA,NA
uncultured bacterium,Bacteria,outgroup,motu343,motu343,ASV1774,parent,280,uncultured bacterium,Bacteria,outgroup,100,1.52e-127,Bacteria,NA,NA,NA,NA,NA,NA
uncultured bacterium,Bacteria,outgroup,motu347,motu347,ASV643,parent,250,uncultured bacterium,Bacteria,outgroup,97.951,1.2099999999999998e-118,Bacteria,NA,NA,NA,NA,NA,NA
uncultured bacterium,Bacteria,outgroup,motu347,motu347,ASV709,parent,250,uncultured bacterium,Bacteria,outgroup,97.541,5.61e-117,Bacteria,NA,NA,NA,NA,NA,NA
uncultured bacterium,Bacteria,outgroup,motu349,motu349,ASV645,parent,367,uncultured bacterium,Bacteria,outgroup,99.502,2.0599999999999996e-101,Bacteria,NA,NA,NA,NA,NA,NA
uncultured bacterium,Bacteria,outgroup,motu361,motu361,ASV664,parent,377,uncultured bacterium,Bacteria,outgroup,97.656,1.2000000000000002e-123,Bacteria,NA,NA,NA,NA,NA,NA
uncultured bacterium,Bacteria,outgroup,motu362,motu362,ASV665,parent,283,uncultured bacterium,Bacteria,outgroup,99.209,1.1699999999999998e-128,Bacteria,NA,NA,NA,NA,NA,NA
uncultured bacterium,Bacteria,outgroup,motu362,motu362,ASV1382,parent,283,uncultured bacterium,Bacteria,outgroup,98.814,5.46e-127,Bacteria,NA,NA,NA,NA,NA,NA
uncultured bacterium,Bacteria,outgroup,motu362,motu362,ASV1383,parent,283,uncultured bacterium,Bacteria,outgroup,98.419,2.54e-125,Bacteria,NA,NA,NA,NA,NA,NA
uncultured bacterium,Bacteria,outgroup,motu363,motu363,ASV666,parent,378,uncultured bacterium,Bacteria,outgroup,98.361,2.59e-120,Bacteria,NA,NA,NA,NA,NA,NA
uncultured bacterium,Bacteria,outgroup,motu365,motu365,ASV669,parent,380,uncultured bacterium,Bacteria,outgroup,100,1.52e-127,Bacteria,NA,NA,NA,NA,NA,NA
uncultured bacterium,Bacteria,outgroup,motu373,motu373,ASV679,parent,389,uncultured bacterium,Bacteria,outgroup,97.628,5.5e-122,Bacteria,NA,NA,NA,NA,NA,NA
uncultured bacterium,Bacteria,outgroup,motu375,motu375,ASV684,parent,391,uncultured bacterium,Bacteria,outgroup,98.031,1.18e-123,Bacteria,NA,NA,NA,NA,NA,NA
uncultured bacterium,Bacteria,outgroup,motu388,motu388,ASV703,parent,275,uncultured bacterium,Bacteria,outgroup,98.361,2.59e-120,Bacteria,NA,NA,NA,NA,NA,NA
uncultured bacterium,Bacteria,outgroup,motu388,motu388,ASV1037,parent,275,uncultured bacterium,Bacteria,outgroup,97.951,1.2099999999999998e-118,Bacteria,NA,NA,NA,NA,NA,NA
uncultured bacterium,Bacteria,outgroup,motu388,motu388,ASV1116,parent,275,uncultured bacterium,Bacteria,outgroup,97.951,1.2099999999999998e-118,Bacteria,NA,NA,NA,NA,NA,NA
uncultured bacterium,Bacteria,outgroup,motu388,motu388,ASV1500,parent,275,uncultured bacterium,Bacteria,outgroup,97.951,1.2099999999999998e-118,Bacteria,NA,NA,NA,NA,NA,NA
uncultured bacterium,Bacteria,outgroup,motu388,motu388,ASV1270,parent,275,uncultured bacterium,Bacteria,outgroup,97.541,5.61e-117,Bacteria,NA,NA,NA,NA,NA,NA
uncultured bacterium,Bacteria,outgroup,motu393,motu393,ASV714,parent,414,uncultured bacterium,Bacteria,outgroup,97.071,1.5499999999999997e-112,Bacteria,NA,NA,NA,NA,NA,NA
uncultured bacterium,Bacteria,outgroup,motu397,motu397,ASV721,parent,418,uncultured bacterium,Bacteria,outgroup,96.735,3.33e-114,Bacteria,NA,NA,NA,NA,NA,NA
uncultured bacterium,Bacteria,outgroup,motu398,motu398,ASV725,parent,318,uncultured bacterium,Bacteria,outgroup,97.541,5.61e-117,Bacteria,NA,NA,NA,NA,NA,NA
uncultured bacterium,Bacteria,outgroup,motu398,motu398,ASV1589,parent,318,uncultured bacterium,Bacteria,outgroup,97.131,2.61e-115,Bacteria,NA,NA,NA,NA,NA,NA
uncultured bacterium,Bacteria,outgroup,motu407,motu407,ASV739,parent,427,uncultured bacterium,Bacteria,outgroup,97.541,5.61e-117,Bacteria,NA,NA,NA,NA,NA,NA
uncultured bacterium,Bacteria,outgroup,motu409,motu409,ASV742,parent,430,uncultured bacterium,Bacteria,outgroup,97.551,1.5400000000000001e-117,Bacteria,NA,NA,NA,NA,NA,NA
uncultured bacterium,Bacteria,outgroup,motu414,motu414,ASV748,parent,332,uncultured bacterium,Bacteria,outgroup,100,1.52e-127,Bacteria,NA,NA,NA,NA,NA,NA
uncultured bacterium,Bacteria,outgroup,motu414,motu414,ASV1685,parent,332,uncultured bacterium,Bacteria,outgroup,99.592,7.07e-126,Bacteria,NA,NA,NA,NA,NA,NA
uncultured bacterium,Bacteria,outgroup,motu415,motu415,ASV749,parent,435,uncultured bacterium,Bacteria,outgroup,100,4.599999999999999e-143,Bacteria,NA,NA,NA,NA,NA,NA
uncultured bacterium,Bacteria,outgroup,motu419,motu419,ASV753,parent,438,uncultured bacterium,Bacteria,outgroup,97.551,1.5400000000000001e-117,Bacteria,NA,NA,NA,NA,NA,NA
uncultured bacterium,Bacteria,outgroup,motu426,motu426,ASV767,parent,446,uncultured bacterium,Bacteria,outgroup,99.18,1.2000000000000002e-123,Bacteria,NA,NA,NA,NA,NA,NA
uncultured bacterium,Bacteria,outgroup,motu427,motu427,ASV768,parent,447,uncultured bacterium,Bacteria,outgroup,98.047,2.5699999999999997e-125,Bacteria,NA,NA,NA,NA,NA,NA
uncultured bacterium,Bacteria,outgroup,motu430,motu430,ASV772,parent,452,uncultured bacterium,Bacteria,outgroup,97.321,2.63e-105,Bacteria,NA,NA,NA,NA,NA,NA
uncultured bacterium,Bacteria,outgroup,motu432,motu432,ASV774,parent,455,uncultured bacterium,Bacteria,outgroup,98.814,5.46e-127,Bacteria,NA,NA,NA,NA,NA,NA
uncultured bacterium,Bacteria,outgroup,motu435,motu435,ASV777,parent,459,uncultured bacterium,Bacteria,outgroup,100,1.52e-127,Bacteria,NA,NA,NA,NA,NA,NA
uncultured bacterium,Bacteria,outgroup,motu439,motu439,ASV785,parent,462,uncultured bacterium,Bacteria,outgroup,97.959,3.309999999999999e-119,Bacteria,NA,NA,NA,NA,NA,NA
uncultured bacterium,Bacteria,outgroup,motu440,motu440,ASV786,parent,464,uncultured bacterium,Bacteria,outgroup,98.024,1.18e-123,Bacteria,NA,NA,NA,NA,NA,NA
uncultured bacterium,Bacteria,outgroup,motu443,motu443,ASV789,parent,467,uncultured bacterium,Bacteria,outgroup,98.814,5.46e-127,Bacteria,NA,NA,NA,NA,NA,NA
uncultured bacterium,Bacteria,outgroup,motu445,motu445,ASV795,parent,471,uncultured bacterium,Bacteria,outgroup,99.209,1.1699999999999998e-128,Bacteria,NA,NA,NA,NA,NA,NA
uncultured bacterium,Bacteria,outgroup,motu447,motu447,ASV798,parent,473,uncultured bacterium,Bacteria,outgroup,98.024,1.18e-123,Bacteria,NA,NA,NA,NA,NA,NA
uncultured bacterium,Bacteria,outgroup,motu454,motu454,ASV810,parent,478,uncultured bacterium,Bacteria,outgroup,99.605,2.5199999999999995e-130,Bacteria,NA,NA,NA,NA,NA,NA
uncultured bacterium,Bacteria,outgroup,motu464,motu464,ASV825,parent,327,uncultured bacterium,Bacteria,outgroup,97.475,4.44e-93,Bacteria,NA,NA,NA,NA,NA,NA
uncultured bacterium,Bacteria,outgroup,motu464,motu464,ASV959,parent,327,uncultured bacterium,Bacteria,outgroup,97.98,9.54e-95,Bacteria,NA,NA,NA,NA,NA,NA
uncultured bacterium,Bacteria,outgroup,motu464,motu464,ASV1259,parent,327,uncultured bacterium,Bacteria,outgroup,98.485,2.0499999999999997e-96,Bacteria,NA,NA,NA,NA,NA,NA
uncultured bacterium,Bacteria,outgroup,motu465,motu465,ASV826,parent,326,uncultured bacterium,Bacteria,outgroup,98.367,7.119999999999999e-121,Bacteria,NA,NA,NA,NA,NA,NA
uncultured bacterium,Bacteria,outgroup,motu465,motu465,ASV1012,parent,326,uncultured bacterium,Bacteria,outgroup,98.776,1.53e-122,Bacteria,NA,NA,NA,NA,NA,NA
uncultured bacterium,Bacteria,outgroup,motu465,motu465,ASV1183,parent,326,uncultured bacterium,Bacteria,outgroup,98.367,7.119999999999999e-121,Bacteria,NA,NA,NA,NA,NA,NA
uncultured bacterium,Bacteria,outgroup,motu465,motu465,ASV1715,parent,326,uncultured bacterium,Bacteria,outgroup,98.367,7.119999999999999e-121,Bacteria,NA,NA,NA,NA,NA,NA
uncultured bacterium,Bacteria,outgroup,motu470,motu470,ASV834,parent,492,uncultured bacterium,Bacteria,outgroup,97.233,2.5599999999999998e-120,Bacteria,NA,NA,NA,NA,NA,NA
uncultured bacterium,Bacteria,outgroup,motu472,motu472,ASV841,parent,495,uncultured bacterium,Bacteria,outgroup,98.814,5.46e-127,Bacteria,NA,NA,NA,NA,NA,NA
Bacteria,Bacteria,outgroup,motu474,motu474,ASV843,parent,372,uncultured bacterium,Bacteria,outgroup,96.327,1.5699999999999998e-112,Bacteria,NA,NA,NA,NA,NA,NA
uncultured bacterium,Bacteria,outgroup,motu482,motu482,ASV852,parent,504,uncultured bacterium,Bacteria,outgroup,97.143,7.169999999999999e-116,Bacteria,NA,NA,NA,NA,NA,NA
uncultured bacterium,Bacteria,outgroup,motu483,motu483,ASV853,parent,505,uncultured bacterium,Bacteria,outgroup,97.266,5.57e-122,Bacteria,NA,NA,NA,NA,NA,NA
uncultured bacterium,Bacteria,outgroup,motu493,motu493,ASV871,parent,519,uncultured bacterium,Bacteria,outgroup,99.592,7.07e-126,Bacteria,NA,NA,NA,NA,NA,NA
uncultured bacterium,Bacteria,outgroup,motu495,motu495,ASV873,parent,521,uncultured bacterium,Bacteria,outgroup,98.419,2.54e-125,Bacteria,NA,NA,NA,NA,NA,NA
uncultured bacterium,Bacteria,outgroup,motu499,motu499,ASV879,parent,524,uncultured bacterium,Bacteria,outgroup,100,1.1799999999999999e-133,Bacteria,NA,NA,NA,NA,NA,NA
uncultured bacterium,Bacteria,outgroup,motu502,motu502,ASV882,parent,406,uncultured bacterium,Bacteria,outgroup,97.131,2.61e-115,Bacteria,NA,NA,NA,NA,NA,NA
uncultured bacterium,Bacteria,outgroup,motu502,motu502,ASV1647,parent,406,uncultured bacterium,Bacteria,outgroup,97.541,5.61e-117,Bacteria,NA,NA,NA,NA,NA,NA
uncultured bacterium,Bacteria,outgroup,motu502,motu502,ASV1911,parent,406,uncultured bacterium,Bacteria,outgroup,97.131,2.61e-115,Bacteria,NA,NA,NA,NA,NA,NA
uncultured bacterium,Bacteria,outgroup,motu504,motu504,ASV884,parent,529,uncultured bacterium,Bacteria,outgroup,98.361,2.59e-120,Bacteria,NA,NA,NA,NA,NA,NA
uncultured bacterium,Bacteria,outgroup,motu509,motu509,ASV892,parent,413,uncultured bacterium,Bacteria,outgroup,97.656,1.2000000000000002e-123,Bacteria,NA,NA,NA,NA,NA,NA
uncultured bacterium,Bacteria,outgroup,motu509,motu509,ASV1587,parent,413,uncultured bacterium,Bacteria,outgroup,97.266,5.57e-122,Bacteria,NA,NA,NA,NA,NA,NA
uncultured bacterium,Bacteria,outgroup,motu514,motu514,ASV897,parent,393,uncultured bacterium,Bacteria,outgroup,98.367,7.119999999999999e-121,Bacteria,NA,NA,NA,NA,NA,NA
uncultured bacterium,Bacteria,outgroup,motu514,motu514,ASV1302,parent,393,uncultured bacterium,Bacteria,outgroup,97.959,3.309999999999999e-119,Bacteria,NA,NA,NA,NA,NA,NA
uncultured bacterium,Bacteria,outgroup,motu514,motu514,ASV1640,parent,393,uncultured bacterium,Bacteria,outgroup,97.959,3.309999999999999e-119,Bacteria,NA,NA,NA,NA,NA,NA
uncultured bacterium,Bacteria,outgroup,motu516,motu516,ASV900,parent,538,uncultured bacterium,Bacteria,outgroup,98.419,2.54e-125,Bacteria,NA,NA,NA,NA,NA,NA
uncultured bacterium,Bacteria,outgroup,motu518,motu518,ASV903,parent,540,uncultured bacterium,Bacteria,outgroup,96.311,5.649999999999999e-112,Bacteria,NA,NA,NA,NA,NA,NA
uncultured bacterium,Bacteria,outgroup,motu520,motu520,ASV905,parent,542,uncultured bacterium,Bacteria,outgroup,96.047,2.58e-115,Bacteria,NA,NA,NA,NA,NA,NA
uncultured bacterium,Bacteria,outgroup,motu521,motu521,ASV906,parent,543,uncultured bacterium,Bacteria,outgroup,97.266,5.57e-122,Bacteria,NA,NA,NA,NA,NA,NA
uncultured bacterium,Bacteria,outgroup,motu527,motu527,ASV912,parent,548,uncultured bacterium,Bacteria,outgroup,100,1.52e-127,Bacteria,NA,NA,NA,NA,NA,NA
uncultured bacterium,Bacteria,outgroup,motu529,motu529,ASV914,parent,550,uncultured bacterium,Bacteria,outgroup,99.267,9.919999999999999e-140,Bacteria,NA,NA,NA,NA,NA,NA
uncultured bacterium,Bacteria,outgroup,motu530,motu530,ASV915,parent,551,uncultured bacterium,Bacteria,outgroup,98.438,5.53e-127,Bacteria,NA,NA,NA,NA,NA,NA
uncultured bacterium,Bacteria,outgroup,motu532,motu532,ASV917,parent,554,uncultured bacterium,Bacteria,outgroup,96.85,3.329999999999999e-119,Bacteria,NA,NA,NA,NA,NA,NA
uncultured bacterium,Bacteria,outgroup,motu533,motu533,ASV918,parent,553,uncultured bacterium,Bacteria,outgroup,97.951,1.2099999999999998e-118,Bacteria,NA,NA,NA,NA,NA,NA
uncultured bacterium,Bacteria,outgroup,motu540,motu540,ASV927,parent,562,uncultured bacterium,Bacteria,outgroup,97.131,2.61e-115,Bacteria,NA,NA,NA,NA,NA,NA
uncultured bacterium,Bacteria,outgroup,motu544,motu544,ASV931,parent,567,uncultured bacterium,Bacteria,outgroup,97.143,7.26e-116,Bacteria,NA,NA,NA,NA,NA,NA
uncultured bacterium,Bacteria,outgroup,motu546,motu546,ASV934,parent,569,uncultured bacterium,Bacteria,outgroup,98.047,2.5699999999999997e-125,Bacteria,NA,NA,NA,NA,NA,NA
uncultured bacterium,Bacteria,outgroup,motu550,motu550,ASV938,parent,573,uncultured bacterium,Bacteria,outgroup,97.551,1.5400000000000001e-117,Bacteria,NA,NA,NA,NA,NA,NA
uncultured bacterium,Bacteria,outgroup,motu552,motu552,ASV940,parent,575,uncultured bacterium,Bacteria,outgroup,98.814,5.46e-127,Bacteria,NA,NA,NA,NA,NA,NA
uncultured bacterium,Bacteria,outgroup,motu555,motu555,ASV943,parent,577,uncultured bacterium,Bacteria,outgroup,99.184,3.3299999999999997e-124,Bacteria,NA,NA,NA,NA,NA,NA
uncultured bacterium,Bacteria,outgroup,motu561,motu561,ASV949,parent,585,uncultured bacterium,Bacteria,outgroup,100,1.52e-127,Bacteria,NA,NA,NA,NA,NA,NA
uncultured bacterium,Bacteria,outgroup,motu568,motu568,ASV958,parent,448,uncultured bacterium,Bacteria,outgroup,99.219,2.5599999999999996e-130,Bacteria,NA,NA,NA,NA,NA,NA
uncultured bacterium,Bacteria,outgroup,motu568,motu568,ASV1769,parent,448,uncultured bacterium,Bacteria,outgroup,98.828,1.19e-128,Bacteria,NA,NA,NA,NA,NA,NA
uncultured bacterium,Bacteria,outgroup,motu573,motu573,ASV966,parent,457,uncultured bacterium,Bacteria,outgroup,98.431,1.9899999999999998e-126,Bacteria,NA,NA,NA,NA,NA,NA
uncultured bacterium,Bacteria,outgroup,motu573,motu573,ASV1877,parent,457,uncultured bacterium,Bacteria,outgroup,98.039,9.259999999999999e-125,Bacteria,NA,NA,NA,NA,NA,NA
uncultured bacterium,Bacteria,outgroup,motu575,motu575,ASV970,parent,598,uncultured bacterium,Bacteria,outgroup,98.047,2.5699999999999997e-125,Bacteria,NA,NA,NA,NA,NA,NA
uncultured bacterium,Bacteria,outgroup,motu579,motu579,ASV974,parent,408,uncultured bacterium,Bacteria,outgroup,97.951,1.2099999999999998e-118,Bacteria,NA,NA,NA,NA,NA,NA
uncultured bacterium,Bacteria,outgroup,motu579,motu579,ASV1347,parent,408,uncultured bacterium,Bacteria,outgroup,98.361,2.59e-120,Bacteria,NA,NA,NA,NA,NA,NA
uncultured bacterium,Bacteria,outgroup,motu579,motu579,ASV1351,parent,408,uncultured bacterium,Bacteria,outgroup,97.951,1.2099999999999998e-118,Bacteria,NA,NA,NA,NA,NA,NA
uncultured bacterium,Bacteria,outgroup,motu579,motu579,ASV1425,parent,408,uncultured bacterium,Bacteria,outgroup,98.361,2.59e-120,Bacteria,NA,NA,NA,NA,NA,NA
uncultured bacterium,Bacteria,outgroup,motu581,motu581,ASV977,parent,394,uncultured bacterium,Bacteria,outgroup,96.443,5.54e-117,Bacteria,NA,NA,NA,NA,NA,NA
uncultured bacterium,Bacteria,outgroup,motu581,motu581,ASV986,parent,394,uncultured bacterium,Bacteria,outgroup,96.047,2.58e-115,Bacteria,NA,NA,NA,NA,NA,NA
uncultured bacterium,Bacteria,outgroup,motu581,motu581,ASV1761,parent,394,uncultured bacterium,Bacteria,outgroup,96.838,1.19e-118,Bacteria,NA,NA,NA,NA,NA,NA
uncultured bacterium,Bacteria,outgroup,motu582,motu582,ASV978,parent,601,uncultured bacterium,Bacteria,outgroup,97.561,4.299999999999999e-118,Bacteria,NA,NA,NA,NA,NA,NA
uncultured bacterium,Bacteria,outgroup,motu583,motu583,ASV979,parent,602,uncultured bacterium,Bacteria,outgroup,97.266,5.57e-122,Bacteria,NA,NA,NA,NA,NA,NA
uncultured bacterium,Bacteria,outgroup,motu584,motu584,ASV980,parent,603,uncultured bacterium,Bacteria,outgroup,98.406,3.2899999999999996e-124,Bacteria,NA,NA,NA,NA,NA,NA
uncultured bacterium,Bacteria,outgroup,motu587,motu587,ASV983,parent,604,uncultured bacterium,Bacteria,outgroup,98.361,2.59e-120,Bacteria,NA,NA,NA,NA,NA,NA
uncultured bacterium,Bacteria,outgroup,motu588,motu588,ASV984,parent,605,uncultured bacterium,Bacteria,outgroup,97.628,5.5e-122,Bacteria,NA,NA,NA,NA,NA,NA
uncultured bacterium,Bacteria,outgroup,motu593,motu593,ASV991,parent,609,uncultured bacterium,Bacteria,outgroup,100,5.4199999999999993e-132,Bacteria,NA,NA,NA,NA,NA,NA
uncultured bacterium,Bacteria,outgroup,motu594,motu594,ASV992,parent,610,uncultured bacterium,Bacteria,outgroup,97.638,1.5400000000000002e-122,Bacteria,NA,NA,NA,NA,NA,NA
uncultured bacterium,Bacteria,outgroup,motu595,motu595,ASV993,parent,611,uncultured bacterium,Bacteria,outgroup,99.213,3.28e-129,Bacteria,NA,NA,NA,NA,NA,NA
uncultured bacterium,Bacteria,outgroup,motu599,motu599,ASV997,parent,614,uncultured bacterium,Bacteria,outgroup,98.814,5.46e-127,Bacteria,NA,NA,NA,NA,NA,NA
uncultured bacterium,Bacteria,outgroup,motu600,motu600,ASV1001,parent,615,uncultured bacterium,Bacteria,outgroup,100,5.4199999999999993e-132,Bacteria,NA,NA,NA,NA,NA,NA
uncultured bacterium,Bacteria,outgroup,motu625,motu625,ASV1033,parent,644,uncultured bacterium,Bacteria,outgroup,96.887,7.239999999999999e-121,Bacteria,NA,NA,NA,NA,NA,NA
uncultured bacterium,Bacteria,outgroup,motu627,motu627,ASV1036,parent,645,uncultured bacterium,Bacteria,outgroup,97.908,7.169999999999999e-116,Bacteria,NA,NA,NA,NA,NA,NA
uncultured bacterium,Bacteria,outgroup,motu629,motu629,ASV1039,parent,647,uncultured bacterium,Bacteria,outgroup,97.551,1.5400000000000001e-117,Bacteria,NA,NA,NA,NA,NA,NA
uncultured bacterium,Bacteria,outgroup,motu630,motu630,ASV1040,parent,648,uncultured bacterium,Bacteria,outgroup,98.419,2.54e-125,Bacteria,NA,NA,NA,NA,NA,NA
uncultured bacterium,Bacteria,outgroup,motu633,motu633,ASV1043,parent,651,uncultured bacterium,Bacteria,outgroup,100,1.9499999999999998e-131,Bacteria,NA,NA,NA,NA,NA,NA
uncultured bacterium,Bacteria,outgroup,motu636,motu636,ASV1047,parent,654,uncultured bacterium,Bacteria,outgroup,97.959,3.309999999999999e-119,Bacteria,NA,NA,NA,NA,NA,NA
uncultured bacterium,Bacteria,outgroup,motu639,motu639,ASV1051,parent,657,uncultured bacterium,Bacteria,outgroup,100,5.4199999999999993e-132,Bacteria,NA,NA,NA,NA,NA,NA
uncultured bacterium,Bacteria,outgroup,motu653,motu653,ASV1070,parent,670,uncultured bacterium,Bacteria,outgroup,98.361,2.59e-120,Bacteria,NA,NA,NA,NA,NA,NA
uncultured bacterium,Bacteria,outgroup,motu655,motu655,ASV1072,parent,672,uncultured bacterium,Bacteria,outgroup,100,9.119999999999999e-130,Bacteria,NA,NA,NA,NA,NA,NA
uncultured bacterium,Bacteria,outgroup,motu656,motu656,ASV1075,parent,673,uncultured bacterium,Bacteria,outgroup,100,1.52e-127,Bacteria,NA,NA,NA,NA,NA,NA
uncultured bacterium,Bacteria,outgroup,motu659,motu659,ASV1081,parent,676,uncultured bacterium,Bacteria,outgroup,100,1.9499999999999998e-131,Bacteria,NA,NA,NA,NA,NA,NA
uncultured bacterium,Bacteria,outgroup,motu664,motu664,ASV1089,parent,680,uncultured bacterium,Bacteria,outgroup,97.131,2.61e-115,Bacteria,NA,NA,NA,NA,NA,NA
uncultured bacterium,Bacteria,outgroup,motu668,motu668,ASV1093,parent,684,uncultured bacterium,Bacteria,outgroup,99.605,2.5199999999999995e-130,Bacteria,NA,NA,NA,NA,NA,NA
Unknown organism,Unknown organism,outgroup,motu669,motu669,ASV1520,parent,506,uncultured bacterium,Bacteria,outgroup,98.776,1.53e-122,Bacteria,NA,NA,NA,NA,NA,NA
uncultured bacterium,Bacteria,outgroup,motu672,motu672,ASV1097,parent,686,uncultured bacterium,Bacteria,outgroup,97.115,5.77e-97,Bacteria,NA,NA,NA,NA,NA,NA
uncultured bacterium,Bacteria,outgroup,motu673,motu673,ASV1098,parent,687,uncultured bacterium,Bacteria,outgroup,99.213,3.28e-129,Bacteria,NA,NA,NA,NA,NA,NA
uncultured bacterium,Bacteria,outgroup,motu674,motu674,ASV1099,parent,688,uncultured bacterium,Bacteria,outgroup,97.628,5.5e-122,Bacteria,NA,NA,NA,NA,NA,NA
uncultured bacterium,Bacteria,outgroup,motu675,motu675,ASV1100,parent,689,uncultured bacterium,Bacteria,outgroup,97.638,5.5e-122,Bacteria,NA,NA,NA,NA,NA,NA
uncultured bacterium,Bacteria,outgroup,motu684,motu684,ASV1113,parent,698,uncultured bacterium,Bacteria,outgroup,100,4.24e-128,Bacteria,NA,NA,NA,NA,NA,NA
uncultured bacterium,Bacteria,outgroup,motu687,motu687,ASV1117,parent,700,uncultured bacterium,Bacteria,outgroup,99.605,2.5199999999999995e-130,Bacteria,NA,NA,NA,NA,NA,NA
uncultured bacterium,Bacteria,outgroup,motu690,motu690,ASV1120,parent,703,uncultured bacterium,Bacteria,outgroup,100,1.52e-127,Bacteria,NA,NA,NA,NA,NA,NA
uncultured bacterium,Bacteria,outgroup,motu691,motu691,ASV1121,parent,705,uncultured bacterium,Bacteria,outgroup,96.063,7.2e-116,Bacteria,NA,NA,NA,NA,NA,NA
uncultured bacterium,Bacteria,outgroup,motu693,motu693,ASV1124,parent,707,uncultured bacterium,Bacteria,outgroup,99.605,2.5199999999999995e-130,Bacteria,NA,NA,NA,NA,NA,NA
uncultured bacterium,Bacteria,outgroup,motu694,motu694,ASV1125,parent,708,uncultured bacterium,Bacteria,outgroup,97.951,1.2099999999999998e-118,Bacteria,NA,NA,NA,NA,NA,NA
Bacteria,Bacteria,outgroup,motu699,motu699,ASV1134,parent,510,uncultured bacterium,Bacteria,outgroup,96.094,5.61e-117,Bacteria,NA,NA,NA,NA,NA,NA
uncultured bacterium,Bacteria,outgroup,motu714,motu714,ASV1153,parent,728,uncultured bacterium,Bacteria,outgroup,97.266,5.57e-122,Bacteria,NA,NA,NA,NA,NA,NA
uncultured bacterium,Bacteria,outgroup,motu718,motu718,ASV1159,parent,732,uncultured bacterium,Bacteria,outgroup,98.024,1.18e-123,Bacteria,NA,NA,NA,NA,NA,NA
uncultured bacterium,Bacteria,outgroup,motu720,motu720,ASV1165,parent,735,uncultured bacterium,Bacteria,outgroup,98.425,7.1e-126,Bacteria,NA,NA,NA,NA,NA,NA
uncultured bacterium,Bacteria,outgroup,motu728,motu728,ASV1174,parent,743,uncultured bacterium,Bacteria,outgroup,98.507,4.46e-98,Bacteria,NA,NA,NA,NA,NA,NA
uncultured bacterium,Bacteria,outgroup,motu729,motu729,ASV1175,parent,565,uncultured bacterium,Bacteria,outgroup,97.967,9.25e-120,Bacteria,NA,NA,NA,NA,NA,NA
uncultured bacterium,Bacteria,outgroup,motu729,motu729,ASV1603,parent,565,uncultured bacterium,Bacteria,outgroup,98.374,1.9899999999999997e-121,Bacteria,NA,NA,NA,NA,NA,NA
uncultured bacterium,Bacteria,outgroup,motu740,motu740,ASV1192,parent,753,uncultured bacterium,Bacteria,outgroup,99.209,1.1699999999999998e-128,Bacteria,NA,NA,NA,NA,NA,NA
uncultured bacterium,Bacteria,outgroup,motu742,motu742,ASV1194,parent,755,uncultured bacterium,Bacteria,outgroup,98.024,1.18e-123,Bacteria,NA,NA,NA,NA,NA,NA
uncultured bacterium,Bacteria,outgroup,motu744,motu744,ASV1196,parent,758,uncultured bacterium,Bacteria,outgroup,98.419,2.54e-125,Bacteria,NA,NA,NA,NA,NA,NA
uncultured bacterium,Bacteria,outgroup,motu753,motu753,ASV1208,parent,767,uncultured bacterium,Bacteria,outgroup,98.347,3.309999999999999e-119,Bacteria,NA,NA,NA,NA,NA,NA
uncultured bacterium,Bacteria,outgroup,motu758,motu758,ASV1214,parent,772,uncultured bacterium,Bacteria,outgroup,100,1.9499999999999998e-131,Bacteria,NA,NA,NA,NA,NA,NA
uncultured bacterium,Bacteria,outgroup,motu762,motu762,ASV1220,parent,777,uncultured bacterium,Bacteria,outgroup,98.031,3.3e-124,Bacteria,NA,NA,NA,NA,NA,NA
uncultured bacterium,Bacteria,outgroup,motu772,motu772,ASV1231,parent,785,uncultured bacterium,Bacteria,outgroup,98.419,2.54e-125,Bacteria,NA,NA,NA,NA,NA,NA
uncultured bacterium,Bacteria,outgroup,motu773,motu773,ASV1233,parent,786,uncultured bacterium,Bacteria,outgroup,98.425,7.1e-126,Bacteria,NA,NA,NA,NA,NA,NA
uncultured bacterium,Bacteria,outgroup,motu778,motu778,ASV1239,parent,791,uncultured bacterium,Bacteria,outgroup,98.438,5.53e-127,Bacteria,NA,NA,NA,NA,NA,NA
uncultured bacterium,Bacteria,outgroup,motu780,motu780,ASV1241,parent,793,uncultured bacterium,Bacteria,outgroup,98.438,5.53e-127,Bacteria,NA,NA,NA,NA,NA,NA
uncultured bacterium,Bacteria,outgroup,motu782,motu782,ASV1243,parent,795,uncultured bacterium,Bacteria,outgroup,98.419,2.54e-125,Bacteria,NA,NA,NA,NA,NA,NA
uncultured bacterium,Bacteria,outgroup,motu785,motu785,ASV1246,parent,636,uncultured bacterium,Bacteria,outgroup,100,5.4199999999999993e-132,Bacteria,NA,NA,NA,NA,NA,NA
uncultured bacterium,Bacteria,outgroup,motu785,motu785,ASV1859,parent,636,uncultured bacterium,Bacteria,outgroup,99.605,2.5199999999999995e-130,Bacteria,NA,NA,NA,NA,NA,NA
uncultured bacterium,Bacteria,outgroup,motu787,motu787,ASV1248,parent,799,uncultured bacterium,Bacteria,outgroup,98.77,5.57e-122,Bacteria,NA,NA,NA,NA,NA,NA
uncultured bacterium,Bacteria,outgroup,motu788,motu788,ASV1249,parent,801,uncultured bacterium,Bacteria,outgroup,96.047,2.58e-115,Bacteria,NA,NA,NA,NA,NA,NA
uncultured bacterium,Bacteria,outgroup,motu797,motu797,ASV1263,parent,808,uncultured bacterium,Bacteria,outgroup,97.61,7.119999999999999e-121,Bacteria,NA,NA,NA,NA,NA,NA
uncultured bacterium,Bacteria,outgroup,motu808,motu808,ASV1280,parent,819,uncultured bacterium,Bacteria,outgroup,97.119,9.269999999999999e-115,Bacteria,NA,NA,NA,NA,NA,NA
uncultured bacterium,Bacteria,outgroup,motu811,motu811,ASV1284,parent,824,uncultured bacterium,Bacteria,outgroup,96.443,5.54e-117,Bacteria,NA,NA,NA,NA,NA,NA
uncultured bacterium,Bacteria,outgroup,motu812,motu812,ASV1285,parent,823,uncultured bacterium,Bacteria,outgroup,99.18,1.2000000000000002e-123,Bacteria,NA,NA,NA,NA,NA,NA
uncultured bacterium,Bacteria,outgroup,motu814,motu814,ASV1288,parent,826,uncultured bacterium,Bacteria,outgroup,99.163,7.119999999999999e-121,Bacteria,NA,NA,NA,NA,NA,NA
uncultured bacterium,Bacteria,outgroup,motu822,motu822,ASV1301,parent,834,uncultured bacterium,Bacteria,outgroup,97.222,9.21e-120,Bacteria,NA,NA,NA,NA,NA,NA
uncultured bacterium,Bacteria,outgroup,motu826,motu826,ASV1307,parent,837,uncultured bacterium,Bacteria,outgroup,100,5.4199999999999993e-132,Bacteria,NA,NA,NA,NA,NA,NA
uncultured bacterium,Bacteria,outgroup,motu827,motu827,ASV1309,parent,838,uncultured bacterium,Bacteria,outgroup,98.776,1.53e-122,Bacteria,NA,NA,NA,NA,NA,NA
uncultured bacterium,Bacteria,outgroup,motu828,motu828,ASV1311,parent,839,uncultured bacterium,Bacteria,outgroup,96.838,1.19e-118,Bacteria,NA,NA,NA,NA,NA,NA
uncultured bacterium,Bacteria,outgroup,motu829,motu829,ASV1312,parent,840,uncultured bacterium,Bacteria,outgroup,97.222,9.21e-120,Bacteria,NA,NA,NA,NA,NA,NA
uncultured bacterium,Bacteria,outgroup,motu830,motu830,ASV1314,parent,841,uncultured bacterium,Bacteria,outgroup,98.419,2.54e-125,Bacteria,NA,NA,NA,NA,NA,NA
uncultured bacterium,Bacteria,outgroup,motu831,motu831,ASV1315,parent,842,uncultured bacterium,Bacteria,outgroup,98.419,2.54e-125,Bacteria,NA,NA,NA,NA,NA,NA
uncultured bacterium,Bacteria,outgroup,motu834,motu834,ASV1320,parent,693,uncultured bacterium,Bacteria,outgroup,97.951,1.2099999999999998e-118,Bacteria,NA,NA,NA,NA,NA,NA
uncultured bacterium,Bacteria,outgroup,motu834,motu834,ASV1907,parent,693,uncultured bacterium,Bacteria,outgroup,98.361,2.59e-120,Bacteria,NA,NA,NA,NA,NA,NA
uncultured bacterium,Bacteria,outgroup,motu837,motu837,ASV1324,parent,847,uncultured bacterium,Bacteria,outgroup,96.735,3.33e-114,Bacteria,NA,NA,NA,NA,NA,NA
uncultured bacterium,Bacteria,outgroup,motu839,motu839,ASV1326,parent,850,uncultured bacterium,Bacteria,outgroup,99.209,1.1699999999999998e-128,Bacteria,NA,NA,NA,NA,NA,NA
uncultured bacterium,Bacteria,outgroup,motu840,motu840,ASV1327,parent,851,uncultured bacterium,Bacteria,outgroup,100,5.4199999999999993e-132,Bacteria,NA,NA,NA,NA,NA,NA
uncultured bacterium,Bacteria,outgroup,motu843,motu843,ASV1331,parent,855,uncultured bacterium,Bacteria,outgroup,97.6,2.5599999999999998e-120,Bacteria,NA,NA,NA,NA,NA,NA
uncultured bacterium,Bacteria,outgroup,motu844,motu844,ASV1333,parent,854,uncultured bacterium,Bacteria,outgroup,98.819,1.53e-127,Bacteria,NA,NA,NA,NA,NA,NA
uncultured bacterium,Bacteria,outgroup,motu853,motu853,ASV1342,parent,865,uncultured bacterium,Bacteria,outgroup,98.425,2.54e-125,Bacteria,NA,NA,NA,NA,NA,NA
uncultured bacterium,Bacteria,outgroup,motu854,motu854,ASV1343,parent,867,uncultured bacterium,Bacteria,outgroup,98.438,5.53e-127,Bacteria,NA,NA,NA,NA,NA,NA
uncultured bacterium,Bacteria,outgroup,motu855,motu855,ASV1344,parent,868,uncultured bacterium,Bacteria,outgroup,98.419,2.54e-125,Bacteria,NA,NA,NA,NA,NA,NA
uncultured bacterium,Bacteria,outgroup,motu858,motu858,ASV1349,parent,870,uncultured bacterium,Bacteria,outgroup,98.419,9.139999999999999e-125,Bacteria,NA,NA,NA,NA,NA,NA
uncultured bacterium,Bacteria,outgroup,motu859,motu859,ASV1350,parent,871,uncultured bacterium,Bacteria,outgroup,97.551,1.5400000000000001e-117,Bacteria,NA,NA,NA,NA,NA,NA
uncultured bacterium,Bacteria,outgroup,motu866,motu866,ASV1358,parent,878,uncultured bacterium,Bacteria,outgroup,96.653,7.22e-111,Bacteria,NA,NA,NA,NA,NA,NA
uncultured bacterium,Bacteria,outgroup,motu871,motu871,ASV1363,parent,883,uncultured bacterium,Bacteria,outgroup,97.233,2.5599999999999998e-120,Bacteria,NA,NA,NA,NA,NA,NA
uncultured bacterium,Bacteria,outgroup,motu875,motu875,ASV1367,parent,886,uncultured bacterium,Bacteria,outgroup,100,1.52e-127,Bacteria,NA,NA,NA,NA,NA,NA
uncultured bacterium,Bacteria,outgroup,motu876,motu876,ASV1369,parent,887,uncultured bacterium,Bacteria,outgroup,98.419,2.54e-125,Bacteria,NA,NA,NA,NA,NA,NA
uncultured bacterium,Bacteria,outgroup,motu877,motu877,ASV1370,parent,888,uncultured bacterium,Bacteria,outgroup,98.78,4.2700000000000004e-123,Bacteria,NA,NA,NA,NA,NA,NA
uncultured bacterium,Bacteria,outgroup,motu880,motu880,ASV1373,parent,891,uncultured bacterium,Bacteria,outgroup,98.367,7.119999999999999e-121,Bacteria,NA,NA,NA,NA,NA,NA
Bacteria,Bacteria,outgroup,motu882,motu882,ASV1375,parent,704,uncultured bacterium,Bacteria,outgroup,96.327,1.5499999999999997e-112,Bacteria,NA,NA,NA,NA,NA,NA
uncultured bacterium,Bacteria,outgroup,motu885,motu885,ASV1378,parent,895,uncultured bacterium,Bacteria,outgroup,97.959,3.309999999999999e-119,Bacteria,NA,NA,NA,NA,NA,NA
uncultured bacterium,Bacteria,outgroup,motu886,motu886,ASV1379,parent,897,uncultured bacterium,Bacteria,outgroup,98.77,5.57e-122,Bacteria,NA,NA,NA,NA,NA,NA
uncultured bacterium,Bacteria,outgroup,motu888,motu888,ASV1381,parent,898,uncultured bacterium,Bacteria,outgroup,100,5.4199999999999993e-132,Bacteria,NA,NA,NA,NA,NA,NA
uncultured bacterium,Bacteria,outgroup,motu897,motu897,ASV1396,parent,908,uncultured bacterium,Bacteria,outgroup,98.814,5.46e-127,Bacteria,NA,NA,NA,NA,NA,NA
uncultured bacterium,Bacteria,outgroup,motu900,motu900,ASV1399,parent,909,uncultured bacterium,Bacteria,outgroup,100,5.4199999999999993e-132,Bacteria,NA,NA,NA,NA,NA,NA
uncultured bacterium,Bacteria,outgroup,motu905,motu905,ASV1408,parent,914,uncultured bacterium,Bacteria,outgroup,97.143,7.169999999999999e-116,Bacteria,NA,NA,NA,NA,NA,NA
uncultured bacterium,Bacteria,outgroup,motu908,motu908,ASV1411,parent,917,uncultured bacterium,Bacteria,outgroup,98.419,2.54e-125,Bacteria,NA,NA,NA,NA,NA,NA
uncultured bacterium,Bacteria,outgroup,motu909,motu909,ASV1413,parent,918,uncultured bacterium,Bacteria,outgroup,100,5.4199999999999993e-132,Bacteria,NA,NA,NA,NA,NA,NA
uncultured bacterium,Bacteria,outgroup,motu911,motu911,ASV1417,parent,921,uncultured bacterium,Bacteria,outgroup,100,5.4199999999999993e-132,Bacteria,NA,NA,NA,NA,NA,NA
uncultured bacterium,Bacteria,outgroup,motu914,motu914,ASV1420,parent,924,uncultured bacterium,Bacteria,outgroup,96.443,5.54e-117,Bacteria,NA,NA,NA,NA,NA,NA
uncultured bacterium,Bacteria,outgroup,motu918,motu918,ASV1426,parent,929,uncultured bacterium,Bacteria,outgroup,98.367,7.119999999999999e-121,Bacteria,NA,NA,NA,NA,NA,NA
uncultured bacterium,Bacteria,outgroup,motu923,motu923,ASV1431,parent,935,uncultured bacterium,Bacteria,outgroup,96.047,2.58e-115,Bacteria,NA,NA,NA,NA,NA,NA
uncultured bacterium,Bacteria,outgroup,motu924,motu924,ASV1432,parent,934,uncultured bacterium,Bacteria,outgroup,100,1.52e-127,Bacteria,NA,NA,NA,NA,NA,NA
uncultured bacterium,Bacteria,outgroup,motu926,motu926,ASV1438,parent,937,uncultured bacterium,Bacteria,outgroup,98.047,2.5699999999999997e-125,Bacteria,NA,NA,NA,NA,NA,NA
uncultured bacterium,Bacteria,outgroup,motu929,motu929,ASV1442,parent,940,uncultured bacterium,Bacteria,outgroup,98.814,5.46e-127,Bacteria,NA,NA,NA,NA,NA,NA
uncultured bacterium,Bacteria,outgroup,motu931,motu931,ASV1445,parent,942,uncultured bacterium,Bacteria,outgroup,99.592,7.16e-126,Bacteria,NA,NA,NA,NA,NA,NA
uncultured bacterium,Bacteria,outgroup,motu934,motu934,ASV1449,parent,945,uncultured bacterium,Bacteria,outgroup,98.326,1.5400000000000001e-117,Bacteria,NA,NA,NA,NA,NA,NA
uncultured bacterium,Bacteria,outgroup,motu935,motu935,ASV1450,parent,944,uncultured bacterium,Bacteria,outgroup,99.419,2.69e-85,Bacteria,NA,NA,NA,NA,NA,NA
uncultured bacterium,Bacteria,outgroup,motu937,motu937,ASV1454,parent,948,uncultured bacterium,Bacteria,outgroup,97.628,5.5e-122,Bacteria,NA,NA,NA,NA,NA,NA
uncultured bacterium,Bacteria,outgroup,motu939,motu939,ASV1456,parent,951,uncultured bacterium,Bacteria,outgroup,98.024,1.18e-123,Bacteria,NA,NA,NA,NA,NA,NA
uncultured bacterium,Bacteria,outgroup,motu941,motu941,ASV1458,parent,950,uncultured bacterium,Bacteria,outgroup,96.825,1.55e-117,Bacteria,NA,NA,NA,NA,NA,NA
uncultured bacterium,Bacteria,outgroup,motu942,motu942,ASV1460,parent,953,uncultured bacterium,Bacteria,outgroup,98.419,2.54e-125,Bacteria,NA,NA,NA,NA,NA,NA
uncultured bacterium,Bacteria,outgroup,motu943,motu943,ASV1461,parent,954,uncultured bacterium,Bacteria,outgroup,98.047,2.5699999999999997e-125,Bacteria,NA,NA,NA,NA,NA,NA
uncultured bacterium,Bacteria,outgroup,motu944,motu944,ASV1462,parent,956,uncultured bacterium,Bacteria,outgroup,98.024,1.18e-123,Bacteria,NA,NA,NA,NA,NA,NA
uncultured bacterium,Bacteria,outgroup,motu950,motu950,ASV1470,parent,962,uncultured bacterium,Bacteria,outgroup,98.024,1.18e-123,Bacteria,NA,NA,NA,NA,NA,NA
uncultured bacterium,Bacteria,outgroup,motu956,motu956,ASV1477,parent,966,uncultured bacterium,Bacteria,outgroup,96.748,9.31e-115,Bacteria,NA,NA,NA,NA,NA,NA
uncultured bacterium,Bacteria,outgroup,motu960,motu960,ASV1482,parent,970,uncultured bacterium,Bacteria,outgroup,100,1.52e-127,Bacteria,NA,NA,NA,NA,NA,NA
uncultured bacterium,Bacteria,outgroup,motu968,motu968,ASV1492,parent,978,uncultured bacterium,Bacteria,outgroup,100,5.4199999999999993e-132,Bacteria,NA,NA,NA,NA,NA,NA
uncultured bacterium,Bacteria,outgroup,motu975,motu975,ASV1501,parent,984,uncultured bacterium,Bacteria,outgroup,97.153,3.6499999999999997e-134,Bacteria,NA,NA,NA,NA,NA,NA
uncultured bacterium,Bacteria,outgroup,motu980,motu980,ASV1507,parent,989,uncultured bacterium,Bacteria,outgroup,99.587,3.2899999999999996e-124,Bacteria,NA,NA,NA,NA,NA,NA
uncultured bacterium,Bacteria,outgroup,motu984,motu984,ASV1512,parent,993,uncultured bacterium,Bacteria,outgroup,100,5.4199999999999993e-132,Bacteria,NA,NA,NA,NA,NA,NA
uncultured bacterium,Bacteria,outgroup,motu987,motu987,ASV1515,parent,996,uncultured bacterium,Bacteria,outgroup,96.327,1.5499999999999997e-112,Bacteria,NA,NA,NA,NA,NA,NA
uncultured bacterium,Bacteria,outgroup,motu994,motu994,ASV1526,parent,1003,uncultured bacterium,Bacteria,outgroup,98.438,5.53e-127,Bacteria,NA,NA,NA,NA,NA,NA
uncultured bacterium,Bacteria,outgroup,motu995,motu995,ASV1527,parent,1004,uncultured bacterium,Bacteria,outgroup,99.184,3.2899999999999996e-124,Bacteria,NA,NA,NA,NA,NA,NA
uncultured bacterium,Bacteria,outgroup,motu997,motu997,ASV1530,parent,1006,uncultured bacterium,Bacteria,outgroup,99.609,5.489999999999999e-132,Bacteria,NA,NA,NA,NA,NA,NA
uncultured bacterium,Bacteria,outgroup,motu998,motu998,ASV1531,parent,811,uncultured bacterium,Bacteria,outgroup,100,5.4199999999999993e-132,Bacteria,NA,NA,NA,NA,NA,NA
uncultured bacterium,Bacteria,outgroup,motu998,motu998,ASV1660,parent,811,uncultured bacterium,Bacteria,outgroup,99.605,2.5199999999999995e-130,Bacteria,NA,NA,NA,NA,NA,NA
uncultured bacterium,Bacteria,outgroup,motu1000,motu1000,ASV1533,parent,1008,uncultured bacterium,Bacteria,outgroup,97.959,3.309999999999999e-119,Bacteria,NA,NA,NA,NA,NA,NA
uncultured bacterium,Bacteria,outgroup,motu1001,motu1001,ASV1535,parent,1009,uncultured bacterium,Bacteria,outgroup,96.094,5.61e-117,Bacteria,NA,NA,NA,NA,NA,NA
uncultured bacterium,Bacteria,outgroup,motu1002,motu1002,ASV1536,parent,1010,uncultured bacterium,Bacteria,outgroup,100,5.4199999999999993e-132,Bacteria,NA,NA,NA,NA,NA,NA
uncultured bacterium,Bacteria,outgroup,motu1006,motu1006,ASV1541,parent,1015,uncultured bacterium,Bacteria,outgroup,98.374,1.9899999999999997e-121,Bacteria,NA,NA,NA,NA,NA,NA
uncultured bacterium,Bacteria,outgroup,motu1007,motu1007,ASV1542,parent,1016,uncultured bacterium,Bacteria,outgroup,96.875,2.59e-120,Bacteria,NA,NA,NA,NA,NA,NA
uncultured bacterium,Bacteria,outgroup,motu1015,motu1015,ASV1553,parent,857,uncultured bacterium,Bacteria,outgroup,98.326,1.5400000000000001e-117,Bacteria,NA,NA,NA,NA,NA,NA
uncultured bacterium,Bacteria,outgroup,motu1015,motu1015,ASV1895,parent,857,uncultured bacterium,Bacteria,outgroup,97.908,7.169999999999999e-116,Bacteria,NA,NA,NA,NA,NA,NA
uncultured bacterium,Bacteria,outgroup,motu1030,motu1030,ASV1575,parent,1037,uncultured bacterium,Bacteria,outgroup,97.233,2.5599999999999998e-120,Bacteria,NA,NA,NA,NA,NA,NA
uncultured bacterium,Bacteria,outgroup,motu1033,motu1033,ASV1580,parent,1040,uncultured bacterium,Bacteria,outgroup,96.047,2.58e-115,Bacteria,NA,NA,NA,NA,NA,NA
uncultured bacterium,Bacteria,outgroup,motu1034,motu1034,ASV1581,parent,1041,uncultured bacterium,Bacteria,outgroup,96.838,1.19e-118,Bacteria,NA,NA,NA,NA,NA,NA
uncultured bacterium,Bacteria,outgroup,motu1035,motu1035,ASV1583,parent,1042,uncultured bacterium,Bacteria,outgroup,99.592,7.07e-126,Bacteria,NA,NA,NA,NA,NA,NA
uncultured bacterium,Bacteria,outgroup,motu1043,motu1043,ASV1595,parent,1049,uncultured bacterium,Bacteria,outgroup,96.708,4.31e-113,Bacteria,NA,NA,NA,NA,NA,NA
uncultured bacterium,Bacteria,outgroup,motu1044,motu1044,ASV1596,parent,1050,uncultured bacterium,Bacteria,outgroup,97.49,3.33e-114,Bacteria,NA,NA,NA,NA,NA,NA
uncultured bacterium,Bacteria,outgroup,motu1045,motu1045,ASV1597,parent,1051,uncultured bacterium,Bacteria,outgroup,99.184,3.2899999999999996e-124,Bacteria,NA,NA,NA,NA,NA,NA
uncultured bacterium,Bacteria,outgroup,motu1055,motu1055,ASV1613,parent,1062,uncultured bacterium,Bacteria,outgroup,99.605,2.5199999999999995e-130,Bacteria,NA,NA,NA,NA,NA,NA
uncultured bacterium,Bacteria,outgroup,motu1056,motu1056,ASV1614,parent,1060,uncultured bacterium,Bacteria,outgroup,96.484,1.2099999999999998e-118,Bacteria,NA,NA,NA,NA,NA,NA
uncultured bacterium,Bacteria,outgroup,motu1062,motu1062,ASV1620,parent,1068,uncultured bacterium,Bacteria,outgroup,100,3.2899999999999996e-124,Bacteria,NA,NA,NA,NA,NA,NA
uncultured bacterium,Bacteria,outgroup,motu1063,motu1063,ASV1623,parent,1071,uncultured bacterium,Bacteria,outgroup,99.605,7.02e-131,Bacteria,NA,NA,NA,NA,NA,NA
uncultured bacterium,Bacteria,outgroup,motu1065,motu1065,ASV1625,parent,1069,uncultured bacterium,Bacteria,outgroup,97.628,5.5e-122,Bacteria,NA,NA,NA,NA,NA,NA
uncultured bacterium,Bacteria,outgroup,motu1068,motu1068,ASV1629,parent,1079,uncultured bacterium,Bacteria,outgroup,98.361,2.59e-120,Bacteria,NA,NA,NA,NA,NA,NA
uncultured bacterium,Bacteria,outgroup,motu1069,motu1069,ASV1630,parent,1074,uncultured bacterium,Bacteria,outgroup,97.551,1.5400000000000001e-117,Bacteria,NA,NA,NA,NA,NA,NA
uncultured bacterium,Bacteria,outgroup,motu1071,motu1071,ASV1632,parent,1077,uncultured bacterium,Bacteria,outgroup,98.413,9.139999999999999e-125,Bacteria,NA,NA,NA,NA,NA,NA
uncultured bacterium,Bacteria,outgroup,motu1072,motu1072,ASV1633,parent,1076,uncultured bacterium,Bacteria,outgroup,100,5.4199999999999993e-132,Bacteria,NA,NA,NA,NA,NA,NA
uncultured bacterium,Bacteria,outgroup,motu1073,motu1073,ASV1634,parent,1078,uncultured bacterium,Bacteria,outgroup,96.443,5.54e-117,Bacteria,NA,NA,NA,NA,NA,NA
uncultured bacterium,Bacteria,outgroup,motu1080,motu1080,ASV1646,parent,1085,uncultured bacterium,Bacteria,outgroup,97.541,5.61e-117,Bacteria,NA,NA,NA,NA,NA,NA
uncultured bacterium,Bacteria,outgroup,motu1092,motu1092,ASV1670,parent,1098,uncultured bacterium,Bacteria,outgroup,98.047,2.5699999999999997e-125,Bacteria,NA,NA,NA,NA,NA,NA
uncultured bacterium,Bacteria,outgroup,motu1094,motu1094,ASV1672,parent,1096,uncultured bacterium,Bacteria,outgroup,98.367,7.119999999999999e-121,Bacteria,NA,NA,NA,NA,NA,NA
uncultured bacterium,Bacteria,outgroup,motu1102,motu1102,ASV1689,parent,1105,uncultured bacterium,Bacteria,outgroup,98.354,9.21e-120,Bacteria,NA,NA,NA,NA,NA,NA
uncultured bacterium,Bacteria,outgroup,motu1104,motu1104,ASV1691,parent,1104,uncultured bacterium,Bacteria,outgroup,98.367,7.119999999999999e-121,Bacteria,NA,NA,NA,NA,NA,NA
uncultured bacterium,Bacteria,outgroup,motu1105,motu1105,ASV1692,parent,1107,uncultured bacterium,Bacteria,outgroup,96.047,2.58e-115,Bacteria,NA,NA,NA,NA,NA,NA
uncultured bacterium,Bacteria,outgroup,motu1108,motu1108,ASV1698,parent,1111,uncultured bacterium,Bacteria,outgroup,99.593,1.97e-126,Bacteria,NA,NA,NA,NA,NA,NA
uncultured bacterium,Bacteria,outgroup,motu1109,motu1109,ASV1699,parent,1112,uncultured bacterium,Bacteria,outgroup,96.311,5.649999999999999e-112,Bacteria,NA,NA,NA,NA,NA,NA
uncultured bacterium,Bacteria,outgroup,motu1110,motu1110,ASV1700,parent,1113,uncultured bacterium,Bacteria,outgroup,98.024,1.18e-123,Bacteria,NA,NA,NA,NA,NA,NA
uncultured bacterium,Bacteria,outgroup,motu1113,motu1113,ASV1704,parent,1116,uncultured bacterium,Bacteria,outgroup,98.814,5.46e-127,Bacteria,NA,NA,NA,NA,NA,NA
uncultured bacterium,Bacteria,outgroup,motu1114,motu1114,ASV1705,parent,1117,uncultured bacterium,Bacteria,outgroup,97.233,2.5599999999999998e-120,Bacteria,NA,NA,NA,NA,NA,NA
uncultured bacterium,Bacteria,outgroup,motu1115,motu1115,ASV1706,parent,1118,uncultured bacterium,Bacteria,outgroup,97.551,1.56e-117,Bacteria,NA,NA,NA,NA,NA,NA
uncultured bacterium,Bacteria,outgroup,motu1118,motu1118,ASV1709,parent,1122,uncultured bacterium,Bacteria,outgroup,96.735,3.33e-114,Bacteria,NA,NA,NA,NA,NA,NA
uncultured bacterium,Bacteria,outgroup,motu1120,motu1120,ASV1711,parent,1123,uncultured bacterium,Bacteria,outgroup,100,4.24e-128,Bacteria,NA,NA,NA,NA,NA,NA
uncultured bacterium,Bacteria,outgroup,motu1127,motu1127,ASV1723,parent,1130,uncultured bacterium,Bacteria,outgroup,99.184,3.2899999999999996e-124,Bacteria,NA,NA,NA,NA,NA,NA
uncultured bacterium,Bacteria,outgroup,motu1130,motu1130,ASV1727,parent,1132,uncultured bacterium,Bacteria,outgroup,99.209,1.1799999999999999e-128,Bacteria,NA,NA,NA,NA,NA,NA
uncultured bacterium,Bacteria,outgroup,motu1137,motu1137,ASV1736,parent,1138,uncultured bacterium,Bacteria,outgroup,96.863,9.33e-120,Bacteria,NA,NA,NA,NA,NA,NA
uncultured bacterium,Bacteria,outgroup,motu1139,motu1139,ASV1738,parent,1141,uncultured bacterium,Bacteria,outgroup,97.233,2.5599999999999998e-120,Bacteria,NA,NA,NA,NA,NA,NA
uncultured bacterium,Bacteria,outgroup,motu1142,motu1142,ASV1742,parent,1144,uncultured bacterium,Bacteria,outgroup,96.875,2.59e-120,Bacteria,NA,NA,NA,NA,NA,NA
uncultured bacterium,Bacteria,outgroup,motu1145,motu1145,ASV1745,parent,1147,uncultured bacterium,Bacteria,outgroup,97.154,7.2e-116,Bacteria,NA,NA,NA,NA,NA,NA
uncultured bacterium,Bacteria,outgroup,motu1148,motu1148,ASV1749,parent,1150,uncultured bacterium,Bacteria,outgroup,96.721,1.21e-113,Bacteria,NA,NA,NA,NA,NA,NA
uncultured bacterium,Bacteria,outgroup,motu1150,motu1150,ASV1751,parent,1152,uncultured bacterium,Bacteria,outgroup,98.024,1.18e-123,Bacteria,NA,NA,NA,NA,NA,NA
uncultured bacterium,Bacteria,outgroup,motu1162,motu1162,ASV1768,parent,1162,uncultured bacterium,Bacteria,outgroup,96.047,2.58e-115,Bacteria,NA,NA,NA,NA,NA,NA
uncultured bacterium,Bacteria,outgroup,motu1164,motu1164,ASV1771,parent,1166,uncultured bacterium,Bacteria,outgroup,99.592,7.07e-126,Bacteria,NA,NA,NA,NA,NA,NA
uncultured bacterium,Bacteria,outgroup,motu1165,motu1165,ASV1772,parent,1167,uncultured bacterium,Bacteria,outgroup,97.143,7.169999999999999e-116,Bacteria,NA,NA,NA,NA,NA,NA
uncultured bacterium,Bacteria,outgroup,motu1167,motu1167,ASV1775,parent,1170,uncultured bacterium,Bacteria,outgroup,98.024,1.18e-123,Bacteria,NA,NA,NA,NA,NA,NA
uncultured bacterium,Bacteria,outgroup,motu1172,motu1172,ASV1781,parent,1174,uncultured bacterium,Bacteria,outgroup,100,3.2899999999999996e-124,Bacteria,NA,NA,NA,NA,NA,NA
uncultured bacterium,Bacteria,outgroup,motu1175,motu1175,ASV1784,parent,1178,uncultured bacterium,Bacteria,outgroup,100,1.52e-127,Bacteria,NA,NA,NA,NA,NA,NA
uncultured bacterium,Bacteria,outgroup,motu1176,motu1176,ASV1785,parent,1179,uncultured bacterium,Bacteria,outgroup,98.367,7.119999999999999e-121,Bacteria,NA,NA,NA,NA,NA,NA
uncultured bacterium,Bacteria,outgroup,motu1181,motu1181,ASV1790,parent,1183,uncultured bacterium,Bacteria,outgroup,97.628,5.5e-122,Bacteria,NA,NA,NA,NA,NA,NA
uncultured bacterium,Bacteria,outgroup,motu1183,motu1183,ASV1792,parent,1185,uncultured bacterium,Bacteria,outgroup,100,5.4199999999999993e-132,Bacteria,NA,NA,NA,NA,NA,NA
uncultured bacterium,Bacteria,outgroup,motu1186,motu1186,ASV1795,parent,1188,uncultured bacterium,Bacteria,outgroup,98.814,5.46e-127,Bacteria,NA,NA,NA,NA,NA,NA
uncultured bacterium,Bacteria,outgroup,motu1187,motu1187,ASV1796,parent,1189,uncultured bacterium,Bacteria,outgroup,100,5.4199999999999993e-132,Bacteria,NA,NA,NA,NA,NA,NA
uncultured bacterium,Bacteria,outgroup,motu1188,motu1188,ASV1797,parent,1190,uncultured bacterium,Bacteria,outgroup,97.628,5.5e-122,Bacteria,NA,NA,NA,NA,NA,NA
uncultured bacterium,Bacteria,outgroup,motu1189,motu1189,ASV1798,parent,1191,uncultured bacterium,Bacteria,outgroup,99.609,5.489999999999999e-132,Bacteria,NA,NA,NA,NA,NA,NA
uncultured bacterium,Bacteria,outgroup,motu1190,motu1190,ASV1799,parent,1192,uncultured bacterium,Bacteria,outgroup,97.628,5.5e-122,Bacteria,NA,NA,NA,NA,NA,NA
uncultured bacterium,Bacteria,outgroup,motu1191,motu1191,ASV1800,parent,1193,uncultured bacterium,Bacteria,outgroup,96.016,3.33e-114,Bacteria,NA,NA,NA,NA,NA,NA
uncultured bacterium,Bacteria,outgroup,motu1193,motu1193,ASV1803,parent,1194,uncultured bacterium,Bacteria,outgroup,97.233,2.5599999999999998e-120,Bacteria,NA,NA,NA,NA,NA,NA
uncultured bacterium,Bacteria,outgroup,motu1194,motu1194,ASV1804,parent,1195,uncultured bacterium,Bacteria,outgroup,97.628,5.5e-122,Bacteria,NA,NA,NA,NA,NA,NA
uncultured bacterium,Bacteria,outgroup,motu1195,motu1195,ASV1805,parent,1196,uncultured bacterium,Bacteria,outgroup,98.78,4.2700000000000004e-123,Bacteria,NA,NA,NA,NA,NA,NA
uncultured bacterium,Bacteria,outgroup,motu1199,motu1199,ASV1810,parent,1200,uncultured bacterium,Bacteria,outgroup,97.959,3.309999999999999e-119,Bacteria,NA,NA,NA,NA,NA,NA
uncultured bacterium,Bacteria,outgroup,motu1200,motu1200,ASV1812,parent,1201,uncultured bacterium,Bacteria,outgroup,98.419,2.54e-125,Bacteria,NA,NA,NA,NA,NA,NA
uncultured bacterium,Bacteria,outgroup,motu1203,motu1203,ASV1815,parent,1205,uncultured bacterium,Bacteria,outgroup,97.959,3.309999999999999e-119,Bacteria,NA,NA,NA,NA,NA,NA
uncultured bacterium,Bacteria,outgroup,motu1204,motu1204,ASV1816,parent,1204,uncultured bacterium,Bacteria,outgroup,100,1.5099999999999997e-132,Bacteria,NA,NA,NA,NA,NA,NA
uncultured bacterium,Bacteria,outgroup,motu1205,motu1205,ASV1817,parent,1207,uncultured bacterium,Bacteria,outgroup,96.838,1.19e-118,Bacteria,NA,NA,NA,NA,NA,NA
uncultured bacterium,Bacteria,outgroup,motu1210,motu1210,ASV1822,parent,1211,uncultured bacterium,Bacteria,outgroup,98.031,3.3e-124,Bacteria,NA,NA,NA,NA,NA,NA
uncultured bacterium,Bacteria,outgroup,motu1214,motu1214,ASV1826,parent,1215,uncultured bacterium,Bacteria,outgroup,100,5.4199999999999993e-132,Bacteria,NA,NA,NA,NA,NA,NA
uncultured bacterium,Bacteria,outgroup,motu1215,motu1215,ASV1827,parent,1216,uncultured bacterium,Bacteria,outgroup,97.143,7.169999999999999e-116,Bacteria,NA,NA,NA,NA,NA,NA
uncultured bacterium,Bacteria,outgroup,motu1217,motu1217,ASV1829,parent,1218,uncultured bacterium,Bacteria,outgroup,96.838,1.19e-118,Bacteria,NA,NA,NA,NA,NA,NA
uncultured bacterium,Bacteria,outgroup,motu1219,motu1219,ASV1831,parent,1219,uncultured bacterium,Bacteria,outgroup,98.419,2.54e-125,Bacteria,NA,NA,NA,NA,NA,NA
uncultured bacterium,Bacteria,outgroup,motu1221,motu1221,ASV1833,parent,1221,uncultured bacterium,Bacteria,outgroup,97.222,9.21e-120,Bacteria,NA,NA,NA,NA,NA,NA
uncultured bacterium,Bacteria,outgroup,motu1222,motu1222,ASV1834,parent,1222,uncultured bacterium,Bacteria,outgroup,97.143,7.169999999999999e-116,Bacteria,NA,NA,NA,NA,NA,NA
uncultured bacterium,Bacteria,outgroup,motu1226,motu1226,ASV1840,parent,1234,uncultured bacterium,Bacteria,outgroup,96.327,5.579999999999999e-112,Bacteria,NA,NA,NA,NA,NA,NA
uncultured bacterium,Bacteria,outgroup,motu1230,motu1230,ASV1844,parent,1230,uncultured bacterium,Bacteria,outgroup,97.951,1.2099999999999998e-118,Bacteria,NA,NA,NA,NA,NA,NA
uncultured bacterium,Bacteria,outgroup,motu1245,motu1245,ASV1861,parent,1244,uncultured bacterium,Bacteria,outgroup,96.875,2.59e-120,Bacteria,NA,NA,NA,NA,NA,NA
uncultured bacterium,Bacteria,outgroup,motu1256,motu1256,ASV1872,parent,1255,uncultured bacterium,Bacteria,outgroup,96.327,5.579999999999999e-112,Bacteria,NA,NA,NA,NA,NA,NA
uncultured bacterium,Bacteria,outgroup,motu1258,motu1258,ASV1874,parent,1261,uncultured bacterium,Bacteria,outgroup,98.419,2.54e-125,Bacteria,NA,NA,NA,NA,NA,NA
uncultured bacterium,Bacteria,outgroup,motu1262,motu1262,ASV1880,parent,1264,uncultured bacterium,Bacteria,outgroup,98.776,1.53e-122,Bacteria,NA,NA,NA,NA,NA,NA
uncultured bacterium,Bacteria,outgroup,motu1265,motu1265,ASV1884,parent,1266,uncultured bacterium,Bacteria,outgroup,97.628,5.5e-122,Bacteria,NA,NA,NA,NA,NA,NA
uncultured bacterium,Bacteria,outgroup,motu1276,motu1276,ASV1898,parent,1277,uncultured bacterium,Bacteria,outgroup,98.814,5.46e-127,Bacteria,NA,NA,NA,NA,NA,NA
uncultured bacterium,Bacteria,outgroup,motu1277,motu1277,ASV1899,parent,1276,uncultured bacterium,Bacteria,outgroup,99.605,2.5199999999999995e-130,Bacteria,NA,NA,NA,NA,NA,NA
uncultured bacterium,Bacteria,outgroup,motu1278,motu1278,ASV1901,parent,1278,uncultured bacterium,Bacteria,outgroup,100,5.4199999999999993e-132,Bacteria,NA,NA,NA,NA,NA,NA
uncultured bacterium,Bacteria,outgroup,motu1288,motu1288,ASV1916,parent,1289,uncultured bacterium,Bacteria,outgroup,100,1.52e-127,Bacteria,NA,NA,NA,NA,NA,NA
uncultured bacterium,Bacteria,outgroup,motu1289,motu1289,ASV1917,parent,1290,uncultured bacterium,Bacteria,outgroup,99.197,1.97e-126,Bacteria,NA,NA,NA,NA,NA,NA
uncultured bacterium,Bacteria,outgroup,motu1292,motu1292,ASV1921,parent,1293,uncultured bacterium,Bacteria,outgroup,97.49,3.33e-114,Bacteria,NA,NA,NA,NA,NA,NA
uncultured bacterium,Bacteria,outgroup,motu1297,motu1297,ASV1926,parent,1298,uncultured bacterium,Bacteria,outgroup,100,1.52e-127,Bacteria,NA,NA,NA,NA,NA,NA
uncultured bacterium,Bacteria,outgroup,motu1316,motu1316,ASV1952,parent,1317,uncultured bacterium,Bacteria,outgroup,99.603,9.079999999999999e-130,Bacteria,NA,NA,NA,NA,NA,NA
uncultured bacterium,Bacteria,outgroup,motu1319,motu1319,ASV1955,parent,1320,uncultured bacterium,Bacteria,outgroup,100,5.4199999999999993e-132,Bacteria,NA,NA,NA,NA,NA,NA
uncultured bacterium,Bacteria,outgroup,motu1323,motu1323,ASV1959,parent,1324,uncultured bacterium,Bacteria,outgroup,99.592,7.07e-126,Bacteria,NA,NA,NA,NA,NA,NA
uncultured bacterium,Bacteria,outgroup,motu1325,motu1325,ASV1961,parent,1329,uncultured bacterium,Bacteria,outgroup,96.875,2.59e-120,Bacteria,NA,NA,NA,NA,NA,NA
uncultured bacterium,Bacteria,outgroup,motu1327,motu1327,ASV1963,parent,1331,uncultured bacterium,Bacteria,outgroup,96.838,1.19e-118,Bacteria,NA,NA,NA,NA,NA,NA
uncultured bacterium,Bacteria,outgroup,motu1328,motu1328,ASV1964,parent,1332,uncultured bacterium,Bacteria,outgroup,99.209,3.26e-129,Bacteria,NA,NA,NA,NA,NA,NA
uncultured bacterium,Bacteria,outgroup,motu1334,motu1334,ASV1970,parent,1328,uncultured bacterium,Bacteria,outgroup,98.367,7.119999999999999e-121,Bacteria,NA,NA,NA,NA,NA,NA
uncultured bacterium,Bacteria,outgroup,motu1335,motu1335,ASV1971,parent,1334,uncultured bacterium,Bacteria,outgroup,98.361,2.59e-120,Bacteria,NA,NA,NA,NA,NA,NA
uncultured bacterium,Bacteria,outgroup,motu1339,motu1339,ASV1975,parent,1340,uncultured bacterium,Bacteria,outgroup,98.413,9.139999999999999e-125,Bacteria,NA,NA,NA,NA,NA,NA
uncultured bacterium,Bacteria,outgroup,motu1341,motu1341,ASV1978,parent,1343,uncultured bacterium,Bacteria,outgroup,99.184,3.2899999999999996e-124,Bacteria,NA,NA,NA,NA,NA,NA
uncultured bacterium,Bacteria,outgroup,motu1343,motu1343,ASV1981,parent,1346,uncultured bacterium,Bacteria,outgroup,99.209,1.1699999999999998e-128,Bacteria,NA,NA,NA,NA,NA,NA
uncultured bacterium,Bacteria,outgroup,motu1347,motu1347,ASV1985,parent,1348,uncultured bacterium,Bacteria,outgroup,97.07,1.01e-129,Bacteria,NA,NA,NA,NA,NA,NA
uncultured bacterium,Bacteria,outgroup,motu1356,motu1356,ASV1996,parent,1351,uncultured bacterium,Bacteria,outgroup,98.031,3.3e-124,Bacteria,NA,NA,NA,NA,NA,NA
uncultured bacterium,Bacteria,outgroup,motu1357,motu1357,ASV1997,parent,1359,uncultured bacterium,Bacteria,outgroup,96.39,1.32e-128,Bacteria,NA,NA,NA,NA,NA,NA
uncultured bacterium,Bacteria,outgroup,motu1359,motu1359,ASV1999,parent,1360,uncultured bacterium,Bacteria,outgroup,99.209,1.1699999999999998e-128,Bacteria,NA,NA,NA,NA,NA,NA
uncultured bacterium,Bacteria,outgroup,motu1363,motu1363,ASV2003,parent,1363,uncultured bacterium,Bacteria,outgroup,98.828,1.19e-128,Bacteria,NA,NA,NA,NA,NA,NA
uncultured bacterium,Bacteria,outgroup,motu1411,motu1411,ASV2055,parent,1408,uncultured bacterium,Bacteria,outgroup,98.814,5.46e-127,Bacteria,NA,NA,NA,NA,NA,NA
uncultured bacterium,Bacteria,outgroup,motu1417,motu1417,ASV2062,parent,1417,uncultured bacterium,Bacteria,outgroup,97.959,3.309999999999999e-119,Bacteria,NA,NA,NA,NA,NA,NA
uncultured bacterium,Bacteria,outgroup,motu1431,motu1431,ASV2076,parent,1432,uncultured bacterium,Bacteria,outgroup,99.145,4.279999999999999e-118,Bacteria,NA,NA,NA,NA,NA,NA
uncultured bacterium,Bacteria,outgroup,motu1447,motu1447,ASV2095,parent,1448,uncultured bacterium,Bacteria,outgroup,99.213,3.28e-129,Bacteria,NA,NA,NA,NA,NA,NA
uncultured cyanobacterium,Bacteria,outgroup,motu510,motu510,ASV893,parent,534,uncultured cyanobacterium,Bacteria,outgroup,96.047,2.58e-115,Bacteria,Cyanobacteriota,NA,NA,NA,NA,NA
uncultured cyanobacterium,Bacteria,outgroup,motu511,motu511,ASV894,parent,535,uncultured cyanobacterium,Bacteria,outgroup,96.047,2.58e-115,Bacteria,Cyanobacteriota,NA,NA,NA,NA,NA
uncultured cyanobacterium,Bacteria,outgroup,motu542,motu542,ASV929,parent,564,uncultured cyanobacterium,Bacteria,outgroup,98.81,1.9599999999999997e-126,Bacteria,Cyanobacteriota,NA,NA,NA,NA,NA
uncultured cyanobacterium,Bacteria,outgroup,motu1008,motu1008,ASV1543,parent,1012,uncultured cyanobacterium,Bacteria,outgroup,96.047,2.58e-115,Bacteria,Cyanobacteriota,NA,NA,NA,NA,NA
uncultured cyanobacterium,Bacteria,outgroup,motu1370,motu1370,ASV2011,parent,1372,uncultured cyanobacterium,Bacteria,outgroup,96.471,5.54e-117,Bacteria,Cyanobacteriota,NA,NA,NA,NA,NA
uncultured diatom,Diatom,outgroup,motu99,motu99,ASV153,parent,111,uncultured diatom,Diatom,outgroup,99.603,9.079999999999999e-130,Eukaryota,Bacillariophyta,NA,NA,NA,NA,NA
uncultured diatom,Diatom,outgroup,motu1349,motu1349,ASV1989,parent,1350,uncultured diatom,Diatom,outgroup,100,5.46e-127,Eukaryota,Bacillariophyta,NA,NA,NA,NA,NA
uncultured eukaryote,Unknown eukaryote,outgroup,motu210,motu210,ASV405,parent,227,uncultured eukaryote,Unknown eukaryote,outgroup,100,1.9499999999999998e-131,Eukaryota,NA,NA,NA,NA,NA,NA
uncultured marine bacterium,Bacteria,outgroup,motu145,motu145,ASV286,parent,136,uncultured marine bacterium,Bacteria,outgroup,98.828,1.19e-128,Bacteria,NA,NA,NA,NA,NA,NA
uncultured marine bacterium,Bacteria,outgroup,motu145,motu145,ASV1563,parent,136,uncultured marine bacterium,Bacteria,outgroup,99.219,2.5599999999999996e-130,Bacteria,NA,NA,NA,NA,NA,NA
uncultured marine bacterium,Bacteria,outgroup,motu145,motu145,ASV1937,parent,136,uncultured marine bacterium,Bacteria,outgroup,98.828,1.19e-128,Bacteria,NA,NA,NA,NA,NA,NA
uncultured marine bacterium,Bacteria,outgroup,motu216,motu216,ASV414,parent,169,uncultured marine bacterium,Bacteria,outgroup,97.665,1.2000000000000002e-123,Bacteria,NA,NA,NA,NA,NA,NA
uncultured marine bacterium,Bacteria,outgroup,motu216,motu216,ASV809,parent,169,uncultured marine bacterium,Bacteria,outgroup,97.276,5.57e-122,Bacteria,NA,NA,NA,NA,NA,NA
uncultured marine bacterium,Bacteria,outgroup,motu368,motu368,ASV672,parent,383,uncultured marine bacterium,Bacteria,outgroup,97.266,5.57e-122,Bacteria,NA,NA,NA,NA,NA,NA
uncultured marine bacterium,Bacteria,outgroup,motu492,motu492,ASV870,parent,518,uncultured marine bacterium,Bacteria,outgroup,96.484,1.2099999999999998e-118,Bacteria,NA,NA,NA,NA,NA,NA
uncultured marine bacterium,Bacteria,outgroup,motu525,motu525,ASV910,parent,546,uncultured marine bacterium,Bacteria,outgroup,98.438,5.53e-127,Bacteria,NA,NA,NA,NA,NA,NA
uncultured marine bacterium,Bacteria,outgroup,motu589,motu589,ASV985,parent,606,uncultured marine bacterium,Bacteria,outgroup,99.609,5.489999999999999e-132,Bacteria,NA,NA,NA,NA,NA,NA
uncultured marine bacterium,Bacteria,outgroup,motu619,motu619,ASV1025,parent,638,uncultured marine bacterium,Bacteria,outgroup,97.656,1.2000000000000002e-123,Bacteria,NA,NA,NA,NA,NA,NA
uncultured marine bacterium,Bacteria,outgroup,motu660,motu660,ASV1082,parent,509,uncultured marine bacterium,Bacteria,outgroup,98.828,1.19e-128,Bacteria,NA,NA,NA,NA,NA,NA
uncultured marine bacterium,Bacteria,outgroup,motu660,motu660,ASV1676,parent,509,uncultured marine bacterium,Bacteria,outgroup,98.438,5.53e-127,Bacteria,NA,NA,NA,NA,NA,NA
uncultured marine bacterium,Bacteria,outgroup,motu813,motu813,ASV1286,parent,825,uncultured marine bacterium,Bacteria,outgroup,98.444,5.53e-127,Bacteria,NA,NA,NA,NA,NA,NA
uncultured marine bacterium,Bacteria,outgroup,motu1146,motu1146,ASV1747,parent,1148,uncultured marine bacterium,Bacteria,outgroup,99.609,5.489999999999999e-132,Bacteria,NA,NA,NA,NA,NA,NA
Unknown organism,Unknown organism,outgroup,motu770,motu770,ASV1229,parent,626,uncultured marine eukaryote,Unknown eukaryote,outgroup,100,1.9499999999999998e-131,Eukaryota,NA,NA,NA,NA,NA,NA
uncultured microorganism,Unknown organism,outgroup,motu358,motu358,ASV661,parent,374,uncultured microorganism,Unknown organism,outgroup,96.838,1.19e-118,NA,NA,NA,NA,NA,NA,NA
uncultured microorganism,Unknown organism,outgroup,motu480,motu480,ASV850,parent,501,uncultured microorganism,Unknown organism,outgroup,96.838,1.19e-118,NA,NA,NA,NA,NA,NA,NA
uncultured microorganism,Unknown organism,outgroup,motu1268,motu1268,ASV1889,parent,1269,uncultured microorganism,Unknown organism,outgroup,96.047,2.58e-115,NA,NA,NA,NA,NA,NA,NA
uncultured organism,Unknown organism,outgroup,motu308,motu308,ASV577,parent,331,uncultured organism,Unknown organism,outgroup,96.356,1.1999999999999999e-113,NA,NA,NA,NA,NA,NA,NA
uncultured organism,Unknown organism,outgroup,motu558,motu558,ASV946,parent,582,uncultured organism,Unknown organism,outgroup,99.267,9.959999999999999e-140,NA,NA,NA,NA,NA,NA,NA
uncultured organism,Unknown organism,outgroup,motu820,motu820,ASV1297,parent,618,uncultured organism,Unknown organism,outgroup,99.19,2.54e-125,NA,NA,NA,NA,NA,NA,NA
uncultured organism,Unknown organism,outgroup,motu820,motu820,ASV1400,parent,618,uncultured organism,Unknown organism,outgroup,99.595,5.46e-127,NA,NA,NA,NA,NA,NA,NA
uncultured organism,Unknown organism,outgroup,motu904,motu904,ASV1407,parent,913,uncultured organism,Unknown organism,outgroup,96.761,2.58e-115,NA,NA,NA,NA,NA,NA,NA
uncultured organism,Unknown organism,outgroup,motu927,motu927,ASV1440,parent,939,uncultured organism,Unknown organism,outgroup,97.177,1.9899999999999998e-116,NA,NA,NA,NA,NA,NA,NA
uncultured organism,Unknown organism,outgroup,motu961,motu961,ASV1483,parent,971,uncultured organism,Unknown organism,outgroup,100,5.4400000000000004e-127,NA,NA,NA,NA,NA,NA,NA
uncultured organism,Unknown organism,outgroup,motu1025,motu1025,ASV1568,parent,1032,uncultured organism,Unknown organism,outgroup,97.942,4.279999999999999e-118,NA,NA,NA,NA,NA,NA,NA
uncultured organism,Unknown organism,outgroup,motu1173,motu1173,ASV1782,parent,1176,uncultured organism,Unknown organism,outgroup,97.166,5.54e-117,NA,NA,NA,NA,NA,NA,NA
uncultured prokaryote,Unknown organism,outgroup,motu453,motu453,ASV807,parent,477,uncultured prokaryote,Unknown organism,outgroup,96.443,5.54e-117,NA,NA,NA,NA,NA,NA,NA
uncultured prokaryote,Unknown organism,outgroup,motu641,motu641,ASV1054,parent,659,uncultured prokaryote,Unknown organism,outgroup,98.016,4.2500000000000004e-123,NA,NA,NA,NA,NA,NA,NA
uncultured prokaryote,Unknown organism,outgroup,motu805,motu805,ASV1277,parent,597,uncultured prokaryote,Unknown organism,outgroup,99.18,1.18e-123,NA,NA,NA,NA,NA,NA,NA
uncultured prokaryote,Unknown organism,outgroup,motu805,motu805,ASV1746,parent,597,uncultured prokaryote,Unknown organism,outgroup,99.59,2.54e-125,NA,NA,NA,NA,NA,NA,NA
uncultured prokaryote,Unknown organism,outgroup,motu930,motu930,ASV1443,parent,941,uncultured prokaryote,Unknown organism,outgroup,99.184,3.2899999999999996e-124,NA,NA,NA,NA,NA,NA,NA
uncultured prokaryote,Unknown organism,outgroup,motu990,motu990,ASV1521,parent,998,uncultured prokaryote,Unknown organism,outgroup,96.443,5.54e-117,NA,NA,NA,NA,NA,NA,NA
uncultured prokaryote,Unknown organism,outgroup,motu1377,motu1377,ASV2019,parent,1378,uncultured prokaryote,Unknown organism,outgroup,98.016,4.2500000000000004e-123,NA,NA,NA,NA,NA,NA,NA
